uri,label_zh,label_en,label_es,label_fr,broader_links
http://aims.fao.org/aos/agrovoc/c_4788,方法,methods,Método,méthode,0
http://aims.fao.org/aos/agrovoc/c_2208,设计,design,Diseño,conception,0
http://aims.fao.org/aos/agrovoc/c_433,家畜饲养方法,animal husbandry methods,Método de crianza,méthode d'élevage,0
http://aims.fao.org/aos/agrovoc/c_3965,隔离技术,isolation techniques,Técnica de aislamiento,technique de l'isolement,0
http://aims.fao.org/aos/agrovoc/c_27596,繁殖控制,reproduction control,Reproducción dirigida,maîtrise de la reproduction,0
http://aims.fao.org/aos/agrovoc/c_432,畜禽舍,animal housing,Alojamiento del animal,logement des animaux,0
http://aims.fao.org/aos/agrovoc/c_25746,畜牧设备,animal husbandry equipment,Equipo de crianza,matériel d'élevage,0
http://aims.fao.org/aos/agrovoc/c_1375,阉割,castration,Castración,castration,0
http://aims.fao.org/aos/agrovoc/c_6075,断角术,dehorning,Descorne,écornage,0
http://aims.fao.org/aos/agrovoc/c_7020,遮荫,shading,Umbría,ombrage,0
http://aims.fao.org/aos/agrovoc/c_14228,性别诊断,sex diagnosis,Diagnóstico del sexo,sexage,0
http://aims.fao.org/aos/agrovoc/c_15980,生长控制,growth control,Control del crecimiento,contrôle de croissance,0
http://aims.fao.org/aos/agrovoc/c_25756,标记,marking,Marcado,marquage,0
http://aims.fao.org/aos/agrovoc/c_26813,饲养技术,rearing techniques,Técnica de crianza,technique d'élevage,0
http://aims.fao.org/aos/agrovoc/c_29461,饲养系统,rearing systems,Sistema de cría,système d'élevage,0
http://aims.fao.org/aos/agrovoc/c_32674,诱导泌乳,induced lactation,Lactación inducida,induction de la lactation,0
http://aims.fao.org/aos/agrovoc/c_35112,催情补饲,flushing,Flushing,flushing,0
http://aims.fao.org/aos/agrovoc/c_36922,采精,semen collection,Recolección de semen,récolte de sperme,0
http://aims.fao.org/aos/agrovoc/c_638,人工授精,artificial insemination,Inseminación artificial,insémination artificielle,0
http://aims.fao.org/aos/agrovoc/c_6961,精液,semen,Semen,sperme,0
http://aims.fao.org/aos/agrovoc/c_27558,体外受精,in vitro fertilization,Fecundación in vitro,fécondation in vitro,0
http://aims.fao.org/aos/agrovoc/c_6962,精液保存,semen preservation,Conservación del semen,conservation du sperme,0
http://aims.fao.org/aos/agrovoc/c_828,隔离管理,barrier husbandry,Crianza protegida,élevage protégé,0
http://aims.fao.org/aos/agrovoc/c_2497,人工孵化,egg incubation,Incubación de huevos,accouvage,0
http://aims.fao.org/aos/agrovoc/c_2764,粗放饲养,extensive husbandry,Ganadería extensiva,élevage extensif,0
http://aims.fao.org/aos/agrovoc/c_16144,畜牧,pastoralism,Pastoralismo,pastoralisme,0
http://aims.fao.org/aos/agrovoc/c_3087,放牧饲养,free range husbandry,Crianza libre,élevage en liberté,0
http://aims.fao.org/aos/agrovoc/c_12844,游牧农业,nomadic husbandry,Cría de animales nómada,élevage nomade,0
http://aims.fao.org/aos/agrovoc/c_2842,饲养场,feedlots,Feedlot,feedlot,0
http://aims.fao.org/aos/agrovoc/c_2971,剪毛,shearing,Esquileo,tonte,0
http://aims.fao.org/aos/agrovoc/c_8436,羊毛,wool,Lana,laine,0
http://aims.fao.org/aos/agrovoc/c_26182,剪刀,clippers,Esquiladora,tondeuse pour animaux,0
http://aims.fao.org/aos/agrovoc/c_2981,地面饲养,floor husbandry,Crianza en el suelo,élevage au sol,0
http://aims.fao.org/aos/agrovoc/c_2150,厚垫草饲养,deep litter husbandry,Crianza en cama profunda,élevage sur litière profonde,0
http://aims.fao.org/aos/agrovoc/c_14328,条缝地板饲养,slatted floor husbandry,Crianza en suelo emparrillado,élevage sur caillebotis,0
http://aims.fao.org/aos/agrovoc/c_25685,漏缝地板,slatted floors,Suelo emparrillado,caillebotis,0
http://aims.fao.org/aos/agrovoc/c_3907,集约化管理,intensive husbandry,Crianza intensiva,élevage intensif,0
http://aims.fao.org/aos/agrovoc/c_844,笼养,battery husbandry,Crianza en batería,élevage en batterie,0
http://aims.fao.org/aos/agrovoc/c_4194,大规模饲养,large-scale husbandry,Crianza en gran escala,élevage à grande échelle,0
http://aims.fao.org/aos/agrovoc/c_4835,挤乳,milking,Ordeño,traite des animaux,0
http://aims.fao.org/aos/agrovoc/c_25735,挤奶工具,milking facilities,Instalación de ordeño,installation de traite,0
http://aims.fao.org/aos/agrovoc/c_11450,人工挤乳,hand milking,Ordeño a mano,traite à la main,0
http://aims.fao.org/aos/agrovoc/c_5460,越冬,overwintering,Invernación,hivernation,0
http://aims.fao.org/aos/agrovoc/c_8339,天气控制,weather control,Control meteorológico,maîtrise du temps,0
http://aims.fao.org/aos/agrovoc/c_25709,防霜,frost protection,Protección contra la helada,protection contre les gelées,0
http://aims.fao.org/aos/agrovoc/c_11824,舍内越冬,inwintering,Estabulación invernal,hivernage,0
http://aims.fao.org/aos/agrovoc/c_29041,家畜越冬,livestock overwintering,Protección invernal del ganado,hivernage du bétail,0
http://aims.fao.org/aos/agrovoc/c_7475,击昏,stunning,Atronamiento,assommage,0
http://aims.fao.org/aos/agrovoc/c_7866,迁移性放牧,transhumance,Trashumancia,transhumance,0
http://aims.fao.org/aos/agrovoc/c_4822,迁徙,migration,Migración,migration,0
http://aims.fao.org/aos/agrovoc/c_32926,动物迁移,animal migration,Migración animal,migration animale,0
http://aims.fao.org/aos/agrovoc/c_16142,游牧,nomadism,Nomadismo,nomadisme,0
http://aims.fao.org/aos/agrovoc/c_10572,电刺激采精,electroejaculation,Electroeyaculación,électroéjaculation,0
http://aims.fao.org/aos/agrovoc/c_2507,射精,ejaculation,Eyaculación,éjaculation,0
http://aims.fao.org/aos/agrovoc/c_16017,妊娠诊断,pregnancy diagnosis,Diagnosis de la gestación,diagnostic de gestation,0
http://aims.fao.org/aos/agrovoc/c_36585,直肠检查,rectal palpation,Palpación rectal,palpation rectale,0
http://aims.fao.org/aos/agrovoc/c_2238,诊断,diagnosis,Diagnóstico,diagnostic,0
http://aims.fao.org/aos/agrovoc/c_24900,装蹄,shoeing,Herrado,ferrage,0
http://aims.fao.org/aos/agrovoc/c_3658,蹄,hooves,Casco (animal),sabot,0
http://aims.fao.org/aos/agrovoc/c_25751,家畜保定,restraint of animals,Confinamiento,contention,0
http://aims.fao.org/aos/agrovoc/c_25809,厩舍饲,stabling,Estabulación,stabulation,0
http://aims.fao.org/aos/agrovoc/c_7356,厩舍,stables,Cuadra,écurie,0
http://aims.fao.org/aos/agrovoc/c_32452,强制换羽,forced moulting,Muda forzada,mue forcée,0
http://aims.fao.org/aos/agrovoc/c_4957,脱毛,moulting,Muda,mue,0
http://aims.fao.org/aos/agrovoc/c_4234,产蛋性能,laying performance,Desempeño en la postura,performance de ponte,0
http://aims.fao.org/aos/agrovoc/c_34938,体外受孕,in vitro insemination,Inseminación in vitro,insémination in vitro,0
http://aims.fao.org/aos/agrovoc/c_35694,发情探测,oestrus detection,Detección del estro,détection de l'oestrus,0
http://aims.fao.org/aos/agrovoc/c_542,施用方法,application methods,Método de aplicación,méthode d'application,0
http://aims.fao.org/aos/agrovoc/c_37293,施用设备,application equipment,Equipo de aplicación,matériel d'application,0
http://aims.fao.org/aos/agrovoc/c_155,空中喷药,aerial application,Aplicación aérea,épandage aérien,0
http://aims.fao.org/aos/agrovoc/c_7334,喷施,spraying,Pulverización,pulvérisation,0
http://aims.fao.org/aos/agrovoc/c_1101,撒施,broadcasting,Distribución a voleo,application à la volée,0
http://aims.fao.org/aos/agrovoc/c_2316,浸渍,dipping,Inmersión,immersion,0
http://aims.fao.org/aos/agrovoc/c_7127,浸泡,soaking,Remojo,trempage,0
http://aims.fao.org/aos/agrovoc/c_2418,喷粉,dusting,Espolvoreado,poudrage,0
http://aims.fao.org/aos/agrovoc/c_2417,喷粉器,dusters,Espolvoreador,poudreuse,0
http://aims.fao.org/aos/agrovoc/c_3008,叶面喷施,foliar application,Aplicación foliar,application foliaire,0
http://aims.fao.org/aos/agrovoc/c_3142,熏蒸,fumigation,Fumigación,fumigation,0
http://aims.fao.org/aos/agrovoc/c_3141,薰剂类,fumigants,Fumigante,fumigant,0
http://aims.fao.org/aos/agrovoc/c_3143,熏蒸消毒设备,fumigation equipment,Equipo de fumigación,matériel de fumigation,0
http://aims.fao.org/aos/agrovoc/c_10397,消毒,disinfection,Desinfección,désinfection,0
http://aims.fao.org/aos/agrovoc/c_3823,掺合(土壤),incorporation,Enterrado,enfouissement,0
http://aims.fao.org/aos/agrovoc/c_3871,注射,injection,Inyección,injection,0
http://aims.fao.org/aos/agrovoc/c_3879,接种,inoculation,Inoculación,inoculation,0
http://aims.fao.org/aos/agrovoc/c_37686,注射器,injectors,Inyector,injecteur,0
http://aims.fao.org/aos/agrovoc/c_7885,树木注射,tree injection,Inyección en el árbol,injection d'arbres,0
http://aims.fao.org/aos/agrovoc/c_37687,树木注射器,tree injectors,Inyector del árbol,injecteur d'arbre,0
http://aims.fao.org/aos/agrovoc/c_36805,静脉注射,intravenous injection,Inyección intravenosa,injection intraveineuse,0
http://aims.fao.org/aos/agrovoc/c_36914,肌内注射,intramuscular injection,Inyección intramuscular,injection intramusculaire,0
http://aims.fao.org/aos/agrovoc/c_37741,皮下注射,subcutaneous injection,Inyección subcutánea,injection sous-cutanée,0
http://aims.fao.org/aos/agrovoc/c_14170,种子接种,seed inoculation,Inoculación de semillas,inoculation des semences,0
http://aims.fao.org/aos/agrovoc/c_6927,种子,seed,Semilla,semence,0
http://aims.fao.org/aos/agrovoc/c_14396,土壤接种,soil inoculation,Inoculación del suelo,inoculation du sol,0
http://aims.fao.org/aos/agrovoc/c_7156,土壤,soil,Suelo,sol,0
http://aims.fao.org/aos/agrovoc/c_35955,根接种,root inoculation,Inoculación de las raíces,inoculation des racines,0
http://aims.fao.org/aos/agrovoc/c_6651,根,roots,Raíz,racine,0
http://aims.fao.org/aos/agrovoc/c_6646,根处理,root treatment,Tratamiento de la raíz,traitement des racines,0
http://aims.fao.org/aos/agrovoc/c_7316,分期施肥,split dressings,Abonado fraccionado,apport fractionné,0
http://aims.fao.org/aos/agrovoc/c_6132,采后喷雾,postharvest spraying,Pulverización postcosecha,pulvérisation après récolte,0
http://aims.fao.org/aos/agrovoc/c_6130,采后处理,postharvest control,Control de plagas (postcosecha),lutte après récolte,0
http://aims.fao.org/aos/agrovoc/c_25793,低量喷施,low volume spraying,Pulverización a bajo volumen,pulvérisation à bas volume,0
http://aims.fao.org/aos/agrovoc/c_32618,超低量喷施,ultralow volume spraying,Pulverización dosis ultrareducida,pulvérisation à ultra bas volume,0
http://aims.fao.org/aos/agrovoc/c_26116,静电喷涂,electrostatic spraying,Pulverización electrostática,pulvérisation électrostatique,0
http://aims.fao.org/aos/agrovoc/c_7374,促苗施肥,starter dressings,Abonado de arranque,fumure starter,0
http://aims.fao.org/aos/agrovoc/c_7814,点滴法,topical application,Aplicación local,application locale,0
http://aims.fao.org/aos/agrovoc/c_34247,控制释放,controlled release,Liberación controlada,libération contrôlée,0
http://aims.fao.org/aos/agrovoc/c_3068,配方,formulations,Formulación,formulation,0
http://aims.fao.org/aos/agrovoc/c_35224,微囊化,microencapsulation,Microencapsulación,microencapsulation,0
http://aims.fao.org/aos/agrovoc/c_36803,口服给药,oral administration,Administración oral,administration orale,0
http://aims.fao.org/aos/agrovoc/c_50131,输液,infusion,Infusión,perfusion,0
http://aims.fao.org/aos/agrovoc/c_1079,育种方法,breeding methods,Método de mejoramiento genético,méthode d'amélioration génétique,0
http://aims.fao.org/aos/agrovoc/c_15974,基因工程,genetic engineering,Ingeniería genética,génie génétique,0
http://aims.fao.org/aos/agrovoc/c_3842,诱发突变,induced mutation,Mutación inducida,mutation provoquée,0
http://aims.fao.org/aos/agrovoc/c_6216,后代测验,progeny testing,Prueba de descendencia,épreuve sur la descendance,0
http://aims.fao.org/aos/agrovoc/c_5964,植物去雄,plant emasculation,Emasculación de plantas,émasculation des plantes,0
http://aims.fao.org/aos/agrovoc/c_11119,遗传改良,genetic improvement,Mejoramiento genético,optimisation génétique,0
http://aims.fao.org/aos/agrovoc/c_49902,育种,breeding,Mejora,amélioration génétique,0
http://aims.fao.org/aos/agrovoc/c_15952,克隆,cloning,Clonación,clonage,0
http://aims.fao.org/aos/agrovoc/c_1976,杂交繁育,cross-breeding,Cruzamiento,croisement,0
http://aims.fao.org/aos/agrovoc/c_1975,杂交种,crossbreds,Producto del cruzamiento,produit de croisement,0
http://aims.fao.org/aos/agrovoc/c_763,回交,backcrossing,Retrocruzamiento,rétrocroisement,0
http://aims.fao.org/aos/agrovoc/c_1847,辐合改进,convergent improvement,Mejoramiento convergente,amélioration convergente,0
http://aims.fao.org/aos/agrovoc/c_6471,正反交,reciprocal crossing,Cruzamiento recíproco,croisement réciproque,0
http://aims.fao.org/aos/agrovoc/c_16577,远交(方法),outcrossing,Cruzamiento exogámico,croisement exogame,0
http://aims.fao.org/aos/agrovoc/c_3706,杂交,hybridization,Hibridación,hybridation,0
http://aims.fao.org/aos/agrovoc/c_27578,分子杂交,molecular hybridization,Hibridación molecular,hybridation moléculaire,0
http://aims.fao.org/aos/agrovoc/c_27498,细胞质雄性不育,cytoplasmic male sterility,Esterilidad masculina citoplásmica,stérilité mâle cytoplasmique,0
http://aims.fao.org/aos/agrovoc/c_3707,杂种,hybrids,Híbrido,hybride,0
http://aims.fao.org/aos/agrovoc/c_26792,属间杂交,intergeneric hybridization,Hibridación intergenérica,hybridation intergénérique,0
http://aims.fao.org/aos/agrovoc/c_26794,种间杂交,interspecific hybridization,Hibridación interespecífica,hybridation interspécifique,0
http://aims.fao.org/aos/agrovoc/c_27608,体细胞杂交,somatic hybridization,Hibridación somática,hybridation somatique,0
http://aims.fao.org/aos/agrovoc/c_24888,原生质体融合,protoplast fusion,Fusión del protoplasto,fusion de protoplastes,0
http://aims.fao.org/aos/agrovoc/c_27609,体细胞杂种,somatic hybrids,Híbrido somático,hybride somatique,0
http://aims.fao.org/aos/agrovoc/c_34298,种内杂交,intraspecific hybridization,Hibridación intraespecífica,hybridation intraspécifique,0
http://aims.fao.org/aos/agrovoc/c_36667,人工杂交,artificial hybridization,Hibridación artificial,hybridation artificielle,0
http://aims.fao.org/aos/agrovoc/c_3817,近交,inbreeding,Endogamia,inbreeding,0
http://aims.fao.org/aos/agrovoc/c_27530,遗传距离,genetic distance,Distancia genética,distance génétique,0
http://aims.fao.org/aos/agrovoc/c_34858,近交衰退,inbreeding depression,Depresión endogámica,dépression de consanguinité,0
http://aims.fao.org/aos/agrovoc/c_24039,近交系,inbred lines,Linea consanguínea,lignée consanguine,0
http://aims.fao.org/aos/agrovoc/c_6951,选择,selection,Selección,sélection,0
http://aims.fao.org/aos/agrovoc/c_16337,品种筛选,varietal screening,Cribado varietal,criblage variétal,0
http://aims.fao.org/aos/agrovoc/c_117,适应,adaptation,Adaptación,adaptation,0
http://aims.fao.org/aos/agrovoc/c_27492,复合群体,composite populations,Colimicina,population composite,0
http://aims.fao.org/aos/agrovoc/c_24423,选择指数,selection index,Índice de selección,index de sélection,0
http://aims.fao.org/aos/agrovoc/c_27559,离体选择,in vitro selection,Selección in vitro,sélection in vitro,0
http://aims.fao.org/aos/agrovoc/c_24396,培养技术,culture techniques,Técnica de cultivo,technique de culture,0
http://aims.fao.org/aos/agrovoc/c_27595,轮回选择,recurrent selection,Selección recurrente,sélection récurrente,0
http://aims.fao.org/aos/agrovoc/c_32698,自然选择,natural selection,Selección natural,sélection naturelle,0
http://aims.fao.org/aos/agrovoc/c_8210,生存力,viability,Viabilidad,viabilité,0
http://aims.fao.org/aos/agrovoc/c_2745,进化,evolution,Evolución,évolution,0
http://aims.fao.org/aos/agrovoc/c_33964,物种选择,choice of species,Elección de especies,choix des espèces,0
http://aims.fao.org/aos/agrovoc/c_2147,决策,decision-making,Toma de decisiones,prise de décision,0
http://aims.fao.org/aos/agrovoc/c_36729,森林复原,forest rehabilitation,Rehabilitación forestal,réhabilitation des forêts,0
http://aims.fao.org/aos/agrovoc/c_36085,品种选择,variety choice,Elección de variedades,choix des variétés,0
http://aims.fao.org/aos/agrovoc/c_330719,栽培品种选择,cultivar selection,Selección de cultivares,sélection de cultivars,0
http://aims.fao.org/aos/agrovoc/c_34366,趋异选择,divergent selection,Selección divergente,sélection divergente,0
http://aims.fao.org/aos/agrovoc/c_36569,混合选择,mass selection,Selección masal,sélection massale,0
http://aims.fao.org/aos/agrovoc/c_36570,个体选择,individual selection,Selección individual,sélection individuelle,0
http://aims.fao.org/aos/agrovoc/c_36927,早期选择,early selection,Selección precoz,sélection précoce,0
http://aims.fao.org/aos/agrovoc/c_37565,人工选择,artificial selection,Selección artificial,sélection artificielle,0
http://aims.fao.org/aos/agrovoc/c_6959,自体受精,selfing,Autofecundación,autofécondation forcée,0
http://aims.fao.org/aos/agrovoc/c_6960,自交,selfs,Autofecundado,autoféconde,0
http://aims.fao.org/aos/agrovoc/c_16007,远交,outbreeding,Alogamia,outbreeding,0
http://aims.fao.org/aos/agrovoc/c_24070,纯种繁育,pure breeding,Mejora en estirpe cerrada,sélection dans la race,0
http://aims.fao.org/aos/agrovoc/c_34295,杂交育种,heterosis breeding,Mejora por heterosis,amélioration par hétérosis,0
http://aims.fao.org/aos/agrovoc/c_3705,杂种优势,heterosis,Vigor híbrido,vigueur hybride,0
http://aims.fao.org/aos/agrovoc/c_35675,突变育种,mutation breeding,Mejoramiento por mutación,amélioration par mutation,0
http://aims.fao.org/aos/agrovoc/c_1513,分析方法,analytical methods,Técnica analítica,technique analytique,0
http://aims.fao.org/aos/agrovoc/c_27504,染色标记,dye markers,Marcador de color,marqueur coloré,0
http://aims.fao.org/aos/agrovoc/c_27483,化学试剂,chemical reagents,Reactivo químico,réactif chimique,0
http://aims.fao.org/aos/agrovoc/c_3807,免疫技术,immunological techniques,Técnica inmunológica,technique immunologique,0
http://aims.fao.org/aos/agrovoc/c_16064,水分析,water analysis,Análisis de agua,analyse de l'eau,0
http://aims.fao.org/aos/agrovoc/c_36910,萃取,extraction,Extracción,extraction,0
http://aims.fao.org/aos/agrovoc/c_37744,隔离,isolation,Aislamiento,isolement,0
http://aims.fao.org/aos/agrovoc/c_1594,色谱法,chromatography,Cromatografía,chromatographie,0
http://aims.fao.org/aos/agrovoc/c_11097,气相色谱法,gas chromatography,Cromatografía de gases,chromatographie en phase gazeuse,0
http://aims.fao.org/aos/agrovoc/c_13089,纸层析法,paper chromatography,Cromatografía de papel,chromatographie sur papier,0
http://aims.fao.org/aos/agrovoc/c_14858,薄层色谱法,thin layer chromatography,Cromatografia de capa fina,chromatographie en couche mince,0
http://aims.fao.org/aos/agrovoc/c_24395,柱色谱法,column chromatography,Cromatografía de columna,chromatographie en colonne,0
http://aims.fao.org/aos/agrovoc/c_24469,高压液相色谱法,HPLC,HPLC,HPLC,0
http://aims.fao.org/aos/agrovoc/c_28291,离子交换色谱,ion exchange chromatography,Cromatografía de cambio iónico,chromatographie d'échange ionique,0
http://aims.fao.org/aos/agrovoc/c_28292,气液色谱法,gas liquid chromatography,Cromatografía gas-líquido,chromatographie gaz liquide,0
http://aims.fao.org/aos/agrovoc/c_28294,凝胶色谱,gel chromatography,Cromatografía sobre gel,chromatographie sur gel,0
http://aims.fao.org/aos/agrovoc/c_2523,电泳,electrophoresis,Electroforesis,électrophorèse,0
http://aims.fao.org/aos/agrovoc/c_27556,免疫电泳,immunoelectrophoresis,Inmunoelectrofóresis,immunoélectrophorèse,0
http://aims.fao.org/aos/agrovoc/c_35062,对流免疫电泳,counterimmunoelectrophoresis,Contrainmunoelectrofóresis,contre-immunoélectrophorèse,0
http://aims.fao.org/aos/agrovoc/c_32677,等电聚焦,isoelectric focusing,Isoelectrofoque,isoélectrofocalisation,0
http://aims.fao.org/aos/agrovoc/c_34078,聚丙烯酰胺凝胶电泳,polyacrylamide gel electrophoresis,Electrofóresis gel poliacrilamida,électrophorèse gel polyacrylamide,0
http://aims.fao.org/aos/agrovoc/c_34949,凝胶电泳,gel electrophoresis,Electrofóresis en gel,électrophorèse sur gel,0
http://aims.fao.org/aos/agrovoc/c_7717,热分析,thermal analysis,Análisis térmico,analyse thermique,0
http://aims.fao.org/aos/agrovoc/c_28242,差热分析,differential thermal analysis,Análisis térmico diferencial,analyse thermique différentielle,0
http://aims.fao.org/aos/agrovoc/c_37379,热解重量分析,thermogravimetric analysis,Análisis termogravimétrica,analyse thermogravimétrique,0
http://aims.fao.org/aos/agrovoc/c_16372,重量分析法,gravimetry,Gravimetría,gravimétrie,0
http://aims.fao.org/aos/agrovoc/c_14498,光谱学,spectroscopy,Espectroscopia,spectroscopie,0
http://aims.fao.org/aos/agrovoc/c_7283,光谱测定法,spectrometry,Espectrometría,spectrométrie,0
http://aims.fao.org/aos/agrovoc/c_12421,质谱法,mass spectrometry,Espectrometría de masas,spectrométrie de masse,0
http://aims.fao.org/aos/agrovoc/c_14497,分光光度法,spectrophotometry,Espectrofotometria,spectrophotométrie,0
http://aims.fao.org/aos/agrovoc/c_24247,分光光度计,spectrophotometers,Espectrofotometro,spectrophotomètre,0
http://aims.fao.org/aos/agrovoc/c_28381,荧光测定法,fluorimetry,Fluorimetría,fluorimétrie,0
http://aims.fao.org/aos/agrovoc/c_28565,火焰光度法,flame photometry,Espectrofotometría de llama,spectrophotométrie de flamme,0
http://aims.fao.org/aos/agrovoc/c_28567,原子吸收光谱法,atomic absorption spectrometry,Espectrometría de absorción atómica,spectrométrie d'absorption atomique,0
http://aims.fao.org/aos/agrovoc/c_28568,红外分光光度法,infrared spectrophotometry,Espectroscopia infrarroja,spectroscopie infrarouge,0
http://aims.fao.org/aos/agrovoc/c_28569,紫外分光光度法,ultraviolet spectrophotometry,Espectroscopia ultravioleta,spectroscopie uv,0
http://aims.fao.org/aos/agrovoc/c_35049,化学发光法,chemiluminescence method,Método de quimioluminescencia,méthode par chimiluminescence,0
http://aims.fao.org/aos/agrovoc/c_29658,化学发光免疫测定,chemiluminescence immunoassays,Técnica inmunoquimioluminiscente,technique immunochimioluminescente,0
http://aims.fao.org/aos/agrovoc/c_24405,核磁共振波谱法,NMR spectroscopy,Espectroscopia RMN,spectroscopie RMN,0
http://aims.fao.org/aos/agrovoc/c_28241,电子自旋共振谱,ESR spectroscopy,Espectroscopia ESR,spectroscopie RPE,0
http://aims.fao.org/aos/agrovoc/c_28566,X射线光谱学,X-ray spectroscopy,Espectroscopia de rayos X,spectroscopie aux rayons x,0
http://aims.fao.org/aos/agrovoc/c_35050,荧光发射光谱,fluorescence emission spectroscopy,Espectroscopia emisión fluorescente,spectroscopie émission fluorescence,0
http://aims.fao.org/aos/agrovoc/c_16006,感官分析,organoleptic analysis,Análisis organoléptico,analyse organoleptique,0
http://aims.fao.org/aos/agrovoc/c_5399,感官特性,organoleptic properties,Propiedad organoléptica,propriété organoleptique,0
http://aims.fao.org/aos/agrovoc/c_16368,比色法,colorimetry,Colorimetría,colorimétrie,0
http://aims.fao.org/aos/agrovoc/c_16377,滴定,titration,Titulación,titrage,0
http://aims.fao.org/aos/agrovoc/c_25021,凯氏定氮法,Kjeldahl method,Metodo de Kjeldahl,méthode de Kjeldahl,0
http://aims.fao.org/aos/agrovoc/c_5192,氮,nitrogen,Nitrógeno,azote,0
http://aims.fao.org/aos/agrovoc/c_25796,折射测定法,refractometry,Refractometría,réfractométrie,0
http://aims.fao.org/aos/agrovoc/c_26805,极谱分析法,polarography,Polarografía,polarographie,0
http://aims.fao.org/aos/agrovoc/c_26867,酶法分析,enzymatic analysis,Análisis enzimático,analyse enzymatique,0
http://aims.fao.org/aos/agrovoc/c_2603,酶,enzymes,Enzima,enzyme,0
http://aims.fao.org/aos/agrovoc/c_28238,同位素分析,isotope analysis,Análisis isotópico,analyse isotopique,0
http://aims.fao.org/aos/agrovoc/c_11852,同位素,isotopes,Isótopo,isotope,0
http://aims.fao.org/aos/agrovoc/c_28239,中子活化分析,neutron activation analysis,Análisis por activación neutrónica,analyse par activation neutronique,0
http://aims.fao.org/aos/agrovoc/c_28276,量热学,calorimetry,Calorimetría,calorimétrie,0
http://aims.fao.org/aos/agrovoc/c_28304,络合滴定法,complexometry,Complexometría,complexométrie,0
http://aims.fao.org/aos/agrovoc/c_28313,电导分析法,conductimetry,Conductimetría,conductimétrie,0
http://aims.fao.org/aos/agrovoc/c_28327,冰点测定法,cryoscopy,Crioscopía,crioscopie,0
http://aims.fao.org/aos/agrovoc/c_28346,膨胀测定法,dilatometry,Dilatometría,dilatométrie,0
http://aims.fao.org/aos/agrovoc/c_28378,污物测定试验,filth test,Prueba de filth,Filth test,0
http://aims.fao.org/aos/agrovoc/c_28453,测压法,manometry,Manometría,manométrie,0
http://aims.fao.org/aos/agrovoc/c_28476,比浊法,nephelometry,Nefelometría,néphélométrie,0
http://aims.fao.org/aos/agrovoc/c_28504,旋光测量法,polarimetry,Polarimetría,polarimétrie,0
http://aims.fao.org/aos/agrovoc/c_28517,电势测定法,potentiometry,Potenciometría,potentiométrie,0
http://aims.fao.org/aos/agrovoc/c_28550,糖量测定法,saccharimetry,Sacarimetría,saccharimétrie,0
http://aims.fao.org/aos/agrovoc/c_28605,浊度测定法,turbidimetry,Turbidimetría,turbidimétrie,0
http://aims.fao.org/aos/agrovoc/c_32660,定量分析,quantitative analysis,Análisis cuantitativo,analyse quantitative,0
http://aims.fao.org/aos/agrovoc/c_33505,同位素稀释法,isotope dilution method,Método de dilución de isótopos,méthode de dilution isotopique,0
http://aims.fao.org/aos/agrovoc/c_35284,定性分析,qualitative analysis,Análisis cualitativo,analyse qualitative,0
http://aims.fao.org/aos/agrovoc/c_36855,反射测定法,reflectometry,Reflectometría,réflectométrie,0
http://aims.fao.org/aos/agrovoc/c_36856,时间域反射法,time domain reflectometry,Reflectometría en el tiempo,réflectométrie temporelle,0
http://aims.fao.org/aos/agrovoc/c_36937,伏安法,voltammetry,Voltametría,voltammétrie,0
http://aims.fao.org/aos/agrovoc/c_37571,密度测定法,densitometry,Densitometría,densitométrie,0
http://aims.fao.org/aos/agrovoc/c_2186,密度,density,Densidad,densité,0
http://aims.fao.org/aos/agrovoc/c_2950,捕捞方法,fishing methods,Método de pesca,méthode de pêche,0
http://aims.fao.org/aos/agrovoc/c_415,钓鱼,angling,Pesca con cana,pêche à la canne,0
http://aims.fao.org/aos/agrovoc/c_4349,钓捕,line fishing,Pesca con línea,pêche à la ligne,0
http://aims.fao.org/aos/agrovoc/c_10940,飞绳钓,flyfishing,Pesca con mosca,pêche à la mouche,0
http://aims.fao.org/aos/agrovoc/c_2377,挖(捕捞方法),dredging (catching method),Dragado (método de captura),dragage (pêche),0
http://aims.fao.org/aos/agrovoc/c_2513,电渔法,electric fishing,Pesca con electricidad,pêche à l'électricité,0
http://aims.fao.org/aos/agrovoc/c_6368,泵吸鱼法,pump fishing,Pesca con bomba,pêche à la pompe,0
http://aims.fao.org/aos/agrovoc/c_2760,炸鱼,explosive fishing,Pesca con explosivos,pêche à l'explosif,0
http://aims.fao.org/aos/agrovoc/c_2928,毒鱼,fish poisoning,Pesca con veneno,pêche au poison,0
http://aims.fao.org/aos/agrovoc/c_2945,潜水捕捞,fishing by diving,Pesca de buceo,pêche en plongée,0
http://aims.fao.org/aos/agrovoc/c_4323,光诱渔法,light fishing,Pesca con luz,pêche à la lumière,0
http://aims.fao.org/aos/agrovoc/c_15004,曳绳钓,trolling,Pesca a la cacea,pêche à la traîne,0
http://aims.fao.org/aos/agrovoc/c_92346,延绳钓,longline fishing,Pesca con palangre,pêche à la palangre,0
http://aims.fao.org/aos/agrovoc/c_5141,网捕,net fishing,Pesca con red,pêche au filet,0
http://aims.fao.org/aos/agrovoc/c_7881,拖网作业,trawling,Pesca a la rastra,chalutage,0
http://aims.fao.org/aos/agrovoc/c_6949,围网作业,seining,Pesca con red de cerco,sennage,0
http://aims.fao.org/aos/agrovoc/c_6135,笼捕,pot fishing,Pesca con nasas,pêche en casier,0
http://aims.fao.org/aos/agrovoc/c_7875,陷阱捕鱼,trap fishing,Pesca con trampa,pêche à la nasse,0
http://aims.fao.org/aos/agrovoc/c_34354,传统捕捞,traditional fishing,Pesca tradicional,pêche traditionnelle,0
http://aims.fao.org/aos/agrovoc/c_28780,传统技术,traditional technology,Tecnología tradicional,technologie traditionnelle,0
http://aims.fao.org/aos/agrovoc/c_26950,捕捞,fishing,Pesca,pêche,0
http://aims.fao.org/aos/agrovoc/c_34092,休闲渔业,recreational fishing,Pesca recreativa,pêche de loisir,0
http://aims.fao.org/aos/agrovoc/c_34093,游钓,sport fishing,Pesca deportiva,pêche sportive,0
http://aims.fao.org/aos/agrovoc/c_3951,辐照,irradiation,Irradiación,irradiation,0
http://aims.fao.org/aos/agrovoc/c_28532,辐射敏感性,radiosensitivity,Radiosensibilidad,radiosensibilité,0
http://aims.fao.org/aos/agrovoc/c_16594,辐射贮存,radurization,Radurización,radurisation,0
http://aims.fao.org/aos/agrovoc/c_28432,γ-射线照射,gamma irradiation,Irradiación gamma,Irradiation gamma,0
http://aims.fao.org/aos/agrovoc/c_28433,紫外线辐照,ultraviolet irradiation,Irradiación ultravioleta,Irradiation ultraviolette,0
http://aims.fao.org/aos/agrovoc/c_28434,X射线辐射,X-ray irradiation,Irradiación por rayos x,irradiation aux rayons x,0
http://aims.fao.org/aos/agrovoc/c_28598,超声波处理,ultrasonic treatment,Tratamiento con ultrasonido,Traitement aux ultrasons,0
http://aims.fao.org/aos/agrovoc/c_34299,电离处理,ionization treatment,Tratamiento ionizante,Traitement ionisant,0
http://aims.fao.org/aos/agrovoc/c_49980,食品辐照,food irradiation,Irradiación de los alimentos,irradiation des aliments,0
http://aims.fao.org/aos/agrovoc/c_28524,辐照食品,irradiated foods,Alimento irradiado,produit alimentaire irradié,0
http://aims.fao.org/aos/agrovoc/c_3957,灌溉方法,irrigation methods,Método de riego,méthode d'irrigation,0
http://aims.fao.org/aos/agrovoc/c_722,自动灌溉,automatic irrigation,Riego automático,irrigation automatique,0
http://aims.fao.org/aos/agrovoc/c_839,围坑灌,basin irrigation,Riego por compartimientos,irrigation par bassin,0
http://aims.fao.org/aos/agrovoc/c_1012,畦灌,border irrigation,Riego a manta,irrigation par planche,0
http://aims.fao.org/aos/agrovoc/c_1270,渗灌,capillary irrigation,Riego con sifón,irrigation par capillarité,0
http://aims.fao.org/aos/agrovoc/c_3154,沟灌,furrow irrigation,Riego por surcos,irrigation à la raie,0
http://aims.fao.org/aos/agrovoc/c_4865,雾灌,mist irrigation,Nebulización,nébulisation,0
http://aims.fao.org/aos/agrovoc/c_6698,径拎溉,runoff irrigation,Riego por escorrentía,irrigation par ruissellement,0
http://aims.fao.org/aos/agrovoc/c_7338,喷灌,sprinkler irrigation,Riego por aspersión,irrigation par aspersion,0
http://aims.fao.org/aos/agrovoc/c_9703,中心支点灌溉,centre pivot irrigation,Riego por pívot,irrigation par pivot,0
http://aims.fao.org/aos/agrovoc/c_7487,地下灌溉,subsurface irrigation,Riego subterraneo,irrigation souterraine,0
http://aims.fao.org/aos/agrovoc/c_7530,地面灌溉,surface irrigation,Riego de superficie,irrigation de surface,0
http://aims.fao.org/aos/agrovoc/c_25356,局部灌溉,localized irrigation,Riego localizado,irrigation localisée,0
http://aims.fao.org/aos/agrovoc/c_7909,滴流灌溉,trickle irrigation,Riego por goteo,irrigation goutte à goutte,0
http://aims.fao.org/aos/agrovoc/c_35248,漫灌,flood irrigation,Riego por inundación,irrigation par submersion,0
http://aims.fao.org/aos/agrovoc/c_4810,显微术,microscopy,Microscopia,microscopie,0
http://aims.fao.org/aos/agrovoc/c_10573,电子显微术,electron microscopy,Microscopía electrónica,microscopie électronique,0
http://aims.fao.org/aos/agrovoc/c_28462,扫描显微术,scanning microscopy,Microscopia de barrido,microscopie à balayage,0
http://aims.fao.org/aos/agrovoc/c_29617,荧光免疫显微术,immunofluorescent microscopy,Microscopia inmunofluorescente,microscopie immunofluorescente,0
http://aims.fao.org/aos/agrovoc/c_5209,模拟,simulation,Simulación,simulation,0
http://aims.fao.org/aos/agrovoc/c_9000024,作物模型,crop modelling,Modelización de los cultivos,modélisation des cultures,0
http://aims.fao.org/aos/agrovoc/c_9000056,环境建模,environmental modelling,Modelización del medio ambiente,modélisation environnementale,0
http://aims.fao.org/aos/agrovoc/c_5728,防治方法,control methods,Método de control,méthode de lutte,0
http://aims.fao.org/aos/agrovoc/c_5731,抗虫性,pest resistance,Resistencia a las plagas,résistance aux organismes nuisibles,0
http://aims.fao.org/aos/agrovoc/c_918,生物防治,biological control,Control biológico,lutte biologique,0
http://aims.fao.org/aos/agrovoc/c_3216,遗传控制,genetic control,Control genético,lutte génétique,0
http://aims.fao.org/aos/agrovoc/c_7400,不孕昆虫释放,sterile insect release,Liberación de insectos estériles,lâcher d'insectes stériles,0
http://aims.fao.org/aos/agrovoc/c_330630,疾病的生物防治,biological disease control,Control biológico de enfermedades,lutte biologique contre les maladies,0
http://aims.fao.org/aos/agrovoc/c_330635,虫害生物防治,biological pest control,Control biológico de plagas,lutte biologique contre les ravageurs,0
http://aims.fao.org/aos/agrovoc/c_330638,生物除草,biological weed control,Control biológico de malezas,désherbage biologique,0
http://aims.fao.org/aos/agrovoc/c_1514,化学防治,chemical control,Control químico,lutte chimique,0
http://aims.fao.org/aos/agrovoc/c_24934,交配干扰,mating disruption,Confusión sexual,confusion sexuelle,0
http://aims.fao.org/aos/agrovoc/c_330676,化学防治病害,chemical disease control,Control químico de enfermedades,lutte chimique contre les maladies,0
http://aims.fao.org/aos/agrovoc/c_330677,化学防治害虫,chemical pest control,Control químico de plagas,lutte chimique contre les nuisibles,0
http://aims.fao.org/aos/agrovoc/c_330678,杂草化学防治,chemical weed control,Control químico de las malezas,lutte chimique contre les mauvaises herbes,0
http://aims.fao.org/aos/agrovoc/c_2020,耕作防治,cultural control,Control cultural,lutte culturale,0
http://aims.fao.org/aos/agrovoc/c_5829,物理防治,physical control,Control físico,lutte physique,0
http://aims.fao.org/aos/agrovoc/c_330742,栽培病害防治,cultural disease control,Control cultural de enfermedades,lutte culturelle contre les maladies,0
http://aims.fao.org/aos/agrovoc/c_330743,栽培害虫防治,cultural pest control,Control cultural de plagas,contrôle culturel des nuisibles,0
http://aims.fao.org/aos/agrovoc/c_330744,栽培杂草防治,cultural weed control,Control cultural de malezas,désherbage culturel,0
http://aims.fao.org/aos/agrovoc/c_2327,病害防治,disease control,Control de enfermedades,contrôle de maladies,0
http://aims.fao.org/aos/agrovoc/c_5726,害虫防治,pest control,Control de plagas,lutte antiravageur,0
http://aims.fao.org/aos/agrovoc/c_34347,温度控制,thermal control,Control térmico,lutte thermique,0
http://aims.fao.org/aos/agrovoc/c_36555,替代方法,alternative methods,Método alternativo,méthode alternative,0
http://aims.fao.org/aos/agrovoc/c_29116,抗生素属性,antibiotic properties,Propiedad antibiótica,propriété antibiotique,0
http://aims.fao.org/aos/agrovoc/c_28180,树木修补,tree surgery,Cirugía de los árboles,chirurgie des arbres,0
http://aims.fao.org/aos/agrovoc/c_16187,综合防治,integrated control,Lucha integrada,lutte intégrée,0
http://aims.fao.org/aos/agrovoc/c_1524,化学预防,chemoprophylaxis,Profilaxis química,chimioprévention,0
http://aims.fao.org/aos/agrovoc/c_5960,植物病害防治,plant disease control,Control de enfermedades de plantas,lutte antimaladie des plantes,0
http://aims.fao.org/aos/agrovoc/c_6402,检疫,quarantine,Cuarentena,quarantaine,0
http://aims.fao.org/aos/agrovoc/c_10394,疾病预防,disease prevention,Prevención de enfermedades,prévention des maladies,0
http://aims.fao.org/aos/agrovoc/c_13610,病害预防,disease prophylaxis,Profilaxis de las enfermedades,prophylaxie des maladies,0
http://aims.fao.org/aos/agrovoc/c_25233,疾病根除,disease eradication,Erradicación de enfermedades,éradication des maladies,0
http://aims.fao.org/aos/agrovoc/c_330798,法定病害防治,legal disease control,Control legal de enfermedades,contrôle légal des maladies,0
http://aims.fao.org/aos/agrovoc/c_35130,遗传抗性,genetic resistance,Resistencia genética,résistance génétique,0
http://aims.fao.org/aos/agrovoc/c_934,鸟害防治,bird control,Control de pájaros,lutte antiaviaire,0
http://aims.fao.org/aos/agrovoc/c_3885,昆虫防治,insect control,Control de insectos,lutte anti-insecte,0
http://aims.fao.org/aos/agrovoc/c_4868,蜱螨防治,mite control,Control de ácaros,lutte antiacarien,0
http://aims.fao.org/aos/agrovoc/c_4895,软体动物防治,mollusc control,Control de moluscos,lutte antimollusque,0
http://aims.fao.org/aos/agrovoc/c_5110,线虫防治,nematode control,Control de nematodos,lutte antinématode,0
http://aims.fao.org/aos/agrovoc/c_6631,鼠害防治,rodent control,Control de roedores,lutte antirongeur,0
http://aims.fao.org/aos/agrovoc/c_8345,杂草防治,weed control,Escarda,désherbage,0
http://aims.fao.org/aos/agrovoc/c_11451,人工除草,hand weeding,Deshierbe manual,désherbage manuel,0
http://aims.fao.org/aos/agrovoc/c_15834,灌丛防治,brush control,Control de malezas leñosas,lutte contre les broussailles,0
http://aims.fao.org/aos/agrovoc/c_24200,机械除草,mechanical weed control,Control mecánico de las malezas,contrôle mécanique contre les mauvaises herbes,0
http://aims.fao.org/aos/agrovoc/c_34919,机械法,mechanical methods,Método mecánico,méthode mécanique,0
http://aims.fao.org/aos/agrovoc/c_330800,法定杂草防治,legal weed control,Control legal de las malezas,contrôle légal des mauvaises herbes,0
http://aims.fao.org/aos/agrovoc/c_13949,选株,roguing,Eliminación de plantas no deseadas,élimination des plantes indésirables,0
http://aims.fao.org/aos/agrovoc/c_25275,套袋(害虫防治),bagging (pest control),Ensacado (control de plagas),ensachage (lutte antiparasite),0
http://aims.fao.org/aos/agrovoc/c_25453,网猎(害虫防治),netting (pest control),Protección con mallas (control de plagas),filet anti-nuisibles,0
http://aims.fao.org/aos/agrovoc/c_32923,机械防治,mechanical control,Control mecánico,contrôle mécanique,0
http://aims.fao.org/aos/agrovoc/c_7432,储藏产品害虫防治,stored products pest control,Control de plagas en productos almacenados,lutte antiparasite en entreposage,0
http://aims.fao.org/aos/agrovoc/c_33118,储藏物,stored products,Producto almacenado,denrée entreposée,0
http://aims.fao.org/aos/agrovoc/c_34030,有害生物综合治理,integrated pest management,Gestión de lucha integrada,gestion intégrée des ravageurs,0
http://aims.fao.org/aos/agrovoc/c_36561,病害综合防治,integrated disease control,Control integrado de enfermedades,lutte intégrée antimaladie,0
http://aims.fao.org/aos/agrovoc/c_37497,病害综合治理,integrated disease management,Gestión integrada de enfermedades,gestion intégrée des maladies,0
http://aims.fao.org/aos/agrovoc/c_34263,生态防治,ecological control,Ecocontrol,lutte écologique,0
http://aims.fao.org/aos/agrovoc/c_35764,激素控制,hormonal control,Control hormonal,contrôle hormonal,0
http://aims.fao.org/aos/agrovoc/c_35152,促性腺激素释放,gonadotropin release,Liberación de gonadotropina,libération de gonadotropine,0
http://aims.fao.org/aos/agrovoc/c_37922,植物检疫措施,phytosanitary measures,Medida fitosanitaria,mesure phytosanitaire,0
http://aims.fao.org/aos/agrovoc/c_331046,法规防治,legal control,Control legal,contrôle légal,0
http://aims.fao.org/aos/agrovoc/c_331047,信息素控制,pheromone control,Control con feromonas,lutte à l'aide de phéromones,0
http://aims.fao.org/aos/agrovoc/c_6774,抽样,sampling,Muestreo,échantillonnage,0
http://aims.fao.org/aos/agrovoc/c_24438,整群抽样,cluster sampling,Muestreo cluster,échantillonnage en grappes,0
http://aims.fao.org/aos/agrovoc/c_24499,随机抽样,random sampling,Muestreo aleatorio,échantillonnage aléatoire,0
http://aims.fao.org/aos/agrovoc/c_25271,土壤采样,soil sampling,Muestreo del suelo,échantillonnage de sol,0
http://aims.fao.org/aos/agrovoc/c_26873,取血样,blood sampling,Muestreo sanguíneo,prélèvement sanguin,0
http://aims.fao.org/aos/agrovoc/c_7377,统计方法,statistical methods,Método estadístico,méthode statistique,0
http://aims.fao.org/aos/agrovoc/c_2468,计量经济学,econometrics,Econometría,économétrie,0
http://aims.fao.org/aos/agrovoc/c_1828,消费函数,consumption functions,Función del consumo,fonction de consommation,0
http://aims.fao.org/aos/agrovoc/c_2172,需求函数,demand functions,Función de la demanda,fonction de demande,0
http://aims.fao.org/aos/agrovoc/c_6204,生产函数,production functions,Función de la producción,fonction de production,0
http://aims.fao.org/aos/agrovoc/c_9952,柯布-道格拉斯生产函数,Cobb-Douglas function,Función Cobb-Douglas,Fonction Cobb-Douglas,0
http://aims.fao.org/aos/agrovoc/c_7525,供给函数,supply functions,Función de la oferta,fonction d'offre,0
http://aims.fao.org/aos/agrovoc/c_28762,储蓄函数,savings functions,Función de ahorro,fonction d'épargne,0
http://aims.fao.org/aos/agrovoc/c_10728,因子分析,factor analysis,Análisis de factores,analyse de facteur,0
http://aims.fao.org/aos/agrovoc/c_10729,要素分析,factorial analysis,Análisis factorial,analyse factorielle,0
http://aims.fao.org/aos/agrovoc/c_16335,回归分析,regression analysis,Análisis de la regresión,analyse de régression,0
http://aims.fao.org/aos/agrovoc/c_16525,最佳线性无偏预测式,best linear unbiased predictor,Mejor predictor lineal imparcial,meilleure prédiction linéaire impartiale,0
http://aims.fao.org/aos/agrovoc/c_25232,判别式法,discriminant method,Método discriminante,méthode discriminante,0
http://aims.fao.org/aos/agrovoc/c_26806,概率分析,probability analysis,Análisis de probabilidad,analyse de probabilité,0
http://aims.fao.org/aos/agrovoc/c_27033,统计学方差,statistical variation,Variación estadística,variation statistique,0
http://aims.fao.org/aos/agrovoc/c_28240,多元回归分析,multiple regression analysis,Análisis por regresión múltiple,analyse par régression multiple,0
http://aims.fao.org/aos/agrovoc/c_28778,时间序列分析,time series analysis,Análisis de series cronológicas,analyse de séries chronologiques,0
http://aims.fao.org/aos/agrovoc/c_28833,协方差分析,analysis of covariance,Análisis de la covarianza,analyse de covariance,0
http://aims.fao.org/aos/agrovoc/c_28834,方差分析,analysis of variance,Análisis de la varianza,analyse de variance,0
http://aims.fao.org/aos/agrovoc/c_28840,贝叶斯理论,Bayesian theory,Teoría de bayes,théorie Bayésienne,0
http://aims.fao.org/aos/agrovoc/c_28846,分量分析(统计),component analysis,Análisis de componentes,analyse en composantes (statistique),0
http://aims.fao.org/aos/agrovoc/c_28854,截断面分析,cross-sectional analysis,Análisis transversal,analyse transversale,0
http://aims.fao.org/aos/agrovoc/c_28859,判别分析,discriminant analysis,Análisis discriminante,analyse discriminante,0
http://aims.fao.org/aos/agrovoc/c_28883,博奕论,game theory,Teoría de los juegos,théorie des jeux,0
http://aims.fao.org/aos/agrovoc/c_28916,蒙特卡罗法,Monte Carlo method,Método de Monte Carlo,méthode de Monte Carlo,0
http://aims.fao.org/aos/agrovoc/c_28918,多重共线性,multicollinearity,Multicolinearidad,multicolinéarité,0
http://aims.fao.org/aos/agrovoc/c_28921,多变量分析,multivariate analysis,Análisis multivariante,analyse multivariée,0
http://aims.fao.org/aos/agrovoc/c_28967,随机过程,stochastic processes,Proceso estocástico,processus stochastique,0
http://aims.fao.org/aos/agrovoc/c_28975,统计不确定性,statistical uncertainty,Incertidumbre estadística,incertitude statistique,0
http://aims.fao.org/aos/agrovoc/c_29014,统计离差,statistical dispersion,Dispersión estadística,dispersion statistique,0
http://aims.fao.org/aos/agrovoc/c_29765,频数分布,frequency distribution,Distribución de frecuencias,distribution des fréquences,0
http://aims.fao.org/aos/agrovoc/c_34071,通径分析,path analysis,Análisis de senderos,analyse des chemins,0
http://aims.fao.org/aos/agrovoc/c_37345,对应分析,correspondence analysis,Análisis de correspondencias,analyse des correspondances,0
http://aims.fao.org/aos/agrovoc/c_7640,教学方法,teaching methods,Método pedagógico,méthode pédagogique,0
http://aims.fao.org/aos/agrovoc/c_50121,辅导,coaching,Coaching,coaching,0
http://aims.fao.org/aos/agrovoc/c_14816,操作方法,techniques,Técnica,technique,0
http://aims.fao.org/aos/agrovoc/c_188,凝集试验,agglutination tests,Reacción de aglutinación,réaction d'agglutination,0
http://aims.fao.org/aos/agrovoc/c_3459,血凝反应,haemagglutination tests,Prueba de hemaglutinación,épreuve d'hémagglutination,0
http://aims.fao.org/aos/agrovoc/c_29655,抗球蛋白试验,antiglobulin tests,Prueba de antiglobulina,test antiglobuline,0
http://aims.fao.org/aos/agrovoc/c_29656,血细胞凝集抑制试验,haemagglutination inhibition tests,Prueba inhibición hemaglutinación,épreuve d'inhibition d'hemagglutina,0
http://aims.fao.org/aos/agrovoc/c_16780,乳环状试验,milk ring test,Prueba del anillo,ring test,0
http://aims.fao.org/aos/agrovoc/c_29654,乳胶凝集试验,latex agglutination test,Prueba del látex,test d'agglutination au latex,0
http://aims.fao.org/aos/agrovoc/c_1792,补体结合试验,complement fixation tests,Prueba de fijacion del complemento,réaction de fixation du complément,0
http://aims.fao.org/aos/agrovoc/c_3804,免疫荧光,immunofluorescence,Inmunofluorescencia,immunofluorescence,0
http://aims.fao.org/aos/agrovoc/c_3809,免疫沉淀反应,immunoprecipitation tests,Reacción de inmunoprecipitación,réaction d'immunoprécipitation,0
http://aims.fao.org/aos/agrovoc/c_29616,免疫扩散试验,immunodiffusion tests,Técnicas de inmunodifusión,technique d'immunodiffusion,0
http://aims.fao.org/aos/agrovoc/c_5152,中和试验,neutralization tests,Reacción de neutralización,réaction de neutralisation,0
http://aims.fao.org/aos/agrovoc/c_6429,放射免疫测定,radioimmunoassay,Técnica radioinmunologica,technique radioimmunologique,0
http://aims.fao.org/aos/agrovoc/c_29662,免疫放射分析,immunoradiometric assay,Ensayo inmunorradiométrico,Essai immunoradiométrique,0
http://aims.fao.org/aos/agrovoc/c_29663,放射变应原吸附试验,radioallergosorbent test,Prueba radioalergosorbente,radioallergosorbant test,0
http://aims.fao.org/aos/agrovoc/c_29664,放射免疫吸附试验,radioimmunosorbent test,Prueba de radioinmunoabsorción,radio-immuno-sorbent test,0
http://aims.fao.org/aos/agrovoc/c_16122,免疫酶技术,immunoenzyme techniques,Técnica inmunoenzimática,technique immunoenzymatique,0
http://aims.fao.org/aos/agrovoc/c_15968,酶联免疫吸附试验,ELISA,ELISA,Test ELISA,0
http://aims.fao.org/aos/agrovoc/c_29590,竞争性酶联免疫吸附试验,competitive ELISA,ELISA competitivo,ELISA compétitif,0
http://aims.fao.org/aos/agrovoc/c_29592,直接酶联免疫吸附试验,direct ELISA,ELISA directo,ELISA direct,0
http://aims.fao.org/aos/agrovoc/c_29633,间接酶联免疫吸附测定,indirect ELISA,ELISA indirecto,ELISA indirect,0
http://aims.fao.org/aos/agrovoc/c_27555,免疫诊断,immunodiagnosis,Inmunodiagnóstico,immunodiagnostic,0
http://aims.fao.org/aos/agrovoc/c_32817,免疫印迹法,immunoblotting,Immunoblotting,immunoblotting,0
http://aims.fao.org/aos/agrovoc/c_6947,分离(遗传学),segregation,Segregación,ségrégation,0
http://aims.fao.org/aos/agrovoc/c_4625,销售技术,marketing techniques,Técnica de mercadeo,technique de vente,0
http://aims.fao.org/aos/agrovoc/c_142,广告,advertising,Publicidad,publicité,0
http://aims.fao.org/aos/agrovoc/c_708,拍卖,auctions,Subasta,vente aux enchères,0
http://aims.fao.org/aos/agrovoc/c_3626,分期付款购买,hire purchase,Compra a crédito,location vente,0
http://aims.fao.org/aos/agrovoc/c_6744,促销,sales promotion,Promoción de ventas,promotion des ventes,0
http://aims.fao.org/aos/agrovoc/c_28730,市场细分,market segmentation,Fragmentación del mercado,segmentation du marché,0
http://aims.fao.org/aos/agrovoc/c_7835,示踪技术,tracer techniques,Técnica de trazadores,technique des traceurs,0
http://aims.fao.org/aos/agrovoc/c_3971,同位素标记,isotope labelling,Marcación con isotopos,marquage isotopique,0
http://aims.fao.org/aos/agrovoc/c_36926,闪烁扫描法,scintigraphy,Scintigrafía,Scintigraphie,0
http://aims.fao.org/aos/agrovoc/c_10568,电刺激,electric stimulation,Estimulación eléctrica,stimulation électrique,0
http://aims.fao.org/aos/agrovoc/c_16712,诊断技术,diagnostic techniques,Técnica de diagnóstico,technique de diagnostic,0
http://aims.fao.org/aos/agrovoc/c_6428,X射线摄影,radiography,Radiografía,radiographie,0
http://aims.fao.org/aos/agrovoc/c_5808,摄影术,photography,Fotografía,photographie,0
http://aims.fao.org/aos/agrovoc/c_9006,放射自显影术,autoradiography,Autor radiografía,Autoradiographie,0
http://aims.fao.org/aos/agrovoc/c_16614,体层摄影,tomography,Tomografía,tomographie,0
http://aims.fao.org/aos/agrovoc/c_24431,心血管造影,angiocardiography,Angiocardiografía,Angiocardiographie,0
http://aims.fao.org/aos/agrovoc/c_24432,血管造影,angiography,Angiografía,Angiographie,0
http://aims.fao.org/aos/agrovoc/c_16105,肌电描记术,electromyography,Electro miografía,électromyographie,0
http://aims.fao.org/aos/agrovoc/c_16104,心电描记术,electrocardiography,Electrocardiografía,Électrocardiographie,0
http://aims.fao.org/aos/agrovoc/c_16180,内窥镜检查,endoscopy,Endoscopía,endoscopie,0
http://aims.fao.org/aos/agrovoc/c_16321,腹腔镜检查,laparoscopy,Laparoscopia,Laparoscopie,0
http://aims.fao.org/aos/agrovoc/c_16210,回波描记术,echography,Ecografía,échographie,0
http://aims.fao.org/aos/agrovoc/c_16362,超声心动描记术,echocardiography,Eco cardiografía,échocardiographie,0
http://aims.fao.org/aos/agrovoc/c_36523,超声检查,ultrasonography,Ultrasonografía,ultrasonographie,0
http://aims.fao.org/aos/agrovoc/c_32609,热成像术,thermography,Termografía,thermographie,0
http://aims.fao.org/aos/agrovoc/c_983,体温,body temperature,Temperatura del cuerpo,température corporelle,0
http://aims.fao.org/aos/agrovoc/c_50127,腦電描記術,electroencephalography,Electroencefalografía,électroencéphalographie,0
http://aims.fao.org/aos/agrovoc/c_24135,体外培养,in vitro culture,Cultivo in vitro,culture in vitro,0
http://aims.fao.org/aos/agrovoc/c_2544,胚培养,embryo culture,Cultivo de embriones,culture d'embryon,0
http://aims.fao.org/aos/agrovoc/c_7178,细胞培养,cell culture,Cultivo de células,culture de cellule,0
http://aims.fao.org/aos/agrovoc/c_34127,体细胞克隆变异,somaclonal variation,Variación somaclonal,variation somaclonale,0
http://aims.fao.org/aos/agrovoc/c_24575,胚珠培养,ovule culture,Cultivo de óvulos,culture d'ovule,0
http://aims.fao.org/aos/agrovoc/c_27592,原生质体培养,protoplast culture,Cultivo de protoplastos,culture de protoplaste,0
http://aims.fao.org/aos/agrovoc/c_27715,杂交细胞培养,hybridoma culture,Cultivo de hibridomas,culture d'hybridome,0
http://aims.fao.org/aos/agrovoc/c_7789,组织培养,tissue culture,Cultivo de tejidos,culture de tissu,0
http://aims.fao.org/aos/agrovoc/c_36911,体细胞胚胎发生,somatic embryogenesis,Embriogénesis somática,Embryogénèse somatique,0
http://aims.fao.org/aos/agrovoc/c_24574,器官培养,organ culture,Cultivo de órganos,culture d'organe,0
http://aims.fao.org/aos/agrovoc/c_7043,分生组织培养,meristem culture,Cultivo de meristemas,culture de méristème,0
http://aims.fao.org/aos/agrovoc/c_9550,愈伤组织培养,callus culture,Cultivo de callo,culture de cal,0
http://aims.fao.org/aos/agrovoc/c_8837,花药培养,anther culture,Cultivo de anteras,culture d'anthère,0
http://aims.fao.org/aos/agrovoc/c_27052,花粉培养,pollen culture,Cultivo de polen,culture de pollen,0
http://aims.fao.org/aos/agrovoc/c_26853,卵巢培养,ovary culture (animal),Cultivo de ovarios (animal),culture d'ovaire (animal),0
http://aims.fao.org/aos/agrovoc/c_33572,植物子房培养,plant ovary culture,Cultivo de ovarios de las plantas,culture d'ovaire de la plante,0
http://aims.fao.org/aos/agrovoc/c_34130,悬浮培养,suspension culture,Cultivo en suspensión,culture de cellules en suspension,0
http://aims.fao.org/aos/agrovoc/c_35989,无菌培养,axenic culture,Cultivo axénico,culture axénique,0
http://aims.fao.org/aos/agrovoc/c_16137,大量饲养,mass rearing,Cría masiva,élevage en masse,0
http://aims.fao.org/aos/agrovoc/c_28011,管理技术,management techniques,Técnica de gestión,technique de gestion,0
http://aims.fao.org/aos/agrovoc/c_5364,运筹学,operations research,Investigación operativa,recherche opérationnelle,0
http://aims.fao.org/aos/agrovoc/c_5372,最优化方法,optimization methods,Método de optimización,méthode d'optimisation,0
http://aims.fao.org/aos/agrovoc/c_1960,关键路径分析,critical path analysis,Análisis del camino crítico,analyse du chemin critique,0
http://aims.fao.org/aos/agrovoc/c_28903,线性规划,linear programming,Programación lineal,programmation linéaire,0
http://aims.fao.org/aos/agrovoc/c_28923,非线性规划,non-linear programming,Programación no lineal,programmation non linéaire,0
http://aims.fao.org/aos/agrovoc/c_28992,水产养殖技术,aquaculture techniques,Técnicas de acuicultura,technique d'aquaculture,0
http://aims.fao.org/aos/agrovoc/c_25190,网箱养殖,cage culture,Cultivo en jaulas,culture en cage,0
http://aims.fao.org/aos/agrovoc/c_32411,混养,polyculture (aquaculture),Policultivo (acuicultura),polyculture (aquaculture),0
http://aims.fao.org/aos/agrovoc/c_29775,评估技术,evaluation techniques,Técnica de evaluación,technique d'évaluation,0
http://aims.fao.org/aos/agrovoc/c_34258,DNA指纹分析,DNA fingerprinting,Huella genética ADN,empreinte ADN,0
http://aims.fao.org/aos/agrovoc/c_34255,限制性片段长度多态性,restriction fragment length polymorphism,RFLP,RFLP,0
http://aims.fao.org/aos/agrovoc/c_36365,流式细胞术,flow cytometry,Citometría de flujo (célula),cytométrie en flux (cellules),0
http://aims.fao.org/aos/agrovoc/c_49981,实验室技术,laboratory techniques,Técnica de laboratorio,technique de laboratoire,0
http://aims.fao.org/aos/agrovoc/c_32403,染色体显带,chromosome banding,Bandeo de cromosomas,banding chromosomique,0
http://aims.fao.org/aos/agrovoc/c_33983,电穿孔,electroporation,Electroporación,électroporation,0
http://aims.fao.org/aos/agrovoc/c_331008,遗传技术,genetic techniques,Técnica genética,technique génétique,0
http://aims.fao.org/aos/agrovoc/c_331560,作物改良,crop improvement,Mejora de cultivos,amélioration des cultures,0
http://aims.fao.org/aos/agrovoc/c_34079,聚合酶链反应,PCR,PCR,PCR,0
http://aims.fao.org/aos/agrovoc/c_24863,渐渗,introgression,Introgresión,Introgression,0
http://aims.fao.org/aos/agrovoc/c_36658,基因枪法,biolistics,Biolística,biolistique,0
http://aims.fao.org/aos/agrovoc/c_35231,新食品,novel foods,Nuevo alimento,aliment nouveau,0
http://aims.fao.org/aos/agrovoc/c_37879,基因改造食品,genetically modified foods,Alimento modificado genéticamente,aliment génétiquement modifié,0
http://aims.fao.org/aos/agrovoc/c_3220,遗传转化,genetic transformation,Transformación genética,transformation génétique,0
http://aims.fao.org/aos/agrovoc/c_1596,染色体操作,chromosome manipulation,Manipulación de cromosomas,manipulation chromosomique,0
http://aims.fao.org/aos/agrovoc/c_3843,诱导多倍性,induced polyploidy,Poliploidia inducida,polyploïdie provoquée,0
http://aims.fao.org/aos/agrovoc/c_27528,基因融合,gene fusion,Fusión de génes,fusion de gènes,0
http://aims.fao.org/aos/agrovoc/c_27502,DNA裂解,DNA cleavage,Fragmentación del ADN,fragmentation de l'ADN,0
http://aims.fao.org/aos/agrovoc/c_27545,杂交蛋白,hybrid proteins,Proteína híbrida,Protéine hybride,0
http://aims.fao.org/aos/agrovoc/c_27529,基因转座,gene transposition,Transposición de génes,transposition de gènes,0
http://aims.fao.org/aos/agrovoc/c_24846,基因转移,gene transfer,Transferencia de genes,transfert de gène,0
http://aims.fao.org/aos/agrovoc/c_24835,胚胎分割,embryo splitting,Partición de embriones,duplication embryonnaire,0
http://aims.fao.org/aos/agrovoc/c_27532,遗传载体,genetic vectors,Vector genéticos,vecteur génétique,0
http://aims.fao.org/aos/agrovoc/c_27507,卵割,egg segmentation,Segmentación del huevo,segmentation de l'oeuf,0
http://aims.fao.org/aos/agrovoc/c_27538,单一方法,haplomethods,Método haploide,haplométhode,0
http://aims.fao.org/aos/agrovoc/c_33478,DNA杂交,DNA hybridization,Hibridación de ADN,hybridation d'ADN,0
http://aims.fao.org/aos/agrovoc/c_27831,转染,transfection,Transfección,transfection,0
http://aims.fao.org/aos/agrovoc/c_36341,RAPD,RAPD,RAPD,RAPD,0
http://aims.fao.org/aos/agrovoc/c_37366,双列分析,diallel analysis,Análisis dialelo,analyse diallèle,0
http://aims.fao.org/aos/agrovoc/c_331006,染色体作图,chromosome mapping,Cartografía cromosómica,cartographie chromosomique,0
http://aims.fao.org/aos/agrovoc/c_331160,扩增片段长度多态性,amplified fragment length polymorphism,Polimorfismo de longitud de fragmentos amplificados,polymorphisme de longueur des fragments amplifiés,0
http://aims.fao.org/aos/agrovoc/c_331026,监测方法,monitoring techniques,Técnica de vigilancia,technique de surveillance,0
http://aims.fao.org/aos/agrovoc/c_6401,质量控制,quality control,Control de calidad,contrôle de qualité,0
http://aims.fao.org/aos/agrovoc/c_28709,标签控制,labelling controls,Control del etiquetado,contrôle du marquage,0
http://aims.fao.org/aos/agrovoc/c_35137,危害分析和关键控制点,HACCP,ARICPC,HACCP,0
http://aims.fao.org/aos/agrovoc/c_92367,可追溯性,traceability,Trazabilidad,traçabilité,0
http://aims.fao.org/aos/agrovoc/c_33995,食品安全,food safety,Inocuidad alimentaria,sécurité sanitaire des aliments,0
http://aims.fao.org/aos/agrovoc/c_92369,食品可追溯性,food traceability,Trazabilidad de los alimentos,traçabilité alimentaire,0
http://aims.fao.org/aos/agrovoc/c_92370,产品可追溯性,product traceability,Trazabilidad de productos,traçabilité du produit,0
http://aims.fao.org/aos/agrovoc/c_331095,生殖技术,reproductive techniques,Técnica de reproducción,technique de reproduction,0
http://aims.fao.org/aos/agrovoc/c_16165,生物技术,biotechnology,Biotecnología,biotechnologie,0
http://aims.fao.org/aos/agrovoc/c_22,流产,abortion,Aborto,avortement,0
http://aims.fao.org/aos/agrovoc/c_11761,人工流产,induced abortion,Aborto provocado,avortement provoqué,0
http://aims.fao.org/aos/agrovoc/c_1838,避孕药,contraceptives,Anticonceptivo,contraceptif,0
http://aims.fao.org/aos/agrovoc/c_2789,计划生育,family planning,Planificación familiar,planification de la famille,0
http://aims.fao.org/aos/agrovoc/c_15965,胚胎移植,embryo transfer,Transferencia de embriones,transfert embryonnaire,0
http://aims.fao.org/aos/agrovoc/c_16143,同期发情,oestrus synchronization,Sincronización del celo,synchronisation de l'oestrus,0
http://aims.fao.org/aos/agrovoc/c_7569,同步化,synchronization,Sincronización,synchronisation,0
http://aims.fao.org/aos/agrovoc/c_24858,诱导分娩,induced parturition,Parto inducido,parturition induite,0
http://aims.fao.org/aos/agrovoc/c_27934,诱发排卵,induced ovulation,Ovulación inducida,ovulation induite,0
http://aims.fao.org/aos/agrovoc/c_331551,生理技术,physiological techniques,Técnica fisiológica,technique physiologique,0
http://aims.fao.org/aos/agrovoc/c_24110,年龄鉴定,age determination,Determinación de la edad,détermination de l'âge,0
http://aims.fao.org/aos/agrovoc/c_13732,放射性碳测年,radiocarbon dating,Datación por carbono radiactivo,datation au radiocarbone,0
http://aims.fao.org/aos/agrovoc/c_33475,树木年代学,dendrochronology,Dendrocronología,dendrochronologie,0
http://aims.fao.org/aos/agrovoc/c_24392,案例研究,case studies,Estudio de casos prácticos,étude de cas,0
http://aims.fao.org/aos/agrovoc/c_25331,排水系统,drainage systems,Red de drenaje,réseau de drainage,0
http://aims.fao.org/aos/agrovoc/c_25348,明沟排水,open ditch drainage,Drenaje por fosa,drainage par fosses,0
http://aims.fao.org/aos/agrovoc/c_25350,开沟排水,mole drainage,Drenaje topo,drainage taupe,0
http://aims.fao.org/aos/agrovoc/c_25601,纵向排水,longitudinal draining,Drenaje longitudinal,drainage longitudinal,0
http://aims.fao.org/aos/agrovoc/c_25602,横向排水,cross draining,Drenaje transversal,drainage transversal,0
http://aims.fao.org/aos/agrovoc/c_25618,集水沟,collecting ditches,Zanja colectora,fossé collecteur,0
http://aims.fao.org/aos/agrovoc/c_14798,纹身,tattooing,Tatuaje,tatouage,0
http://aims.fao.org/aos/agrovoc/c_28044,木材干馏,destructive distillation of wood,Carbonización de la madera,carbonisation du bois,0
http://aims.fao.org/aos/agrovoc/c_1503,木炭,charcoal,Carbón vegetal,charbon de bois,0
http://aims.fao.org/aos/agrovoc/c_29762,栽培方法,cultural methods,Método de cultivo,mode de culture,0
http://aims.fao.org/aos/agrovoc/c_1837,等高耕作,contour cultivation,Cultivo en curvas de nivel,culture en courbe de niveau,0
http://aims.fao.org/aos/agrovoc/c_7676,梯田栽培,terrace cropping,Cultivo en terrazas,culture en terrasse,0
http://aims.fao.org/aos/agrovoc/c_2397,旱地农业,dryland farming,Cultivo en tierras áridas,aridoculture,0
http://aims.fao.org/aos/agrovoc/c_6436,雨养农业,rainfed farming,Cultivo de temporal,culture pluviale,0
http://aims.fao.org/aos/agrovoc/c_3195,造园,gardening,Jardinería,jardinage,0
http://aims.fao.org/aos/agrovoc/c_24878,有机园艺,organic gardening,Horticultura orgánica,jardinage biologique,0
http://aims.fao.org/aos/agrovoc/c_25396,保健食品,health foods,Alimento sano,aliment santé pour homme,0
http://aims.fao.org/aos/agrovoc/c_29261,有机食品,organic foods,Alimento biológico,aliment biologique,0
http://aims.fao.org/aos/agrovoc/c_9000146,学校菜园,school gardening,Huerta escolar,jardins scolaires,0
http://aims.fao.org/aos/agrovoc/c_3952,灌溉农业,irrigated farming,Agricultura de regadio,culture irriguée,0
http://aims.fao.org/aos/agrovoc/c_6243,设施栽培,protected cultivation,Cultivo protegido,culture sous abri,0
http://aims.fao.org/aos/agrovoc/c_29040,作物越冬,crop overwintering,Protección invernal de cultivos,hivernage des cultures,0
http://aims.fao.org/aos/agrovoc/c_14407,无土栽培,soilless culture,Cultivo sin tierra,culture sans sol,0
http://aims.fao.org/aos/agrovoc/c_3734,水培,hydroponics,Cultivo hidropónico,culture hydroponique,0
http://aims.fao.org/aos/agrovoc/c_10154,溶液培养,hydroculture,Hidrocultura,hydroculture,0
http://aims.fao.org/aos/agrovoc/c_9001000,鱼菜共生,aquaponics,Acuaponia,aquaponie,0
http://aims.fao.org/aos/agrovoc/c_32655,营养膜技术,nutrient film technique,Técnicas de cinta nutritiva,culture sur film nutritif,0
http://aims.fao.org/aos/agrovoc/c_34200,气栽法,aeroponics,Aeropónico,culture aéroponique,0
http://aims.fao.org/aos/agrovoc/c_24287,盆栽植,pot culture,Cultivo en contenedor,culture en conteneur,0
http://aims.fao.org/aos/agrovoc/c_25704,陆生动物养殖,draught animal cultivation,Cultivo a tracción animal,culture attelée,0
http://aims.fao.org/aos/agrovoc/c_26852,露地栽培,outdoor cropping,Cultivo al aire libre,culture en plein air,0
http://aims.fao.org/aos/agrovoc/c_29103,作物综合生产,integrated plant production,Producción vegetal integrada,Production végétale intégrée,0
http://aims.fao.org/aos/agrovoc/c_31858,研究方法,research methods,Método de investigación,méthode de recherche,0
http://aims.fao.org/aos/agrovoc/c_2758,实验法,experimentation,Experimentación,expérimentation,0
http://aims.fao.org/aos/agrovoc/c_37563,体外,in vitro,In vitro,in vitro,0
http://aims.fao.org/aos/agrovoc/c_32378,动物替代试验,animal testing alternatives,Alternativa a ensayos con animales,alternative aux animaux de laboratoire,0
http://aims.fao.org/aos/agrovoc/c_15989,实验室内实验,laboratory experimentation,Experimentación en laboratorio,expérimentation en laboratoire,0
http://aims.fao.org/aos/agrovoc/c_32520,盆栽试验,pot experimentation,Experimentación en contenedor,expérimentation en pot,0
http://aims.fao.org/aos/agrovoc/c_16131,体外试验,in vitro experimentation,Experimentación in vitro,expérimentation in vitro,0
http://aims.fao.org/aos/agrovoc/c_34856,体外消化率,in vitro digestibility,Digestibilidad in vitro,digestibilité in vitro,0
http://aims.fao.org/aos/agrovoc/c_35848,瘤胃模拟技术,Rumen Simulation Technique,Técnica de simulación del rumen,RUSITEC,0
http://aims.fao.org/aos/agrovoc/c_16132,体内实验,in vivo experimentation,Experimentación in vivo,expérimentation in vivo,0
http://aims.fao.org/aos/agrovoc/c_34857,体内消化率,in vivo digestibility,Digestibilidad in vivo,digestibilité in vivo,0
http://aims.fao.org/aos/agrovoc/c_26833,品种试验,variety trials,Ensayo de variedades,essai de variété,0
http://aims.fao.org/aos/agrovoc/c_36850,原产地试验,provenance trials,Ensayo de procedencias,essai de provenances,0
http://aims.fao.org/aos/agrovoc/c_33990,田间实验法,field experimentation,Experimentación en campo,expérimentation au champ,0
http://aims.fao.org/aos/agrovoc/c_33992,临床试验,clinical trials,Ensayo clínico,essai clinique,0
http://aims.fao.org/aos/agrovoc/c_36560,瘤胃尼龙袋法,in sacco experimentation,Experimentación in sacco,expérimentation in sacco,0
http://aims.fao.org/aos/agrovoc/c_331348,绿色试验,green experimentation,Experimentación ecológica,expérimentation verte,0
http://aims.fao.org/aos/agrovoc/c_7537,调查,surveys,Encuesta,enquête,0
http://aims.fao.org/aos/agrovoc/c_1430,普查,censuses,Censo,recensement,0
http://aims.fao.org/aos/agrovoc/c_28635,农业普查,agricultural censuses,Censo agrario,recensement agricole,0
http://aims.fao.org/aos/agrovoc/c_28693,农田调查,farm surveys,Encuesta sobre explotaciones agrícolas,enquête sur les exploitations agricoles,0
http://aims.fao.org/aos/agrovoc/c_28904,牲口数量普查,livestock censuses,Censo de ganado,recensement du cheptel,0
http://aims.fao.org/aos/agrovoc/c_28745,人口组成普查,population censuses,Censo de población,recensement de la population,0
http://aims.fao.org/aos/agrovoc/c_16550,森林普查,forest surveys,Encuesta forestal,enquête forestière,0
http://aims.fao.org/aos/agrovoc/c_16551,土壤调查,soil surveys,Reconocimiento de suelos,enquête pédologique,0
http://aims.fao.org/aos/agrovoc/c_25041,营养调查,nutrition surveys,Encuesta nutricional,enquête nutritionnelle,0
http://aims.fao.org/aos/agrovoc/c_28656,消费者调查,consumer surveys,Encuesta al consumidor,enquête auprès des consommateurs,0
http://aims.fao.org/aos/agrovoc/c_28665,疾病调查,disease surveys,Encuesta sanitaria,Enquête pathologique,0
http://aims.fao.org/aos/agrovoc/c_28844,地籍调查,cadastre surveys,Encuesta catastral,enquête cadastrale,0
http://aims.fao.org/aos/agrovoc/c_32767,虫害调查,pest surveys,Encuesta sobre plagas,enquête organismes nuisibles,0
http://aims.fao.org/aos/agrovoc/c_35290,快速乡村评估,rapid rural appraisal,Diagnóstico rural rápido,diagnostic rural rapide,0
http://aims.fao.org/aos/agrovoc/c_35291,参与性乡村评估,participatory rural appraisal,Diagnóstico rural participativo,Diagnostic rural participatif,0
http://aims.fao.org/aos/agrovoc/c_31909,运输方式,modes of transport,Modo de transporte,modes de transport,0
http://aims.fao.org/aos/agrovoc/c_33073,高压灭菌,autoclaving,Esterilización por autoclave,autoclavage,0
http://aims.fao.org/aos/agrovoc/c_33989,试验法,trial methods,Método de ensayo,méthode d'essai,0
http://aims.fao.org/aos/agrovoc/c_36796,人工操作,manual operation,Operación manual,opération manuelle,0
http://aims.fao.org/aos/agrovoc/c_36586,诊断和推荐综合系统,DRIS,Sistema integrado de diagnóstico y recomendación,Dris,0
http://aims.fao.org/aos/agrovoc/c_36760,成像,imagery,Imagen,imagerie,0
http://aims.fao.org/aos/agrovoc/c_5807,摄影测量,photogrammetry,Fotogrametría,photogrammétrie,0
http://aims.fao.org/aos/agrovoc/c_8634,航空摄影,aerial photography,Fotografía aérea,photographie aérienne,0
http://aims.fao.org/aos/agrovoc/c_13319,显微摄影术,photomicrography,Fotomicrografía,photomicrographie,0
http://aims.fao.org/aos/agrovoc/c_16375,照片判读,photointerpretation,Fotointerpretación,photo-interprétation,0
http://aims.fao.org/aos/agrovoc/c_36761,卫星图,satellite imagery,Imágen por satélite,imagerie par satellite,0
http://aims.fao.org/aos/agrovoc/c_36764,磁共振成像,magnetic resonance imaging,Imágenes por resonancia magnética,imagerie par résonance magnétique,0
http://aims.fao.org/aos/agrovoc/c_36765,多谱线图像,multispectral imagery,Imagen multiespectral,imagerie multispectrale,0
http://aims.fao.org/aos/agrovoc/c_330749,播种方法,sowing methods,Método de siembra,méthode d'ensemencement,0
http://aims.fao.org/aos/agrovoc/c_330810,种植方法,planting methods,Método de plantación,méthode de plantation,0
http://aims.fao.org/aos/agrovoc/c_330972,调查方法,survey methods,Método de encuesta,méthode du relevé,0
http://aims.fao.org/aos/agrovoc/c_330976,测试,tests,Prueba,test,0
http://aims.fao.org/aos/agrovoc/c_12111,产蛋测验,laying tests,Prueba de puesta,épreuve de ponte,0
http://aims.fao.org/aos/agrovoc/c_13136,亲权认定,paternity tests,Prueba de paternidad,épreuve de paternité,0
http://aims.fao.org/aos/agrovoc/c_16773,肝功能试验,liver function tests,Prueba de función hepática,épreuve fonctionnelle du foie,0
http://aims.fao.org/aos/agrovoc/c_29665,皮肤试验,skin tests,Prueba cutánea,test cutané,0
http://aims.fao.org/aos/agrovoc/c_331045,烹饪方法,cooking methods,Método de cocina,mode de cuisson,0
http://aims.fao.org/aos/agrovoc/c_988,煮沸,boiling,Ebullición,cuisson à l'eau,0
http://aims.fao.org/aos/agrovoc/c_989,沸点,boiling point,Punto de ebullición,point d'ébullition,0
http://aims.fao.org/aos/agrovoc/c_37314,放晶种,seeding (sugar),Adición de cristales semilla (azúcar),ensemencement (sucre),0
http://aims.fao.org/aos/agrovoc/c_7498,糖,sugar,Azúcar,sucre,0
http://aims.fao.org/aos/agrovoc/c_3132,油炸,frying,Fritura,friture,0
http://aims.fao.org/aos/agrovoc/c_6623,烘烤,roasting,Tostado,rôtissage,0
http://aims.fao.org/aos/agrovoc/c_9391,焖,braising,Braseado,braisage,0
http://aims.fao.org/aos/agrovoc/c_9436,烤,broiling,Asando (con fuego desde arriba),cuisson au grilloir,0
http://aims.fao.org/aos/agrovoc/c_14299,慢炖,simmering,Cocción a fuego lento,mijotage,0
http://aims.fao.org/aos/agrovoc/c_14587,炖,stewing,Guiso,ragoût,0
http://aims.fao.org/aos/agrovoc/c_16207,挤压蒸煮,extrusion cooking,Cocción extrusión,cuisson extrusion,0
http://aims.fao.org/aos/agrovoc/c_26799,微波烹饪,microwave cooking,Cocinado por microondas,cuisson micro-ondes,0
http://aims.fao.org/aos/agrovoc/c_35870,焙烧,toasting,Tostado (proceso),grillage,0
http://aims.fao.org/aos/agrovoc/c_50130,烧烤,grilling,Cocinado a la parrilla,grillade,0
http://aims.fao.org/aos/agrovoc/c_1375281890023,传统方法,traditional methods,Método tradicional,méthode traditionnelle,0
http://aims.fao.org/aos/agrovoc/c_330694,传统预煮方法,traditional parboiling methods,Método de escaldado tradicional,méthode traditionnelle d'étuvage,0
http://aims.fao.org/aos/agrovoc/c_6211,产品,products,Producto,produit,0
http://aims.fao.org/aos/agrovoc/c_438,动物产品,animal products,Producto de origen animal,produit animal,0
http://aims.fao.org/aos/agrovoc/c_29107,动物制品,processed animal products,Producto de animal procesado,produit animal transformé,0
http://aims.fao.org/aos/agrovoc/c_36642,生物产品,biologically grown products,Producto cultivado biológicamente,produit biologique,0
http://aims.fao.org/aos/agrovoc/c_1310,胴体,carcasses,Canal animal,carcasse,0
http://aims.fao.org/aos/agrovoc/c_4669,肉,meat,Carne,viande,0
http://aims.fao.org/aos/agrovoc/c_4672,切块肉,meat cuts,Pieza de carne,pièce de viande,0
http://aims.fao.org/aos/agrovoc/c_7106,屠宰重量,slaughter weight,Peso en matadero,poids à l'abattage,0
http://aims.fao.org/aos/agrovoc/c_5324,内脏,offal,Menudo,abats,0
http://aims.fao.org/aos/agrovoc/c_6403,四分之一胴体,quarters,Cuarto de la canal,quartier,0
http://aims.fao.org/aos/agrovoc/c_7056,一侧胴体,sides,Media canal,demi-carcasse,0
http://aims.fao.org/aos/agrovoc/c_16168,胴体组分,carcass composition,Composición de la canal,composition de la carcasse,0
http://aims.fao.org/aos/agrovoc/c_37725,去脂肪体重,lean body mass,Masa corporal delgada,masse maigre de l'organisme,0
http://aims.fao.org/aos/agrovoc/c_2502,蛋,eggs,Huevo,oeuf,0
http://aims.fao.org/aos/agrovoc/c_2499,蛋制品,egg products,Producto derivado del huevo,ovoproduit,0
http://aims.fao.org/aos/agrovoc/c_3032,食品,foods,Alimento,produit alimentaire,0
http://aims.fao.org/aos/agrovoc/c_2501,蛋黄,egg yolk,Yema de huevo,jaune d'oeuf,0
http://aims.fao.org/aos/agrovoc/c_10549,蛋清,egg white,Clara de huevo,blanc d'oeuf,0
http://aims.fao.org/aos/agrovoc/c_14249,无壳卵,shell-less eggs,Huevo sin cáscara,oeuf sans coquille,0
http://aims.fao.org/aos/agrovoc/c_14387,软壳卵,soft shelled eggs,Huevo de cáscara blanda,oeuf à carapace molle,0
http://aims.fao.org/aos/agrovoc/c_2500,卵壳,egg shell,Cáscara de huevo,coquille d'oeuf,0
http://aims.fao.org/aos/agrovoc/c_3655,蜂产品,hive products,Producto de la colmena,produit de la ruche,0
http://aims.fao.org/aos/agrovoc/c_866,蜂蜡,beeswax,Cera de abeja,cire d'abeille,0
http://aims.fao.org/aos/agrovoc/c_3652,蜂蜜,honey,Miel,miel,0
http://aims.fao.org/aos/agrovoc/c_15919,蜂胶,propolis,Propóleo,propolis,0
http://aims.fao.org/aos/agrovoc/c_6519,树脂,resins,Resina,résine,0
http://aims.fao.org/aos/agrovoc/c_26817,蜂王浆,royal jelly,Jalea real,gelée royale,0
http://aims.fao.org/aos/agrovoc/c_29026,蜂巢提取物,honeycomb extracts,Extracto del panal de miel,extrait de nid d'abeille,0
http://aims.fao.org/aos/agrovoc/c_12459,肉质,meat quality,Calidad de la carne,qualité de la viande,0
http://aims.fao.org/aos/agrovoc/c_861,牛肉,beef,Carne de res,viande bovine,0
http://aims.fao.org/aos/agrovoc/c_9038,小牛肉,baby beef,Añojo,baby beef,0
http://aims.fao.org/aos/agrovoc/c_8163,犊牛肉,veal,Carne de ternera,viande de veau,0
http://aims.fao.org/aos/agrovoc/c_3183,野味肉,game meat,Carne de animales de caza,viande de gibier,0
http://aims.fao.org/aos/agrovoc/c_15145,鹿肉,venison,Carne de venado,venaison,0
http://aims.fao.org/aos/agrovoc/c_92331,野味,bushmeat,Carne de caza,viande de brousse,0
http://aims.fao.org/aos/agrovoc/c_4162,羔羊肉,lamb meat,Carne de cordero,viande d'agneau,0
http://aims.fao.org/aos/agrovoc/c_1587,排骨,chops,Chuleta,côtelette,0
http://aims.fao.org/aos/agrovoc/c_2897,肉片,fillets,Filete,filet,0
http://aims.fao.org/aos/agrovoc/c_4254,腿肉,legs (meat),Corvejón (carne),jarret,0
http://aims.fao.org/aos/agrovoc/c_4421,腰肉,loins,Lomo,longe,0
http://aims.fao.org/aos/agrovoc/c_7047,肩胛肉,shoulders,Espalda,épaule,0
http://aims.fao.org/aos/agrovoc/c_7380,肉排,steaks,Bistec,steak,0
http://aims.fao.org/aos/agrovoc/c_11912,关节(肉),joints (meat),Articulación (carne),morceau de viande,0
http://aims.fao.org/aos/agrovoc/c_5015,羊肉,mutton,Carne de carnero,viande ovine,0
http://aims.fao.org/aos/agrovoc/c_6120,猪肉,pork,Carne de cerdo,viande porcine,0
http://aims.fao.org/aos/agrovoc/c_6147,禽肉,poultry meat,Carne de ave,viande de volaille,0
http://aims.fao.org/aos/agrovoc/c_24000,鸡肉,chicken meat,Carne de pollo,viande de poulet,0
http://aims.fao.org/aos/agrovoc/c_24021,鸭肉,duck meat,Carne de pato,viande de canard,0
http://aims.fao.org/aos/agrovoc/c_24034,鹅肉,goose meat,Carne de ganso,viande d'oie,0
http://aims.fao.org/aos/agrovoc/c_24096,火鸡肉,turkey meat,Carne de pavo,viande de dinde,0
http://aims.fao.org/aos/agrovoc/c_9794,冷却肉,chilled meat,Carne refrigerada,viande réfrigérée,0
http://aims.fao.org/aos/agrovoc/c_15896,黑硬干肉,DFD meat,Carne dfd,viande à coupe sombre,0
http://aims.fao.org/aos/agrovoc/c_15920,苍白松软有渗出液瘦肉,PSE meat,Carne pse,viande exsudative,0
http://aims.fao.org/aos/agrovoc/c_15978,山羊肉,goat meat,Carne de cabra,viande caprine,0
http://aims.fao.org/aos/agrovoc/c_15983,马肉,horse meat,Carne de caballo,viande chevaline,0
http://aims.fao.org/aos/agrovoc/c_16026,兔肉,rabbit meat,Carne de conejo,viande de lapin,0
http://aims.fao.org/aos/agrovoc/c_23996,水牛肉,buffalo meat,Carne de búfalo,viande de buffle,0
http://aims.fao.org/aos/agrovoc/c_23998,骆驼肉,camel meat,Carne de camello,viande de chameau,0
http://aims.fao.org/aos/agrovoc/c_33469,剔骨肉,deboned meat,Carne deshuesada,viande désossée,0
http://aims.fao.org/aos/agrovoc/c_33471,机械剔骨肉,mechanically deboned meat,Carne deshuesada mecanicamente,viande désossée mécaniquement,0
http://aims.fao.org/aos/agrovoc/c_4826,乳,milk,Leche,lait,0
http://aims.fao.org/aos/agrovoc/c_4828,乳脂,milk fat,Grasa de la leche,matière grasse du lait,0
http://aims.fao.org/aos/agrovoc/c_4374,鲜奶,liquid milk,Leche líquida,lait boisson,0
http://aims.fao.org/aos/agrovoc/c_1772,初乳,colostrum,Calostro,colostrum,0
http://aims.fao.org/aos/agrovoc/c_15364,全脂乳,whole milk,Leche entera,lait entier,0
http://aims.fao.org/aos/agrovoc/c_16076,水牛乳,buffalo milk,Leche de búfala,lait de bufflesse,0
http://aims.fao.org/aos/agrovoc/c_16077,骆驼奶,camel milk,Leche de camella,lait de chamelle,0
http://aims.fao.org/aos/agrovoc/c_16080,牛乳,cow milk,Leche de vaca,lait de vache,0
http://aims.fao.org/aos/agrovoc/c_16081,绵羊奶,ewe milk,Leche de oveja,lait de brebis,0
http://aims.fao.org/aos/agrovoc/c_16083,山羊奶,goat milk,Leche de cabra,lait de chèvre,0
http://aims.fao.org/aos/agrovoc/c_16085,人乳,human milk,Leche humana,lait humain,0
http://aims.fao.org/aos/agrovoc/c_16087,马奶,mare milk,Leche de yegua,lait de jument,0
http://aims.fao.org/aos/agrovoc/c_24225,原料乳,raw milk,Leche cruda,lait cru,0
http://aims.fao.org/aos/agrovoc/c_12215,畜产品,livestock products,Producto pecuario,produit d'élevage,0
http://aims.fao.org/aos/agrovoc/c_15903,鱼,fish,Pescado,poisson (aliment),0
http://aims.fao.org/aos/agrovoc/c_16373,象牙,ivory,Marfil,ivoire,0
http://aims.fao.org/aos/agrovoc/c_36538,茧,cocoons,Capullo,cocon,0
http://aims.fao.org/aos/agrovoc/c_1172,副产品,by-products,Subproducto,sous-produit,0
http://aims.fao.org/aos/agrovoc/c_7,屠宰场副产品,abattoir by-products,Subproducto del matadero,sous-produit d'abattage,0
http://aims.fao.org/aos/agrovoc/c_4671,肉副产品,meat by-products,Subproducto de la carne,sous-produit de la viande,0
http://aims.fao.org/aos/agrovoc/c_35866,骨粉饲料,animal meals,Harina animal,farine animale,0
http://aims.fao.org/aos/agrovoc/c_3609,生皮,hides and skins,Cuero y piel,cuirs et peaux,0
http://aims.fao.org/aos/agrovoc/c_28265,肠衣,casings,Tripa,boyau,0
http://aims.fao.org/aos/agrovoc/c_776,甘蔗渣,bagasse,Bagazo,bagasse,0
http://aims.fao.org/aos/agrovoc/c_1086,酿造副产品,brewery by-products,Subproducto de cervecería,sous-produit de brasserie,0
http://aims.fao.org/aos/agrovoc/c_2843,饲料,feeds,Pienso,aliment pour animaux,0
http://aims.fao.org/aos/agrovoc/c_1085,啤酒糟,brewers grains,Orujo de cervecería,drêche de brasserie,0
http://aims.fao.org/aos/agrovoc/c_1471,谷类副产品,cereal by-products,Subproducto de cereales,sous-produit de céréales,0
http://aims.fao.org/aos/agrovoc/c_1473,粮食制品,cereal products,Producto derivado de cereales,produit céréalier,0
http://aims.fao.org/aos/agrovoc/c_4841,磨粉副产品,milling by-products,Subproducto de la molinería,sous-produit de meunerie,0
http://aims.fao.org/aos/agrovoc/c_3349,谷物饲料,grain feed,Grano pienso,fourrage grain,0
http://aims.fao.org/aos/agrovoc/c_1056,麸皮,bran,Salvado,son,0
http://aims.fao.org/aos/agrovoc/c_28386,膳食纤维,dietary fibres,Fibra de la dieta,fibre alimentaire,0
http://aims.fao.org/aos/agrovoc/c_1491,粗糠,chaff,Granza,balle,0
http://aims.fao.org/aos/agrovoc/c_4818,粗粉,middlings,Moyuelo,remoulages,0
http://aims.fao.org/aos/agrovoc/c_16171,玉米芯粉,corn cob mix,Mazorca de maíz molturada,maïs grain raflé mélangés,0
http://aims.fao.org/aos/agrovoc/c_24892,谷壳,rice husks,Cascarilla de arroz,balle de riz,0
http://aims.fao.org/aos/agrovoc/c_32539,稻米磨光,rice polishings,Harinaza de arroz,polissure de riz,0
http://aims.fao.org/aos/agrovoc/c_7551,杂碎,sweetbreads,Molleja,ris,0
http://aims.fao.org/aos/agrovoc/c_4827,牛奶副产品,milk by-products,Subproducto de la leche,sous-produit du lait,0
http://aims.fao.org/aos/agrovoc/c_4830,乳品,milk products,Producto lácteo,produit laitier,0
http://aims.fao.org/aos/agrovoc/c_4889,糖蜜,molasses,Melaza,mélasse,0
http://aims.fao.org/aos/agrovoc/c_27624,酒糟,vinasse,Vinaza,vinasse,0
http://aims.fao.org/aos/agrovoc/c_7500,糖副产品,sugar by-products,Subproducto del azúcar,sous-produit de sucrerie,0
http://aims.fao.org/aos/agrovoc/c_14665,甜菜副产品,sugar-beet byproducts,Subproducto remolacha azucarera,sous-produit betterave sucrière,0
http://aims.fao.org/aos/agrovoc/c_14666,甘蔗副产品,sugar-cane byproducts,Subproducto de la caña de azúcar,sous-produit de canne à sucre,0
http://aims.fao.org/aos/agrovoc/c_24060,植物果皮,peel,Piel (vegetal),pelure,0
http://aims.fao.org/aos/agrovoc/c_24831,可可壳,cocoa husks,Cáscaras de cacao,coque de cacao,0
http://aims.fao.org/aos/agrovoc/c_25402,磨油副产品,oil mill by-products,Subproducto aceitero,sous-produit d'huilerie,0
http://aims.fao.org/aos/agrovoc/c_5336,油籽饼,oilseed cakes,Torta oleaginosa,tourteau d'oléagineux,0
http://aims.fao.org/aos/agrovoc/c_25490,油料种子,oilseeds,Semilla oleaginosa,graine oléagineuse,0
http://aims.fao.org/aos/agrovoc/c_2988,面粉,flours,Harina,farine,0
http://aims.fao.org/aos/agrovoc/c_12193,亚麻籽饼,linseed cake,Torta de semilla de lino,tourteau de lin,0
http://aims.fao.org/aos/agrovoc/c_12192,亚麻子,linseed,Linaza,graine de lin,0
http://aims.fao.org/aos/agrovoc/c_16027,油菜籽粉,rapeseed meal,Harina de colza,tourteau de colza,0
http://aims.fao.org/aos/agrovoc/c_25499,油菜籽,rapeseed,Semilla de colza,graine de colza,0
http://aims.fao.org/aos/agrovoc/c_16043,大豆粕,soybean meal,Torta de soja,tourteau de soja,0
http://aims.fao.org/aos/agrovoc/c_29441,椰子饼粉,copra meal,Harina de copra,tourteau de coprah,0
http://aims.fao.org/aos/agrovoc/c_1873,干椰肉,copra,Copra,coprah,0
http://aims.fao.org/aos/agrovoc/c_35678,棉籽饼粉,cottonseed meal,Harina de semilla de algodón,tourteau de coton,0
http://aims.fao.org/aos/agrovoc/c_35679,花生饼粉,groundnut meal,Harina de cacahuete,tourteau d'arachide,0
http://aims.fao.org/aos/agrovoc/c_35709,葵籽饼粉,sunflower meal,Harina de girasol,tourteau de tournesol,0
http://aims.fao.org/aos/agrovoc/c_36344,棕榈仁饼,palm kernel cake,Torta de palmiste,tourteau de palmiste,0
http://aims.fao.org/aos/agrovoc/c_25493,棕榈仁,palm kernels,Almendra de palma,palmiste,0
http://aims.fao.org/aos/agrovoc/c_26878,鱼副产品,fishery by-products,Subproducto de la pesca,sous-produit de pêche,0
http://aims.fao.org/aos/agrovoc/c_2925,鱼粉,fishmeal,Harina de pescado,farine de poisson,0
http://aims.fao.org/aos/agrovoc/c_27459,甜菜浆,beet pulp,Pulpa de remolacha,pulpe de betterave,0
http://aims.fao.org/aos/agrovoc/c_28445,糟,lees,Lías de vino,lie de vin,0
http://aims.fao.org/aos/agrovoc/c_34239,咖啡果肉,coffee pulp,Pulpa de café,pulpe de café,0
http://aims.fao.org/aos/agrovoc/c_2814,脂肪产品,fat products,Producto graso,corps gras élaboré,0
http://aims.fao.org/aos/agrovoc/c_2941,渔产品,fishery products,Producto pesquero,produit de la pêche,0
http://aims.fao.org/aos/agrovoc/c_2930,鱼制品,fish products,Producto derivado del pescado,produit à base de poisson,0
http://aims.fao.org/aos/agrovoc/c_6915,海藻产品,seaweed products,Producto derivado de algas,produit à base d'algue marine,0
http://aims.fao.org/aos/agrovoc/c_4951,珍珠母,mother of pearl,Nacar,nacre,0
http://aims.fao.org/aos/agrovoc/c_2149,装饰用途,decorative uses,Uso decorativo,usage décoratif,0
http://aims.fao.org/aos/agrovoc/c_5418,观赏贝类,ornamental shells,Concha ornamental,coquillage décoratif,0
http://aims.fao.org/aos/agrovoc/c_5644,珍珠,pearls,Perla,perle,0
http://aims.fao.org/aos/agrovoc/c_7321,海绵,sponges,Esponja,éponge,0
http://aims.fao.org/aos/agrovoc/c_3125,果品,fruit products,Producto derivado de las frutas,produit à base de fruits,0
http://aims.fao.org/aos/agrovoc/c_4680,肉制品,meat products,Producto de la carne,produit carné,0
http://aims.fao.org/aos/agrovoc/c_13438,蔬菜制品,vegetable products,Producto a base de hortalizas,produit à base de légume,0
http://aims.fao.org/aos/agrovoc/c_15740,干制品,dried products,Producto seco,produit séché,0
http://aims.fao.org/aos/agrovoc/c_15741,冷冻产品,frozen products,Producto congelado,produit congelé,0
http://aims.fao.org/aos/agrovoc/c_10961,食物成份,food composition,Composición de los alimentos,composition des aliments,0
http://aims.fao.org/aos/agrovoc/c_10965,食品质量,food quality,Calidad del alimento,qualité des aliments,0
http://aims.fao.org/aos/agrovoc/c_785,焙烤食品,baked goods,Producto horneado,produit de cuisson,0
http://aims.fao.org/aos/agrovoc/c_1071,面包,bread,Pan,pain,0
http://aims.fao.org/aos/agrovoc/c_1186,蛋糕,cakes,Pastel,gâteau,0
http://aims.fao.org/aos/agrovoc/c_16475,饼干,biscuits,Galleta,biscuit,0
http://aims.fao.org/aos/agrovoc/c_26776,生面团,doughs,Masa de panadería,pâte de cuisson,0
http://aims.fao.org/aos/agrovoc/c_24393,谷粉,cereal flours,Harina de cereales,farine de céréale,0
http://aims.fao.org/aos/agrovoc/c_28486,发酵面团,puff pastry,Hojaldre,pâte feuilletée,0
http://aims.fao.org/aos/agrovoc/c_50116,面糊,batters,Rebozado,pâte à frire,0
http://aims.fao.org/aos/agrovoc/c_896,饮料,beverages,Bebida,boisson,0
http://aims.fao.org/aos/agrovoc/c_7414,刺激类果实,stimulants,Estimulante,stimulant,0
http://aims.fao.org/aos/agrovoc/c_32708,甘蔗汁,sugar-cane juice,Jugo de cana de azúcar,jus de canne à sucre,0
http://aims.fao.org/aos/agrovoc/c_248,饮料酒,alcoholic beverages,Bebida alcohólica,boisson alcoolisée,0
http://aims.fao.org/aos/agrovoc/c_32364,酒精含量,alcohol content,Contenido alcohólico,teneur en alcool,0
http://aims.fao.org/aos/agrovoc/c_864,啤酒,beers,Cerveza,bière,0
http://aims.fao.org/aos/agrovoc/c_8714,爱儿啤酒,ales,Ale (cerveza),ale (bière),0
http://aims.fao.org/aos/agrovoc/c_12051,窖藏啤酒,lagers,Lager,bière blonde,0
http://aims.fao.org/aos/agrovoc/c_14625,烈性黑啤酒,stouts,Stout,bière brune (stout),0
http://aims.fao.org/aos/agrovoc/c_1617,苹果酒,ciders,Sidra,cidre,0
http://aims.fao.org/aos/agrovoc/c_4369,利口酒,liqueurs,Licor,liqueur,0
http://aims.fao.org/aos/agrovoc/c_7309,烈性酒,spirits,Aguardiente,eau de vie,0
http://aims.fao.org/aos/agrovoc/c_8904,阿拉克烧酒,arak,Arak,arak,0
http://aims.fao.org/aos/agrovoc/c_9394,白兰地酒,brandy,Brandy,brandy,0
http://aims.fao.org/aos/agrovoc/c_8406,葡萄酒,wines,Vino,vin,0
http://aims.fao.org/aos/agrovoc/c_22560,科涅克酒,cognac,Cognac,cognac,0
http://aims.fao.org/aos/agrovoc/c_11154,杜松子酒,gin (beverage),Ginebra,gin,0
http://aims.fao.org/aos/agrovoc/c_13996,浪姆酒,rums,Ron,rhum,0
http://aims.fao.org/aos/agrovoc/c_15343,威士忌酒,whiskies,Whisky,whisky,0
http://aims.fao.org/aos/agrovoc/c_23837,伏特加酒,vodka,Vodka,vodka,0
http://aims.fao.org/aos/agrovoc/c_28472,葡萄原汁,grape must,Mosto de uva,moût de vin,0
http://aims.fao.org/aos/agrovoc/c_9735,香槟起泡葡萄酒,champagne and sparkling wines,Champán y vino espumoso,champagne et vin mousseux,0
http://aims.fao.org/aos/agrovoc/c_28612,白葡萄酒,white wines,Vino blanco,vin blanc,0
http://aims.fao.org/aos/agrovoc/c_28613,玫瑰色葡萄洒,rose wines,Vino rosado,vin rosé,0
http://aims.fao.org/aos/agrovoc/c_28614,红葡萄酒,red wines,Vino tinto,vin rouge,0
http://aims.fao.org/aos/agrovoc/c_29690,加香葡萄酒,aromatized wines,Vino aromatizado,vin aromatisé,0
http://aims.fao.org/aos/agrovoc/c_15152,苦艾酒,vermouth,Vermut,vermouth,0
http://aims.fao.org/aos/agrovoc/c_29691,加度葡萄酒,fortified wines,Vino encabezado,vin fortifié,0
http://aims.fao.org/aos/agrovoc/c_13522,波尔特温葡萄酒,port wine,Oporto,porto,0
http://aims.fao.org/aos/agrovoc/c_14254,雪利酒,sherry,Jerez,xérès,0
http://aims.fao.org/aos/agrovoc/c_13252,梨酒,perry,Sidra de pera,poire (boisson alcoolisée),0
http://aims.fao.org/aos/agrovoc/c_5645,梨,pears,Pera,poire,0
http://aims.fao.org/aos/agrovoc/c_35218,蜂蜜酒,mead,Aguamiel,hydromel,0
http://aims.fao.org/aos/agrovoc/c_1712,可可饮料,cocoa beverages,Bebida chocolateada,boisson chocolatée,0
http://aims.fao.org/aos/agrovoc/c_33967,可可粉,cocoa powder,Polvo de cacao,cacao en poudre,0
http://aims.fao.org/aos/agrovoc/c_1731,咖啡,coffee,Café,café,0
http://aims.fao.org/aos/agrovoc/c_16495,速溶咖啡,instant coffee,Café instantáneo,café instantané,0
http://aims.fao.org/aos/agrovoc/c_1733,咖啡替代品,coffee substitutes,Sucedáneo del café,succédané de café,0
http://aims.fao.org/aos/agrovoc/c_3123,果汁,fruit juices,Jugo de frutas,jus de fruits,0
http://aims.fao.org/aos/agrovoc/c_3124,水果原汁,fruit musts,Mosto de frutas,moût de fruits,0
http://aims.fao.org/aos/agrovoc/c_8893,苹果汁,apple juice,Zumo de manzana,jus de pomme,0
http://aims.fao.org/aos/agrovoc/c_541,苹果,apples,Manzana,pomme,0
http://aims.fao.org/aos/agrovoc/c_25492,橙汁,orange juice,Zumo de naranja,jus d'orange,0
http://aims.fao.org/aos/agrovoc/c_7550,甜橙,sweet oranges,Naranja dulce,orange douce,0
http://aims.fao.org/aos/agrovoc/c_25496,菠萝汁,pineapple juice,Zumo de pina,jus d'ananas,0
http://aims.fao.org/aos/agrovoc/c_13394,菠萝,pineapples,Piña,ananas (fruits),0
http://aims.fao.org/aos/agrovoc/c_25533,葡萄汁,grape juice,Zumo de uva,jus de raisin,0
http://aims.fao.org/aos/agrovoc/c_4647,巴拉圭茶,maté,Mate,maté,0
http://aims.fao.org/aos/agrovoc/c_7149,软饮料,soft drinks,Gaseosa,boisson non alcoolisée,0
http://aims.fao.org/aos/agrovoc/c_8168,蔬菜汁,vegetable juices,Jugo de hortalizas,jus de légume,0
http://aims.fao.org/aos/agrovoc/c_28261,碳酸饮料,carbonated beverages,Bebida carbónica,boisson carbonatée,0
http://aims.fao.org/aos/agrovoc/c_7634,茶,tea,Té,thé,0
http://aims.fao.org/aos/agrovoc/c_7636,茶替代品,tea substitutes,Sucedáneo del té,succédané du thé,0
http://aims.fao.org/aos/agrovoc/c_14487,蔬菜萃取物,vegetable extracts,Extracto de hortalizas,extrait de légume,0
http://aims.fao.org/aos/agrovoc/c_35743,中药茶,herbal teas,Tisana,tisane,0
http://aims.fao.org/aos/agrovoc/c_1806,甜食,confectionery,Pastelería-confiteria,pâtisserie confiserie,0
http://aims.fao.org/aos/agrovoc/c_3784,冰淇淋,icecream,Helado,crème glacée,0
http://aims.fao.org/aos/agrovoc/c_1536,口香糖,chewing gum,Goma de mascar,chewing gum,0
http://aims.fao.org/aos/agrovoc/c_1542,糖胶树胶,chicle,Chicle,chicle,0
http://aims.fao.org/aos/agrovoc/c_1582,巧克力,chocolate,Chocolate,chocolat,0
http://aims.fao.org/aos/agrovoc/c_1711,可可豆,cocoa beans,Semilla de cacao,fève de cacao,0
http://aims.fao.org/aos/agrovoc/c_7502,甜糕饼,sugar confectionery,Producto de confitería,produit de confiserie,0
http://aims.fao.org/aos/agrovoc/c_1852,食用脂,cooking fats,Grasa para cocinar,graisse de cuisine,0
http://aims.fao.org/aos/agrovoc/c_1853,烹调油,cooking oils,Aceite comestible,huile de cuisine,0
http://aims.fao.org/aos/agrovoc/c_28559,起酥油,shortening,Shortening,shortening,0
http://aims.fao.org/aos/agrovoc/c_2262,疗效食品,dietetic foods,Alimento dietético,aliment de régime,0
http://aims.fao.org/aos/agrovoc/c_6170,预制食品,prepared foods,Alimento preparado,aliment préparé,0
http://aims.fao.org/aos/agrovoc/c_34044,低脂食品,low fat foods,Alimento bajo en grasa,aliment allégé en graisse,0
http://aims.fao.org/aos/agrovoc/c_34309,低热食品,low calorie foods,Alimento bajo en calorías,aliment basse calorie,0
http://aims.fao.org/aos/agrovoc/c_28228,加工食品,processed foods,Alimento procesado,aliment transformé,0
http://aims.fao.org/aos/agrovoc/c_29146,快餐,fast food,Comida rápida,restauration rapide,0
http://aims.fao.org/aos/agrovoc/c_29147,街头食品,street foods,Comida callejera,aliment vendu dans la rue,0
http://aims.fao.org/aos/agrovoc/c_3850,婴儿食品,infant foods,Alimento para niño,aliment pour nourrisson,0
http://aims.fao.org/aos/agrovoc/c_3896,速溶食品,instant foods,Alimento instantáneo,aliment instantané,0
http://aims.fao.org/aos/agrovoc/c_15523,大豆食品,soyfoods,Alimento derivado de la soja,aliment à base de soja pour homme,0
http://aims.fao.org/aos/agrovoc/c_14477,大豆,soybeans,Soja,soja,0
http://aims.fao.org/aos/agrovoc/c_16506,大豆制品,soybean products,Producto de la soja,produit à base de soja,0
http://aims.fao.org/aos/agrovoc/c_8172,植物蛋白,plant protein,Proteína vegetal,protéine végétale,0
http://aims.fao.org/aos/agrovoc/c_28576,干酪替代品,cheese substitutes,Sustituto del queso,substitut de fromage,0
http://aims.fao.org/aos/agrovoc/c_15552,味噌,miso,Miso,miso,0
http://aims.fao.org/aos/agrovoc/c_15563,豆奶,soy milk,Leche de soja,lait de soja,0
http://aims.fao.org/aos/agrovoc/c_4832,乳替代品,milk substitutes,Sucedáneos de la leche,succédané de lait,0
http://aims.fao.org/aos/agrovoc/c_15569,丹贝,tempeh,Tempeh,tempe,0
http://aims.fao.org/aos/agrovoc/c_15570,豆腐,tofu,Tofú,tofu,0
http://aims.fao.org/aos/agrovoc/c_24246,酱油,soy sauce,Salsa de soja,sauce de soja,0
http://aims.fao.org/aos/agrovoc/c_6905,海味品,seafoods,Alimento de origen marino,produit alimentaire origine marine,0
http://aims.fao.org/aos/agrovoc/c_2049,乌贼,cuttlefish,Sepia (molusco),seiche,0
http://aims.fao.org/aos/agrovoc/c_5308,章鱼科鱼类,octopuses,Pulpo,poulpe,0
http://aims.fao.org/aos/agrovoc/c_6896,海参类,sea cucumbers,Cohombro de mar,holothurie,0
http://aims.fao.org/aos/agrovoc/c_7343,枪乌贼,squids,Calamar,calmar,0
http://aims.fao.org/aos/agrovoc/c_7074,仿制食品,simulated foods,Alimento artificial,succédané d'aliment pour homme,0
http://aims.fao.org/aos/agrovoc/c_7078,单细胞蛋白,single cell protein,Proteína unicelular,protéine microbiologique,0
http://aims.fao.org/aos/agrovoc/c_1399,鱼子酱替代品,caviar substitutes,Sucedáneos del caviar,succédané de caviar,0
http://aims.fao.org/aos/agrovoc/c_1398,鱼子酱,caviar,Caviar,caviar,0
http://aims.fao.org/aos/agrovoc/c_4681,肉替代品,meat substitutes,Sucedáneos de la carne,succédané de viande,0
http://aims.fao.org/aos/agrovoc/c_7699,组织化蛋白,textured proteins,Proteína texturizada,protéine texturée,0
http://aims.fao.org/aos/agrovoc/c_9986,调咖啡白油,coffee whiteners,Blanqueador de café,blanchisseur de café,0
http://aims.fao.org/aos/agrovoc/c_16493,仿制稀奶油,imitation cream,Sucedáneos de la crema,crème d'imitation,0
http://aims.fao.org/aos/agrovoc/c_34306,脂肪替代品,fat substitutes,Sustituto de grasas,succédané de corps gras,0
http://aims.fao.org/aos/agrovoc/c_37475,蔗糖多酯,sucrose polyester,Poliester de sucrosa,polyester de saccharose,0
http://aims.fao.org/aos/agrovoc/c_11358,色拉,salads,Ensalada,salade,0
http://aims.fao.org/aos/agrovoc/c_12151,莴苣,lettuces,Lechuga,laitue,0
http://aims.fao.org/aos/agrovoc/c_9786,菊苣,chicory,Achicoria,endive,0
http://aims.fao.org/aos/agrovoc/c_3376,叶菜类蔬菜,leaf vegetables,Hortaliza de hoja,légume feuille,0
http://aims.fao.org/aos/agrovoc/c_10596,苦苣,endives,Endibia,chicorée frisée et scarole,0
http://aims.fao.org/aos/agrovoc/c_16148,汤,soups,Sopa,potage,0
http://aims.fao.org/aos/agrovoc/c_16490,冷冻食品,frozen foods,Alimento congelado,aliment surgelé pour homme,0
http://aims.fao.org/aos/agrovoc/c_27521,发酵食品,fermented foods,Alimento fermentado,aliment fermenté,0
http://aims.fao.org/aos/agrovoc/c_9649,木薯,cassava,Mandioca,manioc,0
http://aims.fao.org/aos/agrovoc/c_37492,加里,garri,Garri,garri,0
http://aims.fao.org/aos/agrovoc/c_24015,甜点,desserts,Postre,dessert,0
http://aims.fao.org/aos/agrovoc/c_28522,半干食品,intermediate moisture foods,Producto de humedad intermedia,produit à humidité intermédiaire,0
http://aims.fao.org/aos/agrovoc/c_4082,耐贮性,keeping quality,Aptitud para la conservación,aptitude à la conservation,0
http://aims.fao.org/aos/agrovoc/c_28525,复水食品,reconstituted foods,Producto reconstituido,produit reconstitué,0
http://aims.fao.org/aos/agrovoc/c_32754,调制产品,recombined products,Producto regenerado,produit recombiné,0
http://aims.fao.org/aos/agrovoc/c_16503,复原乳,reconstituted milk,Leche reconstituida,lait reconstitué,0
http://aims.fao.org/aos/agrovoc/c_2384,奶粉,dried milk,Leche en polvo,lait déshydraté,0
http://aims.fao.org/aos/agrovoc/c_29148,外带食品,take out foods,Comida para llevar,repas à emporter,0
http://aims.fao.org/aos/agrovoc/c_34338,快餐食品,snack foods,Aperitivo,snacks,0
http://aims.fao.org/aos/agrovoc/c_36899,冷藏食品,refrigerated foods,Alimento refrigerado,aliment réfrigéré,0
http://aims.fao.org/aos/agrovoc/c_330684,产值，价值附加的-,value-added products,Producto de valor agregado,produit à valeur ajoutée,0
http://aims.fao.org/aos/agrovoc/c_330682,大米增值产品,rice value-added products,Producto de arroz con valor añadido,produit de riz à valeur ajoutée,0
http://aims.fao.org/aos/agrovoc/c_330688,冷饭,cold rice,Arroz frio,riz froid,0
http://aims.fao.org/aos/agrovoc/c_3049,林产品,forest products,Producto forestal,produit forestier,0
http://aims.fao.org/aos/agrovoc/c_1422,纤维素类产品,cellulose products,Producto de la celulosa,produit cellulosique,0
http://aims.fao.org/aos/agrovoc/c_8171,植物产品,plant products,Producto de origen vegetal,produit végétal,0
http://aims.fao.org/aos/agrovoc/c_28162,鞣剂,tanning agents,Curtiente,substance tannante,0
http://aims.fao.org/aos/agrovoc/c_802,竹类,bamboos,Bambú,bambou,0
http://aims.fao.org/aos/agrovoc/c_8417,柳条,withies,Tallo flexible,rameaux flexibles,0
http://aims.fao.org/aos/agrovoc/c_1250,竹藤,canes and rattans,Junco y ratan,canne et rotin,0
http://aims.fao.org/aos/agrovoc/c_822,树皮产品,bark products,Trozo de corteza,produit à base d'écorce,0
http://aims.fao.org/aos/agrovoc/c_1895,软木,cork,Corcho,liège,0
http://aims.fao.org/aos/agrovoc/c_7501,甘蔗,sugar cane,Caña de azúcar,canne à sucre,0
http://aims.fao.org/aos/agrovoc/c_1591,圣诞树,Christmas trees,Árbol de navidad,arbre de noël,0
http://aims.fao.org/aos/agrovoc/c_5211,非木材林产品,non-wood forest products,Producto forestal no leñoso,produit forestier non ligneux,0
http://aims.fao.org/aos/agrovoc/c_3441,植物胶,gums,Goma,gomme,0
http://aims.fao.org/aos/agrovoc/c_6678,橡胶,rubber,Caucho,caoutchouc,0
http://aims.fao.org/aos/agrovoc/c_8020,松节油,turpentine,Trementina,térébenthine,0
http://aims.fao.org/aos/agrovoc/c_4214,乳胶,latex,Látex,latex,0
http://aims.fao.org/aos/agrovoc/c_8421,木材,wood,Madera,bois,0
http://aims.fao.org/aos/agrovoc/c_34363,木材性质,wood properties,Propiedad de la madera,propriété du bois,0
http://aims.fao.org/aos/agrovoc/c_24549,木材密度,wood density,Densidad de la madera,densité du bois,0
http://aims.fao.org/aos/agrovoc/c_3137,薪材,fuelwood,Leña,bois de chauffage,0
http://aims.fao.org/aos/agrovoc/c_3495,硬木,hardwood,Madera de frondosas,bois de feuillus,0
http://aims.fao.org/aos/agrovoc/c_3518,心材,heartwood,Duramen,bois de coeur,0
http://aims.fao.org/aos/agrovoc/c_4066,幼龄材,juvenile wood,Madera juvenil,bois de jeunesse,0
http://aims.fao.org/aos/agrovoc/c_6365,造纸材,pulpwood,Madera para pasta,bois à pâte,0
http://aims.fao.org/aos/agrovoc/c_6364,纸浆,pulp,Pasta,pâte cellulosique,0
http://aims.fao.org/aos/agrovoc/c_6672,圆材,roundwood,Madera en rollo,bois rond,0
http://aims.fao.org/aos/agrovoc/c_3484,柄,handle stocks,Madera para mangos,bois pour manches,0
http://aims.fao.org/aos/agrovoc/c_4420,原木,logs,Troza,grume,0
http://aims.fao.org/aos/agrovoc/c_6829,锯材原木,sawlogs,Troza de aserradero,grume de sciage,0
http://aims.fao.org/aos/agrovoc/c_8183,单板原木,veneer logs,Troza para chapas de madera,grume de placage,0
http://aims.fao.org/aos/agrovoc/c_6061,杆材,poles,Poste,poteau,0
http://aims.fao.org/aos/agrovoc/c_15252,手杖,walking sticks,Bastón,bâton de marche,0
http://aims.fao.org/aos/agrovoc/c_6800,白木质,sapwood,Albura,aubier,0
http://aims.fao.org/aos/agrovoc/c_6831,锯材,sawnwood,Madera elaborada,bois débité,0
http://aims.fao.org/aos/agrovoc/c_7154,软木材,softwood,Madera de coníferas,bois de résineux,0
http://aims.fao.org/aos/agrovoc/c_15529,阿皮通木,apitong,Apitón,keruing,0
http://aims.fao.org/aos/agrovoc/c_24890,应力木,reaction wood,Madera de reacción,bois de réaction,0
http://aims.fao.org/aos/agrovoc/c_28041,枝材,branchwood,Leña de ramas,bois de houppe,0
http://aims.fao.org/aos/agrovoc/c_28060,枯木,deadwood,Madera muerta,bois mort,0
http://aims.fao.org/aos/agrovoc/c_28064,萃取用材,extract wood,Leña para extracción,bois de distillation,0
http://aims.fao.org/aos/agrovoc/c_8424,木材提取物,wood extracts,Extracto de madera,extrait de bois,0
http://aims.fao.org/aos/agrovoc/c_28094,改性木材,improved wood,Madera mejorada,bois amélioré,0
http://aims.fao.org/aos/agrovoc/c_28157,干材,stemwood,Madera de tronco,bois de fût,0
http://aims.fao.org/aos/agrovoc/c_28158,结构木材,structural timber,Madera de construcción,bois de charpente,0
http://aims.fao.org/aos/agrovoc/c_5937,坑木,mine timber,Madera de mina,bois de mine,0
http://aims.fao.org/aos/agrovoc/c_14330,枕木,sleepers,Madera para durmiente,dormant,0
http://aims.fao.org/aos/agrovoc/c_16203,木质林产品,wood products,Producto de la madera,produit dérivé du bois,0
http://aims.fao.org/aos/agrovoc/c_5548,纸,paper,Papel,papier,0
http://aims.fao.org/aos/agrovoc/c_8184,单板,veneers,Chapa de madera,placage,0
http://aims.fao.org/aos/agrovoc/c_8427,木面板,wood panels,Tablero de madera,panneau dérivé du bois,0
http://aims.fao.org/aos/agrovoc/c_8425,木粉,wood flour,Harina de madera,farine de bois,0
http://aims.fao.org/aos/agrovoc/c_6827,锯末,sawdust,Aserrín,sciure,0
http://aims.fao.org/aos/agrovoc/c_2878,纤维板,fibreboards,Tablero de fibra,panneau de fibres,0
http://aims.fao.org/aos/agrovoc/c_5600,碎料板,particle boards,Tablero de partícula,panneau de particules,0
http://aims.fao.org/aos/agrovoc/c_8423,木片,wood chips,Astilla,particule de bois,0
http://aims.fao.org/aos/agrovoc/c_6033,胶合板,plywood,Tablero contrachapeado,contreplaqué,0
http://aims.fao.org/aos/agrovoc/c_16567,层压板,laminated wood,Madera laminada,bois lamellé,0
http://aims.fao.org/aos/agrovoc/c_26762,细木工板,blockboard,Tablero enlistonado,panneau latte,0
http://aims.fao.org/aos/agrovoc/c_32409,复合板,composite board,Tablero compuesto,panneau composite,0
http://aims.fao.org/aos/agrovoc/c_8430,木渣,wood residues,Desecho de la madera,déchet de bois,0
http://aims.fao.org/aos/agrovoc/c_8431,刨花,wood wool,Lana de madera,laine de bois,0
http://aims.fao.org/aos/agrovoc/c_1374061601084,非法攫取的林产品,illegally derived forest products,Producto forestal de origen ilegal,produit forestier d'origine illégale,0
http://aims.fao.org/aos/agrovoc/c_5331,油脂制品,oil products,Producto oleaginoso,produit oléagineux,0
http://aims.fao.org/aos/agrovoc/c_3440,树胶脂,gum resins,Gomorresina,gomme résine,0
http://aims.fao.org/aos/agrovoc/c_5343,含油树脂,oleoresins,Oleoresina,oléorésine,0
http://aims.fao.org/aos/agrovoc/c_10091,苦配巴香脂,copaiba,Bálsamo de copaiba,copahu,0
http://aims.fao.org/aos/agrovoc/c_14545,针枞树脂,spruce gum,Goma de abeto,gomme d'épicéa,0
http://aims.fao.org/aos/agrovoc/c_330922,安息香树脂,benzoin resin,Benjuí,benjoin,0
http://aims.fao.org/aos/agrovoc/c_1369212493186,乳香,frankincense,Incienso,encens,0
http://aims.fao.org/aos/agrovoc/c_10092,珂巴脂,copals,Copal,copal,0
http://aims.fao.org/aos/agrovoc/c_10280,达马脂,dammars,Dammar,dammar,0
http://aims.fao.org/aos/agrovoc/c_11995,胺树胶,kinos,Quino,kino,0
http://aims.fao.org/aos/agrovoc/c_13972,松香,rosin,Colofonia,colophane,0
http://aims.fao.org/aos/agrovoc/c_14072,山达脂,sandarac,Sandáraca,sandaraque,0
http://aims.fao.org/aos/agrovoc/c_24041,紫胶,lac,Laca,laque,0
http://aims.fao.org/aos/agrovoc/c_35957,紫胶片,shellac,Goma laca,gomme-laque,0
http://aims.fao.org/aos/agrovoc/c_330929,洋乳香,mastic resin,Almáciga,mastic,0
http://aims.fao.org/aos/agrovoc/c_29989,植物性制品,processed plant products,Producto vegetal procesado,produit végétal transformé,0
http://aims.fao.org/aos/agrovoc/c_1309,羧甲基纤维素,carboxymethylcellulose,Carboximetilcelulosa,carboxyméthylcellulose,0
http://aims.fao.org/aos/agrovoc/c_1420,醋酸纤维素,cellulose acetate,Acetato de celulosa,acétate de cellulose,0
http://aims.fao.org/aos/agrovoc/c_1421,硝化纤维,nitrocellulose,Nitrocelulosa,nitrocellulose,0
http://aims.fao.org/aos/agrovoc/c_10007,火棉胶,collodion,Colodión,collodion,0
http://aims.fao.org/aos/agrovoc/c_13697,绵火药,pyroxylin,Piroxilina,pyroxyline,0
http://aims.fao.org/aos/agrovoc/c_7574,合成纤维,synthetic fibres,Fibra sintética,fibre synthétique,0
http://aims.fao.org/aos/agrovoc/c_13764,人造丝,rayon,Rayón,rayonne,0
http://aims.fao.org/aos/agrovoc/c_8263,纤维胶,viscose,Viscosa,viscose,0
http://aims.fao.org/aos/agrovoc/c_9696,玻璃纸,cellophane,Celofán,cellophane,0
http://aims.fao.org/aos/agrovoc/c_9698,赛璐珞,celluloid,Celuloide,celluloïd,0
http://aims.fao.org/aos/agrovoc/c_28363,乙基纤维素,ethyl cellulose,Etilcelulosa,éthylcellulose,0
http://aims.fao.org/aos/agrovoc/c_28408,羟丙基纤维素,hydroxypropyl cellulose,Hidroxipropilcelulosa,hydroxypropylcellulose,0
http://aims.fao.org/aos/agrovoc/c_28409,羟丙基甲基纤维素,hydroxypropyl methylcellulose,Hidroxipropilmetilcelulosa,hydroxypropylméthylcellulose,0
http://aims.fao.org/aos/agrovoc/c_28458,甲基纤维素,methyl cellulose,Metilcelulosa,méthylcellulose,0
http://aims.fao.org/aos/agrovoc/c_1474,谷物,cereals,Cereal,céréale,0
http://aims.fao.org/aos/agrovoc/c_3346,谷类,grain,Grano,grain,0
http://aims.fao.org/aos/agrovoc/c_823,大麦,barley,Cebada,orge,0
http://aims.fao.org/aos/agrovoc/c_4547,麦芽,malt,Malta (producto),malt,0
http://aims.fao.org/aos/agrovoc/c_25485,啤酒大麦,malting barley,Cebada cervecera,orge de brasserie,0
http://aims.fao.org/aos/agrovoc/c_2828,饲料谷物,feed cereals,Cereal forrajero,céréale fourragère,0
http://aims.fao.org/aos/agrovoc/c_25468,粗粮,coarse grains,Cereal menor,céréale secondaire,0
http://aims.fao.org/aos/agrovoc/c_4838,粟,millets,Mijo,millet,0
http://aims.fao.org/aos/agrovoc/c_2904,龙爪粟,finger millet,Mijo africano,éleusine cultivée,0
http://aims.fao.org/aos/agrovoc/c_5287,燕麦,oats,Avena,avoine,0
http://aims.fao.org/aos/agrovoc/c_6599,稻米,rice,Arroz,riz,0
http://aims.fao.org/aos/agrovoc/c_330606,巴斯马蒂香米,basmati rice,Arroz basmati,riz basmati,0
http://aims.fao.org/aos/agrovoc/c_330653,碎米,broken rice,Arroz roto,brisures de riz,0
http://aims.fao.org/aos/agrovoc/c_7249,高粱,sorghum grain,Sorgo en grano,sorgho en grain,0
http://aims.fao.org/aos/agrovoc/c_7949,小黑麦,triticales (product),Tritical (producto),triticales (produit),0
http://aims.fao.org/aos/agrovoc/c_8373,小麦,wheat,Trigo,blé,0
http://aims.fao.org/aos/agrovoc/c_25511,小麦面粉,wheat flour,Harina de trigo,farine de blé,0
http://aims.fao.org/aos/agrovoc/c_11456,硬粒小麦,hard wheat,Trigo duro,blé dur,0
http://aims.fao.org/aos/agrovoc/c_14386,软质小麦,soft wheat,Trigo harinero,blé tendre,0
http://aims.fao.org/aos/agrovoc/c_12332,玉米,maize,Maíz,maïs,0
http://aims.fao.org/aos/agrovoc/c_2187,马齿种玉米,dent maize,Maíz dentado,maïs denté,0
http://aims.fao.org/aos/agrovoc/c_2974,硬质种玉米,flint maize,Maíz duro,maïs vitreux,0
http://aims.fao.org/aos/agrovoc/c_6108,爆裂型玉米,popcorn,Palomita de maíz,maïs à éclater,0
http://aims.fao.org/aos/agrovoc/c_7152,软质玉米,soft maize,Maíz amilaceo,maïs farineux,0
http://aims.fao.org/aos/agrovoc/c_7552,甜玉米,sweet corn,Maíz dulce,maïs sucré,0
http://aims.fao.org/aos/agrovoc/c_3129,果菜类蔬菜,fruit vegetables,Hortaliza de fruto,légume fruits,0
http://aims.fao.org/aos/agrovoc/c_8337,糯玉米,waxy maize,Maíz ceroso,maïs cireux,0
http://aims.fao.org/aos/agrovoc/c_14010,黑麦,rye,Centeno,seigle,0
http://aims.fao.org/aos/agrovoc/c_3131,水果,fruits,Fruta,fruits,0
http://aims.fao.org/aos/agrovoc/c_12873,坚果,nuts,Nuez,fruit à coque,0
http://aims.fao.org/aos/agrovoc/c_806,香蕉,bananas,Banano,banane,0
http://aims.fao.org/aos/agrovoc/c_1641,柑橘类水果,citrus fruits,Fruta cítrica,agrume,0
http://aims.fao.org/aos/agrovoc/c_1629,枳橙,citranges,Citranjo,citrange,0
http://aims.fao.org/aos/agrovoc/c_1632,香橼,citrons,Cidra,cédrat,0
http://aims.fao.org/aos/agrovoc/c_3358,葡萄柚,grapefruits,Toronja,pomelo,0
http://aims.fao.org/aos/agrovoc/c_4259,柠檬,lemons,Limón ácido,citron,0
http://aims.fao.org/aos/agrovoc/c_4340,莱姆金桔,limequats,Limequat,limequat,0
http://aims.fao.org/aos/agrovoc/c_4341,来檬,limes,Lima,lime,0
http://aims.fao.org/aos/agrovoc/c_4568,柑橘,mandarins,Mandarina,mandarine,0
http://aims.fao.org/aos/agrovoc/c_5375,橙金桔,orangequats,Orangequat,orangequat,0
http://aims.fao.org/aos/agrovoc/c_6367,柚,pummelos,Pomelo,chadec,0
http://aims.fao.org/aos/agrovoc/c_6819,温州蜜桔,satsumas,Satsuma,satsuma,0
http://aims.fao.org/aos/agrovoc/c_7006,酸橙,Seville oranges,Naranja de Sevilla,bigarade,0
http://aims.fao.org/aos/agrovoc/c_7600,橘柚,tangelos,Tangelo,tangelo,0
http://aims.fao.org/aos/agrovoc/c_7601,橘,tangerines,Tangerino,tangerine,0
http://aims.fao.org/aos/agrovoc/c_7602,桔橙,tangors,Tangor,tangor,0
http://aims.fao.org/aos/agrovoc/c_9233,香柠檬,bergamot orange,Bergamota,bergamote,0
http://aims.fao.org/aos/agrovoc/c_9895,克莱门氏小柑桔,clementines,Clementina,clémentine,0
http://aims.fao.org/aos/agrovoc/c_15497,四季橘,calamondins,Calamondin,calamondin,0
http://aims.fao.org/aos/agrovoc/c_2005,葫芦科果实,cucurbit fruits,Fruta cucurbitacea,fruits de cucurbitacée,0
http://aims.fao.org/aos/agrovoc/c_15277,西瓜,watermelons,Sandía,pastèque,0
http://aims.fao.org/aos/agrovoc/c_2006,葫芦科蔬菜,cucurbit vegetables,Hortaliza cucurbitácea,légume de cucurbitacée,0
http://aims.fao.org/aos/agrovoc/c_4456,蛋黄果属,lucumas,Lúcuma,lucuma,0
http://aims.fao.org/aos/agrovoc/c_7151,浆果,soft fruits,Baya,petits fruits,0
http://aims.fao.org/aos/agrovoc/c_945,黑加仑,black currants,Grosella negra,cassis,0
http://aims.fao.org/aos/agrovoc/c_947,欧洲黑莓,blackberries,Zarzamora,mûre de ronce,0
http://aims.fao.org/aos/agrovoc/c_974,蓝莓,blueberries,Arándano,bleuet,0
http://aims.fao.org/aos/agrovoc/c_11556,伞房花越橘,highbush blueberries,Arándanos highbush,myrtille arbustive,0
http://aims.fao.org/aos/agrovoc/c_12258,窄叶越桔,lowbush blueberries,Arándanos lowbush,bleuet à feuilles étroites (myrtille),0
http://aims.fao.org/aos/agrovoc/c_1944,蔓越橘,cranberries,Arándano americano,canneberge,0
http://aims.fao.org/aos/agrovoc/c_2232,黑莓,dewberries,Mora azul,mûre bleue,0
http://aims.fao.org/aos/agrovoc/c_3333,茶藨子,gooseberries,Uva espina,groseille à maquereau,0
http://aims.fao.org/aos/agrovoc/c_3359,葡萄,grapes,Uva,raisin,0
http://aims.fao.org/aos/agrovoc/c_16502,葡萄干,raisins,Pasa,raisin sec,0
http://aims.fao.org/aos/agrovoc/c_2215,甜食葡萄,dessert grapes,Uva de postre,raisin de dessert,0
http://aims.fao.org/aos/agrovoc/c_8403,酿酒葡萄,wine grapes,Uva para vino,raisin de cuve,0
http://aims.fao.org/aos/agrovoc/c_6458,树莓,raspberries,Frambuesa,framboise,0
http://aims.fao.org/aos/agrovoc/c_6479,红醋栗,red currants,Grosella roja,groseille rouge,0
http://aims.fao.org/aos/agrovoc/c_7443,草莓,strawberries,Fresa,fraise,0
http://aims.fao.org/aos/agrovoc/c_8379,白醋栗,white currants,Grosella blanca,groseille blanche,0
http://aims.fao.org/aos/agrovoc/c_25487,桑,mulberries,Mora,mûre,0
http://aims.fao.org/aos/agrovoc/c_7655,温带水果,temperate fruits,Fruta de clima templado,fruits tempérés,0
http://aims.fao.org/aos/agrovoc/c_545,杏,apricots,Albaricoque,abricot,0
http://aims.fao.org/aos/agrovoc/c_1534,樱桃,cherries,Cereza,cerise,0
http://aims.fao.org/aos/agrovoc/c_5100,油桃,nectarines,Nectarina,nectarine,0
http://aims.fao.org/aos/agrovoc/c_5638,桃,peaches,Durazno,pêche (fruits),0
http://aims.fao.org/aos/agrovoc/c_6028,李,plums,Ciruela,prune,0
http://aims.fao.org/aos/agrovoc/c_11934,柿,kaki,Caqui,kaki,0
http://aims.fao.org/aos/agrovoc/c_13714,榅桲,quinces,Membrillo,coing,0
http://aims.fao.org/aos/agrovoc/c_7974,热带水果,tropical fruits,Fruta tropical,fruit tropical,0
http://aims.fao.org/aos/agrovoc/c_8697,阿开木,akees,Aki,akee,0
http://aims.fao.org/aos/agrovoc/c_9022,油梨,avocados,Aguacate,avocat,0
http://aims.fao.org/aos/agrovoc/c_9605,五敛子,carambolas,Carambola,carambole,0
http://aims.fao.org/aos/agrovoc/c_9761,南美番荔枝,cherimoyas,Chirimoyo,chérimole,0
http://aims.fao.org/aos/agrovoc/c_10488,榴莲果,durians,Durian,durion,0
http://aims.fao.org/aos/agrovoc/c_10840,无花果,figs,Higo,figue,0
http://aims.fao.org/aos/agrovoc/c_11392,番石榴,guavas,Guayaba,goyave,0
http://aims.fao.org/aos/agrovoc/c_11864,菠萝蜜,jackfruit,Jaca,jaquier,0
http://aims.fao.org/aos/agrovoc/c_12002,猕猴桃,kiwifruits,Kiwi (fruta),kiwi,0
http://aims.fao.org/aos/agrovoc/c_12246,枇杷,loquats,Níspero (Eriobotrya),nèfle (Eriobotrya),0
http://aims.fao.org/aos/agrovoc/c_12283,荔枝,litchis,Litchi (fruta),litchi (fruits),0
http://aims.fao.org/aos/agrovoc/c_12367,芒果,mangoes,Mango,mangue,0
http://aims.fao.org/aos/agrovoc/c_12368,倒捻子,mangosteens,Mangostan,mangoustan,0
http://aims.fao.org/aos/agrovoc/c_13087,番木瓜,papayas,Papaya,papaye,0
http://aims.fao.org/aos/agrovoc/c_13127,鸡蛋果,passion fruits,Granadilla,grenadille,0
http://aims.fao.org/aos/agrovoc/c_13505,石榴,pomegranates,Granada (fruta),grenade (fruits),0
http://aims.fao.org/aos/agrovoc/c_13754,红毛丹,rambutans,Rambután,ramboutan,0
http://aims.fao.org/aos/agrovoc/c_25475,棕枣,dates,Dátil,datte,0
http://aims.fao.org/aos/agrovoc/c_331528,龙眼,longans,Longana,longan,0
http://aims.fao.org/aos/agrovoc/c_12487,甜瓜,muskmelons,Melón bordado,melon,0
http://aims.fao.org/aos/agrovoc/c_12714,香瓜,cantaloupes,Melón cantaloup,cantaloup,0
http://aims.fao.org/aos/agrovoc/c_23986,橡子,acorns,Bellota,gland,0
http://aims.fao.org/aos/agrovoc/c_25461,核果类,stone fruits,Fruta de hueso,fruits à noyau,0
http://aims.fao.org/aos/agrovoc/c_9767,酸樱桃,sour cherries,Cereza ácida,griottes,0
http://aims.fao.org/aos/agrovoc/c_9769,甜樱桃,sweet cherries,Cereza dulce,cerisier à grappes,0
http://aims.fao.org/aos/agrovoc/c_12926,橄榄,olives,Aceituna,olive,0
http://aims.fao.org/aos/agrovoc/c_25491,橄榄油,olive oil,Aceite de oliva,huile d'olive,0
http://aims.fao.org/aos/agrovoc/c_25497,仁果类,pome fruits,Fruta de pepita,fruits à pépins,0
http://aims.fao.org/aos/agrovoc/c_32501,淡季水果,out of season fruits,Fruta fuera de temporada,fruits de contre-saison,0
http://aims.fao.org/aos/agrovoc/c_34775,非洲梨,safou,Uva del país,safou,0
http://aims.fao.org/aos/agrovoc/c_50142,蔷薇果,rose hips,Escaramujo,cynorhodon,0
http://aims.fao.org/aos/agrovoc/c_4255,豆类蔬菜,legumes,Leguminosa,légumineuse,0
http://aims.fao.org/aos/agrovoc/c_2834,饲料豆类,feed legumes,Leguminosa forrajera,légumineuse fourragère,0
http://aims.fao.org/aos/agrovoc/c_3374,青绿饲料,green feed,Forraje verde,fourrage vert,0
http://aims.fao.org/aos/agrovoc/c_3351,豆类,grain legumes,Leguminosa de grano,légume sec,0
http://aims.fao.org/aos/agrovoc/c_670,长豇豆,asparagus beans,Fríjol espárrago,dolique asperge,0
http://aims.fao.org/aos/agrovoc/c_1389,眉豆,catjang,Caupi catjang,catjang,0
http://aims.fao.org/aos/agrovoc/c_1938,豇豆,cowpeas,Caupi,niébé,0
http://aims.fao.org/aos/agrovoc/c_3666,双花扁豆,horse gram,Fríjol grande de américa,haricot de kulthi,0
http://aims.fao.org/aos/agrovoc/c_4098,菜豆,common beans,Fríjol (Phaseolus),haricot commun,0
http://aims.fao.org/aos/agrovoc/c_4988,绿豆,mung beans,Fríjol mungo,haricot doré,0
http://aims.fao.org/aos/agrovoc/c_8089,黑绿豆,urd beans,Porotos mungo,haricot mungo,0
http://aims.fao.org/aos/agrovoc/c_8632,赤豆,adzuki beans,Fríjol adzuki,haricot adzuki,0
http://aims.fao.org/aos/agrovoc/c_9631,角豆,carobs,Algarroba,caroube,0
http://aims.fao.org/aos/agrovoc/c_9785,鹰嘴豆,chickpeas,Garbanzo,pois chiche,0
http://aims.fao.org/aos/agrovoc/c_12140,小扁豆,lentils,Lenteja,lentille,0
http://aims.fao.org/aos/agrovoc/c_13177,豌豆,peas,Guisante,pois,0
http://aims.fao.org/aos/agrovoc/c_10722,蚕豆,broad beans,Haba,fève,0
http://aims.fao.org/aos/agrovoc/c_12180,棉豆,lima beans,Judía de lima,haricot de lima,0
http://aims.fao.org/aos/agrovoc/c_13356,木豆,pigeon peas,Guisante de angola,pois pigeon,0
http://aims.fao.org/aos/agrovoc/c_331566,豆,beans,Fríjol,haricot,0
http://aims.fao.org/aos/agrovoc/c_8169,菜豆类,vegetable legumes,Hortaliza leguminosa,légumineuse légumière,0
http://aims.fao.org/aos/agrovoc/c_6301,pseudocereals,pseudocereals,Seudocereal,pseudo-céréale,0
http://aims.fao.org/aos/agrovoc/c_9471,荞麦,buckwheat,Trigo sarraceno,sarrasin,0
http://aims.fao.org/aos/agrovoc/c_13716,藜谷,quinoa,Quinua,quinoa,0
http://aims.fao.org/aos/agrovoc/c_1518,化学浆,chemical pulp,Pasta química,pâte chimique,0
http://aims.fao.org/aos/agrovoc/c_2877,纤维浆,fibre pulp,Pulpa fibrosa,pâte de fibres,0
http://aims.fao.org/aos/agrovoc/c_4684,机械纸浆,mechanical pulp,Pasta mecánica,pâte mécanique,0
http://aims.fao.org/aos/agrovoc/c_15391,木浆,wood pulp,Pulpa de madera,pâte de bois,0
http://aims.fao.org/aos/agrovoc/c_28130,半化学纸浆,semichemical pulp,Pasta semiquímica,pâte semi-chimique,0
http://aims.fao.org/aos/agrovoc/c_28132,溶解浆,dissolving pulp,Pasta para disolver,pâte pour transformation chimique,0
http://aims.fao.org/aos/agrovoc/c_891,萎叶,betel,Betel,bétel,0
http://aims.fao.org/aos/agrovoc/c_7796,烟草,tobacco,Tabaco,tabac,0
http://aims.fao.org/aos/agrovoc/c_14351,吸用烟草,smoking tobacco,Tabaco para fumar,tabac à fumer,0
http://aims.fao.org/aos/agrovoc/c_9955,古柯,coca,Coca,coca,0
http://aims.fao.org/aos/agrovoc/c_7499,甜菜,sugar beet,Remolacha azucarera,betterave sucrière,0
http://aims.fao.org/aos/agrovoc/c_8174,蔬菜,vegetables,Hortaliza,légume,0
http://aims.fao.org/aos/agrovoc/c_801,竹笋,bamboo shoots,Brote de bambú,pousse de bambou,0
http://aims.fao.org/aos/agrovoc/c_6647,根菜类蔬菜,root vegetables,Hortaliza de raíz,légume racine,0
http://aims.fao.org/aos/agrovoc/c_867,甜菜块根,beetroot,Remolacha,betterave potagère,0
http://aims.fao.org/aos/agrovoc/c_1143,鳞茎类蔬菜,bulbous vegetables,Hortaliza de bulbo,légume bulbeux,0
http://aims.fao.org/aos/agrovoc/c_4040,日本叶葱,Japanese bunching onions,Cebolla japonesa,ciboule japonaise,0
http://aims.fao.org/aos/agrovoc/c_12128,韭葱,leeks,Puerro,poireau,0
http://aims.fao.org/aos/agrovoc/c_12934,洋葱,onions,Cebolla,oignon,0
http://aims.fao.org/aos/agrovoc/c_14233,胡葱,shallots,Chalote,échalote,0
http://aims.fao.org/aos/agrovoc/c_1411,根芹菜,celeriac,Apio-nabo,céleri rave,0
http://aims.fao.org/aos/agrovoc/c_1412,西芹,celery,Apio,céleri,0
http://aims.fao.org/aos/agrovoc/c_8411,笋瓜,winter squashes,Calabaza confitera,courge d'hiver,0
http://aims.fao.org/aos/agrovoc/c_2487,食用菌,edible fungi,Seta comestible,champignon comestible,0
http://aims.fao.org/aos/agrovoc/c_1127,抱子甘蓝,Brussels sprouts,Col de Bruselas,chou de bruxelles,0
http://aims.fao.org/aos/agrovoc/c_1173,甘蓝类,cabbages,Repollo,chou pomme,0
http://aims.fao.org/aos/agrovoc/c_4070,羽衣甘蓝,kales,Col,chou vert,0
http://aims.fao.org/aos/agrovoc/c_9804,大白菜,chinese cabbages,Col china,chou chinois,0
http://aims.fao.org/aos/agrovoc/c_14508,菠菜,spinach,Espinaca,épinard,0
http://aims.fao.org/aos/agrovoc/c_15275,豆瓣菜,watercress,Berro de agua,cresson de fontaine,0
http://aims.fao.org/aos/agrovoc/c_331477,千年芋叶,taioba,Taioba,macabo,0
http://aims.fao.org/aos/agrovoc/c_4114,球茎甘蓝,kohlrabi,Colirrábano,chou rave,0
http://aims.fao.org/aos/agrovoc/c_7388,茎菜类蔬菜,stem vegetables,Hortaliza de tallo,légume tige,0
http://aims.fao.org/aos/agrovoc/c_5989,大蕉,plantains,Plátano,banane plantain,0
http://aims.fao.org/aos/agrovoc/c_8019,芜菁,turnips,Nabo,navet,0
http://aims.fao.org/aos/agrovoc/c_14791,芋头,taro,Taro,taro,0
http://aims.fao.org/aos/agrovoc/c_2836,饲用块根,feed roots,Raíz forrajera,racine fourragère,0
http://aims.fao.org/aos/agrovoc/c_6713,芜菁甘蓝,rutabagas,Rutabaga,rutabaga,0
http://aims.fao.org/aos/agrovoc/c_7303,叶用甜菜,spinach beet,Remolacha de hoja,bette épinard,0
http://aims.fao.org/aos/agrovoc/c_7805,番茄,tomatoes,Tomate,tomate,0
http://aims.fao.org/aos/agrovoc/c_36700,樱桃番茄,cherry tomatoes,Tomate cherry,tomate cerise,0
http://aims.fao.org/aos/agrovoc/c_8478,山药,yams,Ñame,igname,0
http://aims.fao.org/aos/agrovoc/c_8639,苦山药,African bitter yam,Name amargo africano,igname africain amer,0
http://aims.fao.org/aos/agrovoc/c_8998,茄子,eggplants,Berenjena,aubergine,0
http://aims.fao.org/aos/agrovoc/c_9623,刺菜蓟,cardoons,Cardo,cardon,0
http://aims.fao.org/aos/agrovoc/c_9640,胡萝卜,carrots,Zanahoria,carotte,0
http://aims.fao.org/aos/agrovoc/c_15525,木薯粉,tapioca,Tapioca,tapioca,0
http://aims.fao.org/aos/agrovoc/c_10195,黄瓜,cucumbers,Pepino,concombre,0
http://aims.fao.org/aos/agrovoc/c_11141,西印度黄瓜,gherkins,Pepinillo,cornichon,0
http://aims.fao.org/aos/agrovoc/c_11089,大黄,rhubarb,Ruibarbo,rhubarbe,0
http://aims.fao.org/aos/agrovoc/c_11766,花菜类,inflorescence vegetables,Hortaliza de inflorescencia,légume fleur,0
http://aims.fao.org/aos/agrovoc/c_11171,朝鲜蓟,globe artichokes,Alcachofa,artichaut,0
http://aims.fao.org/aos/agrovoc/c_1394,花椰菜,cauliflowers,Coliflor,chou fleur,0
http://aims.fao.org/aos/agrovoc/c_7339,花茎甘蓝,broccoli,Bróculi,brocoli,0
http://aims.fao.org/aos/agrovoc/c_11903,菊芋,Jerusalem artichokes,Pataca,topinambour,0
http://aims.fao.org/aos/agrovoc/c_12920,秋葵,okras,Ocra,gombo,0
http://aims.fao.org/aos/agrovoc/c_13122,防风草,parsnips,Chirivia,panais,0
http://aims.fao.org/aos/agrovoc/c_13551,马铃薯,potatoes,Papa,pomme de terre,0
http://aims.fao.org/aos/agrovoc/c_13735,萝卜,radishes,Rábano,radis,0
http://aims.fao.org/aos/agrovoc/c_14055,婆罗门参,salsify,Salsifi,salsifis,0
http://aims.fao.org/aos/agrovoc/c_16507,大豆粉,soybean flour,Harina de soja,farine de soja,0
http://aims.fao.org/aos/agrovoc/c_14727,甜椒,sweet peppers,Chili dulce,piment doux,0
http://aims.fao.org/aos/agrovoc/c_14729,甘薯,sweet potatoes,Batata,patate douce,0
http://aims.fao.org/aos/agrovoc/c_15889,豆芽菜,bean sprouts,Fríjol nacido,germe de soja,0
http://aims.fao.org/aos/agrovoc/c_17156,芦笋条,asparagus spears,Espárrago,asperge,0
http://aims.fao.org/aos/agrovoc/c_28302,棕榈嫩芽,palm hearts,Palmito,coeur de palmier,0
http://aims.fao.org/aos/agrovoc/c_32502,淡季蔬菜,out of season vegetables,Hortaliza fuera de temporada,légume de contre-saison,0
http://aims.fao.org/aos/agrovoc/c_37735,南瓜类,squashes,Calabaza,courge,0
http://aims.fao.org/aos/agrovoc/c_6369,南瓜,pumpkins,Calabaza (cucúrbita),citrouille,0
http://aims.fao.org/aos/agrovoc/c_12414,西葫芦,marrows,Calabacín,courgette,0
http://aims.fao.org/aos/agrovoc/c_35856,矮生西葫芦,summer squashes,Calabaza de verano,pâtisson,0
http://aims.fao.org/aos/agrovoc/c_330156,未成熟的辣木豆荚,drumsticks,Baqueta,jeune gousse de moringa,0
http://aims.fao.org/aos/agrovoc/c_5267,坚果制品,nut products,Producto derivado de las nueces,produit à base de fruits secs,0
http://aims.fao.org/aos/agrovoc/c_8734,杏仁,almonds,Almendra,amande,0
http://aims.fao.org/aos/agrovoc/c_25462,杏仁油,almond oil,Aceite de almendra,huile d'amande,0
http://aims.fao.org/aos/agrovoc/c_9410,巴西坚果,brazil nuts,Nuez del Brasil,noix du brésil,0
http://aims.fao.org/aos/agrovoc/c_9647,腰果,cashews,Anacardo,noix de cajou,0
http://aims.fao.org/aos/agrovoc/c_11368,落花生,groundnuts,Cacahuete,arachide,0
http://aims.fao.org/aos/agrovoc/c_12296,昆士兰果,macadamia nuts,Nuez de macadamia,noix de macadamia,0
http://aims.fao.org/aos/agrovoc/c_13178,美洲山核桃,pecans,Pacana,noix de pécan,0
http://aims.fao.org/aos/agrovoc/c_13413,阿月浑子果实,pistachios,Pistacho,pistache,0
http://aims.fao.org/aos/agrovoc/c_15254,核桃,walnuts,Nuez,noix,0
http://aims.fao.org/aos/agrovoc/c_18248,榛子,hazelnuts,Avellana,noisette,0
http://aims.fao.org/aos/agrovoc/c_25467,板栗,chestnuts,Castaña,châtaigne,0
http://aims.fao.org/aos/agrovoc/c_25470,椰子(果),coconuts,Coco,noix de coco,0
http://aims.fao.org/aos/agrovoc/c_1714,椰子油,coconut oil,Aceite de coco,huile de coco,0
http://aims.fao.org/aos/agrovoc/c_34238,椰子汁,coconut water,Agua de coco,eau de coco,0
http://aims.fao.org/aos/agrovoc/c_25471,可乐果,kola nuts,Nuez de cola,noix de cola,0
http://aims.fao.org/aos/agrovoc/c_25505,牛油果,shea nuts,Nuez de galam,noix de galam,0
http://aims.fao.org/aos/agrovoc/c_15685,香辛料,spices,Especia,épice,0
http://aims.fao.org/aos/agrovoc/c_8817,,anise,Anís,anis vert,0
http://aims.fao.org/aos/agrovoc/c_9093,罗勒,basil,Albahaca,basilic,0
http://aims.fao.org/aos/agrovoc/c_9607,葛缕子,caraway,Alcaravea,carvi,0
http://aims.fao.org/aos/agrovoc/c_9620,小豆蔻,cardamom,Cardamomo,cardamome,0
http://aims.fao.org/aos/agrovoc/c_9733,春黄菊,chamomile,Manzanilla,camomille romaine,0
http://aims.fao.org/aos/agrovoc/c_9772,细叶芹,chervil,Perifollo,cerfeuil,0
http://aims.fao.org/aos/agrovoc/c_9795,辣椒,chillies,Guindilla,piment fort,0
http://aims.fao.org/aos/agrovoc/c_9813,细香葱,chives,Cebollino,ciboulette,0
http://aims.fao.org/aos/agrovoc/c_9862,桂皮,cinnamon,Canela,cannelle,0
http://aims.fao.org/aos/agrovoc/c_10097,芫荽,coriander,Cilantro,coriandre,0
http://aims.fao.org/aos/agrovoc/c_10205,孜然,cumin,Comino,cumin,0
http://aims.fao.org/aos/agrovoc/c_10377,莳萝,dill,Eneldo,aneth,0
http://aims.fao.org/aos/agrovoc/c_10789,茴香,fennel,Hinojo,fenouil,0
http://aims.fao.org/aos/agrovoc/c_11091,大蒜,garlic,Ajo,ail,0
http://aims.fao.org/aos/agrovoc/c_11157,生姜,ginger,Jengibre,gingembre,0
http://aims.fao.org/aos/agrovoc/c_11614,辣根,horseradish,Rábano picante,raifort,0
http://aims.fao.org/aos/agrovoc/c_12606,薄荷,mint,Menta,menthe,0
http://aims.fao.org/aos/agrovoc/c_13096,辣椒粉,paprika,Pimentón,paprika,0
http://aims.fao.org/aos/agrovoc/c_13120,欧芹,parsley,Perejil,persil,0
http://aims.fao.org/aos/agrovoc/c_13963,迷迭香,rosemary,Romero,romarin,0
http://aims.fao.org/aos/agrovoc/c_14023,藏红花,saffron,Azafrán,safran,0
http://aims.fao.org/aos/agrovoc/c_14025,鼠尾草,sage,Salvia (especia),sauge,0
http://aims.fao.org/aos/agrovoc/c_14100,香薄荷,savory,Ajedrea,sarriette,0
http://aims.fao.org/aos/agrovoc/c_14793,龙蒿,tarragon,Estragón,estragon,0
http://aims.fao.org/aos/agrovoc/c_14877,百里香,thyme,Tomillo,thym,0
http://aims.fao.org/aos/agrovoc/c_15048,姜黄,turmeric,Cúrcuma (especia),curcuma (épice),0
http://aims.fao.org/aos/agrovoc/c_15126,香子兰,vanilla (spice),Vainilla,vanille,0
http://aims.fao.org/aos/agrovoc/c_19193,多香果,allspice,Pimienta inglesa,piment de la Jamaïque,0
http://aims.fao.org/aos/agrovoc/c_23169,肉豆蔻,nutmegs,Nuez moscada,noix de muscade,0
http://aims.fao.org/aos/agrovoc/c_23597,丁香,cloves,Clavo,clou de girofle,0
http://aims.fao.org/aos/agrovoc/c_25465,香峰草,balm,Melisa,mélisse,0
http://aims.fao.org/aos/agrovoc/c_25478,神香草,hyssop,Hisopo,hysope,0
http://aims.fao.org/aos/agrovoc/c_25481,刺柏果,juniper berries,Enebrina,baie de genièvre,0
http://aims.fao.org/aos/agrovoc/c_25484,肉豆蔻衣,mace,Macis,macis,0
http://aims.fao.org/aos/agrovoc/c_25495,胡椒,pepper,Pimienta,poivre,0
http://aims.fao.org/aos/agrovoc/c_25508,月桂,bay laurel,Laurel,laurier sauce,0
http://aims.fao.org/aos/agrovoc/c_34066,牛至,oregano,Orégano,origan,0
http://aims.fao.org/aos/agrovoc/c_16485,切花,cut flowers,Flor cortada,fleur coupée,0
http://aims.fao.org/aos/agrovoc/c_32418,切叶,cut foliage,Follaje cortado,feuillage coupé,0
http://aims.fao.org/aos/agrovoc/c_16499,鸦片,opium,Opio,opium,0
http://aims.fao.org/aos/agrovoc/c_11913,希蒙得木,jojoba,Jojoba,jojoba,0
http://aims.fao.org/aos/agrovoc/c_4353,亚麻油,linseed oil,Aceite de linaza,huile de lin,0
http://aims.fao.org/aos/agrovoc/c_12827,尼日尔种子,niger seed,Negrillo,graine de niger,0
http://aims.fao.org/aos/agrovoc/c_14216,芝麻,sesame seed,Sésamo,sésame,0
http://aims.fao.org/aos/agrovoc/c_25504,芝麻油,sesame oil,Aceite de sésamo,huile de sésame,0
http://aims.fao.org/aos/agrovoc/c_18705,蓖麻子,castor beans,Semilla de ricino,ricin,0
http://aims.fao.org/aos/agrovoc/c_25466,蓖麻油,castor oil,Aceite de ricino,huile de ricin,0
http://aims.fao.org/aos/agrovoc/c_25473,棉花籽,cottonseed,Semilla de algodón,graine de coton,0
http://aims.fao.org/aos/agrovoc/c_16082,无垫棉籽,glandless cotton,Algodón sin glándulas,coton glandless,0
http://aims.fao.org/aos/agrovoc/c_25498,罂粟籽,poppy seed,Semilla de adormidera,graine de pavot,0
http://aims.fao.org/aos/agrovoc/c_25503,红花籽,safflower seed,Semilla de cartamo,graine de carthame,0
http://aims.fao.org/aos/agrovoc/c_25507,葵花籽,sunflower seed,Semilla de girasol,graine de tournesol,0
http://aims.fao.org/aos/agrovoc/c_25506,葵花籽油,sunflower oil,Aceite de girasol,huile de tournesol,0
http://aims.fao.org/aos/agrovoc/c_25509,烟草种子,tobacco seed,Semilla de tabaco,graine de tabac,0
http://aims.fao.org/aos/agrovoc/c_28379,咖啡豆,coffee beans,Semilla de café,fève de café,0
http://aims.fao.org/aos/agrovoc/c_566,阿拉伯咖啡,arabica coffee,Café arábica,café arabica,0
http://aims.fao.org/aos/agrovoc/c_1812,congusta coffee,congusta coffee,Café congusta,café congusta,0
http://aims.fao.org/aos/agrovoc/c_4308,大咖啡,liberica coffee,Café libérica,café liberica,0
http://aims.fao.org/aos/agrovoc/c_6626,浓咖啡,robusta coffee,Café robusta,café robusta,0
http://aims.fao.org/aos/agrovoc/c_36675,甜菜汁,sugar-beet juice,Jugo de remolacha azucarera,jus de betterave sucrière,0
http://aims.fao.org/aos/agrovoc/c_16474,甜菜糖,beet sugar,Azúcar de remolacha,sucre de betterave,0
http://aims.fao.org/aos/agrovoc/c_331527,可可制品,cocoa products,Producto de cacao,produit de cacao,0
http://aims.fao.org/aos/agrovoc/c_28260,可可脂,cocoa butter,Manteca de cacao,beurre de cacao,0
http://aims.fao.org/aos/agrovoc/c_8678,农产品,agricultural products,Producto agrícola,produit agricole,0
http://aims.fao.org/aos/agrovoc/c_15739,生鲜食品,fresh products,Producto fresco,produit frais,0
http://aims.fao.org/aos/agrovoc/c_15742,加工制品,processed products,Producto procesado,produit transformé,0
http://aims.fao.org/aos/agrovoc/c_32499,非生产季节产品,out of season products,Producto fuera de temporada,culture de contre-saison,0
http://aims.fao.org/aos/agrovoc/c_34072,易腐产品,perishable products,Producto perecedero,produit périssable,0
http://aims.fao.org/aos/agrovoc/c_33517,非食品产品,non-food products,Producto no alimentario,produit non alimentaire,0
http://aims.fao.org/aos/agrovoc/c_1259,罐装制品,canned products,Producto enlatado,produit en conserve,0
http://aims.fao.org/aos/agrovoc/c_28558,半加工储藏食品,semipreserved foods,Semi conserva,semi-conserve,0
http://aims.fao.org/aos/agrovoc/c_16479,鱼罐头,canned fish,Pescado en conserva,conserve de poisson,0
http://aims.fao.org/aos/agrovoc/c_16480,水果罐头,canned fruits,Fruta en conserva,conserve de fruits,0
http://aims.fao.org/aos/agrovoc/c_16481,肉罐头,canned meat,Carne en conserva,conserve de viande,0
http://aims.fao.org/aos/agrovoc/c_16483,蔬菜罐头,canned vegetables,Hortaliza en conserva,conserve de légume,0
http://aims.fao.org/aos/agrovoc/c_6256,蛋白制品,protein products,Producto proteínico,produit protéique,0
http://aims.fao.org/aos/agrovoc/c_439,动物蛋白,animal protein,Proteínas de origen animal,protéine animale,0
http://aims.fao.org/aos/agrovoc/c_968,浓缩血蛋白,blood protein concentrate,Concentrado de proteínas sanguíneas,concentré de protéine sanguine,0
http://aims.fao.org/aos/agrovoc/c_970,血液蛋白,blood proteins,Proteína sanguínea,protéine sanguine,0
http://aims.fao.org/aos/agrovoc/c_2931,浓缩鱼蛋白,fish protein concentrate,Concentrado de proteínas de pescado,concentré protéique de poisson,0
http://aims.fao.org/aos/agrovoc/c_3209,明胶,gelatin,Gelatina,gélatine,0
http://aims.fao.org/aos/agrovoc/c_11843,鱼胶,isinglass,Cola de pez,ichtyocolle,0
http://aims.fao.org/aos/agrovoc/c_13614,蛋白冻,protan jelly,Jalea de protan,gel alimentaire,0
http://aims.fao.org/aos/agrovoc/c_4831,乳蛋白,milk protein,Proteínas de la leche,protéine du lait,0
http://aims.fao.org/aos/agrovoc/c_28528,乳清蛋白,whey protein,Proteínas de suero de leche,protéine de lactosérum,0
http://aims.fao.org/aos/agrovoc/c_28323,共沉淀,coprecipitates,Coprecipitado,coprécipité,0
http://aims.fao.org/aos/agrovoc/c_1358,酪蛋白酸盐,caseinates,Caseínato,caséinate,0
http://aims.fao.org/aos/agrovoc/c_3732,水解蛋白,protein hydrolysates,Hidrolizado de proteínas,hydrolysat de protéines,0
http://aims.fao.org/aos/agrovoc/c_6250,蛋白质精料,protein concentrates,Concentrado de proteína,concentré de protéine,0
http://aims.fao.org/aos/agrovoc/c_6253,分离蛋白,protein isolates,Aislado de la proteina,isolat protéique,0
http://aims.fao.org/aos/agrovoc/c_24179,麸质饲料,gluten feed,Pienso de gluten,aliment de gluten,0
http://aims.fao.org/aos/agrovoc/c_26796,叶蛋白精料,leaf protein concentrate,Concentrado de proteína de hoja,concentré de protéine foliaire,0
http://aims.fao.org/aos/agrovoc/c_24867,叶蛋白,leaf protein,Proteína de las hojas,protéine foliaire,0
http://aims.fao.org/aos/agrovoc/c_25437,菌蛋白,mycoprotein,Micoproteína,mycoprotéine,0
http://aims.fao.org/aos/agrovoc/c_12918,油料种子蛋白,oilseed protein,Proteina de semillas oleaginosas,protéine d'oléagineux,0
http://aims.fao.org/aos/agrovoc/c_14474,大豆蛋白,soy protein,Proteínas de la soia,protéine de soja,0
http://aims.fao.org/aos/agrovoc/c_23999,谷类蛋白,cereal protein,Proteína de cereales,protéine de céréale,0
http://aims.fao.org/aos/agrovoc/c_7697,纺织品,textiles,Textil,textile,0
http://aims.fao.org/aos/agrovoc/c_33499,土工织物,geotextiles,Geotextil,géotextile,0
http://aims.fao.org/aos/agrovoc/c_5086,天然面料,natural fabrics,Tejido natural,tissu naturel,0
http://aims.fao.org/aos/agrovoc/c_15734,发酵制品,fermented products,Producto fermentado,produit fermenté,0
http://aims.fao.org/aos/agrovoc/c_2023,酸乳,fermented milk,Leche fermentada,lait fermenté,0
http://aims.fao.org/aos/agrovoc/c_32527,粗制酸奶酪,quarg,Quarg,quarg,0
http://aims.fao.org/aos/agrovoc/c_28325,酸性稀奶油,cultured cream,Crema ácida,crème acidifiée,0
http://aims.fao.org/aos/agrovoc/c_8602,嗜酸乳酸菌发酵乳,acidophilus milk,Leche ácida,lait à acidophilus,0
http://aims.fao.org/aos/agrovoc/c_15463,酸奶,yoghurt,Yogur,yaourt,0
http://aims.fao.org/aos/agrovoc/c_23849,酸牛奶酒,kefir,Kefir,kéfir,0
http://aims.fao.org/aos/agrovoc/c_27019,冰岛酸牛奶,skyr,Skyr,skyr,0
http://aims.fao.org/aos/agrovoc/c_7060,青贮饲料,silage,Ensilado,ensilage (produit),0
http://aims.fao.org/aos/agrovoc/c_24036,半干青贮饲料,haylage,Henificado,haylage,0
http://aims.fao.org/aos/agrovoc/c_24915,全株青贮料,whole crop silage,Ensilaje de la planta total,plante entière ensilée,0
http://aims.fao.org/aos/agrovoc/c_2381,鱼干,dried fish,Pescado seco,poisson séché,0
http://aims.fao.org/aos/agrovoc/c_2382,果干,dried fruits,Fruta seca,fruit sec,0
http://aims.fao.org/aos/agrovoc/c_13635,西梅脯,prunes,Ciruela pasa,pruneau,0
http://aims.fao.org/aos/agrovoc/c_2383,肉干,dried meat,Carne seca,viande séchée,0
http://aims.fao.org/aos/agrovoc/c_16486,脱脂乳粉,dried skim milk,Leche descremada en polvo,lait écrémé en poudre,0
http://aims.fao.org/aos/agrovoc/c_15746,冷冻干燥食品,freeze-dried products,Producto liofilizado,produit lyophilisé,0
http://aims.fao.org/aos/agrovoc/c_16487,干菜,dried vegetables,Hortaliza seca,légume déshydraté,0
http://aims.fao.org/aos/agrovoc/c_24019,乳清粉,dried whey,Suero de leche desecado,lactosérum déshydraté,0
http://aims.fao.org/aos/agrovoc/c_28515,汤粉,soup mixes,Sopa en polvo,potage en poudre,0
http://aims.fao.org/aos/agrovoc/c_3115,冷冻鱼,frozen fish,Pescado congelado,poisson congelé,0
http://aims.fao.org/aos/agrovoc/c_3116,冷冻肉,frozen meat,Carne congelada,viande congelée,0
http://aims.fao.org/aos/agrovoc/c_15743,冷冻蔬菜,frozen vegetables,Hortaliza congelada,légume congelé,0
http://aims.fao.org/aos/agrovoc/c_16491,冷冻水果,frozen fruits,Fruta congelada,fruits surgelés,0
http://aims.fao.org/aos/agrovoc/c_15745,瓶装产品,bottled products,Producto embotellado,produit embouteillé,0
http://aims.fao.org/aos/agrovoc/c_5864,泡菜,pickles,Encurtido,pickles,0
http://aims.fao.org/aos/agrovoc/c_428,动物脂肪,animal fats,Grasa animal,corps gras animal,0
http://aims.fao.org/aos/agrovoc/c_1162,黄油,butter,Mantequilla,beurre,0
http://aims.fao.org/aos/agrovoc/c_1164,乳脂肪,butter oil,Grasa oleosa de mantequilla,huile de beurre,0
http://aims.fao.org/aos/agrovoc/c_3254,印度酥油,ghee,Ghee,ghee,0
http://aims.fao.org/aos/agrovoc/c_7595,动物脂,tallows,Sebo,suif,0
http://aims.fao.org/aos/agrovoc/c_12088,猪油,lard,Manteca de cerdo,saindoux,0
http://aims.fao.org/aos/agrovoc/c_23992,背脂肪,backfat,Tocino dorsal,lard dorsal,0
http://aims.fao.org/aos/agrovoc/c_14663,板油,suet,Grasa de riñón,graisse de rognon,0
http://aims.fao.org/aos/agrovoc/c_15324,鲸油,whale oil,Aceite de ballena,huile de baleine,0
http://aims.fao.org/aos/agrovoc/c_2921,鱼肉萃取物,fish extracts,Extracto de pescado,extrait de poisson,0
http://aims.fao.org/aos/agrovoc/c_2926,鱼油,fish oils,Aceite de pescado,huile de poisson,0
http://aims.fao.org/aos/agrovoc/c_2927,鱼膏,fish pastes,Pasta de pescado,pâte de poisson,0
http://aims.fao.org/aos/agrovoc/c_6634,鱼卵,roes,Hueva,rogue,0
http://aims.fao.org/aos/agrovoc/c_6762,腌制鱼,salted fish,Pescado salado,poisson salé,0
http://aims.fao.org/aos/agrovoc/c_7115,熏鱼,smoked fish,Pescado ahumado,poisson fumé,0
http://aims.fao.org/aos/agrovoc/c_26801,绞碎的鱼肉,minced fish,Pescado picado,poisson hache,0
http://aims.fao.org/aos/agrovoc/c_33271,鱼糜,surimi,Surimi,surimi,0
http://aims.fao.org/aos/agrovoc/c_29019,鱼片,fish fillets,Filete de pescado,filet de poisson,0
http://aims.fao.org/aos/agrovoc/c_3155,皮毛,furs,Peletería,fourrure,0
http://aims.fao.org/aos/agrovoc/c_4241,皮革,leather,Cuero,cuir,0
http://aims.fao.org/aos/agrovoc/c_764,培根,bacon,Tocino magro,lard de poitrine,0
http://aims.fao.org/aos/agrovoc/c_1899,咸牛肉,corned beef,Corned beef,corned beef,0
http://aims.fao.org/aos/agrovoc/c_2038,腌制肉,cured meat,Carne salada,viande salée,0
http://aims.fao.org/aos/agrovoc/c_3481,火腿,hams,Jamón,jambon,0
http://aims.fao.org/aos/agrovoc/c_4673,肉类抽提物,meat extracts,Extracto de carne,extrait de viande,0
http://aims.fao.org/aos/agrovoc/c_4678,肉酱,meat pastes,Pasta de carne,pâté de viande,0
http://aims.fao.org/aos/agrovoc/c_6824,香肠,sausages,Salchicha,saucisse,0
http://aims.fao.org/aos/agrovoc/c_7116,熏肉,smoked meat,Carne ahumada,viande fumée,0
http://aims.fao.org/aos/agrovoc/c_24560,食用蛙腿,frog legs,Anca de rana,cuisse de grenouille,0
http://aims.fao.org/aos/agrovoc/c_24865,肉冻,jellied meat,Carne gelificada,viande en gelée,0
http://aims.fao.org/aos/agrovoc/c_24873,肉末,minced meat,Carne picada,viande hachée,0
http://aims.fao.org/aos/agrovoc/c_28356,肉糜,meat emulsions,Emulsión de carne,émulsion de viande,0
http://aims.fao.org/aos/agrovoc/c_1507,干酪,cheese,Queso,fromage,0
http://aims.fao.org/aos/agrovoc/c_10209,凝乳,curd,Requesón,caillebotte,0
http://aims.fao.org/aos/agrovoc/c_35804,干酪乳清,cheese whey,Suero de queso,petit-lait de fromage,0
http://aims.fao.org/aos/agrovoc/c_16492,硬质干酪,hard cheese,Queso duro,fromage à pâte dure,0
http://aims.fao.org/aos/agrovoc/c_16501,再制干酪,processed cheese,Queso elaborado,fromage à pâte fondue,0
http://aims.fao.org/aos/agrovoc/c_16505,软质干酪,soft cheese,Queso blando,fromage à pâte molle,0
http://aims.fao.org/aos/agrovoc/c_10155,稀奶油干酪,cream cheese,Queso crema,fromage à la crème,0
http://aims.fao.org/aos/agrovoc/c_32463,山羊奶干酪,goat cheese,Queso de cabra,fromage de chèvre,0
http://aims.fao.org/aos/agrovoc/c_32464,绵羊乳干酪,sheep cheese,Queso de oveja,fromage de brebis,0
http://aims.fao.org/aos/agrovoc/c_1951,奶油,cream,Crema,crème,0
http://aims.fao.org/aos/agrovoc/c_2737,低倍浓缩乳,evaporated milk,Leche evaporada,lait concentré,0
http://aims.fao.org/aos/agrovoc/c_10054,浓缩乳,condensed milk,Leche condensada,lait concentré sucré,0
http://aims.fao.org/aos/agrovoc/c_2966,增香乳,flavoured milk,Leche aromatizada,lait aromatisé,0
http://aims.fao.org/aos/agrovoc/c_4044,乳冻,jellied milk,Leche helificada,lait gélifié,0
http://aims.fao.org/aos/agrovoc/c_11580,均质乳,homogenized milk,Leche homogeneizada,lait homogénéisé,0
http://aims.fao.org/aos/agrovoc/c_7096,脱脂乳,skim milk,Leche desnatada,lait écrémé,0
http://aims.fao.org/aos/agrovoc/c_8376,乳清,whey,Lactosuero,lactosérum,0
http://aims.fao.org/aos/agrovoc/c_9513,酪乳,buttermilk,Suero de mantequilla,babeurre,0
http://aims.fao.org/aos/agrovoc/c_13132,巴氏杀菌乳,pasteurized milk,Leche pasteurizada,lait pasteurisé,0
http://aims.fao.org/aos/agrovoc/c_15068,超高温灭菌乳,UHT milk,Leche UHT,lait uht,0
http://aims.fao.org/aos/agrovoc/c_14585,灭菌乳,sterilized milk,Leche esterilizada,lait stérilisé,0
http://aims.fao.org/aos/agrovoc/c_966,血粉,blood meal,Harina de sangre,farine de sang,0
http://aims.fao.org/aos/agrovoc/c_1000,骨粉,bone meal,Harina de huesos,farine d'os,0
http://aims.fao.org/aos/agrovoc/c_4677,肉粉,meat meal,Harina de carne,farine de viande,0
http://aims.fao.org/aos/agrovoc/c_15901,羽毛粉,feather meal,Harina de plumas,farine de plume,0
http://aims.fao.org/aos/agrovoc/c_1073,早餐谷物食品,breakfast cereals,Cereal para desayuno,céréale pour petit dejeuner,0
http://aims.fao.org/aos/agrovoc/c_10115,玉米片,cornflakes,Hojuela de maiz,flocon de maïs,0
http://aims.fao.org/aos/agrovoc/c_25489,燕麦片,rolled oats,Copo de avena,flocon d'avoine,0
http://aims.fao.org/aos/agrovoc/c_1472,谷物胚芽,cereal germs,Germen de cereales,germe de céréale,0
http://aims.fao.org/aos/agrovoc/c_11130,玉米胚芽,maize germ,Gérmenes del maíz,germe de maïs,0
http://aims.fao.org/aos/agrovoc/c_11131,小麦胚芽,wheat germ,Gérmenes del trigo,germe de blé,0
http://aims.fao.org/aos/agrovoc/c_28577,麦芽替代品,malt substitutes,Sucedáneo de la malta,succédané de malt,0
http://aims.fao.org/aos/agrovoc/c_5641,大麦仁,pearl barley,Cebada perlada,orge perle,0
http://aims.fao.org/aos/agrovoc/c_12848,面条,noodles,Fideo,nouille,0
http://aims.fao.org/aos/agrovoc/c_5621,意大利面食,pasta,Pasta alimenticia,pâte alimentaire,0
http://aims.fao.org/aos/agrovoc/c_12298,通心面,macaroni,Macarrón,macaroni,0
http://aims.fao.org/aos/agrovoc/c_14478,意大利式细面条,spaghetti,Espagueti,spaghetti,0
http://aims.fao.org/aos/agrovoc/c_14196,麦渣,semolina,Semolina,semoule,0
http://aims.fao.org/aos/agrovoc/c_15500,玉米淀粉,corn starch,Almidón de maíz,amidon de maïs,0
http://aims.fao.org/aos/agrovoc/c_24231,米糕,rice cake,Torta de arroz,galette de riz,0
http://aims.fao.org/aos/agrovoc/c_25472,玉米粉,maize flour,Harina de maíz,farine de maïs,0
http://aims.fao.org/aos/agrovoc/c_25500,大米粉,rice flour,Harina de arroz,farine de riz,0
http://aims.fao.org/aos/agrovoc/c_25501,黑麦粉,rye flour,Harina de centeno,farine de seigle,0
http://aims.fao.org/aos/agrovoc/c_35976,燕麦粉,oat flour,Garina de avena,farine d'avoine,0
http://aims.fao.org/aos/agrovoc/c_28267,焦干碎麦,bulgur,Bulgur,boulgour,0
http://aims.fao.org/aos/agrovoc/c_2669,精油,essential oils,Aceite esencial,huile essentielle,0
http://aims.fao.org/aos/agrovoc/c_1406,雪松油,cedarwood oil,Aceite de cedro,essence de cèdre,0
http://aims.fao.org/aos/agrovoc/c_25480,茉莉油,jasmine oil,Esencia de jazmín,essence de jasmin,0
http://aims.fao.org/aos/agrovoc/c_25482,薰衣草油,lavender oil,Esencia de lavanda,essence de lavande,0
http://aims.fao.org/aos/agrovoc/c_5700,芳香油,perfume oils,Aceite aromático,essence de parfumerie,0
http://aims.fao.org/aos/agrovoc/c_331363,阿米香树油,amyris oil,Aceite de amyris,huile d'amyris,0
http://aims.fao.org/aos/agrovoc/c_35229,非谷物粉,non-cereal flours,Harina de no cereal,farine non céréalière,0
http://aims.fao.org/aos/agrovoc/c_35680,西米粉,sago flour,Harina de sagú,farine de sagou,0
http://aims.fao.org/aos/agrovoc/c_15518,西米,sago,Sagu,sagou,0
http://aims.fao.org/aos/agrovoc/c_35681,马铃薯粉,potato flour,Harina de patata,farine de pomme de terre,0
http://aims.fao.org/aos/agrovoc/c_35682,甘薯粉,sweet potato flour,Harina de batata,farine de patate douce,0
http://aims.fao.org/aos/agrovoc/c_35683,荞麦粉,buckwheat flour,Harina de trigo sarraceno,farine de sarrasin,0
http://aims.fao.org/aos/agrovoc/c_35684,芋头粉,taro flour,Harina de taro,farine de taro,0
http://aims.fao.org/aos/agrovoc/c_35685,山药粉,yam flour,Harina de ñames,farine d'igname,0
http://aims.fao.org/aos/agrovoc/c_35686,豌豆粉,pea flour,Harina de guisante,farine de pois,0
http://aims.fao.org/aos/agrovoc/c_36982,鹰嘴豆粉,chickpea flour,Harina de garbanzo,farine de pois chiche,0
http://aims.fao.org/aos/agrovoc/c_1248,果脯,candied fruits,Fruta confitada,fruit confit,0
http://aims.fao.org/aos/agrovoc/c_3126,果泥,fruit pulps,Pulpa de frutas,pulpe de fruits,0
http://aims.fao.org/aos/agrovoc/c_3127,果汁糖浆,fruit syrups,Jarabe de frutas,sirop de fruits,0
http://aims.fao.org/aos/agrovoc/c_4037,果酱,jams,Confitura,confiture,0
http://aims.fao.org/aos/agrovoc/c_10050,糖渍水果,compotes,Compota,compote,0
http://aims.fao.org/aos/agrovoc/c_11030,果浆汁,fruit purees,Puré de frutas,purée de fruit,0
http://aims.fao.org/aos/agrovoc/c_11901,果冻状果子酱,jelly jams,Jalea,gelée de fruits,0
http://aims.fao.org/aos/agrovoc/c_12412,柑桔酱,marmalades,Mermelada,marmelade,0
http://aims.fao.org/aos/agrovoc/c_32459,干无花果,fruit leathers,Tira de frutas deshidratadas,cuir de fruit,0
http://aims.fao.org/aos/agrovoc/c_3438,阿拉伯胶,gum arabic,Goma arábiga,gomme arabique,0
http://aims.fao.org/aos/agrovoc/c_16204,黄原胶,xanthan gum,Goma xantan,gomme xanthane,0
http://aims.fao.org/aos/agrovoc/c_28399,黄芪胶,gum tragacanth,Goma de tragacanto,gomme adragante,0
http://aims.fao.org/aos/agrovoc/c_35356,瓜尔胶,guar gum,Goma guar,gomme guar,0
http://aims.fao.org/aos/agrovoc/c_35357,角豆胶,locust bean gum,Goma de algarrobo,gomme de caroube,0
http://aims.fao.org/aos/agrovoc/c_2206,椰蓉,desiccated coconut,Coco desecado,noix de coco séchée,0
http://aims.fao.org/aos/agrovoc/c_5640,花生酱,peanut butter,Mantequilla de mani,beurre d'arachide,0
http://aims.fao.org/aos/agrovoc/c_29210,椰子乳,coconut milk,Leche de coco,lait de coco,0
http://aims.fao.org/aos/agrovoc/c_5169,新闻纸,newsprint,Papel periódico,papier journal,0
http://aims.fao.org/aos/agrovoc/c_10080,作图纸,construction paper,Papel de construcción,papier de construction,0
http://aims.fao.org/aos/agrovoc/c_12010,牛皮纸,kraft paper,Papel kraft,papier kraft,0
http://aims.fao.org/aos/agrovoc/c_13090,纸毡,paper felt,Papel de fieltro,papier feutre,0
http://aims.fao.org/aos/agrovoc/c_28186,废纸,waste paper,Papel de desecho,déchet de papier,0
http://aims.fao.org/aos/agrovoc/c_5550,纸板,paperboard,Cartón,carton,0
http://aims.fao.org/aos/agrovoc/c_3443,古塔胶,gutta-percha,Gutapercha,gutta percha,0
http://aims.fao.org/aos/agrovoc/c_11954,海带,kelp,Quelpo,kelp,0
http://aims.fao.org/aos/agrovoc/c_13322,藻胶,phycocolloids,Ficocoloide,phycocolloïde,0
http://aims.fao.org/aos/agrovoc/c_24474,椰子糖,jaggery,Panela,jagre,0
http://aims.fao.org/aos/agrovoc/c_16477,蔗糖,cane sugar,Azúcar de caña,sucre de canne,0
http://aims.fao.org/aos/agrovoc/c_16498,槭树糖浆,maple syrup,Jarabe de arce,sirop d'érable,0
http://aims.fao.org/aos/agrovoc/c_34968,棕榈糖,palm sugar,Azúcar de palma,sucre de palme,0
http://aims.fao.org/aos/agrovoc/c_36409,原糖,raw sugar,Azúcar crudo,sucre roux,0
http://aims.fao.org/aos/agrovoc/c_36410,精糖,refined sugar,Azúcar refinado,sucre raffiné,0
http://aims.fao.org/aos/agrovoc/c_36411,白糖,white sugar,Azúcar blanco,sucre blanc,0
http://aims.fao.org/aos/agrovoc/c_8167,植物脂肪,plant fats,Grasa vegetal,beurre végétal,0
http://aims.fao.org/aos/agrovoc/c_37951,乳木果油,shea butter,Manteca de karité,beurre de karité,0
http://aims.fao.org/aos/agrovoc/c_8170,植物油,plant oils,Aceite vegetal,huile végétale,0
http://aims.fao.org/aos/agrovoc/c_5514,棕榈油,palm oils,Aceite de palma,huile de palme,0
http://aims.fao.org/aos/agrovoc/c_5515,棕榈仁油,palm kernel oil,Aceite de palmiche,huile de palmiste,0
http://aims.fao.org/aos/agrovoc/c_8005,桐油,tung oil,Aceite de tung,huile d'abrasin,0
http://aims.fao.org/aos/agrovoc/c_9565,加拿大香脂,Canada balsam,Bálsamo Canadá,baume du canada,0
http://aims.fao.org/aos/agrovoc/c_16508,大豆油,soybean oil,Aceite de soja,huile de soja,0
http://aims.fao.org/aos/agrovoc/c_24939,菜籽油,rapeseed oil,Aceite de colza,huile de colza,0
http://aims.fao.org/aos/agrovoc/c_25474,棉籽油,cottonseed oil,Aceite de algodón,huile de coton,0
http://aims.fao.org/aos/agrovoc/c_25477,花生油,peanut oil,Aceite de cacahuete,huile d'arachide,0
http://aims.fao.org/aos/agrovoc/c_25502,红花油,safflower oil,Aceite de cartamo,huile de carthame,0
http://aims.fao.org/aos/agrovoc/c_29474,玉米油,maize oil,Aceite de maíz,huile de maïs,0
http://aims.fao.org/aos/agrovoc/c_32607,浮油,tall oil,Aceite de bogol,tallol,0
http://aims.fao.org/aos/agrovoc/c_36137,芥子油,mustard oil,Aceite de mostaza,huile de moutarde,0
http://aims.fao.org/aos/agrovoc/c_37950,摩洛哥坚果油,argan oil,Aceite de argán,huile d'argan,0
http://aims.fao.org/aos/agrovoc/c_9781,嚼烟,chewing tobacco,Tabaco de mascar,tabac à chiquer,0
http://aims.fao.org/aos/agrovoc/c_9857,卷烟,cigarettes,Cigarrillo,cigarette,0
http://aims.fao.org/aos/agrovoc/c_9858,雪茄烟,cigars,Cigarro,cigare,0
http://aims.fao.org/aos/agrovoc/c_8173,蔬菜浆,vegetable pulps,Pulpa de legumbres,pulpe de légume,0
http://aims.fao.org/aos/agrovoc/c_13682,蔬菜泥,vegetable purees,Puré de verduras,purée de légumes,0
http://aims.fao.org/aos/agrovoc/c_14368,鼻烟,snuff,Tabaco para inhalar,tabac à priser,0
http://aims.fao.org/aos/agrovoc/c_15524,淀粉制品,starch products,Producto amilaceo,amidon industriel,0
http://aims.fao.org/aos/agrovoc/c_4883,改性淀粉,modified starches,Almidón modificado,amidon modifié,0
http://aims.fao.org/aos/agrovoc/c_15495,竹芋粉,arrowroot,Arrurruz,arrowroot,0
http://aims.fao.org/aos/agrovoc/c_15512,马铃薯淀粉,potato starch,Fécula de la papa,amidon de pomme de terre,0
http://aims.fao.org/aos/agrovoc/c_16500,马铃薯制品,potato products,Producto de la papa,produit à base de pomme de terre,0
http://aims.fao.org/aos/agrovoc/c_15744,深度冷冻产品,deep-frozen products,Producto ultracongelado,produit surgelé,0
http://aims.fao.org/aos/agrovoc/c_331391,鲜切产品,fresh-cut produce,Producto de cuarta gama,produit frais coupé,0
http://aims.fao.org/aos/agrovoc/c_27804,新产品,new products,Producto nuevo,produit nouveau,0
http://aims.fao.org/aos/agrovoc/c_49979,人造产品,artificial products,Producto artificial,produit artificiel,0
http://aims.fao.org/aos/agrovoc/c_15850,饲料质量,feed quality,Calidad del pienso,qualité des aliments pour animaux,0
http://aims.fao.org/aos/agrovoc/c_1796,配合饲料,compound feeds,Pienso compuesto,aliment composé pour animaux,0
http://aims.fao.org/aos/agrovoc/c_1800,浓缩物,concentrates,Concentrado,concentré,0
http://aims.fao.org/aos/agrovoc/c_24250,糊化淀粉尿素,starea,Starea,starée,0
http://aims.fao.org/aos/agrovoc/c_2207,干饲料,dry feeds,Forraje seco,fourrage desséché,0
http://aims.fao.org/aos/agrovoc/c_2830,饲用十字花科植物,cruciferous fodder crops,Crucifera forrajera,crucifère fourragère,0
http://aims.fao.org/aos/agrovoc/c_2832,饲用牧草,feed grasses,Gramínea forrajera,graminée fourragère,0
http://aims.fao.org/aos/agrovoc/c_2835,饲用粗粉,feed meals,Harina para piensos,farine pour animaux,0
http://aims.fao.org/aos/agrovoc/c_16374,叶粉,leaf meal,Harina de hojas,farine de feuille,0
http://aims.fao.org/aos/agrovoc/c_25483,苜蓿粉,lucerne meal,Harina de alfalfa,farine de luzerne,0
http://aims.fao.org/aos/agrovoc/c_4576,饲用甜菜,mangolds,Remolacha forrajera,betterave fourragère,0
http://aims.fao.org/aos/agrovoc/c_2844,动物性饲料,feeds of animal origin,Pienso de origen animal,aliment pour animaux d'origine animale,0
http://aims.fao.org/aos/agrovoc/c_4696,加药饲料,medicated feeds,Pienso medicinal,aliment médicamenteux pour animaux,0
http://aims.fao.org/aos/agrovoc/c_5743,宠物食品,pet foods,Alimento para animales mascota,aliment pour animaux de compagnie,0
http://aims.fao.org/aos/agrovoc/c_6670,粗饲料,roughage,Forraje grosero,fourrage grossier,0
http://aims.fao.org/aos/agrovoc/c_2268,可消化纤维,digestible fibre,Fibra asimilable,fibre digestible,0
http://aims.fao.org/aos/agrovoc/c_3508,干草,hay,Heno,foin,0
http://aims.fao.org/aos/agrovoc/c_7578,糖浆(蜜蜂饲养),syrup for bee feeding,Jarabe (para alimentación de abejas),sirop de nourrissement des abeilles,0
http://aims.fao.org/aos/agrovoc/c_10320,脱水饲料,dehydrated feeds,Pienso deshidratado,aliment deshydraté,0
http://aims.fao.org/aos/agrovoc/c_12213,家畜饲料,livestock feed,Pienso para el ganado,aliment du bétail,0
http://aims.fao.org/aos/agrovoc/c_16100,断奶饲料,weaning feeds,Pienso de destete,aliment de sevrage pour animaux,0
http://aims.fao.org/aos/agrovoc/c_16192,代乳料,milk replacers,Sustituto de la leche,aliment d'allaitement,0
http://aims.fao.org/aos/agrovoc/c_27901,液体饲料,liquid feeds,Pienso líquido,alimentation liquide,0
http://aims.fao.org/aos/agrovoc/c_32509,颗粒饲料,pelleted feeds,Pienso en granulos,aliment en pellet,0
http://aims.fao.org/aos/agrovoc/c_35059,全价饲料,complete feeds,Pienso completo,aliment complet pour animaux,0
http://aims.fao.org/aos/agrovoc/c_36108,牧草,forage,Forraje,fourrage,0
http://aims.fao.org/aos/agrovoc/c_7644,技术,technology,Tecnología,technologie,0
http://aims.fao.org/aos/agrovoc/c_2572,工艺性能,technical properties,Propiedad técnica,propriété technologique,0
http://aims.fao.org/aos/agrovoc/c_544,适用技术,appropriate technology,Tecnología apropiada,technologie appropriée,0
http://aims.fao.org/aos/agrovoc/c_7643,科技变革,technological changes,Cambio tecnológico,changement technologique,0
http://aims.fao.org/aos/agrovoc/c_3030,食品技术,food technology,Tecnología de alimentos,technologie alimentaire,0
http://aims.fao.org/aos/agrovoc/c_36742,高压技术,high pressure technology,Tecnología alta presión,technologie haute pression,0
http://aims.fao.org/aos/agrovoc/c_25005,食品保存,food preservation,Preservación de alimentos,préservation des aliments,0
http://aims.fao.org/aos/agrovoc/c_1092,盐浸,brining,Salazón,salage,0
http://aims.fao.org/aos/agrovoc/c_5865,腌制,pickling,Encurtido (proceso),conservation dans la saumure,0
http://aims.fao.org/aos/agrovoc/c_14061,盐制,salting,Sazonar,salaison,0
http://aims.fao.org/aos/agrovoc/c_28586,糖工艺,sugar technology,Tecnología del azúcar,technologie sucrière,0
http://aims.fao.org/aos/agrovoc/c_37969,食品加工,food processing,Procesamiento de alimentos,traitement des aliments,0
http://aims.fao.org/aos/agrovoc/c_3018,食品营养强化,food enrichment,Enriquecimiento de los alimentos,complémentation,0
http://aims.fao.org/aos/agrovoc/c_1072,面包制造,breadmaking,Panificación,panification,0
http://aims.fao.org/aos/agrovoc/c_1087,酿造,brewing,Malteado,brassage,0
http://aims.fao.org/aos/agrovoc/c_11595,加啤酒花,hopping,Lupuleo,houblonnage,0
http://aims.fao.org/aos/agrovoc/c_28355,淀粉糖化,mashing,Braceado,empâtage,0
http://aims.fao.org/aos/agrovoc/c_28597,麦芽干燥,kilning,Secado en horno de la malta,touraillage,0
http://aims.fao.org/aos/agrovoc/c_1166,奶油制造,buttermaking,Fabricación de la mantequilla,fabrication beurrière,0
http://aims.fao.org/aos/agrovoc/c_1506,奶酪制作,cheese-making,Fabricación del queso,fabrication fromagère,0
http://aims.fao.org/aos/agrovoc/c_8405,酿酒,winemaking,Vinificación,vinification,0
http://aims.fao.org/aos/agrovoc/c_9736,香槟酒酿造,champagnization,Champanización,champagnisation,0
http://aims.fao.org/aos/agrovoc/c_9742,加糖,chaptalization,Chaptalizacion,chaptalisation,0
http://aims.fao.org/aos/agrovoc/c_12355,麦芽制造,malting,Malteo,maltage,0
http://aims.fao.org/aos/agrovoc/c_29020,鱼类加工,fish processing,Elaboración del pescado,traitement du poisson,0
http://aims.fao.org/aos/agrovoc/c_32450,加工鱼片,fish filleting,Fileteado de pescado,filetage du poisson,0
http://aims.fao.org/aos/agrovoc/c_331331,食品最小加工,minimal processing (food),Procesamiento mínimo (alimento),transformation minimale des aliments,0
http://aims.fao.org/aos/agrovoc/c_5270,营养强化,nutrient improvement,Mejoramiento nutricional,amélioration des qualités nutritives,0
http://aims.fao.org/aos/agrovoc/c_32752,食品增补,food supplementation,Alimentación complementaria,complémentation alimentaire,0
http://aims.fao.org/aos/agrovoc/c_25238,食品强化,food fortification,Fortificación de alimentos,enrichissement des aliments en éléments nutritifs,0
http://aims.fao.org/aos/agrovoc/c_5278,营养价值,nutritive value,Valor nutritivo,valeur nutritive,0
http://aims.fao.org/aos/agrovoc/c_6133,采后技术,postharvest technology,Tecnología postcosecha,technologie après récolte,0
http://aims.fao.org/aos/agrovoc/c_4882,现代化,modernization,Modernización,modernisation,0
http://aims.fao.org/aos/agrovoc/c_4685,机械化,mechanization,Mecanización,mécanisation,0
http://aims.fao.org/aos/agrovoc/c_15855,自动化,automation,Automatización,automatisation,0
http://aims.fao.org/aos/agrovoc/c_24009,计算机应用,computer applications,Aplicación del ordenador,application des ordinateurs,0
http://aims.fao.org/aos/agrovoc/c_27560,创新,innovation,Innovación,innovation,0
http://aims.fao.org/aos/agrovoc/c_37468,新技术,new technology,Tecnología nueva,nouvelle technologie,0
http://aims.fao.org/aos/agrovoc/c_9861,电影摄影术,cinematography,Cinematografía,cinématographie,0
http://aims.fao.org/aos/agrovoc/c_27463,生物转化,bioconversion,Bioconversión,bioconversion,0
http://aims.fao.org/aos/agrovoc/c_37649,酶技术,enzyme technology,Tecnología de las enzimas,technologie des enzymes,0
http://aims.fao.org/aos/agrovoc/c_27450,动物生物技术,animal biotechnology,Biotecnología animal,biotechnologie animale,0
http://aims.fao.org/aos/agrovoc/c_27590,植物生物技术学,plant biotechnology,Biotecnología vegetal,biotechnologie végétale,0
http://aims.fao.org/aos/agrovoc/c_27679,空间生物技术学,space biotechnology,Biotecnológia espacial,biotechnologie spatiale,0
http://aims.fao.org/aos/agrovoc/c_36897,决策支持,decision support,Soporte de decisión,aide à la décision,0
http://aims.fao.org/aos/agrovoc/c_27895,肥料技术,fertilizer technology,Tecnología de abono,fabrication des engrais,0
http://aims.fao.org/aos/agrovoc/c_28195,木材工艺,wood technology,Tecnología de la madera,technologie du bois,0
http://aims.fao.org/aos/agrovoc/c_28188,木材缺陷,wood defects,Defecto de la madera,défaut du bois,0
http://aims.fao.org/aos/agrovoc/c_28196,木材调温调湿,wood conditioning,Acondicionado de la madera,conditionnement du bois,0
http://aims.fao.org/aos/agrovoc/c_37873,能源技术,energy technology,Tecnología energética,technologie énergétique,0
http://aims.fao.org/aos/agrovoc/c_331371,生产技术,production technology,Tecnología de producción,technologie de production,0
http://aims.fao.org/aos/agrovoc/c_331372,防护技术,protection technology,Tecnología de protección,technologie de protection,0
http://aims.fao.org/aos/agrovoc/c_331520,种子技术,seed technology,Tecnología de las semillas,technologie des semences,0
http://aims.fao.org/aos/agrovoc/c_9000043,教育技术,educational technology,Tecnología educativa,technologie de l'éducation,0
http://aims.fao.org/aos/agrovoc/c_9000083,信息和通信技术,Information and Communication Technologies,Tecnologías para la información y la comunicación,technologies de l'information et de la communication,0
http://aims.fao.org/aos/agrovoc/c_36660,信息技术,information technology,Tecnología de la información,technologie de l'information,0
http://aims.fao.org/aos/agrovoc/c_27509,远程信息处理,telematics,Telemática,télématique,0
http://aims.fao.org/aos/agrovoc/c_9000054,环境信息技术,environmental information technology,Tecnología de información del medio ambiente,technologie de l'information environnementale,0
http://aims.fao.org/aos/agrovoc/c_28653,通讯技术,communication technology,Tecnología de comunicación,technique de communication,0
http://aims.fao.org/aos/agrovoc/c_4640,大众传媒,mass media,Medio de comunicación de masas,moyen de communication de masse,0
http://aims.fao.org/aos/agrovoc/c_2899,电影,films,Película,film,0
http://aims.fao.org/aos/agrovoc/c_6424,无线电,radio,Radio (medio de comunicación),radio,0
http://aims.fao.org/aos/agrovoc/c_9000143,农村电台,rural radio,Radio rural,radio rurale,0
http://aims.fao.org/aos/agrovoc/c_7651,电视,television,Televisión,télévision,0
http://aims.fao.org/aos/agrovoc/c_1329377502888,出版物,publications,Publicación,publication,0
http://aims.fao.org/aos/agrovoc/c_331343,期刊,periodicals,Publicación periódica,périodique,0
http://aims.fao.org/aos/agrovoc/c_5168,报纸,newspapers,Periódico,journal,0
http://aims.fao.org/aos/agrovoc/c_331344,学术期刊,journals,Revista,revue,0
http://aims.fao.org/aos/agrovoc/c_1335513885866,参考书目,bibliographies,Bibliografía,bibliographie,0
http://aims.fao.org/aos/agrovoc/c_24906,电信,telecommunications,Telecomunicación,télécommunication,0
http://aims.fao.org/aos/agrovoc/c_24924,可视图文,videotex,Videotex,vidéotex,0
http://aims.fao.org/aos/agrovoc/c_27852,电子数据传输,electronic data transmission,Teletrasmisión de datos,télétransmission des données,0
http://aims.fao.org/aos/agrovoc/c_50143,信号,signals,Señal,signal,0
http://aims.fao.org/aos/agrovoc/c_1307955710901,纳米技术,nanotechnology,Nanotecnología,nanotechnologie,0
http://aims.fao.org/aos/agrovoc/c_7778,时间,time,Tiempo,temps,0
http://aims.fao.org/aos/agrovoc/c_186,年龄,age,Edad,âge,0
http://aims.fao.org/aos/agrovoc/c_5708,周期性,periodicity,Periodicidad,périodicité,0
http://aims.fao.org/aos/agrovoc/c_2412,持续期,duration,Duración,durée,0
http://aims.fao.org/aos/agrovoc/c_26854,泌乳持续期,lactation duration,Duración de la lactancia,durée de la lactation,0
http://aims.fao.org/aos/agrovoc/c_6911,季节,seasons,Estación del año,saison,0
http://aims.fao.org/aos/agrovoc/c_24894,季节变化,seasonal variation,Variación estacional,variation saisonnière,0
http://aims.fao.org/aos/agrovoc/c_34117,季节性,seasonality,Estacionalidad,saisonnalité,0
http://aims.fao.org/aos/agrovoc/c_724,秋季,autumn,Otoño,automne,0
http://aims.fao.org/aos/agrovoc/c_2400,干季,dry season,Estación seca,saison sèche,0
http://aims.fao.org/aos/agrovoc/c_1374233854472,旱季,dry spells,Período de sequía,période de sécheresse,0
http://aims.fao.org/aos/agrovoc/c_7336,春季,spring,Primavera,printemps,0
http://aims.fao.org/aos/agrovoc/c_7519,夏季,summer,Verano,été,0
http://aims.fao.org/aos/agrovoc/c_29577,暖季,warm season,Estación cálida,saison chaude,0
http://aims.fao.org/aos/agrovoc/c_8368,湿季,wet season,Estación húmeda,saison humide,0
http://aims.fao.org/aos/agrovoc/c_8410,冬季,winter,Invierno,hiver,0
http://aims.fao.org/aos/agrovoc/c_29557,冷季,cold season,Estación fría,saison froide,0
http://aims.fao.org/aos/agrovoc/c_7779,时期,timing,Elección de la época,choix de la date,0
http://aims.fao.org/aos/agrovoc/c_16208,播种期,sowing date,Fecha de siembra,date de semis,0
http://aims.fao.org/aos/agrovoc/c_24065,栽植期,planting date,Fecha de plantación,date de plantation,0
http://aims.fao.org/aos/agrovoc/c_27921,处理期,treatment date,Fecha de tratamiento,date de traitement,0
http://aims.fao.org/aos/agrovoc/c_16185,蹲苗,hardening,Endurecimiento,durcissement,0
http://aims.fao.org/aos/agrovoc/c_37740,耐性,tolerance,Tolerancia,tolérance,0
http://aims.fao.org/aos/agrovoc/c_6520,有害因子抗性,resistance to injurious factors,Resistencia a agentes dañinos,résistance aux facteurs nuisibles,0
http://aims.fao.org/aos/agrovoc/c_16186,诱导抗病性,induced resistance,Resistencia inducida,résistance induite,0
http://aims.fao.org/aos/agrovoc/c_16316,抗寒锻炼,frost hardening,Endurecimiento al frío,durcissement au gel,0
http://aims.fao.org/aos/agrovoc/c_24067,收获前处理,preharvest treatment,Tratamiento precosecha,traitement avant récolte,0
http://aims.fao.org/aos/agrovoc/c_29464,收获期,harvesting date,Fecha de recolección,date de récolte,0
http://aims.fao.org/aos/agrovoc/c_330700,移栽时间,time of transplanting,Época de trasplante,moment du repiquage,0
http://aims.fao.org/aos/agrovoc/c_1375432196418,作物历,crop calendar,Calendario de cultivo,calendrier cultural,0
http://aims.fao.org/aos/agrovoc/c_8449,工作时间,working hours,Hora laborable,temps de travail,0
http://aims.fao.org/aos/agrovoc/c_29032,闲暇,free time,Tiempo libre,temps libre,0
http://aims.fao.org/aos/agrovoc/c_16108,工作日,available days,Día disponible,jours disponibles,0
http://aims.fao.org/aos/agrovoc/c_13586,处理,processes,Proceso,processus,0
http://aims.fao.org/aos/agrovoc/c_678,同化,assimilation,Asimilación,assimilation,0
http://aims.fao.org/aos/agrovoc/c_37331,基因流,gene flow,Flujo genético,flux de gènes,0
http://aims.fao.org/aos/agrovoc/c_13325,系统发育,phylogeny,Filogenia,phylogénie,0
http://aims.fao.org/aos/agrovoc/c_27493,连续操作法,continuous processes,Proceso continuo,procédé continu,0
http://aims.fao.org/aos/agrovoc/c_27501,间歇操作法,discontinuous processes,Proceso discontinuo,procédé discontinu,0
http://aims.fao.org/aos/agrovoc/c_28427,抑制,inhibition,Inhibición,inhibition,0
http://aims.fao.org/aos/agrovoc/c_34027,生长抑制,growth inhibition,Inhibición del crecimiento,Inhibition de croissance,0
http://aims.fao.org/aos/agrovoc/c_34074,光抑制,photoinhibition,Fotoinhibición,Photo-inhibition,0
http://aims.fao.org/aos/agrovoc/c_36094,大气沉降,atmospheric deposition,Deposición atmosférica,dépôt atmosphérique,0
http://aims.fao.org/aos/agrovoc/c_50275,机构变革,organizational change,Cambio organizacional,changement de structure,0
http://aims.fao.org/aos/agrovoc/c_330999,生物处理,biological processes,Proceso biológico,processus biologique,0
http://aims.fao.org/aos/agrovoc/c_1413,细胞分裂,cell division,División celular,division cellulaire,0
http://aims.fao.org/aos/agrovoc/c_12859,核分裂,nuclear division,División del núcleo,division nucléaire,0
http://aims.fao.org/aos/agrovoc/c_346,无丝分裂,amitosis,Amitosis,amitose,0
http://aims.fao.org/aos/agrovoc/c_4706,减数分裂,meiosis,Meiosis,méiose,0
http://aims.fao.org/aos/agrovoc/c_33465,染色体配对,chromosome pairing,Apareamiento cromosómico,appariement chromosomique,0
http://aims.fao.org/aos/agrovoc/c_4870,有丝分裂,mitosis,Mitosis,mitose,0
http://aims.fao.org/aos/agrovoc/c_36587,天然杂交,natural hybridization,Hibridación natural,hybridation naturelle,0
http://aims.fao.org/aos/agrovoc/c_331001,遗传过程,genetic processes,Proceso genético,processus génétique,0
http://aims.fao.org/aos/agrovoc/c_6475,重组,recombination,Recombinación,recombinaison,0
http://aims.fao.org/aos/agrovoc/c_27495,交换,crossing over,Cruzamiento intercromosómico,Crossing over,0
http://aims.fao.org/aos/agrovoc/c_12725,突变诱发,mutagenesis,Mutagenesis,mutagénèse,0
http://aims.fao.org/aos/agrovoc/c_27503,分子克隆,molecular cloning,Clonación molecular,Clonage moléculaire,0
http://aims.fao.org/aos/agrovoc/c_27694,基因克隆,gene cloning,Clonación de genes,Clonage de gène,0
http://aims.fao.org/aos/agrovoc/c_27695,脱氧核糖核酸克隆,DNA cloning,Clonación de ADN,clonage d'ADN,0
http://aims.fao.org/aos/agrovoc/c_15975,遗传变异,genetic variation,Variación genética,variation génétique,0
http://aims.fao.org/aos/agrovoc/c_1501,生物学特性,biological properties,Propiedad biológica,propriété biologique,0
http://aims.fao.org/aos/agrovoc/c_24031,遗传多态性,genetic polymorphism,Polimorfismo genético,polymorphisme génétique,0
http://aims.fao.org/aos/agrovoc/c_27611,克隆变异,clonal variation,Variación clonal,variation clonale,0
http://aims.fao.org/aos/agrovoc/c_17857,复制,replication,Replicación,réplication,0
http://aims.fao.org/aos/agrovoc/c_35086,DNA复制,DNA replication,Replicación del ADN,Réplication d'ADN,0
http://aims.fao.org/aos/agrovoc/c_35087,病毒复制,viral replication,Replicación viral,Réplication virale,0
http://aims.fao.org/aos/agrovoc/c_35736,基因重复,gene duplication,Duplicación de genes,Duplication de gènes,0
http://aims.fao.org/aos/agrovoc/c_27527,基因表达,gene expression,Expresión génica,expression des gènes,0
http://aims.fao.org/aos/agrovoc/c_35126,转录,transcription,Transcripción,transcription,0
http://aims.fao.org/aos/agrovoc/c_27830,遗传转导,genetic transduction,Transducción genética,transduction génétique,0
http://aims.fao.org/aos/agrovoc/c_34001,遗传趋异,genetic divergence,Divergencia genética,divergence génétique,0
http://aims.fao.org/aos/agrovoc/c_34786,异源物质生物转化,biotransformation of xenobiotics,Biotransformación de xenobióticas,Biotransformation de xénobiotique,0
http://aims.fao.org/aos/agrovoc/c_35127,DNA转录,DNA transcription,Transcripción del ADN,transcription d'ADN,0
http://aims.fao.org/aos/agrovoc/c_35128,基因转录,gene transcription,Transcripción génica,Transcription génique,0
http://aims.fao.org/aos/agrovoc/c_35129,反转录,reverse transcription,Transcripción inversa,Transcription inverse,0
http://aims.fao.org/aos/agrovoc/c_37333,遗传漂变,genetic drift,Deriva genética,dérive génétique,0
http://aims.fao.org/aos/agrovoc/c_331037,转化,transformation,Transformación,transformation,0
http://aims.fao.org/aos/agrovoc/c_331094,生物化学过程,biochemical processes,Proceso bioquímico,processus biochimique,0
http://aims.fao.org/aos/agrovoc/c_5196,固氮作用,nitrogen fixation,Fijación del nitrógeno,Fixation de l'azote,0
http://aims.fao.org/aos/agrovoc/c_27742,生物固氮作用,biological nitrogen fixation,Fijación biológica del nitrógeno,Fixation biologique de l'azote,0
http://aims.fao.org/aos/agrovoc/c_331373,养分转化,nutrient transformation,Transformación de nutrientes,transformation des éléments nutritifs,0
http://aims.fao.org/aos/agrovoc/c_331546,生理过程,physiological processes,Proceso fisiológico,processus physiologique,0
http://aims.fao.org/aos/agrovoc/c_331548,植物生理过程,plant physiological processes,Proceso fisiológico de las plantas,processus de physiologie des végétaux,0
http://aims.fao.org/aos/agrovoc/c_331549,细胞生理过程,cell physiological processes,Proceso fisiológico celular,processus physiologiques cellulaires,0
http://aims.fao.org/aos/agrovoc/c_331547,物理化学过程,physicochemical processes,Proceso fisicoquimico,processus physico-chimique,0
http://aims.fao.org/aos/agrovoc/c_331583,碳捕获,carbon sequestration,Secuestro de carbono,séquestration du carbone,0
http://aims.fao.org/aos/agrovoc/c_49874,属性,properties,Propiedad,caractéristique,0
http://aims.fao.org/aos/agrovoc/c_4428,寿命,longevity,Longevidad,longévité,0
http://aims.fao.org/aos/agrovoc/c_8489,幼畜,young animals,Animal jóven,jeune animal,0
http://aims.fao.org/aos/agrovoc/c_330589,幼苗年龄,seedling age,Edad del plantón,âge des semis,0
http://aims.fao.org/aos/agrovoc/c_99,获得性状,acquired characters,Carácter adquirido,caractère acquis,0
http://aims.fao.org/aos/agrovoc/c_2392,抗旱性,drought resistance,Resistencia a la sequía,résistance à la sécheresse,0
http://aims.fao.org/aos/agrovoc/c_16151,耐涝性,water tolerance,Tolerancia a la humedad,tolérance à l'eau,0
http://aims.fao.org/aos/agrovoc/c_1078,选择标准,selection criteria,Criterio de selección,critère de sélection,0
http://aims.fao.org/aos/agrovoc/c_2328,抗病性,disease resistance,Resistencia a la enfermedad,résistance aux maladies,0
http://aims.fao.org/aos/agrovoc/c_5736,化学药物抗性,resistance to chemicals,Resistencia a productos químicos,résistance aux produits chimiques,0
http://aims.fao.org/aos/agrovoc/c_5811,光敏性,photosensitivity,Fotosensibilidad,photosensibilité,0
http://aims.fao.org/aos/agrovoc/c_7660,耐温性,temperature resistance,Resistencia a la temperatura,résistance à la température,0
http://aims.fao.org/aos/agrovoc/c_8396,抗风,wind resistance,Resistencia al viento,résistance au vent,0
http://aims.fao.org/aos/agrovoc/c_16067,越冬性,winter hardiness,Resistencia invernal,résistance à l'hiver,0
http://aims.fao.org/aos/agrovoc/c_29637,获得性免疫,acquired immunotolerance,Inmunotolerancia adquirida,Immunotolérance acquise,0
http://aims.fao.org/aos/agrovoc/c_32794,获得免疫性,acquired immunity,Inmunidad adquirida,immunité acquise,0
http://aims.fao.org/aos/agrovoc/c_35762,获得性免疫缺陷,acquired immunodeficiency,Inmunodeficiencia adquirida,immunodéficience acquise,0
http://aims.fao.org/aos/agrovoc/c_210,农艺特性,agronomic characters,Característica agronómica,caractère agronomique,0
http://aims.fao.org/aos/agrovoc/c_5969,植物习性,plant habit,Hábitos de crecimiento,port de la plante,0
http://aims.fao.org/aos/agrovoc/c_36509,种子特性,seed characteristics,Característica de la semilla,caractéristique des semences,0
http://aims.fao.org/aos/agrovoc/c_1414,细胞结构,cell structure,Estructura celular,structure cellulaire,0
http://aims.fao.org/aos/agrovoc/c_2266,消化率,digestibility,Digestibilidad,digestibilité,0
http://aims.fao.org/aos/agrovoc/c_16125,饲料转化率,feed conversion efficiency,Eficiencia de conversión del pienso,efficacité conversion alimentaire,0
http://aims.fao.org/aos/agrovoc/c_24944,氮贮留,nitrogen retention,Retención nitrogenada,rétention azotée,0
http://aims.fao.org/aos/agrovoc/c_29073,表观消化率,apparent digestibility,Digestibilidad aparente,digestibilité apparente,0
http://aims.fao.org/aos/agrovoc/c_2435,早熟性,precocity,Precocidad,précocité,0
http://aims.fao.org/aos/agrovoc/c_28619,早期成熟,early maturation,Maduración precoz,maturation précoce,0
http://aims.fao.org/aos/agrovoc/c_2494,卵性状,egg characters,Característica del huevo,caractéristique de l'oeuf,0
http://aims.fao.org/aos/agrovoc/c_2496,种蛋孵化率,egg hatchability,Eclosabilidad del huevo,éclosabilité,0
http://aims.fao.org/aos/agrovoc/c_2862,生育力,fertility,Fertilidad,fertilité,0
http://aims.fao.org/aos/agrovoc/c_9000002,青春期生育率,adolescent fertility,Fecundidad de las adolescentes,fécondité des adolescents,0
http://aims.fao.org/aos/agrovoc/c_3246,发芽力,germinability,Poder germinativo,faculté germinative,0
http://aims.fao.org/aos/agrovoc/c_36511,种子发芽力,seed germinability,Germinabilidad de las semillas,faculté germinative des semences,0
http://aims.fao.org/aos/agrovoc/c_36512,花粉发芽力,pollen germinability,Germinabilidad del polen,faculté germinative du pollen,0
http://aims.fao.org/aos/agrovoc/c_6934,种子寿命,seed longevity,Longevidad de la semilla,longévité des semences,0
http://aims.fao.org/aos/agrovoc/c_4798,微生物特性,microbial properties,Poder microbiano,propriété des micro-organismes,0
http://aims.fao.org/aos/agrovoc/c_10471,抗药性,drug resistance,Resistencia a medicamentos,résistance aux médicaments,0
http://aims.fao.org/aos/agrovoc/c_25427,抗农药性,pesticide resistance,Resistencia a los plaguicidas,résistance aux pesticides,0
http://aims.fao.org/aos/agrovoc/c_8848,抗生素抗性,resistance to antibiotics,Resistencia a los antibióticos,Résistance aux antibiotiques,0
http://aims.fao.org/aos/agrovoc/c_330809,盐碱土的抗性,saline and sodic soil resistance,Resistencia de los suelos salinos y sódicos,résistance aux sols salins et sodique,0
http://aims.fao.org/aos/agrovoc/c_5873,色素沉着,pigmentation,Pigmentación,pigmentation,0
http://aims.fao.org/aos/agrovoc/c_2421,矮化,dwarfs,Enano,nain,0
http://aims.fao.org/aos/agrovoc/c_1674,攀缘习性,climbing habit,Forma de enredarse,Port grimpant,0
http://aims.fao.org/aos/agrovoc/c_2636,直立型,erect habit,Porte erecto,port érigé,0
http://aims.fao.org/aos/agrovoc/c_7884,树形,tree form,Forma arborescente,Port arborescent,0
http://aims.fao.org/aos/agrovoc/c_16172,树冠,crown,Copa,houppier,0
http://aims.fao.org/aos/agrovoc/c_6058,极性,polarity,Polaridad,polarité,0
http://aims.fao.org/aos/agrovoc/c_6071,花粉不亲和性,pollen incompatibility,Incompatibilidad del polen,incompatibilité pollinique,0
http://aims.fao.org/aos/agrovoc/c_24899,自花不孕性,self-sterility,Autoesterilidad,Autostérilité,0
http://aims.fao.org/aos/agrovoc/c_34308,抗倒伏性,lodging resistance,Resistencia al encamado,résistance à la verse,0
http://aims.fao.org/aos/agrovoc/c_16177,素质,diathesis,Diátesis,diathèse,0
http://aims.fao.org/aos/agrovoc/c_11025,抗霜性,frost resistance,Resistencia a las heladas,résistance aux gelées,0
http://aims.fao.org/aos/agrovoc/c_9994,耐冷性,cold tolerance,Tolerancia al frío,tolérance au froid,0
http://aims.fao.org/aos/agrovoc/c_11486,耐热性,heat tolerance,Tolerancia al calor,tolérance à la chaleur,0
http://aims.fao.org/aos/agrovoc/c_11458,抗性,hardiness,Rusticidad,rusticité,0
http://aims.fao.org/aos/agrovoc/c_27025,生理应激抗性,physiological stress resistance,Resistencia fisiológica al estrés,résistance physiologique au stress,0
http://aims.fao.org/aos/agrovoc/c_7010,性征,sex,Sexo,sexe,0
http://aims.fao.org/aos/agrovoc/c_8012,膨压,turgor,Turgencia,turgescence,0
http://aims.fao.org/aos/agrovoc/c_37512,活力,vigour,Vigor,vigueur,0
http://aims.fao.org/aos/agrovoc/c_15179,种子生活力,seed viability,Viabilidad de la semilla,viabilité des semences,0
http://aims.fao.org/aos/agrovoc/c_1374849874515,森林活力,forest vitality,Vitalidad de los bosques,vitalité des forêts,0
http://aims.fao.org/aos/agrovoc/c_10264,全能性,totipotency,Totí potencia,totipotence,0
http://aims.fao.org/aos/agrovoc/c_25066,抗驱虫药,resistance to anthelmintics,Resistencia a los antihelmínticos,Résistance aux anthelminthiques,0
http://aims.fao.org/aos/agrovoc/c_13439,植物结构,plant structure,Estructura de la planta,structure des plantes,0
http://aims.fao.org/aos/agrovoc/c_15721,木材结构,timber structure,Estructura de la madera,Structure du bois,0
http://aims.fao.org/aos/agrovoc/c_16758,免疫能力,immune competence,Competencia inmunitaria,compétence immunitaire,0
http://aims.fao.org/aos/agrovoc/c_24931,自交亲和性,self-compatibility,Autocompatibilidad,autocompatibilité,0
http://aims.fao.org/aos/agrovoc/c_8584,杀螨剂抗药性,resistance to acaricides,Resistencia a los acaricidas,résistance aux acaricides,0
http://aims.fao.org/aos/agrovoc/c_11047,杀菌剂抗性,resistance to fungicides,Resistencia a los fungicidas,résistance aux fongicides,0
http://aims.fao.org/aos/agrovoc/c_11530,除草剂抗性,herbicide resistance,Resistencia a los herbicidas,résistance aux herbicides,0
http://aims.fao.org/aos/agrovoc/c_11794,杀虫剂抗性,insecticide resistance,Resistencia a los insecticidas,résistance aux insecticides,0
http://aims.fao.org/aos/agrovoc/c_12789,杀线虫剂抗性,resistance to nematicides,Resistencia a los nematicidas,résistance aux nematicides,0
http://aims.fao.org/aos/agrovoc/c_37726,交叉抗性,cross resistance,Resistencia cruzada,résistance croisée,0
http://aims.fao.org/aos/agrovoc/c_29005,化学敏感性,chemosensitivity,Quimiosensibilidad,chimiosensibilité,0
http://aims.fao.org/aos/agrovoc/c_29251,体型结构,body conformation,Conformación animal,conformation animale,0
http://aims.fao.org/aos/agrovoc/c_31917,动物结构,animal structure,Estructura animal,structure animale,0
http://aims.fao.org/aos/agrovoc/c_33076,恒温性,homothermy (hydrogeology),Homotermia (hidrogeología),homothermie (hydrogéologie),0
http://aims.fao.org/aos/agrovoc/c_33546,无核性,seedlessness,Apirenia,apyrénie,0
http://aims.fao.org/aos/agrovoc/c_34106,性别差异,sex differences,Diferencia sexual,différence de sexe,0
http://aims.fao.org/aos/agrovoc/c_35024,适应力,adaptability,Adaptabilidad,adaptabilité,0
http://aims.fao.org/aos/agrovoc/c_16339,种子活力,seed vigour,Vigor de la semilla,vigueur des semences,0
http://aims.fao.org/aos/agrovoc/c_26821,种子大小,seed size,Tamaño de la semilla,grosseur des semences,0
http://aims.fao.org/aos/agrovoc/c_36510,种子重量,seed weight,Peso de la semilla,poids des semences,0
http://aims.fao.org/aos/agrovoc/c_8349,重量,weight,Peso,poids,0
http://aims.fao.org/aos/agrovoc/c_36952,种子含水量,seed moisture content,Contenido de humedad de semillas,teneur en eau des semences,0
http://aims.fao.org/aos/agrovoc/c_36858,再生能力,regenerative ability,Aptitud regenerativa,aptitude à la régénération,0
http://aims.fao.org/aos/agrovoc/c_36884,彩斑,variegation,Variegación,variégation,0
http://aims.fao.org/aos/agrovoc/c_37254,气孔阻力,stomatal resistance,Resistencia estomática,résistance stomatique,0
http://aims.fao.org/aos/agrovoc/c_14174,种子储藏寿命,seed storage life,Duración de conservación de semilla,Durée de conservation des semences,0
http://aims.fao.org/aos/agrovoc/c_11180,葡萄糖耐量,glucose tolerance,Tolerancia de la glucosa,tolérance au glucose,0
http://aims.fao.org/aos/agrovoc/c_9324,血糖,blood sugar,Azúcar en sangre,sucre du sang,0
http://aims.fao.org/aos/agrovoc/c_3519,热,heat,Calor,chaleur,0
http://aims.fao.org/aos/agrovoc/c_14914,耐旱性,drought tolerance,Tolerancia a la sequia,tolérance à la sécheresse,0
http://aims.fao.org/aos/agrovoc/c_14918,耐虫性,tolerance to pests,Tolerancia a las plagas,tolérance aux ravageurs,0
http://aims.fao.org/aos/agrovoc/c_24078,耐盐性,salt tolerance,Tolerancia a la sal,tolérance au sel,0
http://aims.fao.org/aos/agrovoc/c_25088,药物耐受性,drug tolerance,Tolerancia a medicamentos,tolérance aux médicaments,0
http://aims.fao.org/aos/agrovoc/c_25267,耐阴性,shade tolerance,Tolerancia a la sombra,tolérance à l'ombre,0
http://aims.fao.org/aos/agrovoc/c_36989,耐淹性,flooding tolerance,Tolerancia a la inundación,tolérance à l'inondation,0
http://aims.fao.org/aos/agrovoc/c_331441,耐病性,disease tolerance,Tolerancia a enfermedades,tolérance aux maladies,0
http://aims.fao.org/aos/agrovoc/c_1375433968511,对于强降雨的耐受性,tolerance to heavy rainfall,Tolerancia a fuertes lluvias,tolérence aux fortes pluies,0
http://aims.fao.org/aos/agrovoc/c_330885,相容性,compatibility,Compatibilidad,compatibilité,0
http://aims.fao.org/aos/agrovoc/c_16107,组织相容性,histocompatibility,Histocompatibilidad,histocompatibilité,0
http://aims.fao.org/aos/agrovoc/c_3342,嫁接相容性,graft compatibility,Compatibilidad del injerto,compatibilité de greffe,0
http://aims.fao.org/aos/agrovoc/c_331556,寄主植物抗性,host plant resistance,Resistencia de la planta huésped,résistance de la plante hôte,0
http://aims.fao.org/aos/agrovoc/c_1521,物化性质,chemicophysical properties,Propiedad fisicoquímica,propriété physicochimique,0
http://aims.fao.org/aos/agrovoc/c_6400,品质,quality,Calidad,qualité,0
http://aims.fao.org/aos/agrovoc/c_98,声学特性,acoustic properties,Propiedad acústica,propriété acoustique,0
http://aims.fao.org/aos/agrovoc/c_1138,缓冲能力,buffering capacity,Capacidad tampón,capacité tampon,0
http://aims.fao.org/aos/agrovoc/c_1382,催化活性,catalytic activity,Actividad catalítica,activité catalytique,0
http://aims.fao.org/aos/agrovoc/c_2604,酶活力,enzyme activity,Actividad enzimática,activité enzymatique,0
http://aims.fao.org/aos/agrovoc/c_1762,胶体性质,colloidal properties,Propiedad coloidal,propriété colloïdale,0
http://aims.fao.org/aos/agrovoc/c_28503,等电点,isoelectric point,Punto isoeléctrico,point isoélectrique,0
http://aims.fao.org/aos/agrovoc/c_36296,胶体稳定性,colloidal stability,Estabilidad coloidal,stabilité colloïdale,0
http://aims.fao.org/aos/agrovoc/c_7167,土壤密度,soil density,Densidad del suelo,densité du sol,0
http://aims.fao.org/aos/agrovoc/c_7281,比重,specific gravity,Peso específico,poids spécifique,0
http://aims.fao.org/aos/agrovoc/c_2260,介电性能,dielectric properties,Propiedad dieléctrica,propriété diélectrique,0
http://aims.fao.org/aos/agrovoc/c_2517,电学性质,electrical properties,Propiedad eléctrica,propriété électrique,0
http://aims.fao.org/aos/agrovoc/c_2514,电势,electric potential,Potencial eléctrico,potentiel électrique,0
http://aims.fao.org/aos/agrovoc/c_10570,电阻,electrical resistance,Resistencia eléctrica,résistance électrique,0
http://aims.fao.org/aos/agrovoc/c_24022,电导率,electrical conductivity,Conductividad eléctrica,conductivité électrique,0
http://aims.fao.org/aos/agrovoc/c_2600,酶干扰,enzyme interference,Bloqueo enzimático,Blocage enzymatique,0
http://aims.fao.org/aos/agrovoc/c_3092,凝固点,freezing point,Punto de congelación,point de congélation,0
http://aims.fao.org/aos/agrovoc/c_4518,磁性,magnetic properties,Propiedad magnética,propriété magnétique,0
http://aims.fao.org/aos/agrovoc/c_4683,力学性能,mechanical properties,Propiedad mecánica,propriété mécanique,0
http://aims.fao.org/aos/agrovoc/c_7445,强度,strength,Resistencia mecánica,résistance mécanique,0
http://aims.fao.org/aos/agrovoc/c_14824,抗张强度,tensile strength,Resistencia a la tensión,résistance à la traction,0
http://aims.fao.org/aos/agrovoc/c_24098,速度,velocity,Velocidad,vitesse,0
http://aims.fao.org/aos/agrovoc/c_24248,速率,speed,Rapidez,rapidité,0
http://aims.fao.org/aos/agrovoc/c_25788,设备性能,equipment performance,Desempeño de la maquinaria,performance du matériel,0
http://aims.fao.org/aos/agrovoc/c_37675,风速(矢量),wind velocity,Velocidad del viento,vélocité du vent,0
http://aims.fao.org/aos/agrovoc/c_27004,转速,rotational speed,Velocidad de rotación,vitesse de rotation,0
http://aims.fao.org/aos/agrovoc/c_29582,风速,wind speed,Velocidad del viento,vitesse du vent,0
http://aims.fao.org/aos/agrovoc/c_26777,弹性,elasticity,Elasticidad,élasticité,0
http://aims.fao.org/aos/agrovoc/c_28307,可压缩性,compressibility,Compresibilidad,compressibilité,0
http://aims.fao.org/aos/agrovoc/c_28616,黏弹性,viscoelasticity,Viscoelasticidad,viscoélasticité,0
http://aims.fao.org/aos/agrovoc/c_33495,摩擦系数,friction coefficient,Coeficiente de rozamiento,coefficient de frottement,0
http://aims.fao.org/aos/agrovoc/c_4732,熔点,melting point,Punto de fusión,point de fusion,0
http://aims.fao.org/aos/agrovoc/c_4892,分子量,molecular weight,Peso molecular,poids moléculaire,0
http://aims.fao.org/aos/agrovoc/c_5371,光学性质,optical properties,Propiedad óptica,propriété optique,0
http://aims.fao.org/aos/agrovoc/c_1773,色泽,colour,Color,couleur,0
http://aims.fao.org/aos/agrovoc/c_12270,发光,luminescence,Luminiscencia,luminescence,0
http://aims.fao.org/aos/agrovoc/c_10935,荧光,fluorescence,Fluorescencia,fluorescence,0
http://aims.fao.org/aos/agrovoc/c_13316,磷光,phosphorescence,Fosforescencia,phosphorescence,0
http://aims.fao.org/aos/agrovoc/c_37307,热发光,thermoluminescence,Termoluminescencia,thermoluminescence,0
http://aims.fao.org/aos/agrovoc/c_12942,乳光,opalescence,Opalescencia,opalescence,0
http://aims.fao.org/aos/agrovoc/c_13483,偏振,polarization,Polarización,polarisation,0
http://aims.fao.org/aos/agrovoc/c_14960,半透明,translucence,Traslucencia,translucidité,0
http://aims.fao.org/aos/agrovoc/c_14964,透明性,transparency (optical),Transparencia (óptica),transparence (optique),0
http://aims.fao.org/aos/agrovoc/c_15043,浊度,turbidity,Turbidez,turbidité,0
http://aims.fao.org/aos/agrovoc/c_28412,折射率,refractive index,Índice de refracción,indice de réfraction,0
http://aims.fao.org/aos/agrovoc/c_28538,反射比,reflectance,Reflectancia,réflectance,0
http://aims.fao.org/aos/agrovoc/c_33924,吸光度,absorbance,Absorbancia,absorbance,0
http://aims.fao.org/aos/agrovoc/c_50122,衍射,diffraction,Difracción,diffraction,0
http://aims.fao.org/aos/agrovoc/c_5718,渗透性,permeability,Permeabilidad,perméabilité,0
http://aims.fao.org/aos/agrovoc/c_25304,持水量,water holding capacity,Capacidad de retención de agua,capacité de rétention d'eau,0
http://aims.fao.org/aos/agrovoc/c_34125,土壤水力学性质,soil hydraulic properties,Propiedad hidráulica del suelo,propriété hydraulique du sol,0
http://aims.fao.org/aos/agrovoc/c_5753,酸碱度,pH,pH,pH,0
http://aims.fao.org/aos/agrovoc/c_33956,血液pH值,blood pH,pH de la sangre,pH du sang,0
http://aims.fao.org/aos/agrovoc/c_34901,土壤pH值,soil pH,pH del suelo,pH du sol,0
http://aims.fao.org/aos/agrovoc/c_36313,根际pH值,rhizosphere pH,pH de la rizosfera,pH de la rhizosphère,0
http://aims.fao.org/aos/agrovoc/c_6426,放射性,radioactivity,Radiactividad,radioactivité,0
http://aims.fao.org/aos/agrovoc/c_6482,氧化还原电位,redox potential,Potencial redox,potentiel redox,0
http://aims.fao.org/aos/agrovoc/c_6553,流变性能,rheological properties,Propiedad reológica,propriété rhéologique,0
http://aims.fao.org/aos/agrovoc/c_24152,稠度,consistency,Consistencia,consistance,0
http://aims.fao.org/aos/agrovoc/c_15219,黏性,viscosity,Viscosidad,viscosité,0
http://aims.fao.org/aos/agrovoc/c_7409,黏稠度,stickiness,Adhesividad,adhésivité,0
http://aims.fao.org/aos/agrovoc/c_28498,可塑性,plasticity,Plasticidad,plasticité,0
http://aims.fao.org/aos/agrovoc/c_28582,铺展性,spreadability,Untosidad,tartinabilité,0
http://aims.fao.org/aos/agrovoc/c_6751,盐度,salinity,Salinidad,salinité,0
http://aims.fao.org/aos/agrovoc/c_35317,土壤盐渍度,soil salinity,Salinidad del suelo,salinité du sol,0
http://aims.fao.org/aos/agrovoc/c_7233,溶解度,solubility,Solubilidad,solubilité,0
http://aims.fao.org/aos/agrovoc/c_7531,表面张力,surface tension,Tensión de la superficie,tension superficielle,0
http://aims.fao.org/aos/agrovoc/c_7718,热力性质,thermal properties,Propiedad térmica,propriété thermique,0
http://aims.fao.org/aos/agrovoc/c_7200,土壤热量状况,soil thermal regimes,Régimen térmico del suelo,régime thermique du sol,0
http://aims.fao.org/aos/agrovoc/c_7282,比热,specific heat,Calor específico,chaleur spécifique,0
http://aims.fao.org/aos/agrovoc/c_7657,温度,temperature,Temperatura,température,0
http://aims.fao.org/aos/agrovoc/c_230,气温,air temperature,Temperatura del aire,température de l'air,0
http://aims.fao.org/aos/agrovoc/c_34204,环境空气温度,environmental air temperature,Temperatura del aire ambiental,température de l'air ambiant,0
http://aims.fao.org/aos/agrovoc/c_3764,体温过高,hyperthermia,Hipertermia,hyperthermie,0
http://aims.fao.org/aos/agrovoc/c_11692,体温过低,hypothermia,Hipotermia,hypothermie,0
http://aims.fao.org/aos/agrovoc/c_13770,直肠温度,rectal temperature,Temperatura rectal,température rectale,0
http://aims.fao.org/aos/agrovoc/c_14324,皮肤温度,skin temperature,Temperatura de la piel,température de la peau,0
http://aims.fao.org/aos/agrovoc/c_1743,冷,cold,Frio,froid,0
http://aims.fao.org/aos/agrovoc/c_2598,环境温度,environmental temperature,Temperatura ambiental,température ambiante,0
http://aims.fao.org/aos/agrovoc/c_34205,环境水温,environmental water temperature,Temperatura del agua ambiental,température d'eau environnementale,0
http://aims.fao.org/aos/agrovoc/c_7197,土壤温度,soil temperature,Temperatura del suelo,température du sol,0
http://aims.fao.org/aos/agrovoc/c_16599,根部温度,root temperature,Temperatura de las raíces,température des racines,0
http://aims.fao.org/aos/agrovoc/c_16063,水温,water temperature,Temperatura del agua,température de l'eau,0
http://aims.fao.org/aos/agrovoc/c_29551,大气温度,atmospheric temperature,Temperatura de la atmósfera,température de l'atmosphère,0
http://aims.fao.org/aos/agrovoc/c_14851,热容量,thermal capacity,Capacidad térmica,capacité calorifique,0
http://aims.fao.org/aos/agrovoc/c_14852,热导率,thermal conductivity,Conductividad térmica,conductivité thermique,0
http://aims.fao.org/aos/agrovoc/c_9000165,热惯性,thermal inertia,Inercia térmica,inertie thermique,0
http://aims.fao.org/aos/agrovoc/c_7720,热化学性质,thermochemical properties,Propiedad termoquímica,propriété thermochimique,0
http://aims.fao.org/aos/agrovoc/c_8312,持水性,water binding capacity,Capacidad de fijación del agua,capacité de liaison de l'eau,0
http://aims.fao.org/aos/agrovoc/c_15846,体重,body weight,Peso corporal,poids corporel,0
http://aims.fao.org/aos/agrovoc/c_16115,初生重,birth weight,Peso al nacimiento,poids à la naissance,0
http://aims.fao.org/aos/agrovoc/c_16152,断乳重,weaning weight,Peso al destete,poids au sevrage,0
http://aims.fao.org/aos/agrovoc/c_37246,窝重,litter weight,Peso de camada,poids de la portée,0
http://aims.fao.org/aos/agrovoc/c_8601,酸性,acidity,Acidez,acidité,0
http://aims.fao.org/aos/agrovoc/c_8720,碱储备,alkali reserve,Reserva alcalina,réserve alcaline,0
http://aims.fao.org/aos/agrovoc/c_8721,碱性,alkalinity,Alcalinidad,alcalinité,0
http://aims.fao.org/aos/agrovoc/c_13520,孔隙度,porosity,Porosidad,porosité,0
http://aims.fao.org/aos/agrovoc/c_15578,质地,texture,Textura,texture,0
http://aims.fao.org/aos/agrovoc/c_25422,硬度,firmness,Firmeza,fermeté,0
http://aims.fao.org/aos/agrovoc/c_15893,化学结构,chemical structure,Estructura química,structure chimique,0
http://aims.fao.org/aos/agrovoc/c_32541,皂化值,saponification value,Índice de saponificación,indice de saponification,0
http://aims.fao.org/aos/agrovoc/c_37202,氨基酸序列,amino acid sequences,Secuencia de aminoácidos,séquence d'acides aminés,0
http://aims.fao.org/aos/agrovoc/c_24425,挥发性,volatility,Volatilidad,volatilité,0
http://aims.fao.org/aos/agrovoc/c_24864,离子交换容量,ion exchange capacity,Capacidad de cambio iónico,capacité d'échange ionique,0
http://aims.fao.org/aos/agrovoc/c_24966,阴离子交换量,anion exchange capacity,Capacidad de cambio aniónico,capacité d'échange anionique,0
http://aims.fao.org/aos/agrovoc/c_24981,阳离子交换量,cation exchange capacity,Capacidad de cambio catiónico,capacité d'échange cationique,0
http://aims.fao.org/aos/agrovoc/c_24929,水分活度,water activity,Actividad del agua,activité de l'eau,0
http://aims.fao.org/aos/agrovoc/c_25209,收缩,shrinkage,Merma,retrait,0
http://aims.fao.org/aos/agrovoc/c_26829,肿胀,swelling,Hinchamiento,gonflement,0
http://aims.fao.org/aos/agrovoc/c_28259,生物降解力,biodegradability,Biodegradabilidad,biodégradabilité,0
http://aims.fao.org/aos/agrovoc/c_36169,瘤胃降解力,rumen degradability,Degradabilidad ruminal,dégradabilité ruminale,0
http://aims.fao.org/aos/agrovoc/c_28410,吸湿性,hygroscopicity,Higroscopicidad,hygroscopicité,0
http://aims.fao.org/aos/agrovoc/c_7212,土壤水分保持力,soil water retention,Retención de agua por el suelo,rétention hydrique du sol,0
http://aims.fao.org/aos/agrovoc/c_28426,可燃性,flammability,Inflamabilidad,inflammabilité,0
http://aims.fao.org/aos/agrovoc/c_33502,疏水性,hydrophobicity,Hidrofobicidad,hydrophobicité,0
http://aims.fao.org/aos/agrovoc/c_35835,克分子渗透压重量浓度,osmolality,Osmolalidad,osmolalité,0
http://aims.fao.org/aos/agrovoc/c_36930,稳定性,stability,Estabilidad,stabilité,0
http://aims.fao.org/aos/agrovoc/c_2491,效率,efficiency,Eficacia,efficacité,0
http://aims.fao.org/aos/agrovoc/c_6214,盈利性,profitability,Rentabilidad,rentabilité,0
http://aims.fao.org/aos/agrovoc/c_8117,用途,uses,Uso,utilisation,0
http://aims.fao.org/aos/agrovoc/c_8439,工作能力,work capacity,Capacidad de trabajo,aptitude au travail,0
http://aims.fao.org/aos/agrovoc/c_36789,利用效率,use efficiency,Eficacia en el uso,efficacité d'utilisation,0
http://aims.fao.org/aos/agrovoc/c_36790,水分利用效率,water-use efficiency,Eficacia en el uso del agua,efficience d'utilisation de l'eau,0
http://aims.fao.org/aos/agrovoc/c_29772,加工品质,processing quality,Calidad de procesamiento,qualité technologique,0
http://aims.fao.org/aos/agrovoc/c_32613,运输性能,transporting quality,Aptitud para el transporte,aptitude au transport,0
http://aims.fao.org/aos/agrovoc/c_35879,氧化稳定性,oxidative stability,Estabilidad oxidativa,stabilité oxydative,0
http://aims.fao.org/aos/agrovoc/c_4929,月相,moon phases,Fase de la luna,phase de la lune,0
http://aims.fao.org/aos/agrovoc/c_5809,光周期性,photoperiodicity,Fotoperiodismo,photopériodicité,0
http://aims.fao.org/aos/agrovoc/c_5732,农药性质,pesticidal properties,Propiedad plaguicida,propriété des pesticides,0
http://aims.fao.org/aos/agrovoc/c_7826,毒性,toxicity,Toxicidad,toxicité,0
http://aims.fao.org/aos/agrovoc/c_5735,农药持久性,pesticide persistence,Persistencia de los plaguicidas,persistance des pesticides,0
http://aims.fao.org/aos/agrovoc/c_28319,化学污染,chemical contamination,Contaminación química,contamination chimique,0
http://aims.fao.org/aos/agrovoc/c_5737,农药专化性,pesticide specificity,Especificidad del plaguicida,spécificité des pesticides,0
http://aims.fao.org/aos/agrovoc/c_23873,农药的选择性,pesticide selectivity,Selectividad de los plaguicidas,sélectivité des pesticides,0
http://aims.fao.org/aos/agrovoc/c_36817,杀螨剂选择性,acaricide selectivity,Selectividad acaricida,Sélectivité acaricide,0
http://aims.fao.org/aos/agrovoc/c_36818,杀菌剂选择性,fungicide selectivity,Selectividad fungicida,Sélectivité fongicide,0
http://aims.fao.org/aos/agrovoc/c_36819,杀虫剂选择性,insecticide selectivity,Selectividad insecticida,Sélectivité insecticide,0
http://aims.fao.org/aos/agrovoc/c_36820,选择性灭鼠剂,rodenticide selectivity,Selectividad rodenticida,Sélectivité rodenticide,0
http://aims.fao.org/aos/agrovoc/c_37583,除草剂选择性,herbicide selectivity,Selectividad de los herbicidas,sélectivité des herbicides,0
http://aims.fao.org/aos/agrovoc/c_25255,杀卵特性,ovicidal properties,Propiedad ovicida de pesticidas,propriété ovicide des pesticides,0
http://aims.fao.org/aos/agrovoc/c_36810,杀幼虫特性,larvicidal properties,Propiedad larvicida,propriété larvicide,0
http://aims.fao.org/aos/agrovoc/c_36812,杀螨特性,acaricidal properties,Propiedad acaricida,propriété acaricide,0
http://aims.fao.org/aos/agrovoc/c_36813,杀真菌特性,fungicidal properties,Propiedad fungicida,propriété fongicide,0
http://aims.fao.org/aos/agrovoc/c_36814,除草特性,herbicidal properties,Propiedad herbicida,propriété herbicide,0
http://aims.fao.org/aos/agrovoc/c_36815,杀虫特性,insecticidal properties,Propiedad insecticida,propriété insecticide,0
http://aims.fao.org/aos/agrovoc/c_36816,杀鼠特性,rodenticidal properties,Propiedad rodenticida,propriété rodenticide,0
http://aims.fao.org/aos/agrovoc/c_6210,生产力,productivity,Productividad,productivité,0
http://aims.fao.org/aos/agrovoc/c_1273,资本生产率,capital productivity,Interes del capital,productivité du capital,0
http://aims.fao.org/aos/agrovoc/c_4130,劳动生产率,labour productivity,Productividad del trabajo,productivité du travail,0
http://aims.fao.org/aos/agrovoc/c_36768,工作成绩,job performance,Actuación profesional,Performance professionelle,0
http://aims.fao.org/aos/agrovoc/c_4176,土地生产率,land productivity,Productividad de la tierra,productivité des terres,0
http://aims.fao.org/aos/agrovoc/c_28727,边际效用,marginal utility,Utilidad marginal,utilité marginale,0
http://aims.fao.org/aos/agrovoc/c_16098,经济生存能力,economic viability,Viabilidad económica,viabilité économique,0
http://aims.fao.org/aos/agrovoc/c_29195,可接受性,acceptability,Aceptabilidad,acceptabilité,0
http://aims.fao.org/aos/agrovoc/c_1794,化学成分,chemical composition,Composición quimica,composition chimique,0
http://aims.fao.org/aos/agrovoc/c_2267,可消化纤维素,digestible cellulose,Celulosa asimilable,cellulose digestible,0
http://aims.fao.org/aos/agrovoc/c_2269,可消化氮,digestible nitrogen,Nitrógeno asimilable,matière azotée digestible,0
http://aims.fao.org/aos/agrovoc/c_2270,可消化淀粉,digestible starch,Almidón asimilable,amidon digestible,0
http://aims.fao.org/aos/agrovoc/c_7371,淀粉价,starch equivalent,Valor almidón,valeur amidon,0
http://aims.fao.org/aos/agrovoc/c_7820,总消化养分,total digestible nutrients,Conjunto de nutrientes asimilables,matière digestible totale,0
http://aims.fao.org/aos/agrovoc/c_6257,蛋白质品质,protein quality,Calidad proteica,qualité protéique,0
http://aims.fao.org/aos/agrovoc/c_787,烘烤特性,baking characteristics,Característica de la cocción,aptitude boulangère,0
http://aims.fao.org/aos/agrovoc/c_10613,能量值,energy value,Valor energético,valeur énergetique,0
http://aims.fao.org/aos/agrovoc/c_26881,饲料单位,feed units,Unidad forrajera,unité fourragère,0
http://aims.fao.org/aos/agrovoc/c_32416,粗脂肪,crude fat,Grasa bruta,graisse brute,0
http://aims.fao.org/aos/agrovoc/c_10893,味,flavour,Sabor,flaveur,0
http://aims.fao.org/aos/agrovoc/c_15722,苦味,bitterness,Amargo,amertume,0
http://aims.fao.org/aos/agrovoc/c_15723,甜味,sweetness,Dulzura,douceur,0
http://aims.fao.org/aos/agrovoc/c_13032,适口性,palatability,Palatabilidad,palatabilité,0
http://aims.fao.org/aos/agrovoc/c_28336,臭味,off flavours,Defecto de sabor,défaut de flaveur,0
http://aims.fao.org/aos/agrovoc/c_36101,公猪膻味,boar taint,Olor sexual,odeur sexuelle de viande porcine,0
http://aims.fao.org/aos/agrovoc/c_28590,嫩度,tenderness,Ternura,tendreté,0
http://aims.fao.org/aos/agrovoc/c_34302,多汁,juiciness,Jugosidad,jutosité,0
http://aims.fao.org/aos/agrovoc/c_13591,产品质量,product quality,Calidad del producto,qualité du produit,0
http://aims.fao.org/aos/agrovoc/c_14172,种子品质,seed quality,Calidad de la semilla,qualité des semences,0
http://aims.fao.org/aos/agrovoc/c_16061,水质,water quality,Calidad del agua,qualité de l'eau,0
http://aims.fao.org/aos/agrovoc/c_25423,水硬度,water hardness,Dureza del agua,dureté de l'eau,0
http://aims.fao.org/aos/agrovoc/c_24158,缺陷,defects,Defecto,défaut,0
http://aims.fao.org/aos/agrovoc/c_26812,纯度,purity,Pureza,pureté,0
http://aims.fao.org/aos/agrovoc/c_28317,玷污,contamination,Contaminación,contamination,0
http://aims.fao.org/aos/agrovoc/c_10962,食品污染,food contamination,Contaminación alimentaria,contamination des aliments,0
http://aims.fao.org/aos/agrovoc/c_28318,生物污染,biological contamination,Contaminación biológica,contamination biologique,0
http://aims.fao.org/aos/agrovoc/c_28321,放射性污染,radioactive contamination,Contaminación radiactiva,contamination radioactive,0
http://aims.fao.org/aos/agrovoc/c_32389,生物蓄积,bioaccumulation,Bioacumulación,bioaccumulation,0
http://aims.fao.org/aos/agrovoc/c_330711,蒸煮品质,cooking quality,Calidad de cocción,qualité de cuisson,0
http://aims.fao.org/aos/agrovoc/c_330714,米饭的蒸煮品质,cooking rice quality,Calidad del arroz para cocinar,qualité du riz de cuisson,0
http://aims.fao.org/aos/agrovoc/c_330814,碾磨品质,milling quality,Calidad molinera,qualité meunière,0
http://aims.fao.org/aos/agrovoc/c_5629,致病性,pathogenicity,Patogenicidad,pouvoir pathogène,0
http://aims.fao.org/aos/agrovoc/c_141,副作用,side effects,Efecto secundario,effet secondaire,0
http://aims.fao.org/aos/agrovoc/c_1829,接触毒性,contact toxicity,Toxicidad por contacto,toxicité de contact,0
http://aims.fao.org/aos/agrovoc/c_3140,薰剂毒性,fumigant toxicity,Toxicidad del fumigante,toxicité des fumigants,0
http://aims.fao.org/aos/agrovoc/c_3868,摄入毒性,ingestion toxicity,Toxicidad por ingestión,toxicité par ingestion,0
http://aims.fao.org/aos/agrovoc/c_5848,植物毒性,phytotoxicity,Fitotoxicidad,phytotoxicité,0
http://aims.fao.org/aos/agrovoc/c_10797,肥料伤害,fertilizer injury,Daño por abono,dégât par engrais,0
http://aims.fao.org/aos/agrovoc/c_7201,土壤毒性,soil toxicity,Toxicidad del suelo,toxicité du sol,0
http://aims.fao.org/aos/agrovoc/c_7170,土壤肥力,soil fertility,Fertilidad del suelo,fertilité du sol,0
http://aims.fao.org/aos/agrovoc/c_10472,药物毒性,drug toxicity,Toxicidad de los medicamentos,toxicité des médicaments,0
http://aims.fao.org/aos/agrovoc/c_13265,农药毒性,pesticide toxicity,Toxicidad de los pesticidas,toxicité des pesticides,0
http://aims.fao.org/aos/agrovoc/c_32503,致癌性,oncogenicity,Oncogenicidad,oncogénicité,0
http://aims.fao.org/aos/agrovoc/c_34076,光毒性,phototoxicity,Fototoxicidad,phototoxicité,0
http://aims.fao.org/aos/agrovoc/c_34251,细胞毒性,cytotoxicity,Citotoxicidad,cytotoxicité,0
http://aims.fao.org/aos/agrovoc/c_34316,神经毒性,neurotoxicity,Neurotoxicidad,neurotoxicité,0
http://aims.fao.org/aos/agrovoc/c_34781,急性毒性,acute toxicity,Toxicidad aguda,toxicité aiguë,0
http://aims.fao.org/aos/agrovoc/c_34808,慢性毒性,chronic toxicity,Toxicidad crónica,toxicité chronique,0
http://aims.fao.org/aos/agrovoc/c_34866,突变性,mutagenicity,Mutagenicidad,mutagénicite,0
http://aims.fao.org/aos/agrovoc/c_36150,基因毒性,genotoxicity,Genotoxicidad,génotoxicité,0
http://aims.fao.org/aos/agrovoc/c_36259,生态毒性,ecotoxicity,Ecotoxicidad,écotoxicité,0
http://aims.fao.org/aos/agrovoc/c_36321,致畸性,teratogenicity,Teratogenicidad,tératogénicité,0
http://aims.fao.org/aos/agrovoc/c_34052,多种用途,multiple use,Uso múltiple,utilisation multiple,0
http://aims.fao.org/aos/agrovoc/c_35343,传统用途,traditional uses,Uso tradicional,utilisation traditionnelle,0
http://aims.fao.org/aos/agrovoc/c_36210,工业用途,industrial uses,Utilización industrial,usage industriel,0
http://aims.fao.org/aos/agrovoc/c_8265,能见度,visibility,Visibilidad,visibilité,0
http://aims.fao.org/aos/agrovoc/c_5365,操作舒适性,operator comfort,Confort del operador,confort de l'opérateur,0
http://aims.fao.org/aos/agrovoc/c_15945,植物成分,botanical composition,Composición botánica,composition botanique,0
http://aims.fao.org/aos/agrovoc/c_15992,土地适宜性,land suitability,Vocación de la tierra,aptitude des terres,0
http://aims.fao.org/aos/agrovoc/c_25197,药物属性,medicinal properties,Propiedad medicinal,propriété pharmacologique,0
http://aims.fao.org/aos/agrovoc/c_25689,设备特性,equipment characteristics,Característica de la maquinaria,caractéristique du matériel,0
http://aims.fao.org/aos/agrovoc/c_25978,牵引力,tractive effort,Fuerza de tracción,effort de traction,0
http://aims.fao.org/aos/agrovoc/c_26008,设备可靠性,equipment reliability,Fiabilidad de la maquinaria,fiabilité du matériel,0
http://aims.fao.org/aos/agrovoc/c_26102,车辆性能,vehicle performance,Desempeño de un vehículo,performance du véhicule,0
http://aims.fao.org/aos/agrovoc/c_29056,使用寿命,service life,Vida del equipo,durée d'utilisation du matériel,0
http://aims.fao.org/aos/agrovoc/c_26123,四轮驱动,four wheel drive,Cuatro ruedas motrices,quatre roues motrices,0
http://aims.fao.org/aos/agrovoc/c_330881,便携性,portability,Portabilidad,portabilité,0
http://aims.fao.org/aos/agrovoc/c_26756,抗菌剂属性,antimicrobial properties,Propiedad antimicrobiana,propriété antimicrobienne,0
http://aims.fao.org/aos/agrovoc/c_26757,抗真菌属性,antifungal properties,Propiedad antimicosica,propriété antifongique,0
http://aims.fao.org/aos/agrovoc/c_29583,风向,wind direction,Dirección del viento,direction du vent,0
http://aims.fao.org/aos/agrovoc/c_33560,可持续性,sustainability,Sostenibilidad,durabilité,0
http://aims.fao.org/aos/agrovoc/c_35823,木材纹理特征,grain and figure (wood),Veta y dibujo (madera),fil et veinure du bois,0
http://aims.fao.org/aos/agrovoc/c_34910,林分特征,stand characteristics,Característica del rodal,caractéristique du peuplement,0
http://aims.fao.org/aos/agrovoc/c_34911,林分结构,stand structure,Estructura del rodal,structure du peuplement,0
http://aims.fao.org/aos/agrovoc/c_35781,林分密度,stand density,Densidad del rodal,densité du peuplement,0
http://aims.fao.org/aos/agrovoc/c_49830,能力,ability,Habilidad,capacité,0
http://aims.fao.org/aos/agrovoc/c_4385,识字,literacy,Alfabetización,alphabétisation,0
http://aims.fao.org/aos/agrovoc/c_11707,文盲,illiteracy,Analfabetismo,analphabétisme,0
http://aims.fao.org/aos/agrovoc/c_4740,心智能力,mental ability,Capacidad mental,capacité mentale,0
http://aims.fao.org/aos/agrovoc/c_11805,智能,intelligence,Inteligencia,intelligence,0
http://aims.fao.org/aos/agrovoc/c_12120,学习能力,learning capacity,Capacidad de aprendizaje,capacité d'apprentissage,0
http://aims.fao.org/aos/agrovoc/c_36912,记忆,memory,Memoria,mémoire,0
http://aims.fao.org/aos/agrovoc/c_8261,毒力,virulence,Virulencia,virulence,0
http://aims.fao.org/aos/agrovoc/c_35004,无毒性,avirulence,Avirulencia,avirulence,0
http://aims.fao.org/aos/agrovoc/c_35005,低毒力,hypovirulence,Hipovirulencia,hypovirulence,0
http://aims.fao.org/aos/agrovoc/c_29773,处理能力,processing ability,Capacidad de procesamiento,capacité de traitement,0
http://aims.fao.org/aos/agrovoc/c_36550,负载力,carrying capacity,Capacidad de carga,capacité de charge,0
http://aims.fao.org/aos/agrovoc/c_36703,定居能力,colonizing ability,Aptitud colonizadora,aptitude à coloniser,0
http://aims.fao.org/aos/agrovoc/c_49831,互操作性,interoperability,Interoperabilidad,interopérabilité,0
http://aims.fao.org/aos/agrovoc/c_330883,土壤性质,soil properties,Propiedad del suelo,propriété du sol,0
http://aims.fao.org/aos/agrovoc/c_7182,土壤理化特性,soil chemicophysical properties,Propiedad físico - química suelo,propriété physicochimique du sol,0
http://aims.fao.org/aos/agrovoc/c_7196,土壤结构,soil structure,Estructura del suelo,structure du sol,0
http://aims.fao.org/aos/agrovoc/c_7184,土壤孔隙系统,soil pore system,Sistema poroso del suelo,système poral du sol,0
http://aims.fao.org/aos/agrovoc/c_14398,土壤渗透性,soil permeability,Permeabilidad del suelo,perméabilité du sol,0
http://aims.fao.org/aos/agrovoc/c_35318,土壤大孔隙,soil macropores,Macroporo del suelo,macropore du sol,0
http://aims.fao.org/aos/agrovoc/c_35319,土壤微孔隙,soil micropores,Microporo del suelo,micropore du sol,0
http://aims.fao.org/aos/agrovoc/c_7195,土壤结构单元,soil structural units,Unidad estructural del suelo,unité structurale du sol,0
http://aims.fao.org/aos/agrovoc/c_34900,土块,soil clods,Terrón,motte de terre,0
http://aims.fao.org/aos/agrovoc/c_7199,土壤质地,soil texture,Textura del suelo,texture du sol,0
http://aims.fao.org/aos/agrovoc/c_7190,土壤粒组,soil separates,Fracción del suelo,fraction du sol,0
http://aims.fao.org/aos/agrovoc/c_7210,吸水压(土壤),soil water potential,Potencial hídrico del suelo,potentiel hydrique du sol,0
http://aims.fao.org/aos/agrovoc/c_35950,水势力,hydraulic potential (soil),Potencial hidráulico (suelo),potentiel hydraulique (sol),0
http://aims.fao.org/aos/agrovoc/c_35951,基质势,matric potential (soil),Potencial matricial (suelo),potentiel matriciel du sol,0
http://aims.fao.org/aos/agrovoc/c_7211,土壤水分状况,soil water regimes,Régimen hídrico del suelo,régime hydrique du sol,0
http://aims.fao.org/aos/agrovoc/c_7206,土壤水分平衡,soil water balance,Balance hídrico del suelo,bilan hydrique du sol,0
http://aims.fao.org/aos/agrovoc/c_8333,渍水,waterlogging,Anegamiento,engorgement du sol,0
http://aims.fao.org/aos/agrovoc/c_15868,土壤吸附,soil sorption,Sorción del suelo,sorption du sol,0
http://aims.fao.org/aos/agrovoc/c_25399,土壤强度,soil strength,Esfuerzo del suelo,résistance mécanique du sol,0
http://aims.fao.org/aos/agrovoc/c_32444,土壤水分常数,soil water constants,Constante de aguas en el suelo,constante hydrique du sol,0
http://aims.fao.org/aos/agrovoc/c_32445,田间持水量,field capacity,Capacidad de campo,capacité au champ,0
http://aims.fao.org/aos/agrovoc/c_32626,萎蔫点,wilting point,Punto de marchitamiento,point de flétrissement,0
http://aims.fao.org/aos/agrovoc/c_7208,土壤含水量,soil water content,Contenido de agua en el suelo,teneur en eau du sol,0
http://aims.fao.org/aos/agrovoc/c_25307,土壤水分亏缺,soil moisture deficit,Déficit de humedad en el suelo,déficit d'humidité du sol,0
http://aims.fao.org/aos/agrovoc/c_35388,径流,runoff,Escorrentia,ruissellement,0
http://aims.fao.org/aos/agrovoc/c_35389,地下径流,subsurface runoff,Escorrentia subterránea,ruissellement souterrain,0
http://aims.fao.org/aos/agrovoc/c_25579,导水率,hydraulic conductivity,Conductividad hidráulica,conductivité hydraulique,0
http://aims.fao.org/aos/agrovoc/c_330770,土壤水分特征,soil water characteristics,Característica hídrica del suelo,caractéristique hydrique du sol,0
http://aims.fao.org/aos/agrovoc/c_14702,土壤表面性质,soil surface properties,Propiedad superficie del suelo,propriété de surface du sol,0
http://aims.fao.org/aos/agrovoc/c_35320,土壤孔隙度,soil porosity,Porosidad del suelo,porosité du sol,0
http://aims.fao.org/aos/agrovoc/c_7157,土壤年龄,age of soil,Edad del suelo,âge du sol,0
http://aims.fao.org/aos/agrovoc/c_330916,鲜度,freshness,Frescura,fraîcheur,0
http://aims.fao.org/aos/agrovoc/c_11015,食品新鲜度,freshness of foods,Frescura de los alimentos,fraîcheur des aliments,0
http://aims.fao.org/aos/agrovoc/c_331025,组成,composition,Composición,composition,0
http://aims.fao.org/aos/agrovoc/c_963,血液成分,blood composition,Composición de la sangre,composition du sang,0
http://aims.fao.org/aos/agrovoc/c_3462,血红蛋白,haemoglobin,Hemoglobina,hémoglobine,0
http://aims.fao.org/aos/agrovoc/c_14213,血清白蛋白,serum albumin,Seroalbumina,sérum albumine,0
http://aims.fao.org/aos/agrovoc/c_14958,转铁蛋白,transferrins,Transferrina,transferrine,0
http://aims.fao.org/aos/agrovoc/c_27517,红细胞生成素,erythropoietin,Eritropoietina,érythropoïétine,0
http://aims.fao.org/aos/agrovoc/c_34825,血纤维蛋白原,fibrinogen,Fibrinógeno,fibrinogène,0
http://aims.fao.org/aos/agrovoc/c_37243,瘦素,leptin,Leptín,leptine,0
http://aims.fao.org/aos/agrovoc/c_4358,血脂,blood lipids,Hemolípido,lipide sanguin,0
http://aims.fao.org/aos/agrovoc/c_35029,血气,blood gases,Gas sanguíneo,gaz sanguin,0
http://aims.fao.org/aos/agrovoc/c_1384,渔获物组成,catch composition,Composición de la captura,composition de la capture,0
http://aims.fao.org/aos/agrovoc/c_15949,副渔获物,bycatch,Captura incidental,capture accessoire,0
http://aims.fao.org/aos/agrovoc/c_32803,近似组分,proximate composition,Composición aproximada,composition globale,0
http://aims.fao.org/aos/agrovoc/c_10770,饲料成分,feed composition,Composición de piensos,composition des aliments pour animaux,0
http://aims.fao.org/aos/agrovoc/c_665,灰分含量,ash content,Contenido de ceniza,teneur en cendres,0
http://aims.fao.org/aos/agrovoc/c_4848,矿物质含量,mineral content,Contenido mineral,teneur en éléments minéraux,0
http://aims.fao.org/aos/agrovoc/c_1298,碳水化物含量,carbohydrate content,Contenido de carbohidratos,teneur en glucides,0
http://aims.fao.org/aos/agrovoc/c_1983,粗纤维,crude fibre,Fibra bruta,fibre brute,0
http://aims.fao.org/aos/agrovoc/c_2398,干物质含量,dry matter content,Contenido de materia seca,teneur en matière sèche,0
http://aims.fao.org/aos/agrovoc/c_4360,脂质含量,lipid content,Contenido de lípidos,teneur en lipides,0
http://aims.fao.org/aos/agrovoc/c_5193,含氮量,nitrogen content,Contenido de nitrógeno,teneur en azote,0
http://aims.fao.org/aos/agrovoc/c_5388,有机质含量,organic matter content,Contenido de materia orgánica,teneur en matière organique,0
http://aims.fao.org/aos/agrovoc/c_5773,酚醛含量,phenolic content,Contenido fenólico,teneur en phénols,0
http://aims.fao.org/aos/agrovoc/c_6251,蛋白质含量,protein content,Contenido proteico,teneur en protéines,0
http://aims.fao.org/aos/agrovoc/c_330614,粗蛋白含量,crude protein content,Contenido de proteína cruda,teneur en protéines brutes,0
http://aims.fao.org/aos/agrovoc/c_8270,维生素含量,vitamin content,Contenido vitamínico,teneur en vitamines,0
http://aims.fao.org/aos/agrovoc/c_24055,非蛋白氮,nonprotein nitrogen,Nitrógeno no protéico,azote non protéique,0
http://aims.fao.org/aos/agrovoc/c_28428,不皂化部分,unsaponifiable fraction,Fracción insaponificable,fraction insaponifiable,0
http://aims.fao.org/aos/agrovoc/c_330615,非蛋白氮含量,nonprotein nitrogen content,Contenido de hidrógeno no proteico,teneur en azote non protéique,0
http://aims.fao.org/aos/agrovoc/c_330618,粗纤维含量,crude fibre content,Contenido de fibra cruda,teneur en fibres brutes,0
http://aims.fao.org/aos/agrovoc/c_1374480530924,恢复力,resilience,Resiliencia,résilience,0
http://aims.fao.org/aos/agrovoc/c_1374848192478,森林抵御力,forest resilience,Resiliencia forestal,résilience des forêts,0
http://aims.fao.org/aos/agrovoc/c_49904,生物体,organisms,Organismo,organisme,0
http://aims.fao.org/aos/agrovoc/c_444,动物,animals,Animal,animal,0
http://aims.fao.org/aos/agrovoc/c_552,水生动物,aquatic animals,Animal acuático,animal aquatique,0
http://aims.fao.org/aos/agrovoc/c_359,两栖动物,amphibians,Anfibio,Amphibien,0
http://aims.fao.org/aos/agrovoc/c_1962,鳄鱼,crocodiles,Cocodrilo,crocodile,0
http://aims.fao.org/aos/agrovoc/c_8023,海龟,turtles,Tortuga marina,tortue de mer,0
http://aims.fao.org/aos/agrovoc/c_276,鼍科,alligators,Caimán,alligator,0
http://aims.fao.org/aos/agrovoc/c_555,水生昆虫,aquatic insects,Insecto acuático,insecte aquatique,0
http://aims.fao.org/aos/agrovoc/c_556,水生哺乳动物,aquatic mammals,Mamífero acuático,mammifère aquatique,0
http://aims.fao.org/aos/agrovoc/c_2354,海豚类,dolphins,Delfín,dauphin,0
http://aims.fao.org/aos/agrovoc/c_2407,儒艮,dugongs,Vaca marina,dugong,0
http://aims.fao.org/aos/agrovoc/c_4567,海牛属动物,manatees,Manatí,lamantin,0
http://aims.fao.org/aos/agrovoc/c_6122,鼠海豚类,porpoises,Marsopa,marsouin,0
http://aims.fao.org/aos/agrovoc/c_8372,鲸类动物,whales,Ballena,baleine,0
http://aims.fao.org/aos/agrovoc/c_4670,肉畜,meat animals,Animal de carne,animal à viande,0
http://aims.fao.org/aos/agrovoc/c_1882,珊瑚,corals,Coral,corail,0
http://aims.fao.org/aos/agrovoc/c_2943,鱼类,fishes,Pez,poisson (animal),0
http://aims.fao.org/aos/agrovoc/c_3181,游钓鱼类,game fishes,Especie de pesca deportiva,poisson de pêche sportive,0
http://aims.fao.org/aos/agrovoc/c_5244,有害鱼类,noxious fishes,Pez nocivo,poisson nuisible,0
http://aims.fao.org/aos/agrovoc/c_5413,观赏鱼类,ornamental fishes,Pez ornamental,poisson ornemental,0
http://aims.fao.org/aos/agrovoc/c_1005,硬骨鱼类,bony fishes,Pez óseo,poisson osseux,0
http://aims.fao.org/aos/agrovoc/c_96,鲟形目,Acipenseriformes,Acipenseriformes,Acipenseriformes,0
http://aims.fao.org/aos/agrovoc/c_38964,鲟科,Acipenseridae,Acipenseridae,Acipenseridae,0
http://aims.fao.org/aos/agrovoc/c_38983,Scaphirhynchus platorynchus,Scaphirhynchus platorynchus,Scaphirhynchus platorynchus,Scaphirhynchus platorynchus,0
http://aims.fao.org/aos/agrovoc/c_38984,Scaphirhynchus albus,Scaphirhynchus albus,Scaphirhynchus albus,Scaphirhynchus albus,0
http://aims.fao.org/aos/agrovoc/c_38987,短尾拟铲鲟,Pseudoscaphirhynchus hermanni,Pseudoscaphirhynchus hermanni,Pseudoscaphirhynchus hermanni,0
http://aims.fao.org/aos/agrovoc/c_38988,丝尾拟铲鲟,Pseudoscaphirhynchus kaufmanni,Pseudoscaphirhynchus kaufmanni,Pseudoscaphirhynchus kaufmanni,0
http://aims.fao.org/aos/agrovoc/c_95,鲟属,Acipenser,Acipenser,Acipenser,0
http://aims.fao.org/aos/agrovoc/c_37765,西伯利亚鲟,Acipenser baerii,Acipenser baerii,Acipenser baerii,0
http://aims.fao.org/aos/agrovoc/c_38974,短吻鲟,Acipenser brevirostrum,Acipenser brevirostrum,Acipenser brevirostrum,0
http://aims.fao.org/aos/agrovoc/c_38977,达氏鲟,Acipenser dabryanus,Acipenser dabryanus,Acipenser dabryanus,0
http://aims.fao.org/aos/agrovoc/c_38971,湖鲟,Acipenser fulvescens,Acipenser fulvescens,Acipenser fulvescens,0
http://aims.fao.org/aos/agrovoc/c_38966,俄罗斯鲟,Acipenser gueldenstaedtii,Acipenser gueldenstaedtii,Acipenser gueldenstaedtii,0
http://aims.fao.org/aos/agrovoc/c_38978,中吻鲟,Acipenser medirostris,Acipenser medirostris,Acipenser medirostris,0
http://aims.fao.org/aos/agrovoc/c_38979,米氏鲟,Acipenser mikadoi,Acipenser mikadoi,Acipenser mikadoi,0
http://aims.fao.org/aos/agrovoc/c_38982,多鳞鲟,Acipenser multiscutatus,Acipenser multiscutatus,Acipenser multiscutatus,0
http://aims.fao.org/aos/agrovoc/c_38967,纳氏鲟,Acipenser naccarii,Acipenser naccarii,Acipenser naccarii,0
http://aims.fao.org/aos/agrovoc/c_38970,裸腹鲟,Acipenser nudiventris,Acipenser nudiventris,Acipenser nudiventris,0
http://aims.fao.org/aos/agrovoc/c_38972,Acipenser oxyrinchus,Acipenser oxyrinchus,Acipenser oxyrinchus,Acipenser oxyrinchus,0
http://aims.fao.org/aos/agrovoc/c_38980,里海鲟,Acipenser persicus,Acipenser persicus,Acipenser persicus,0
http://aims.fao.org/aos/agrovoc/c_38968,小体鲟,Acipenser ruthenus,Acipenser ruthenus,Acipenser ruthenus,0
http://aims.fao.org/aos/agrovoc/c_38976,史氏鲟,Acipenser schrenckii,Acipenser schrenckii,Acipenser schrenckii,0
http://aims.fao.org/aos/agrovoc/c_38981,中华鲟,Acipenser sinensis,Acipenser sinensis,Acipenser sinensis,0
http://aims.fao.org/aos/agrovoc/c_38969,闪光鲟,Acipenser stellatus,Acipenser stellatus,Acipenser stellatus,0
http://aims.fao.org/aos/agrovoc/c_38965,鲟,Acipenser sturio,Acipenser sturio,Acipenser sturio,0
http://aims.fao.org/aos/agrovoc/c_38973,高首鲟,Acipenser transmontanus,Acipenser transmontanus,Acipenser transmontanus,0
http://aims.fao.org/aos/agrovoc/c_3700,鳇属,Huso,Huso,Huso,0
http://aims.fao.org/aos/agrovoc/c_38986,鳇,Huso dauricus,Huso dauricus,Huso dauricus,0
http://aims.fao.org/aos/agrovoc/c_38985,黑海鳇,Huso huso,Huso huso,Huso huso,0
http://aims.fao.org/aos/agrovoc/c_38990,匙吻鱘科,Polyodontidae,Polyodontidae,Polyodontidae,0
http://aims.fao.org/aos/agrovoc/c_6080,匙吻鲟属,Polyodon,Polyodon,Polyodon,0
http://aims.fao.org/aos/agrovoc/c_5496,白鲟,paddlefishes,Espatula (pez),Spatule,0
http://aims.fao.org/aos/agrovoc/c_38991,匙吻鲟,Polyodon spathula,Polyodon spathula,Polyodon spathula,0
http://aims.fao.org/aos/agrovoc/c_38992,白鲟,Psephurus gladius,Psephurus gladius,Psephurus gladius,0
http://aims.fao.org/aos/agrovoc/c_348,玉筋鱼亚目,Ammodytoidei,Ammodytoidei,Ammodytoidei,0
http://aims.fao.org/aos/agrovoc/c_347,玉筋鱼属,Ammodytes,Ammodytes,Ammodytes,0
http://aims.fao.org/aos/agrovoc/c_6780,沙鳗,sandeels,Lanzon,lancon,0
http://aims.fao.org/aos/agrovoc/c_3446,裸筋鱼属,Gymnammodytes,Gymnammodytes,Gymnammodytes,0
http://aims.fao.org/aos/agrovoc/c_3762,富筋鱼属,Hyperoplus,Hyperoplus,Hyperoplus,0
http://aims.fao.org/aos/agrovoc/c_419,鳗亚目,Anguilloidei,Anguilloidei,Anguilloidei,0
http://aims.fao.org/aos/agrovoc/c_2490,鳗形鱼类,eels,Anguila (pez),anguille,0
http://aims.fao.org/aos/agrovoc/c_418,鳗鲡属,Anguilla (genus),Anguila (género),Anguilla (genre),0
http://aims.fao.org/aos/agrovoc/c_331446,淡水鳗鱼,freshwater eels,Anguila de agua dulce,anguille d'eau douce,0
http://aims.fao.org/aos/agrovoc/c_1809,康脊鳗属,Conger (genus),Conger,Conger,0
http://aims.fao.org/aos/agrovoc/c_1810,康吉鳗,congers,Congrio,congre,0
http://aims.fao.org/aos/agrovoc/c_3449,裸胸鳝属,Gymnothorax,Gymnothorax,Gymnothorax,0
http://aims.fao.org/aos/agrovoc/c_4935,海鳝,morays,Anguila morena,murène,0
http://aims.fao.org/aos/agrovoc/c_4989,海鳝属,Muraena,Muraena,Muraena,0
http://aims.fao.org/aos/agrovoc/c_798,鳞鲀亚目,Balistoidei,Balistoidei,Balistoidei,0
http://aims.fao.org/aos/agrovoc/c_318,革鲀属,Alutera,Alutera,Alutera,0
http://aims.fao.org/aos/agrovoc/c_2896,鲀形目鱼类,filefish,Pez lima,alutère,0
http://aims.fao.org/aos/agrovoc/c_797,鳞鲀属,Balistes,Balistes,Balistes,0
http://aims.fao.org/aos/agrovoc/c_7925,鳞鲀科鱼类,triggerfish,Pez ballesta,Baliste,0
http://aims.fao.org/aos/agrovoc/c_4913,单角鲀属,Monocanthus,Monocanthus,Monocanthus,0
http://aims.fao.org/aos/agrovoc/c_8454,凹纹鳞鲀属,Xanthichthys,Xanthichthys,Xanthichthys,0
http://aims.fao.org/aos/agrovoc/c_873,颌针鱼目,Beloniformes,Beloniformes,Beloniformes,0
http://aims.fao.org/aos/agrovoc/c_625,星鱵属,Arrhamphus,Arrhamphus,Arrhamphus,0
http://aims.fao.org/aos/agrovoc/c_5102,颔针鱼科鱼类,needlefish,Pez aguja,orphie,0
http://aims.fao.org/aos/agrovoc/c_872,颌针鱼属,Belone,Belone,Belone,0
http://aims.fao.org/aos/agrovoc/c_1766,秋刀鱼属,Cololabis,Cololabis,Cololabis,0
http://aims.fao.org/aos/agrovoc/c_2081,燕鳐鱼属,Cypselurus,Cypselurus,Cypselurus,0
http://aims.fao.org/aos/agrovoc/c_3001,飞鱼科鱼类,flying fish,Pez volador,exocet,0
http://aims.fao.org/aos/agrovoc/c_2752,飞鱼属,Exocoetus,Exocoetus,Exocoetus,0
http://aims.fao.org/aos/agrovoc/c_3557,鱵属,Hemirhamphus,Hemirhamphus,Hemirhamphus,0
http://aims.fao.org/aos/agrovoc/c_3773,下鱵鱼属,Hyporhamphus,Hyporhamphus,Hyporhamphus,0
http://aims.fao.org/aos/agrovoc/c_6219,真燕鳐属,Prognichthys,Prognichthys,Prognichthys,0
http://aims.fao.org/aos/agrovoc/c_6869,竹刀鱼属,Scomberesox,Scomberesox,Scomberesox,0
http://aims.fao.org/aos/agrovoc/c_41357,颌针鱼科,Belonidae,Belonidae,Belonidae,0
http://aims.fao.org/aos/agrovoc/c_41359,颌针鱼,Belone belone,Belone belone,Belone belone,0
http://aims.fao.org/aos/agrovoc/c_41361,南非多耙颌针鱼,Petalichthys capensis,Petalichthys capensis,Petalichthys capensis,0
http://aims.fao.org/aos/agrovoc/c_41362,Platybelone argalus,Platybelone argalus,Platybelone argalus,Platybelone argalus,0
http://aims.fao.org/aos/agrovoc/c_41363,艾氏江颌针鱼,Potamorrhaphis eigenmanni,Potamorrhaphis eigenmanni,Potamorrhaphis eigenmanni,0
http://aims.fao.org/aos/agrovoc/c_41364,横带扁颌针鱼,Ablennes hians,Ablennes hians,Ablennes hians,0
http://aims.fao.org/aos/agrovoc/c_41365,尾斑柱颌针鱼,Strongylura strongylura,Strongylura strongylura,Strongylura strongylura,0
http://aims.fao.org/aos/agrovoc/c_41366,Strongylura exilis,Strongylura exilis,Strongylura exilis,Strongylura exilis,0
http://aims.fao.org/aos/agrovoc/c_41367,Strongylura timucu,Strongylura timucu,Strongylura timucu,Strongylura timucu,0
http://aims.fao.org/aos/agrovoc/c_41368,Strongylura marina,Strongylura marina,Strongylura marina,Strongylura marina,0
http://aims.fao.org/aos/agrovoc/c_41369,无斑柱颌针鱼,Strongylura leiura,Strongylura leiura,Strongylura leiura,0
http://aims.fao.org/aos/agrovoc/c_41371,Tylosurus acus,Tylosurus acus,Tylosurus acus,Tylosurus acus,0
http://aims.fao.org/aos/agrovoc/c_41372,鳄形叉尾颌针鱼,Tylosurus crocodilus,Tylosurus crocodilus,Tylosurus crocodilus,0
http://aims.fao.org/aos/agrovoc/c_41374,斯里兰卡异齿颌针鱼,Xenentodon cancila,Xenentodon cancila,Xenentodon cancila,0
http://aims.fao.org/aos/agrovoc/c_41376,竹刀鱼科,Scomberesocidae,Scomberesocidae,Scomberesocidae,0
http://aims.fao.org/aos/agrovoc/c_41377,Scomberesox saurus,Scomberesox saurus,Scomberesox saurus,Scomberesox saurus,0
http://aims.fao.org/aos/agrovoc/c_41378,Nanichthys simulans,Nanichthys simulans,Nanichthys simulans,Nanichthys simulans,0
http://aims.fao.org/aos/agrovoc/c_41379,秋刀鱼,Cololabis saira,Cololabis saira,Cololabis saira,0
http://aims.fao.org/aos/agrovoc/c_41381,鱵科,Hemiramphidae,Hemiramphidae,Hemiramphidae,0
http://aims.fao.org/aos/agrovoc/c_41382,圆颌鱵,Chriodorus atherinoides,Chriodorus atherinoides,Chriodorus atherinoides,0
http://aims.fao.org/aos/agrovoc/c_41383,短背鳍皮颏鱵,Dermogenys brachynotopterus,Dermogenys brachynotopterus,Dermogenys brachynotopterus,0
http://aims.fao.org/aos/agrovoc/c_41384,蓝背下鱵鱼,Hyporhamphus affinis,Hyporhamphus affinis,Hyporhamphus affinis,0
http://aims.fao.org/aos/agrovoc/c_41385,吉氏下鱵鱼,Hyporhamphus gilli,Hyporhamphus gilli,Hyporhamphus gilli,0
http://aims.fao.org/aos/agrovoc/c_41386,伊氏下鱵鱼,Hyporhamphus ihi,Hyporhamphus ihi,Hyporhamphus ihi,0
http://aims.fao.org/aos/agrovoc/c_41387,劳氏下鱵鱼,Hyporhamphus roberti,Hyporhamphus roberti,Hyporhamphus roberti,0
http://aims.fao.org/aos/agrovoc/c_41388,斯氏下鱵鱼,Hyporhamphus snyderi,Hyporhamphus snyderi,Hyporhamphus snyderi,0
http://aims.fao.org/aos/agrovoc/c_41389,横带下鱵鱼,Hyporhamphus unifasciatus,Hyporhamphus unifasciatus,Hyporhamphus unifasciatus,0
http://aims.fao.org/aos/agrovoc/c_41390,日本下鱵鱼,Hyporhamphus sajori,Hyporhamphus sajori,Hyporhamphus sajori,0
http://aims.fao.org/aos/agrovoc/c_41392,斑鱵,Hemiramphus far,Hemiramphus far,Hemiramphus far,0
http://aims.fao.org/aos/agrovoc/c_41393,巴西鱵,Hemiramphus brasiliensis,Hemiramphus brasiliensis,Hemiramphus brasiliensis,0
http://aims.fao.org/aos/agrovoc/c_41394,Hemiramphus marginatus,Hemiramphus marginatus,Hemiramphus marginatus,Hemiramphus marginatus,0
http://aims.fao.org/aos/agrovoc/c_41395,巴劳鱵,Hemiramphus balao,Hemiramphus balao,Hemiramphus balao,0
http://aims.fao.org/aos/agrovoc/c_41397,金斑齿鱵,Hemirhamphodon chrysopunctatus,Hemirhamphodon chrysopunctatus,Hemirhamphodon chrysopunctatus,0
http://aims.fao.org/aos/agrovoc/c_41398,长吻鱵,Euleptorhamphus viridis,Euleptorhamphus viridis,Euleptorhamphus viridis,0
http://aims.fao.org/aos/agrovoc/c_41399,南海黑蛇鱵,Melapedalion breve,Melapedalion breve,Melapedalion breve,0
http://aims.fao.org/aos/agrovoc/c_41400,拉氏正鱵,Nomorhamphus ravnaki,Nomorhamphus ravnaki,Nomorhamphus ravnaki,0
http://aims.fao.org/aos/agrovoc/c_41401,圆吻星鱵,Arrhamphus sclerolepis,Arrhamphus sclerolepis,Arrhamphus sclerolepis,0
http://aims.fao.org/aos/agrovoc/c_41402,乔氏吻鱵,Rhynchorhamphus georgii,Rhynchorhamphus georgii,Rhynchorhamphus georgii,0
http://aims.fao.org/aos/agrovoc/c_41403,科氏汤达鱵,Tondanichthys kottelati,Tondanichthys kottelati,Tondanichthys kottelati,0
http://aims.fao.org/aos/agrovoc/c_41404,匙鳍异鳞鱵,Zenarchopterus dispar,Zenarchopterus dispar,Zenarchopterus dispar,0
http://aims.fao.org/aos/agrovoc/c_41405,飞鱼科,Exocoetidae,Exocoetidae,Exocoetidae,0
http://aims.fao.org/aos/agrovoc/c_41406,大头飞鱼,Exocoetus volitans,Exocoetus volitans,Exocoetus volitans,0
http://aims.fao.org/aos/agrovoc/c_41407,少鳞燕鳐鱼,Cypselurus oligolepis,Cypselurus oligolepis,Cypselurus oligolepis,0
http://aims.fao.org/aos/agrovoc/c_41408,燕鳐鱼,Cypselurus agoo,Cypselurus agoo,Cypselurus agoo,0
http://aims.fao.org/aos/agrovoc/c_41409,单峰燕鳐鱼,Cypselurus simus,Cypselurus simus,Cypselurus simus,0
http://aims.fao.org/aos/agrovoc/c_41410,花鳍燕鳐鱼,Cypselurus poecilopterus,Cypselurus poecilopterus,Cypselurus poecilopterus,0
http://aims.fao.org/aos/agrovoc/c_41411,锐利尖颏飞鱼,Fodiator acutus,Fodiator acutus,Fodiator acutus,0
http://aims.fao.org/aos/agrovoc/c_41412,短鳍真燕鳐,Prognichthys brevipinnis,Prognichthys brevipinnis,Prognichthys brevipinnis,0
http://aims.fao.org/aos/agrovoc/c_41413,短鳍拟飞鱼,Parexocoetus brachypterus,Parexocoetus brachypterus,Parexocoetus brachypterus,0
http://aims.fao.org/aos/agrovoc/c_41414,黑鳍飞鱵,Oxyporhamphus convexus,Oxyporhamphus convexus,Oxyporhamphus convexus,0
http://aims.fao.org/aos/agrovoc/c_41415,Hirundichthys affinis,Hirundichthys affinis,Hirundichthys affinis,Hirundichthys affinis,0
http://aims.fao.org/aos/agrovoc/c_41416,黑翼文鳐鱼,Hirundichthys rondeletii,Hirundichthys rondeletii,Hirundichthys rondeletii,0
http://aims.fao.org/aos/agrovoc/c_41417,斑翼须唇飞鱼,Cheilopogon furcatus,Cheilopogon furcatus,Cheilopogon furcatus,0
http://aims.fao.org/aos/agrovoc/c_41418,异尾须唇飞鱼,Cheilopogon heterurus,Cheilopogon heterurus,Cheilopogon heterurus,0
http://aims.fao.org/aos/agrovoc/c_41419,黑背须唇飞鱼,Cheilopogon nigricans,Cheilopogon nigricans,Cheilopogon nigricans,0
http://aims.fao.org/aos/agrovoc/c_41420,点鳍须唇飞鱼,Cheilopogon spilopterus,Cheilopogon spilopterus,Cheilopogon spilopterus,0
http://aims.fao.org/aos/agrovoc/c_41421,苏氏须唇飞鱼,Cheilopogon suttoni,Cheilopogon suttoni,Cheilopogon suttoni,0
http://aims.fao.org/aos/agrovoc/c_41423,怪颌鳉科,Adrianichthyidae,Adrianichthyidae,Adrianichthyidae,0
http://aims.fao.org/aos/agrovoc/c_41424,克鲁氏怪颌鳉,Adrianichthys kruyti,Adrianichthys kruyti,Adrianichthys kruyti,0
http://aims.fao.org/aos/agrovoc/c_41425,Horaichthys setnai,Horaichthys setnai,Horaichthys setnai,Horaichthys setnai,0
http://aims.fao.org/aos/agrovoc/c_41426,爪哇青鳉,Oryzias javanicus,Oryzias javanicus,Oryzias javanicus,0
http://aims.fao.org/aos/agrovoc/c_41427,Xenopoecilus oophorus,Xenopoecilus oophorus,Xenopoecilus oophorus,Xenopoecilus oophorus,0
http://aims.fao.org/aos/agrovoc/c_954,鳚亚目,Blennioidei,Blennioidei,Blennioidei,0
http://aims.fao.org/aos/agrovoc/c_390,狼鱼属,Anarhichas,Anarhichas,Anarhichas,0
http://aims.fao.org/aos/agrovoc/c_4608,海鲇科鱼类,marine catfish,Pez lobo del atlántico,loup de mer,0
http://aims.fao.org/aos/agrovoc/c_33605,小齿狼鱼,Anarhichas denticulatus,Anarhichas denticulatus,Anarhichas denticulatus,0
http://aims.fao.org/aos/agrovoc/c_33606,大西洋狼鱼,Anarhichas lupus,Anarhichas lupus,Anarhichas lupus,0
http://aims.fao.org/aos/agrovoc/c_33607,花狼鱼,Anarhichas minor,Anarhichas minor,Anarhichas minor,0
http://aims.fao.org/aos/agrovoc/c_1498,遮目鱼亚目,Chanoidei,Chanoidei,Chanoidei,0
http://aims.fao.org/aos/agrovoc/c_1499,遮目鱼属,Chanos,Chano (género),Chanos,0
http://aims.fao.org/aos/agrovoc/c_4834,遮目鱼,milkfish,Sabalote,chanidé,0
http://aims.fao.org/aos/agrovoc/c_24327,鳢属,Channa,Channa,Channa,0
http://aims.fao.org/aos/agrovoc/c_37009,纹鳢,Channa striatus,Channa striatus,Channa striatus,0
http://aims.fao.org/aos/agrovoc/c_1500,脂鲤亚目,Characinoidei,Characinoidei,Characinoidei,0
http://aims.fao.org/aos/agrovoc/c_251,鲑脂鲤属,Alestes,Alestes,Alestes,0
http://aims.fao.org/aos/agrovoc/c_26447,巨脂鲤,Colossoma,Colossoma,Colossoma,0
http://aims.fao.org/aos/agrovoc/c_29206,丽脂鲤属,Astyanax,Astyanax,Astyanax,0
http://aims.fao.org/aos/agrovoc/c_29207,斑条丽脂鲤,Astyanax fasciatus,Astyanax fasciatus,Astyanax fasciatus,0
http://aims.fao.org/aos/agrovoc/c_32183,锯腹脂鲤属,Myleus,Myleus,Myleus,0
http://aims.fao.org/aos/agrovoc/c_1684,鲱亚目,Clupeoidei,Clupeoidei,Clupeoidei,0
http://aims.fao.org/aos/agrovoc/c_303,西鲱属,Alosa,Alosa,Alosa,0
http://aims.fao.org/aos/agrovoc/c_7018,西鲱,shad,Sábalo,alose,0
http://aims.fao.org/aos/agrovoc/c_395,小鳀属,Anchoa,Anchoa (género),Anchoa,0
http://aims.fao.org/aos/agrovoc/c_396,鳀类,anchovies,Anchoa,anchois,0
http://aims.fao.org/aos/agrovoc/c_1084,油鲱属,Brevoortia,Brevoortia,Brevoortia,0
http://aims.fao.org/aos/agrovoc/c_4736,油鲱,menhaden,Menhaden,menhaden,0
http://aims.fao.org/aos/agrovoc/c_2371,真鰶属,Dorosoma,Dorosoma,Dorosoma,0
http://aims.fao.org/aos/agrovoc/c_2537,海鲢属,Elops,Elops,Elops,0
http://aims.fao.org/aos/agrovoc/c_7617,大海鲢,tarpons,Tarpón,tarpon,0
http://aims.fao.org/aos/agrovoc/c_2575,鳀属,Engraulis,Engraulis,Engraulis,0
http://aims.fao.org/aos/agrovoc/c_2681,脂眼鲱属,Etrumeus,Etrumeus,Etrumeus,0
http://aims.fao.org/aos/agrovoc/c_6671,圆腹鲱,round herrings,Arenque redondo,shadine,0
http://aims.fao.org/aos/agrovoc/c_4701,大海鲢属,Megalops,Megalops,Megalops,0
http://aims.fao.org/aos/agrovoc/c_6810,沙丁鱼属,Sardina,Sardina (género),Sardina,0
http://aims.fao.org/aos/agrovoc/c_6813,沙丁鱼,sardines,Sardina,sardine,0
http://aims.fao.org/aos/agrovoc/c_37047,沙丁鱼类,Sardina pilchardus,Sardina pilchardus,Sardina pilchardus,0
http://aims.fao.org/aos/agrovoc/c_6811,小沙丁鱼属,Sardinella,Sardinella,Sardinella,0
http://aims.fao.org/aos/agrovoc/c_6812,小沙丁鱼类,sardinellas,Sardinela,sardinelle,0
http://aims.fao.org/aos/agrovoc/c_6815,沙瑙鱼属,Sardinops,Sardinops,Sardinops,0
http://aims.fao.org/aos/agrovoc/c_7331,黍鲱属,Sprattus,Sprattus,Sprattus,0
http://aims.fao.org/aos/agrovoc/c_7330,黍鲱,sprats,Espadín,sprat,0
http://aims.fao.org/aos/agrovoc/c_24749,筛鲱属,Ethmalosa,Ethmalosa,Ethmalosa,0
http://aims.fao.org/aos/agrovoc/c_32173,湖鲱属,Limnothrissa,Limnothrissa,Limnothrissa,0
http://aims.fao.org/aos/agrovoc/c_32961,鲱属,Clupea,Clupea,Clupea,0
http://aims.fao.org/aos/agrovoc/c_1682,大西洋鲱,Clupea harengus,Clupea harengus,Clupea harengus,0
http://aims.fao.org/aos/agrovoc/c_3575,鲱类,herrings,Arenque,hareng,0
http://aims.fao.org/aos/agrovoc/c_1683,Clupea ilisha,Clupea ilisha,Clupea ilisha,Clupea ilisha,0
http://aims.fao.org/aos/agrovoc/c_3617,花点鲥属,hilsa,Sábalo (Clupea),hilsa,0
http://aims.fao.org/aos/agrovoc/c_1925,杜父鱼亚目,Cottoidei,Cottoidei,Cottoidei,0
http://aims.fao.org/aos/agrovoc/c_463,裸盖鱼属,Anoplopoma,Anoplopoma,Anoplopoma,0
http://aims.fao.org/aos/agrovoc/c_6722,裸盖鱼,sablefish,Bacalao negro,morue charbonnière,0
http://aims.fao.org/aos/agrovoc/c_1929,杜父鱼属,Cottus,Cottus,Cottus,0
http://aims.fao.org/aos/agrovoc/c_6888,杜父鱼,sculpins,Coto espinoso,chabot,0
http://aims.fao.org/aos/agrovoc/c_2059,圆鳍鱼属,Cyclopterus,Cyclopterus,Cyclopterus,0
http://aims.fao.org/aos/agrovoc/c_2733,真鲂鮄属,Eutrigla,Eutrigla,Eutrigla,0
http://aims.fao.org/aos/agrovoc/c_3442,鲂鮄科海鱼,gurnards,Rubio (pez),grondin,0
http://aims.fao.org/aos/agrovoc/c_3786,拟冰杜父鱼属,Icelinus,Icelinus,Icelinus,0
http://aims.fao.org/aos/agrovoc/c_4271,红娘鱼属,Lepidotrigla,Lepidotrigla,Lepidotrigla,0
http://aims.fao.org/aos/agrovoc/c_4278,鹿角杜父鱼属,Leptocottus,Leptocottus,Leptocottus,0
http://aims.fao.org/aos/agrovoc/c_5034,床杜父鱼属,Myoxocephalus,Myoxocephalus,Myoxocephalus,0
http://aims.fao.org/aos/agrovoc/c_6006,鲬属,Platycephalus,Platycephalus,Platycephalus,0
http://aims.fao.org/aos/agrovoc/c_6187,锯鲂鮄属,Prionotus,Prionotus,Prionotus,0
http://aims.fao.org/aos/agrovoc/c_6343,角鲂鮄属,Pterygotrigla,Pterygotrigla,Pterygotrigla,0
http://aims.fao.org/aos/agrovoc/c_6874,鲉属,Scorpaena,Scorpaena,Scorpaena,0
http://aims.fao.org/aos/agrovoc/c_6876,鲉科鱼类,scorpionfish,Rascacio,rascasse,0
http://aims.fao.org/aos/agrovoc/c_6875,鲉杜父鱼属,Scorpaenichthys,Scorpaenichthys,Scorpaenichthys,0
http://aims.fao.org/aos/agrovoc/c_6916,平鲉属,Sebastes,Sebastes,Sebastes,0
http://aims.fao.org/aos/agrovoc/c_6481,鲈鮋,redfish,Gallineta,sébaste,0
http://aims.fao.org/aos/agrovoc/c_7926,鲂鮄属,Trigla,Trigla (género),Trigla,0
http://aims.fao.org/aos/agrovoc/c_7927,直陵鲂鮄属,Trigloporus,Trigloporus,Trigloporus,0
http://aims.fao.org/aos/agrovoc/c_2078,鲤亚目,Cyprinoidei,Cyprinoidei,Cyprinoidei,0
http://aims.fao.org/aos/agrovoc/c_23,欧鳊属,Abramis,Abramis,Abramis,0
http://aims.fao.org/aos/agrovoc/c_1075,乌鲂,bream,Sargo,brème,0
http://aims.fao.org/aos/agrovoc/c_1295,鲫属,Carassius,Carassius,Carassius,0
http://aims.fao.org/aos/agrovoc/c_1334,鲤鱼,carp,Carpa,carpe,0
http://aims.fao.org/aos/agrovoc/c_3326,金鱼,goldfish,Carpa dorada,Cyprin doré,0
http://aims.fao.org/aos/agrovoc/c_35395,鲫,Carassius auratus,Carassius auratus,Carassius auratus,0
http://aims.fao.org/aos/agrovoc/c_2079,鲤属,Cyprinus,Cyprinus,Cyprinus,0
http://aims.fao.org/aos/agrovoc/c_36301,鲤,Cyprinus carpio,Cyprinus carpio,Cyprinus carpio,0
http://aims.fao.org/aos/agrovoc/c_6715,拟鲤属,Rutilus,Rutilus,Rutilus,0
http://aims.fao.org/aos/agrovoc/c_6619,拟鲤,roach,Bermejuela,Gardon,0
http://aims.fao.org/aos/agrovoc/c_15958,草鱼属,Ctenopharyngodon,Ctenopharyngodon,Ctenopharyngodon,0
http://aims.fao.org/aos/agrovoc/c_24334,草鱼,Ctenopharyngodon idella,Ctenopharyngodon idella,Ctenopharyngodon idella,0
http://aims.fao.org/aos/agrovoc/c_16052,丁鱥属,Tinca,Tinca,Tinca,0
http://aims.fao.org/aos/agrovoc/c_16049,丁鱥,tench,Tenca,Tanche,0
http://aims.fao.org/aos/agrovoc/c_16285,小鲃属,Puntius,Puntius,Puntius,0
http://aims.fao.org/aos/agrovoc/c_35427,印尼须鲃,Puntius gonionotus,Puntius gonionotus,Puntius gonionotus,0
http://aims.fao.org/aos/agrovoc/c_24766,细须鲃属,Leptobarbus,Leptobarbus,Leptobarbus,0
http://aims.fao.org/aos/agrovoc/c_24767,苏门答腊细须鲃,Leptobarbus hoeveni,Leptobarbus hoeveni,Leptobarbus hoeveni,0
http://aims.fao.org/aos/agrovoc/c_24821,鲃属,Barbus,Barbus,Barbus,0
http://aims.fao.org/aos/agrovoc/c_20762,鲃属鱼,barbel,Barbo,Barbeau,0
http://aims.fao.org/aos/agrovoc/c_26441,鲮属,Cirrhinus,Cirrhinus,Cirrhinus,0
http://aims.fao.org/aos/agrovoc/c_26442,Cirrhinus reba,Cirrhinus reba,Cirrhinus reba,Cirrhinus reba,0
http://aims.fao.org/aos/agrovoc/c_34676,麦瑞加拉鲮,Cirrhinus mrigala,Cirrhinus mrigala,Cirrhinus mrigala,0
http://aims.fao.org/aos/agrovoc/c_26539,野鲮属,Labeo,Labeo,Labeo,0
http://aims.fao.org/aos/agrovoc/c_34683,南亚野鲮,Labeo rohita,Labeo rohita,Labeo rohita,0
http://aims.fao.org/aos/agrovoc/c_27293,鱥属,Phoxinus,Phoxinus,Phoxinus,0
http://aims.fao.org/aos/agrovoc/c_32161,鲢属,Hypophthalmichthys,Hypophthalmichthys,Hypophthalmichthys,0
http://aims.fao.org/aos/agrovoc/c_35400,鲢,Hypophthalmichthys molitrix,Hypophthalmichthys molitrix,Hypophthalmichthys molitrix,0
http://aims.fao.org/aos/agrovoc/c_32170,雅罗鱼属,Leuciscus,Leuciscus,Leuciscus,0
http://aims.fao.org/aos/agrovoc/c_32404,圆鳍雅罗鱼,chub,Cacho,chevaine,0
http://aims.fao.org/aos/agrovoc/c_33624,赤梢鱼属,Aspius,Aspius,Aspius,0
http://aims.fao.org/aos/agrovoc/c_33639,亚口鱼属,Catostomus,Catostomus,Catostomus,0
http://aims.fao.org/aos/agrovoc/c_33640,白亚口鱼,Catostomus commersoni,Catostomus commersoni,Catostomus commersoni,0
http://aims.fao.org/aos/agrovoc/c_34434,卡特拉鲃属,Catla,Catla,Catla,0
http://aims.fao.org/aos/agrovoc/c_34675,真卡特拉鲃,Catla catla,Catla catla,Catla catla,0
http://aims.fao.org/aos/agrovoc/c_34448,鮈属,Gobio,Gobio,Gobio,0
http://aims.fao.org/aos/agrovoc/c_2103,豹鲂鮄目,Dactylopteriformes,Dactylopteriformes,Dactylopteriformes,0
http://aims.fao.org/aos/agrovoc/c_1452,豹鲂鮄科,Cephalacanthus,Cephalacanthus,Cephalacanthus,0
http://aims.fao.org/aos/agrovoc/c_1511,绿鳍鱼属,Chelidonichthys,Chelidonichthys,Chelidonichthys,0
http://aims.fao.org/aos/agrovoc/c_2104,豹鲂鮄属,Dactylopterus,Dactylopterus,Dactylopterus,0
http://aims.fao.org/aos/agrovoc/c_2665,狗鱼亚目,Esocoidei,Esocoidei,Esocoidei,0
http://aims.fao.org/aos/agrovoc/c_2666,狗鱼属,Esox,Esox,Esox,0
http://aims.fao.org/aos/agrovoc/c_5876,狗鱼属鱼类,pike,Lucio,brochet,0
http://aims.fao.org/aos/agrovoc/c_33701,白斑狗鱼,Esox lucius,Esox lucius,Esox lucius,0
http://aims.fao.org/aos/agrovoc/c_3162,鳕形目,Gadiformes,Gadiformes,Gadiformes,0
http://aims.fao.org/aos/agrovoc/c_1015,北鳕属,Boreogadus,Boreogadus,Boreogadus,0
http://aims.fao.org/aos/agrovoc/c_1717,鳕鱼,cod,Bacalao,cabillaud,0
http://aims.fao.org/aos/agrovoc/c_2525,宽突鳕属,Eleginus,Eleginus,Eleginus,0
http://aims.fao.org/aos/agrovoc/c_3163,鳕属,Gadus,Gadus,Gadus,0
http://aims.fao.org/aos/agrovoc/c_37023,大西洋鳕,Gadus morhua,Gadus morhua,Gadus morhua,0
http://aims.fao.org/aos/agrovoc/c_4439,江鳕属,Lota,Lota (género),Lota,0
http://aims.fao.org/aos/agrovoc/c_1151,江鳕,burbots,Lota,Lotte,0
http://aims.fao.org/aos/agrovoc/c_4712,黑线鳕属,Melanogrammus,Melanogrammus,Melanogrammus,0
http://aims.fao.org/aos/agrovoc/c_3458,黑线鳕,haddocks,Eglefino,églefin,0
http://aims.fao.org/aos/agrovoc/c_4755,牙鳕属,Merlangius,Merlangius,Merlangius,0
http://aims.fao.org/aos/agrovoc/c_8383,牙鳕,whitings,Merlan,merlan,0
http://aims.fao.org/aos/agrovoc/c_4756,无须鳕属,Merluccius,Merluccius,Merluccius,0
http://aims.fao.org/aos/agrovoc/c_3473,鳕鱼类,hakes,Merluza,merlu,0
http://aims.fao.org/aos/agrovoc/c_4804,小鳕属,Microgadus,Microgadus,Microgadus,0
http://aims.fao.org/aos/agrovoc/c_7806,太平洋小鳕,tomcod,Tomcod,poulamon,0
http://aims.fao.org/aos/agrovoc/c_4900,魣鳕属,Molva,Molva,Molva,0
http://aims.fao.org/aos/agrovoc/c_4350,魣鳕,ling (fish),Maruca (pez),lingue,0
http://aims.fao.org/aos/agrovoc/c_6449,平头鳕属,Raniceps,Raniceps,Raniceps,0
http://aims.fao.org/aos/agrovoc/c_8110,长鳍鳕属,Urophycis,Urophycis,Urophycis,0
http://aims.fao.org/aos/agrovoc/c_26612,褐鳕属,Phycis,Phycis,Phycis,0
http://aims.fao.org/aos/agrovoc/c_32769,青鳕属,Pollachius,Pollachius,Pollachius,0
http://aims.fao.org/aos/agrovoc/c_6065,青鳕(动物),Pollachius pollachius,Pollachius pollachius,Pollachius pollachius,0
http://aims.fao.org/aos/agrovoc/c_6067,青鳕,pollack,Abadejo,lieu jaune,0
http://aims.fao.org/aos/agrovoc/c_6066,绿青鳕,Pollachius virens,Pollachius virens,Pollachius virens,0
http://aims.fao.org/aos/agrovoc/c_6739,绿鳕,saithe,Carbonero (pez),lieu noir,0
http://aims.fao.org/aos/agrovoc/c_33128,长臀鳕属,Trisopterus,Trisopterus,Trisopterus,0
http://aims.fao.org/aos/agrovoc/c_7947,细长臀鳕,Trisopterus minutus,Trisopterus minutus,Trisopterus minutus,0
http://aims.fao.org/aos/agrovoc/c_36126,狭鳕属,Theragra,Theragra,Theragra,0
http://aims.fao.org/aos/agrovoc/c_36127,Gadus chalcogrammus,Gadus chalcogrammus,Gadus chalcogrammus,Gadus chalcogrammus,0
http://aims.fao.org/aos/agrovoc/c_36887,狭鳕,Alaska pollock,Colin de Alaska,lieu d'alaska,0
http://aims.fao.org/aos/agrovoc/c_41429,鳗鳞鳕科,Muraenolepididae,Muraenolepididae,Muraenolepididae,0
http://aims.fao.org/aos/agrovoc/c_41431,小眼鳗鳞鳕,Muraenolepis microps,Muraenolepis microps,Muraenolepis microps,0
http://aims.fao.org/aos/agrovoc/c_41432,斑纹鳗鳞鳕,Muraenolepis marmoratus,Muraenolepis marmoratus,Muraenolepis marmoratus,0
http://aims.fao.org/aos/agrovoc/c_41433,Muraenolepis microcephalus,Muraenolepis microcephalus,Muraenolepis microcephalus,Muraenolepis microcephalus,0
http://aims.fao.org/aos/agrovoc/c_41434,阿根廷鳗鳞鳕,Muraenolepis orangiensis,Muraenolepis orangiensis,Muraenolepis orangiensis,0
http://aims.fao.org/aos/agrovoc/c_41436,深海鳕科,Moridae,Moridae,Moridae,0
http://aims.fao.org/aos/agrovoc/c_41437,单指鳕,Auchenoceros punctatus,Auchenoceros punctatus,Auchenoceros punctatus,0
http://aims.fao.org/aos/agrovoc/c_41438,Austrophycis marginata,Austrophycis marginata,Austrophycis marginata,Austrophycis marginata,0
http://aims.fao.org/aos/agrovoc/c_41439,Eeyorius hutchinsi,Eeyorius hutchinsi,Eeyorius hutchinsi,Eeyorius hutchinsi,0
http://aims.fao.org/aos/agrovoc/c_41440,缺须短稚鳕,Gadella imberbis,Gadella imberbis,Gadella imberbis,0
http://aims.fao.org/aos/agrovoc/c_41441,马氏短稚鳕,Gadella maraldi,Gadella maraldi,Gadella maraldi,0
http://aims.fao.org/aos/agrovoc/c_41442,Halargyreus johnsonii,Halargyreus johnsonii,Halargyreus johnsonii,Halargyreus johnsonii,0
http://aims.fao.org/aos/agrovoc/c_41443,长鳍丝鳍鳕,Laemonema longipes,Laemonema longipes,Laemonema longipes,0
http://aims.fao.org/aos/agrovoc/c_41444,大眼丝鳍鳕,Laemonema laureysi,Laemonema laureysi,Laemonema laureysi,0
http://aims.fao.org/aos/agrovoc/c_41445,褐浔鳕,Lotella phycis,Lotella phycis,Lotella phycis,0
http://aims.fao.org/aos/agrovoc/c_41446,Microlepidium verecundum,Microlepidium verecundum,Microlepidium verecundum,Microlepidium verecundum,0
http://aims.fao.org/aos/agrovoc/c_41447,Momonatira globosus,Momonatira globosus,Momonatira globosus,Momonatira globosus,0
http://aims.fao.org/aos/agrovoc/c_41448,深海鳕,Mora moro,Mora moro,Mora moro,0
http://aims.fao.org/aos/agrovoc/c_41449,黑小褐鳕,Physiculus dalwigki,Physiculus dalwigki,Physiculus dalwigki,0
http://aims.fao.org/aos/agrovoc/c_41450,日本小褐鳕,Physiculus japonica,Physiculus japonica,Physiculus japonica,0
http://aims.fao.org/aos/agrovoc/c_41451,红拟褐鳕,Pseudophycis bachus,Pseudophycis bachus,Pseudophycis bachus,0
http://aims.fao.org/aos/agrovoc/c_41452,Pseudophycis barbata,Pseudophycis barbata,Pseudophycis barbata,Pseudophycis barbata,0
http://aims.fao.org/aos/agrovoc/c_41453,大鳞拟褐鳕,Pseudophycis breviuscula,Pseudophycis breviuscula,Pseudophycis breviuscula,0
http://aims.fao.org/aos/agrovoc/c_41454,地中海深海鳕,Rhynchogadus hepaticus,Rhynchogadus hepaticus,Rhynchogadus hepaticus,0
http://aims.fao.org/aos/agrovoc/c_41455,Svetovidovia lucullus,Svetovidovia lucullus,Svetovidovia lucullus,Svetovidovia lucullus,0
http://aims.fao.org/aos/agrovoc/c_41456,Tripterophycis gilchristi,Tripterophycis gilchristi,Tripterophycis gilchristi,Tripterophycis gilchristi,0
http://aims.fao.org/aos/agrovoc/c_41458,地中海雅鳕,Lepidion lepidion,Lepidion lepidion,Lepidion lepidion,0
http://aims.fao.org/aos/agrovoc/c_41459,驹雅鳕,Lepidion eques,Lepidion eques,Lepidion eques,0
http://aims.fao.org/aos/agrovoc/c_41460,根室氏雅鳕,Lepidion guentheri,Lepidion guentheri,Lepidion guentheri,0
http://aims.fao.org/aos/agrovoc/c_41461,阿根廷雅鳕,Lepidion ensiferus,Lepidion ensiferus,Lepidion ensiferus,0
http://aims.fao.org/aos/agrovoc/c_41462,小头雅鳕,Lepidion microcephalus,Lepidion microcephalus,Lepidion microcephalus,0
http://aims.fao.org/aos/agrovoc/c_41464,Antimora rostrata,Antimora rostrata,Antimora rostrata,Antimora rostrata,0
http://aims.fao.org/aos/agrovoc/c_41465,澳洲犁齿鳕,Salilota australis,Salilota australis,Salilota australis,0
http://aims.fao.org/aos/agrovoc/c_41467,犀鳕科,Bregmacerotidae,Bregmacerotidae,Bregmacerotidae,0
http://aims.fao.org/aos/agrovoc/c_41468,麦氏犀鳕,Bregmaceros mcclellandi,Bregmaceros mcclellandi,Bregmaceros mcclellandi,0
http://aims.fao.org/aos/agrovoc/c_41469,大西洋犀鳕,Bregmaceros atlanticus,Bregmaceros atlanticus,Bregmaceros atlanticus,0
http://aims.fao.org/aos/agrovoc/c_41470,鳕科,Gadidae,Gadidae,Gadidae,0
http://aims.fao.org/aos/agrovoc/c_41471,Brosme brosme,Brosme brosme,Brosme brosme,Brosme brosme,0
http://aims.fao.org/aos/agrovoc/c_41474,大头鳕,Gadus macrocephalus,Gadus macrocephalus,Gadus macrocephalus,0
http://aims.fao.org/aos/agrovoc/c_41475,格陵兰鳕,Gadus ogac,Gadus ogac,Gadus ogac,0
http://aims.fao.org/aos/agrovoc/c_41477,江鳕,Lota lota,Lota lota,Lota lota,0
http://aims.fao.org/aos/agrovoc/c_41479,魣鳕,Molva molva,Molva molva,Molva molva,0
http://aims.fao.org/aos/agrovoc/c_41480,巴伦支海魣鳕,Molva dypterygia,Molva dypterygia,Molva dypterygia,0
http://aims.fao.org/aos/agrovoc/c_41483,状褐鳕,Phycis blennoides,Phycis blennoides,Phycis blennoides,0
http://aims.fao.org/aos/agrovoc/c_41484,褐鳕,Phycis phycis,Phycis phycis,Phycis phycis,0
http://aims.fao.org/aos/agrovoc/c_41485,Phycis chesteri,Phycis chesteri,Phycis chesteri,Phycis chesteri,0
http://aims.fao.org/aos/agrovoc/c_41487,巴西长鳍鳕,Urophycis brasiliensis,Urophycis brasiliensis,Urophycis brasiliensis,0
http://aims.fao.org/aos/agrovoc/c_41488,Urophycis chuss,Urophycis chuss,Urophycis chuss,Urophycis chuss,0
http://aims.fao.org/aos/agrovoc/c_41489,Urophycis tenuis,Urophycis tenuis,Urophycis tenuis,Urophycis tenuis,0
http://aims.fao.org/aos/agrovoc/c_41490,卡罗林那长鳍鳕,Urophycis earllii,Urophycis earllii,Urophycis earllii,0
http://aims.fao.org/aos/agrovoc/c_41491,Urophycis floridana,Urophycis floridana,Urophycis floridana,Urophycis floridana,0
http://aims.fao.org/aos/agrovoc/c_41492,Urophycis regia,Urophycis regia,Urophycis regia,Urophycis regia,0
http://aims.fao.org/aos/agrovoc/c_41493,Urophycis cirrata,Urophycis cirrata,Urophycis cirrata,Urophycis cirrata,0
http://aims.fao.org/aos/agrovoc/c_41494,黑线鳕,Melanogrammus aeglefinus,Melanogrammus aeglefinus,Melanogrammus aeglefinus,0
http://aims.fao.org/aos/agrovoc/c_41495,大不列颠岛平头鳕,Raniceps raninus,Raniceps raninus,Raniceps raninus,0
http://aims.fao.org/aos/agrovoc/c_41496,北极宽突鳕,Eleginus navaga,Eleginus navaga,Eleginus navaga,0
http://aims.fao.org/aos/agrovoc/c_41497,远东宽突鳕,Eleginus gracilis,Eleginus gracilis,Eleginus gracilis,0
http://aims.fao.org/aos/agrovoc/c_41498,Microgadus proximus,Microgadus proximus,Microgadus proximus,Microgadus proximus,0
http://aims.fao.org/aos/agrovoc/c_41499,Microgadus tomcod,Microgadus tomcod,Microgadus tomcod,Microgadus tomcod,0
http://aims.fao.org/aos/agrovoc/c_41503,Theragra finnmarchica,Theragra finnmarchica,Theragra finnmarchica,Theragra finnmarchica,0
http://aims.fao.org/aos/agrovoc/c_41504,白令海北鳕,Boreogadus saida,Boreogadus saida,Boreogadus saida,0
http://aims.fao.org/aos/agrovoc/c_41505,Arctogadus glacialis,Arctogadus glacialis,Arctogadus glacialis,Arctogadus glacialis,0
http://aims.fao.org/aos/agrovoc/c_41506,鲍氏极鳕,Arctogadus borisovi,Arctogadus borisovi,Arctogadus borisovi,0
http://aims.fao.org/aos/agrovoc/c_41507,银大眼鳕,Gadiculus argenteus,Gadiculus argenteus,Gadiculus argenteus,0
http://aims.fao.org/aos/agrovoc/c_41509,剑状三须鳕,Gaidropsarus ensis,Gaidropsarus ensis,Gaidropsarus ensis,0
http://aims.fao.org/aos/agrovoc/c_41510,银三须鳕,Gaidropsarus argentatus,Gaidropsarus argentatus,Gaidropsarus argentatus,0
http://aims.fao.org/aos/agrovoc/c_41511,岩三须鳕,Gaidropsarus biscayensis,Gaidropsarus biscayensis,Gaidropsarus biscayensis,0
http://aims.fao.org/aos/agrovoc/c_41512,大眼三须鳕,Gaidropsarus macrophthalmus,Gaidropsarus macrophthalmus,Gaidropsarus macrophthalmus,0
http://aims.fao.org/aos/agrovoc/c_41513,地中海三须鳕,Gaidropsarus mediterraneus,Gaidropsarus mediterraneus,Gaidropsarus mediterraneus,0
http://aims.fao.org/aos/agrovoc/c_41514,短鳍三须鳕,Gaidropsarus vulgaris,Gaidropsarus vulgaris,Gaidropsarus vulgaris,0
http://aims.fao.org/aos/agrovoc/c_41516,Ciliata mustela,Ciliata mustela,Ciliata mustela,Ciliata mustela,0
http://aims.fao.org/aos/agrovoc/c_41517,Ciliata septentrionalis,Ciliata septentrionalis,Ciliata septentrionalis,Ciliata septentrionalis,0
http://aims.fao.org/aos/agrovoc/c_41518,Trisopterus esmarkii,Trisopterus esmarkii,Trisopterus esmarkii,Trisopterus esmarkii,0
http://aims.fao.org/aos/agrovoc/c_41520,Trisopterus luscus,Trisopterus luscus,Trisopterus luscus,Trisopterus luscus,0
http://aims.fao.org/aos/agrovoc/c_41521,小鳍鳕,Micromesistius poutassou,Micromesistius poutassou,Micromesistius poutassou,0
http://aims.fao.org/aos/agrovoc/c_41522,南蓝鳕,Micromesistius australis,Micromesistius australis,Micromesistius australis,0
http://aims.fao.org/aos/agrovoc/c_41523,Merlangius merlangus,Merlangius merlangus,Merlangius merlangus,Merlangius merlangus,0
http://aims.fao.org/aos/agrovoc/c_41524,四须岩鳕,Enchelyopus cimbrius,Enchelyopus cimbrius,Enchelyopus cimbrius,0
http://aims.fao.org/aos/agrovoc/c_41525,无须鳕科,Merlucciidae,Merlucciidae,Merlucciidae,0
http://aims.fao.org/aos/agrovoc/c_41526,Lyconus brachycolus,Lyconus brachycolus,Lyconus brachycolus,Lyconus brachycolus,0
http://aims.fao.org/aos/agrovoc/c_41527,银节狼鳕,Lyconodes argenteus,Lyconodes argenteus,Lyconodes argenteus,0
http://aims.fao.org/aos/agrovoc/c_41529,欧洲无须鳕,Merluccius merluccius,Merluccius merluccius,Merluccius merluccius,0
http://aims.fao.org/aos/agrovoc/c_41530,塞内加尔无须鳕,Merluccius senegalensis,Merluccius senegalensis,Merluccius senegalensis,0
http://aims.fao.org/aos/agrovoc/c_41531,澳洲无须鳕,Merluccius australis,Merluccius australis,Merluccius australis,0
http://aims.fao.org/aos/agrovoc/c_41532,Merluccius bilinearis,Merluccius bilinearis,Merluccius bilinearis,Merluccius bilinearis,0
http://aims.fao.org/aos/agrovoc/c_41533,智利无须鳕,Merluccius gayi,Merluccius gayi,Merluccius gayi,0
http://aims.fao.org/aos/agrovoc/c_41534,赫氏无须鳕,Merluccius hubbsi,Merluccius hubbsi,Merluccius hubbsi,0
http://aims.fao.org/aos/agrovoc/c_41535,北太平洋无须鳕,Merluccius productus,Merluccius productus,Merluccius productus,0
http://aims.fao.org/aos/agrovoc/c_41536,波氏无须鳕,Merluccius polli,Merluccius polli,Merluccius polli,0
http://aims.fao.org/aos/agrovoc/c_41537,深水无须鳕,Merluccius paradoxus,Merluccius paradoxus,Merluccius paradoxus,0
http://aims.fao.org/aos/agrovoc/c_41538,大鳞无须鳕,Merluccius albidus,Merluccius albidus,Merluccius albidus,0
http://aims.fao.org/aos/agrovoc/c_41539,巴拿马无须鳕,Merluccius angustimanus,Merluccius angustimanus,Merluccius angustimanus,0
http://aims.fao.org/aos/agrovoc/c_41540,南非无须鳕,Merluccius capensis,Merluccius capensis,Merluccius capensis,0
http://aims.fao.org/aos/agrovoc/c_41541,Merluccius patagonicus,Merluccius patagonicus,Merluccius patagonicus,Merluccius patagonicus,0
http://aims.fao.org/aos/agrovoc/c_41544,Steindachneria argentea,Steindachneria argentea,Steindachneria argentea,Steindachneria argentea,0
http://aims.fao.org/aos/agrovoc/c_41546,南美尖尾无须鳕,Macruronus magellanicus,Macruronus magellanicus,Macruronus magellanicus,0
