CROP_UID,CNAME,ALIAS_CNAME,SRC_SYS_ID,SRC_NAME,SRC_ID,SRC_CNAME
01003118004000000,景觀小油菊,,PQR,溯源農糧產品追溯系統,004005005,小油菊
01003118004000000,景觀小油菊,,FFR,全國糧政跨區即時申辦服務作業平台,528,小油菊
01003118003000000,景觀萬壽菊,,PQR,溯源農糧產品追溯系統,004005019,萬壽菊
01003118003000000,景觀萬壽菊,,MAM,農產品批發市場交易行情站,FW210,孔雀混色
01003118003000000,景觀萬壽菊,,MAM,農產品批發市場交易行情站,FW200,孔雀草
01003118003000000,景觀萬壽菊,,FFR,全國糧政跨區即時申辦服務作業平台,531,萬壽菊
01003118002000000,景觀波斯菊,,MAM,農產品批發市場交易行情站,FH301,波斯菊
01003118002000000,景觀波斯菊,,FFR,全國糧政跨區即時申辦服務作業平台,994,景觀波斯菊
01003118001000000,景觀向日葵,,PQR,溯源農糧產品追溯系統,007001006,景觀向日葵
01003118001000000,景觀向日葵,,FFR,全國糧政跨區即時申辦服務作業平台,993,景觀向日葵(綠肥)
01003118001000000,景觀向日葵,,FFR,全國糧政跨區即時申辦服務作業平台,544,景觀向日葵
01003118001000000,景觀向日葵,,FFR,全國糧政跨區即時申辦服務作業平台,524,景觀向日葵(地特)
01003000999000000,其他景觀作物,,PSC,農糧產品產銷供應鏈整合服務平台,07,草皮類
01003000999000000,其他景觀作物,,PSC,農糧產品產銷供應鏈整合服務平台,07,綠肥作物
01003000999000000,其他景觀作物,,PQR,溯源農糧產品追溯系統,004007999,草皮類未分類
01003000999000000,其他景觀作物,,PQR,溯源農糧產品追溯系統,004007003,百慕達草
01003000999000000,其他景觀作物,,PQR,溯源農糧產品追溯系統,004007002,假檢草
01003000999000000,其他景觀作物,,PQR,溯源農糧產品追溯系統,004007001,朝鮮草
01003000999000000,其他景觀作物,,PQR,溯源農糧產品追溯系統,004005998,其他景觀作物
01003000999000000,其他景觀作物,,PQR,溯源農糧產品追溯系統,004005018,草花
01003000999000000,其他景觀作物,,PMG,農業產銷班組織體系資料服務系統,273,庭園用草皮          
01003000999000000,其他景觀作物,,PMG,農業產銷班組織體系資料服務系統,272,庭園花木            
01003000999000000,其他景觀作物,,PFB,農產業天然災害現金救助系統,947,草皮
01003000999000000,其他景觀作物,,FFR,全國糧政跨區即時申辦服務作業平台,9AJ,玉龍草
01003000999000000,其他景觀作物,,FFR,全國糧政跨區即時申辦服務作業平台,530,其他景觀作物
01003000999000000,其他景觀作物,,FFR,全國糧政跨區即時申辦服務作業平台,523,景觀作物
01003000999000000,其他景觀作物,,FFR,全國糧政跨區即時申辦服務作業平台,4AE,地毯草
01003000999000000,其他景觀作物,,FFR,全國糧政跨區即時申辦服務作業平台,256,臺北草
01003000999000000,其他景觀作物,,FFR,全國糧政跨區即時申辦服務作業平台,255,假儉草
01003000999000000,其他景觀作物,,FFR,全國糧政跨區即時申辦服務作業平台,254,百慕達草
01003000999000000,其他景觀作物,,FFR,全國糧政跨區即時申辦服務作業平台,253,朝鮮草
01003000000000000,景觀類,,PMG,農業產銷班組織體系資料服務系統,257,草花                
01003000000000000,景觀類,,FFR,全國糧政跨區即時申辦服務作業平台,532,景觀(地區特產)
01002044012000000,魯冰,,PQR,溯源農糧產品追溯系統,007001013,魯冰
01002044012000000,魯冰,,PAR,農糧情調查作業資訊系統,138,魯冰
01002044012000000,魯冰,,FFR,全國糧政跨區即時申辦服務作業平台,505,羽扇豆(魯冰)
01002044011000000,青皮豆,,PQR,溯源農糧產品追溯系統,007001012,青皮豆
01002044011000000,青皮豆,,PAR,農糧情調查作業資訊系統,146,青皮豆
01002044011000000,青皮豆,,FFR,全國糧政跨區即時申辦服務作業平台,513,青皮豆
01002044010000000,鐵虎豆,,PQR,溯源農糧產品追溯系統,007001011,鐵虎豆
01002044010000000,鐵虎豆,,PAR,農糧情調查作業資訊系統,143,鐵虎豆
01002044010000000,鐵虎豆,,FFR,全國糧政跨區即時申辦服務作業平台,510,鐵虎豆
01002044009000000,苕子,,PQR,溯源農糧產品追溯系統,007001010,苕子
01002044009000000,苕子,,FFR,全國糧政跨區即時申辦服務作業平台,519,苕子
01002044008000000,紫雲英,,PQR,溯源農糧產品追溯系統,007001009,紫雲英
01002044008000000,紫雲英,,PAR,農糧情調查作業資訊系統,139,紫雲英
01002044008000000,紫雲英,,FFR,全國糧政跨區即時申辦服務作業平台,506,紫雲英
01002044007000000,田菁,,PQR,溯源農糧產品追溯系統,007001008,田菁
01002044007000000,田菁,,PAR,農糧情調查作業資訊系統,135,田菁
01002044007000000,田菁,,FFR,全國糧政跨區即時申辦服務作業平台,502,田菁
01002044006000000,爬地蘭,,PQR,溯源農糧產品追溯系統,007001007,爬地蘭
01002044006000000,爬地蘭,,PAR,農糧情調查作業資訊系統,144,爬地蘭
01002044006000000,爬地蘭,,FFR,全國糧政跨區即時申辦服務作業平台,511,爬地蘭
01002044005000000,富貴豆,,FFR,全國糧政跨區即時申辦服務作業平台,507,富貴豆(虎爪豆)
01002044004000000,太陽麻,,PQR,溯源農糧產品追溯系統,007001004,太陽麻
01002044004000000,太陽麻,,PAR,農糧情調查作業資訊系統,141,太陽麻
01002044004000000,太陽麻,,FFR,全國糧政跨區即時申辦服務作業平台,508,太陽麻
01002044003000000,大豆類,,PQR,溯源農糧產品追溯系統,007001003,大豆類
01002044003000000,大豆類,,FFR,全國糧政跨區即時申辦服務作業平台,503,大豆(綠肥)
01002044001000000,埃及三葉草,,PQR,溯源農糧產品追溯系統,007001001,埃及三葉草
01002044001000000,埃及三葉草,,PAR,農糧情調查作業資訊系統,145,埃及三葉草
01002044001000000,埃及三葉草,,FFR,全國糧政跨區即時申辦服務作業平台,512,埃及三葉草
01002002002000000,大菜,,PQR,溯源農糧產品追溯系統,007001002,大菜
01002002002000000,大菜,,PAR,農糧情調查作業資訊系統,134,大菜
01002002002000000,大菜,,FFR,全國糧政跨區即時申辦服務作業平台,501,大菜
01002000999000000,其他綠肥作物,,PQR,溯源農糧產品追溯系統,007001998,其他綠肥
01002000999000000,其他綠肥作物,,PAR,農糧情調查作業資訊系統,136,大豆(綠肥)
01002000999000000,其他綠肥作物,,FFR,全國糧政跨區即時申辦服務作業平台,587,再生綠肥
01002000999000000,其他綠肥作物,,FFR,全國糧政跨區即時申辦服務作業平台,520,其他綠肥
01002000999000000,其他綠肥作物,,FFR,全國糧政跨區即時申辦服務作業平台,504,豌豆(綠肥)
01002000000000000,綠肥類,,PSC,農糧產品產銷供應鏈整合服務平台,01,綠肥作物
01002000000000000,綠肥類,,PQR,溯源農糧產品追溯系統,007001999,綠肥未分類
01002000000000000,綠肥類,,PMG,農業產銷班組織體系資料服務系統,354,綠肥作物            
01002000000000000,綠肥類,,FFR,全國糧政跨區即時申辦服務作業平台,550,綠肥(台東特殊期)
01002000000000000,綠肥類,,FFR,全國糧政跨區即時申辦服務作業平台,500,綠肥
01001044004000000,苜蓿草,,PQR,溯源農糧產品追溯系統,006001007,苜蓿草
01001030006000000,青割玉米,,PQR,溯源農糧產品追溯系統,006001009,青割玉米
01001030006000000,青割玉米,,PQR,溯源農糧產品追溯系統,006001002,契作青割玉米
01001030006000000,青割玉米,,PFB,農產業天然災害現金救助系統,706,青割玉米
01001030006000000,青割玉米,,FFR,全國糧政跨區即時申辦服務作業平台,725,青割玉米(契作)
01001030006000000,青割玉米,,FFR,全國糧政跨區即時申辦服務作業平台,716,契作青割玉米
01001030006000000,青割玉米,,FFR,全國糧政跨區即時申辦服務作業平台,706,青割玉米
01001030005000000,蘇丹草,,PQR,溯源農糧產品追溯系統,006001008,蘇丹草
01001030005000000,蘇丹草,,FFR,全國糧政跨區即時申辦服務作業平台,721,蘇丹草(契作)
01001030003000000,盤固拉草,,PQR,溯源農糧產品追溯系統,006001006,盤固草
01001030003000000,盤固拉草,,PQR,溯源農糧產品追溯系統,006001005,盤固拉
01001030003000000,盤固拉草,,PFB,農產業天然災害現金救助系統,703,盤固拉
01001030003000000,盤固拉草,,PAR,農糧情調查作業資訊系統,207,盤固拉
01001030003000000,盤固拉草,,FFR,全國糧政跨區即時申辦服務作業平台,722,盤固拉草(契作)
01001030003000000,盤固拉草,,FFR,全國糧政跨區即時申辦服務作業平台,703,盤固拉草
01001030002000000,狼尾草,,PQR,溯源農糧產品追溯系統,006001004,狼尾草
01001030002000000,狼尾草,,PQR,溯源農糧產品追溯系統,002099001,狼尾草(牧草)
01001030002000000,狼尾草,,PFB,農產業天然災害現金救助系統,704,狼尾草
01001030002000000,狼尾草,,PAR,農糧情調查作業資訊系統,208,狼尾草
01001030002000000,狼尾草,,FFR,全國糧政跨區即時申辦服務作業平台,723,狼尾草(契作)
01001030002000000,狼尾草,,FFR,全國糧政跨區即時申辦服務作業平台,704,狼尾草
01001030001000000,尼羅草,,PQR,溯源農糧產品追溯系統,006001003,尼羅草
01001030001000000,尼羅草,,FFR,全國糧政跨區即時申辦服務作業平台,724,尼羅草(契作)
01001000999000000,其他牧草,,FFR,全國糧政跨區即時申辦服務作業平台,727,其他牧草(契作)
01001000998000000,其他長期牧草,,PQR,溯源農糧產品追溯系統,006001998,其他長期牧草
01001000998000000,其他長期牧草,,PFB,農產業天然災害現金救助系統,705,其他長期牧草
01001000998000000,其他長期牧草,,PAR,農糧情調查作業資訊系統,209,其他長期牧草
01001000998000000,其他長期牧草,,FFR,全國糧政跨區即時申辦服務作業平台,705,其他長期牧草
01001000997000000,其他短期牧草,,PQR,溯源農糧產品追溯系統,006001997,其他短期牧草
01001000997000000,其他短期牧草,,PFB,農產業天然災害現金救助系統,702,其他短期牧草
01001000997000000,其他短期牧草,,PAR,農糧情調查作業資訊系統,206,其他短期牧草
01001000997000000,其他短期牧草,,FFR,全國糧政跨區即時申辦服務作業平台,702,其他短期牧草
01001000000000000,牧草類,,PSC,農糧產品產銷供應鏈整合服務平台,01,牧草類
01001000000000000,牧草類,,PQR,溯源農糧產品追溯系統,006001999,牧草未分類
01001000000000000,牧草類,,PQR,溯源農糧產品追溯系統,006001001,契作牧草
01001000000000000,牧草類,,PMG,農業產銷班組織體系資料服務系統,353,牧草                
01001000000000000,牧草類,,PAR,農糧情調查作業資訊系統,397,牧草
01001000000000000,牧草類,,FFR,全國糧政跨區即時申辦服務作業平台,713,契作牧草(燕麥)
01001000000000000,牧草類,,FFR,全國糧政跨區即時申辦服務作業平台,712,契作牧草
01001000000000000,牧草類,,FFR,全國糧政跨區即時申辦服務作業平台,700,牧草類
00799000003000000,酒類製品,,PQR,溯源農糧產品追溯系統,009006001,農村酒品
00799000002000000,蜂產品,,SAP,農產品產地價格查詢系統,62510,蜂蜜
00799000002000000,蜂產品,,PSC,農糧產品產銷供應鏈整合服務平台,08,蜂類
00799000002000000,蜂產品,,PSC,農糧產品產銷供應鏈整合服務平台,01,蜂類
00799000002000000,蜂產品,,PQR,溯源農糧產品追溯系統,009006303,蜂產品-花粉
00799000002000000,蜂產品,,PQR,溯源農糧產品追溯系統,009006302,蜂產品-蜂王漿(乳)
00799000002000000,蜂產品,,PQR,溯源農糧產品追溯系統,009006301,蜂產品-蜂蜜
00799000002000000,蜂產品,,PQR,溯源農糧產品追溯系統,008001007,蜂蠟
00799000002000000,蜂產品,,PQR,溯源農糧產品追溯系統,008001006,蜂蜜露
00799000002000000,蜂產品,,PQR,溯源農糧產品追溯系統,008001005,蜂蜜醋
00799000002000000,蜂產品,,PQR,溯源農糧產品追溯系統,008001004,蜂蜜
00799000002000000,蜂產品,,PQR,溯源農糧產品追溯系統,008001003,蜂膠
00799000002000000,蜂產品,,PQR,溯源農糧產品追溯系統,008001002,蜂王乳
00799000002000000,蜂產品,,PMG,農業產銷班組織體系資料服務系統,470,蜂膠                
00799000002000000,蜂產品,,PMG,農業產銷班組織體系資料服務系統,469,蜂蠟                
00799000002000000,蜂產品,,PMG,農業產銷班組織體系資料服務系統,468,蜂蜜醋              
00799000002000000,蜂產品,,PMG,農業產銷班組織體系資料服務系統,467,蜂蜜露              
00799000002000000,蜂產品,,PMG,農業產銷班組織體系資料服務系統,466,花粉                
00799000002000000,蜂產品,,PMG,農業產銷班組織體系資料服務系統,465,蜂王乳              
00799000002000000,蜂產品,,PMG,農業產銷班組織體系資料服務系統,464,蜂蜜                
00799000001000000,綜合蔬果製品,,PQR,溯源農糧產品追溯系統,009006251,綜合蔬果乾
00705000017000000,胡麻製品,,PQR,溯源農糧產品追溯系統,009006354,胡麻製品-糖
00705000017000000,胡麻製品,,PQR,溯源農糧產品追溯系統,009006353,胡麻製品-醬
00705000017000000,胡麻製品,,PQR,溯源農糧產品追溯系統,009006352,胡麻製品-粉
00705000017000000,胡麻製品,,PQR,溯源農糧產品追溯系統,009006351,胡麻製品-胡麻油
00705000014000000,茶製品,,SAP,農產品產地價格查詢系統,62214,金萱茶菁(機)
00705000014000000,茶製品,,SAP,農產品產地價格查詢系統,62213,金萱茶菁(手)
00705000014000000,茶製品,,SAP,農產品產地價格查詢系統,62211,烏龍茶菁(機)
00705000014000000,茶製品,,SAP,農產品產地價格查詢系統,62210,烏龍茶菁(手)
00705000014000000,茶製品,,SAC,農產品生產成本調查系統,41,手採茶菁
00705000014000000,茶製品,,SAC,農產品生產成本調查系統,283,茶菁-有機
00705000014000000,茶製品,,SAC,農產品生產成本調查系統,175,機採茶菁
00705000014000000,茶製品,,PQR,溯源農糧產品追溯系統,009006101,茶製品-茶
00705000014000000,茶製品,,PQR,溯源農糧產品追溯系統,005001055,茶相關產物
00705000014000000,茶製品,,PQR,溯源農糧產品追溯系統,005001050,茶葉
00705000014000000,茶製品,,PMG,農業產銷班組織體系資料服務系統,310,茶相關產物          
00705000013000000,油茶製品,,PQR,溯源農糧產品追溯系統,009006341,油茶製品-苦茶油
00705000013000000,油茶製品,,PMG,農業產銷班組織體系資料服務系統,313,苦茶油              
00705000013000000,油茶製品,,PMG,農業產銷班組織體系資料服務系統,312,苦茶籽              
00705000012000000,洛神葵製品,,PQR,溯源農糧產品追溯系統,009006382,洛神葵製品-醬
00705000012000000,洛神葵製品,,PQR,溯源農糧產品追溯系統,009006381,洛神葵製品-洛神葵乾
00705000009000000,咖啡製品,,PQR,溯源農糧產品追溯系統,009006121,咖啡製品-咖啡
00705000003000000,向日葵製品,,FFR,全國糧政跨區即時申辦服務作業平台,542,食用向日葵
00705000002000000,仙草製品,,PQR,溯源農糧產品追溯系統,009006015,仙草乾
00704000000000000,花卉製品,,PQR,溯源農糧產品追溯系統,009006082,食用花卉-飲品
00704000000000000,花卉製品,,PQR,溯源農糧產品追溯系統,009006081,食用花卉-乾燥花卉
00704000000000000,花卉製品,,PQR,溯源農糧產品追溯系統,004003001,乾燥花
00704000000000000,花卉製品,,PMG,農業產銷班組織體系資料服務系統,276,乾燥花              
00703000034000000,棗製品,,PQR,溯源農糧產品追溯系統,009006471,棗製品-棗乾
00703000033000000,梅製品,,PQR,溯源農糧產品追溯系統,009006053,梅製品-梅精
00703000033000000,梅製品,,PQR,溯源農糧產品追溯系統,009006052,梅製品-鹽漬梅
00703000033000000,梅製品,,PQR,溯源農糧產品追溯系統,009006051,梅製品-糖漬梅
00703000030000000,芒果製品,,PSC,農糧產品產銷供應鏈整合服務平台,2030418000086,芒果青
00703000030000000,芒果製品,,PQR,溯源農糧產品追溯系統,009006022,芒果製品-芒果青
00703000030000000,芒果製品,,PQR,溯源農糧產品追溯系統,009006021,芒果製品-芒果乾
00703000030000000,芒果製品,,PMG,農業產銷班組織體系資料服務系統,94,芒果干              
00703000030000000,芒果製品,,MAM,農產品批發市場交易行情站,R8   ,芒果    芒果青    
00703000029000000,龍眼製品,,PSC,農糧產品產銷供應鏈整合服務平台,2030411000410,龍眼肉
00703000029000000,龍眼製品,,PSC,農糧產品產銷供應鏈整合服務平台,2030411000045,龍眼乾帶殼
00703000029000000,龍眼製品,,PQR,溯源農糧產品追溯系統,009006042,龍眼製品-桂圓肉
00703000029000000,龍眼製品,,PQR,溯源農糧產品追溯系統,009006041,龍眼製品-帶殼龍眼乾
00703000029000000,龍眼製品,,MAM,農產品批發市場交易行情站,K41  ,龍眼    龍眼肉    
00703000029000000,龍眼製品,,MAM,農產品批發市場交易行情站,K4   ,龍眼    龍眼乾帶殼
00703000028000000,荔枝製品,,PQR,溯源農糧產品追溯系統,009006191,荔枝製品-荔枝乾
00703000022000000,榴槤蜜製品,,PQR,溯源農糧產品追溯系統,009006451,榴槤蜜製品-榴槤蜜乾
00703000020000000,波羅蜜製品,,PQR,溯源農糧產品追溯系統,009006461,波羅蜜製品-波羅蜜乾
00703000019000050,柿製品進口,,PSC,農糧產品產銷供應鏈整合服務平台,2030326000390,柿餅進口
00703000019000050,柿製品進口,,MAM,農產品批發市場交易行情站,Z39  ,柿子    柿餅進口  
00703000019000000,柿製品,,SAC,農產品生產成本調查系統,87,柿(加工)
00703000019000000,柿製品,,PSC,農糧產品產銷供應鏈整合服務平台,2030326000031,柿餅
00703000019000000,柿製品,,PQR,溯源農糧產品追溯系統,009006031,柿製品-柿餅
00703000019000000,柿製品,,PQR,溯源農糧產品追溯系統,009001005,柿餅
00703000019000000,柿製品,,PMG,農業產銷班組織體系資料服務系統,472,柿餅                
00703000019000000,柿製品,,MAM,農產品批發市場交易行情站,Z3   ,柿子    柿餅      
00703000016000000,紅龍果製品,,PQR,溯源農糧產品追溯系統,009006441,紅龍果製品-紅龍果乾
00703000014000000,楊桃製品,,PQR,溯源農糧產品追溯系統,009006231,楊桃製品-楊桃乾
00703000011000000,番石榴製品,,SAP,農產品產地價格查詢系統,51213,番石榴(加工用)
00703000011000000,番石榴製品,,PQR,溯源農糧產品追溯系統,009006221,番石榴製品-番石榴乾
00703000010000000,鳳梨製品,,PQR,溯源農糧產品追溯系統,009006181,鳳梨製品-鳳梨乾
00703000009000000,香蕉製品,,PQR,溯源農糧產品追溯系統,009006171,香蕉製品-香蕉乾
00703000008000000,木瓜製品,,PQR,溯源農糧產品追溯系統,009006241,木瓜製品-木瓜乾
00703000005000000,柑橘製品,,PQR,溯源農糧產品追溯系統,009006363,柑橘製品-醋
00703000005000000,柑橘製品,,PQR,溯源農糧產品追溯系統,009006362,柑橘製品-醬
00703000005000000,柑橘製品,,PQR,溯源農糧產品追溯系統,009006361,柑橘製品-柑橘汁
00703000004000000,椪柑製品,,PQR,溯源農糧產品追溯系統,009006211,椪柑製品-椪柑乾
00703000003000000,柳橙製品,,PQR,溯源農糧產品追溯系統,009006201,柳橙製品-柳橙乾
00702000041000000,香菇製品,,SAP,農產品產地價格查詢系統,27020,香菇(太空包)乾
00702000041000000,香菇製品,,SAC,農產品生產成本調查系統,1072,乾香菇(太空包)(每萬包)
00702000041000000,香菇製品,,PQR,溯源農糧產品追溯系統,009006092,乾香菇製品-香菇乾
00702000041000000,香菇製品,,PQR,溯源農糧產品追溯系統,009006091,乾香菇製品-乾香菇
00702000037000000,番茄製品,,SAC,農產品生產成本調查系統,52,加工番茄
00702000037000000,番茄製品,,PQR,溯源農糧產品追溯系統,009006431,番茄製品-番茄乾
00702000037000000,番茄製品,,PQR,溯源農糧產品追溯系統,002002003,加工番茄
00702000037000000,番茄製品,,PFB,農產業天然災害現金救助系統,426,加工番茄
00702000037000000,番茄製品,,PAR,農糧情調查作業資訊系統,78,加工番茄
00702000037000000,番茄製品,,FFR,全國糧政跨區即時申辦服務作業平台,419,加工番茄
00702000033000000,越瓜製品,,PSC,農糧產品產銷供應鏈整合服務平台,OE,醃瓜
00702000033000000,越瓜製品,,PQR,溯源農糧產品追溯系統,002006009,夏南瓜
00702000033000000,越瓜製品,,PQR,溯源農糧產品追溯系統,002006009,醃瓜
00702000033000000,越瓜製品,,MAM,農產品批發市場交易行情站,OE2  ,醃瓜    漬        
00702000033000000,越瓜製品,,MAM,農產品批發市場交易行情站,OE1  ,醃瓜    乾        
00702000028000000,冬瓜製品,,PQR,溯源農糧產品追溯系統,009006423,冬瓜製品-冷凍冬瓜
00702000028000000,冬瓜製品,,PQR,溯源農糧產品追溯系統,009006422,冬瓜製品-蒸煮
00702000028000000,冬瓜製品,,PQR,溯源農糧產品追溯系統,009006421,冬瓜製品-即食
00702000024000000,毛豆製品,,PQR,溯源農糧產品追溯系統,009006414,毛豆製品-飲品
00702000024000000,毛豆製品,,PQR,溯源農糧產品追溯系統,009006413,毛豆製品-冷凍毛豆
00702000024000000,毛豆製品,,PQR,溯源農糧產品追溯系統,009006412,毛豆製品-蒸煮
00702000024000000,毛豆製品,,PQR,溯源農糧產品追溯系統,009006411,毛豆製品-即食
00702000023000000,金針花製品,,SAP,農產品產地價格查詢系統,25030,金針菜  (乾)
00702000023000000,金針花製品,,PQR,溯源農糧產品追溯系統,009006002,乾金針
00702000021000000,牛蒡製品,,PQR,溯源農糧產品追溯系統,009006372,牛蒡製品-脆片
00702000021000000,牛蒡製品,,PQR,溯源農糧產品追溯系統,009006372,牛蒡製品-脆片
00702000021000000,牛蒡製品,,PQR,溯源農糧產品追溯系統,009006371,牛蒡製品-牛蒡乾
00702000021000000,牛蒡製品,,PQR,溯源農糧產品追溯系統,009006371,牛蒡製品-牛蒡乾
00702000020000000,蘿蔔製品,,PSC,農糧產品產銷供應鏈整合服務平台,OD,蘿蔔乾
00702000020000000,蘿蔔製品,,PSC,農糧產品產銷供應鏈整合服務平台,2020615040015,蘿蔔乾
00702000020000000,蘿蔔製品,,MAM,農產品批發市場交易行情站,OD1  ,蘿蔔乾  　        
00702000014000000,芋頭製品,,PQR,溯源農糧產品追溯系統,009006392,芋頭製品-脆片
00702000014000000,芋頭製品,,PQR,溯源農糧產品追溯系統,009006391,芋頭製品-冷凍芋頭
00702000013000000,蓮藕製品,,PQR,溯源農糧產品追溯系統,009006331,蓮藕製品-蓮藕粉
00702000012000000,竹筍製品,,PSC,農糧產品產銷供應鏈整合服務平台,OI4,筍茸
00702000012000000,竹筍製品,,PSC,農糧產品產銷供應鏈整合服務平台,OI3,筍片
00702000012000000,竹筍製品,,PSC,農糧產品產銷供應鏈整合服務平台,OI2,筍絲
00702000012000000,竹筍製品,,PSC,農糧產品產銷供應鏈整合服務平台,OI1,筍乾
00702000012000000,竹筍製品,,PSC,農糧產品產銷供應鏈整合服務平台,OH,桶筍
00702000012000000,竹筍製品,,PSC,農糧產品產銷供應鏈整合服務平台,OG,熟筍
00702000012000000,竹筍製品,,PSC,農糧產品產銷供應鏈整合服務平台,2020615090041,筍茸
00702000012000000,竹筍製品,,PSC,農糧產品產銷供應鏈整合服務平台,2020615090034,筍片
00702000012000000,竹筍製品,,PSC,農糧產品產銷供應鏈整合服務平台,2020615090027,筍絲
00702000012000000,竹筍製品,,PSC,農糧產品產銷供應鏈整合服務平台,2020615090010,筍乾
00702000012000000,竹筍製品,,PQR,溯源農糧產品追溯系統,009006402,竹筍製品-冷凍竹筍
00702000012000000,竹筍製品,,PQR,溯源農糧產品追溯系統,009006401,竹筍製品-即食竹筍
00702000012000000,竹筍製品,,PQR,溯源農糧產品追溯系統,002004055,筍絲
00702000012000000,竹筍製品,,PQR,溯源農糧產品追溯系統,002004054,筍乾
00702000012000000,竹筍製品,,PQR,溯源農糧產品追溯系統,002004053,筍茸
00702000012000000,竹筍製品,,PQR,溯源農糧產品追溯系統,002004052,筍片
00702000012000000,竹筍製品,,PQR,溯源農糧產品追溯系統,002004051,熟筍
00702000012000000,竹筍製品,,PQR,溯源農糧產品追溯系統,002004050,桶筍
00702000012000000,竹筍製品,,MAM,農產品批發市場交易行情站,OI4  ,筍茸    　        
00702000012000000,竹筍製品,,MAM,農產品批發市場交易行情站,OI3  ,筍片              
00702000012000000,竹筍製品,,MAM,農產品批發市場交易行情站,OI2  ,筍絲　        
00702000012000000,竹筍製品,,MAM,農產品批發市場交易行情站,OI1  ,筍乾    　        
00702000012000000,竹筍製品,,MAM,農產品批發市場交易行情站,OH4,桶筍    箭竹筍
00702000012000000,竹筍製品,,MAM,農產品批發市場交易行情站,OH3,桶筍    桂竹筍
00702000012000000,竹筍製品,,MAM,農產品批發市場交易行情站,OH2,桶筍    綠竹筍
00702000012000000,竹筍製品,,MAM,農產品批發市場交易行情站,OH1,桶筍    麻竹筍
00702000012000000,竹筍製品,,MAM,農產品批發市場交易行情站,OG2,熟筍    箭竹筍
00702000012000000,竹筍製品,,MAM,農產品批發市場交易行情站,OG1,熟筍    桂竹筍
00702000004000050,芥菜製品進口,,MAM,農產品批發市場交易行情站,OA9  ,鹹菜    進口      
00702000004000000,芥菜製品,,PSC,農糧產品產銷供應鏈整合服務平台,OC,榨菜
00702000004000000,芥菜製品,,PSC,農糧產品產銷供應鏈整合服務平台,OA,鹹菜
00702000004000000,芥菜製品,,PSC,農糧產品產銷供應鏈整合服務平台,2020615030016,榨菜
00702000004000000,芥菜製品,,PFB,農產業天然災害現金救助系統,446,四川榨菜
00702000004000000,芥菜製品,,PAR,農糧情調查作業資訊系統,93,四川榨菜
00702000004000000,芥菜製品,,MAM,農產品批發市場交易行情站,OC1  ,榨菜    　        
00702000004000000,芥菜製品,,MAM,農產品批發市場交易行情站,OA2  ,鹹菜    帶葉      
00702000004000000,芥菜製品,,MAM,農產品批發市場交易行情站,OA1  ,鹹菜    清心      
00702000004000000,芥菜製品,,FFR,全國糧政跨區即時申辦服務作業平台,441,四川榨菜
00701000016000000,木薯製品,,SAP,農產品產地價格查詢系統,91021,樹薯簽
00701000015000000,甘藷製品,,SAP,農產品產地價格查詢系統,91020,甘薯簽
00701000015000000,甘藷製品,,PQR,溯源農糧產品追溯系統,009006164,甘藷製品-薯粉
00701000015000000,甘藷製品,,PQR,溯源農糧產品追溯系統,009006163,甘藷製品-薯片
00701000015000000,甘藷製品,,PQR,溯源農糧產品追溯系統,009006162,甘藷製品-薯條
00701000015000000,甘藷製品,,PQR,溯源農糧產品追溯系統,009006161,甘藷製品-冰薯
00701000015000000,甘藷製品,,PMG,農業產銷班組織體系資料服務系統,279,甘藷餅              
00701000012000000,落花生製品,,SAP,農產品產地價格查詢系統,61021,花生仁(總仁)
00701000012000000,落花生製品,,PQR,溯源農糧產品追溯系統,009006136,花生製品-糖
00701000012000000,落花生製品,,PQR,溯源農糧產品追溯系統,009006135,花生製品-醬
00701000012000000,落花生製品,,PQR,溯源農糧產品追溯系統,009006134,花生製品-粉
00701000012000000,落花生製品,,PQR,溯源農糧產品追溯系統,009006133,花生製品-花生油
00701000012000000,落花生製品,,PQR,溯源農糧產品追溯系統,009006132,花生製品-蒸煮花生
00701000012000000,落花生製品,,PQR,溯源農糧產品追溯系統,009006131,花生製品-焙炒花生
00701000011000000,大豆製品,,SAP,農產品產地價格查詢系統,91060,黃豆粉
00701000011000000,大豆製品,,PQR,溯源農糧產品追溯系統,009006143,大豆製品-豆粉
00701000011000000,大豆製品,,PQR,溯源農糧產品追溯系統,009006142,大豆製品-焙炒大豆
00701000011000000,大豆製品,,PQR,溯源農糧產品追溯系統,009006141,大豆製品-飲品
00701000008000000,蕎麥製品,,PQR,溯源農糧產品追溯系統,009006312,蕎麥製品-蕎麥茶
00701000008000000,蕎麥製品,,PQR,溯源農糧產品追溯系統,009006311,蕎麥製品-蕎麥粉
00701000004000000,小麥製品,,SAP,農產品產地價格查詢系統,91070,麥片
00701000004000000,小麥製品,,SAP,農產品產地價格查詢系統,91050,麩皮
00701000004000000,小麥製品,,PQR,溯源農糧產品追溯系統,009006322,小麥製品-麵粉
00701000004000000,小麥製品,,PQR,溯源農糧產品追溯系統,009006321,小麥製品-麥片
00701000003000050,玉米製品進口,,SAP,農產品產地價格查詢系統,91030,玉米仁(進口)
00701000003000000,玉米製品,,SAP,農產品產地價格查詢系統,A1030,玉米仁
00701000003000000,玉米製品,,PQR,溯源農糧產品追溯系統,009006153,玉米製品-冷凍玉米
00701000003000000,玉米製品,,PQR,溯源農糧產品追溯系統,009006152,玉米製品-即食
00701000003000000,玉米製品,,PQR,溯源農糧產品追溯系統,009006151,玉米製品-蒸煮
00701000001000000,稻米製品,,SAP,農產品產地價格查詢系統,91040,米糠
00701000001000000,稻米製品,,PQR,溯源農糧產品追溯系統,009006062,稻米製品-純米穀粉
00701000001000000,稻米製品,,PQR,溯源農糧產品追溯系統,009006061,稻米製品-發芽米
00701000001000000,稻米製品,,PMG,農業產銷班組織體系資料服務系統,307,米類加工產物        
00701000000000000,五穀雜糧加工類,,PQR,溯源農糧產品追溯系統,005002016,雜糧加工品
00701000000000000,五穀雜糧加工類,,PMG,農業產銷班組織體系資料服務系統,293,雜糧加工品          
00700000000000000,農產品加工類,,PQR,溯源農糧產品追溯系統,009004008,農產品加工
00700000000000000,農產品加工類,,PMG,農業產銷班組織體系資料服務系統,461,農產品加工          
00699000999000000,其他特用作物,,PQR,溯源農糧產品追溯系統,005001998,其他特用作物
00699000999000000,其他特用作物,,PMG,農業產銷班組織體系資料服務系統,335,其他特用作物        
00699000999000000,其他特用作物,,PFB,農產業天然災害現金救助系統,399,其它特用作物
00699000999000000,其他特用作物,,PAR,農糧情調查作業資訊系統,390,其他特作
00699000999000000,其他特用作物,,FFR,全國糧政跨區即時申辦服務作業平台,9AG,金銀花
00698000998000000,其他長期特作,,PAR,農糧情調查作業資訊系統,56,其他長期特作
00698000998000000,其他長期特作,,FFR,全國糧政跨區即時申辦服務作業平台,399,其他長期特作
00697000997000000,其他短期特作,,PAR,農糧情調查作業資訊系統,35,其他短期特作
00697000997000000,其他短期特作,,FFR,全國糧政跨區即時申辦服務作業平台,320,其他短期特用
00609155004000050,洛神進口,,MAM,農產品批發市場交易行情站,IY061,進口洛神葵
00609155004000000,洛神,,SAC,農產品生產成本調查系統,93,洛神葵
00609155004000000,洛神,,PSC,農糧產品產銷供應鏈整合服務平台,FW2,*洛神花
00609155004000000,洛神,,PSC,農糧產品產銷供應鏈整合服務平台,2050106230021,洛神花
00609155004000000,洛神,,PQR,溯源農糧產品追溯系統,005001037,洛神
00609155004000000,洛神,,PQR,溯源農糧產品追溯系統,002002043,洛神葵
00609155004000000,洛神,,PMG,農業產銷班組織體系資料服務系統,480,洛神                
00609155004000000,洛神,,PFB,農產業天然災害現金救助系統,309,洛神葵
00609155004000000,洛神,,PAR,農糧情調查作業資訊系統,30,洛神葵
00609155004000000,洛神,,MAM,農產品批發市場交易行情站,FY061,洛神葵
00609155004000000,洛神,,MAM,農產品批發市場交易行情站,FW2,洛神花
00609155004000000,洛神,,FFR,全國糧政跨區即時申辦服務作業平台,309,洛神葵
00609118002000000,杭菊,,SAC,農產品生產成本調查系統,68,杭菊
00609118002000000,杭菊,,PMG,農業產銷班組織體系資料服務系統,486,杭菊                
00609118002000000,杭菊,,PFB,農產業天然災害現金救助系統,325,杭菊
00609118002000000,杭菊,,PAR,農糧情調查作業資訊系統,40,杭菊
00609118002000000,杭菊,,FFR,全國糧政跨區即時申辦服務作業平台,325,杭菊
00609085003000000,咖啡,,SAC,農產品生產成本調查系統,245,咖啡
00609085003000000,咖啡,,PQR,溯源農糧產品追溯系統,005001018,咖啡
00609085003000000,咖啡,,PMG,農業產銷班組織體系資料服務系統,334,咖啡                
00609085003000000,咖啡,,PFB,農產業天然災害現金救助系統,337,咖啡
00609085003000000,咖啡,,PAR,農糧情調查作業資訊系統,52,咖啡
00609085003000000,咖啡,,FFR,全國糧政跨區即時申辦服務作業平台,337,咖啡
00609080006000000,愛玉子,,PQR,溯源農糧產品追溯系統,009006035,愛玉子
00609080006000000,愛玉子,,PMG,農業產銷班組織體系資料服務系統,327,愛玉子              
00609080006000000,愛玉子,,PFB,農產業天然災害現金救助系統,339,愛玉子
00609080006000000,愛玉子,,PAR,農糧情調查作業資訊系統,54,愛玉子
00609080006000000,愛玉子,,FFR,全國糧政跨區即時申辦服務作業平台,339,愛玉子
00609077001000000,仙草,,SAC,農產品生產成本調查系統,48,仙草
00609077001000000,仙草,,PQR,溯源農糧產品追溯系統,005001013,仙草
00609077001000000,仙草,,PMG,農業產銷班組織體系資料服務系統,325,仙草                
00609077001000000,仙草,,PFB,農產業天然災害現金救助系統,311,仙草
00609077001000000,仙草,,PAR,農糧情調查作業資訊系統,32,仙草
00609077001000000,仙草,,FFR,全國糧政跨區即時申辦服務作業平台,311,仙草
00609077001000000,仙草,,FFR,全國糧政跨區即時申辦服務作業平台,020,契作仙草
00609009005000000,茶,,SAP,農產品產地價格查詢系統,62941,綠茶
00609009005000000,茶,,SAP,農產品產地價格查詢系統,62940,紅茶
00609009005000000,茶,,PQR,溯源農糧產品追溯系統,005001054,茶
00609009005000000,茶,,PMG,農業產銷班組織體系資料服務系統,309,茶                  
00609009005000000,茶,,PFB,農產業天然災害現金救助系統,305,茶
00609009005000000,茶,,PAR,農糧情調查作業資訊系統,26,茶
00609009005000000,茶,,FFR,全國糧政跨區即時申辦服務作業平台,305,茶
00609009005000000,茶,,FFR,全國糧政跨區即時申辦服務作業平台,030,契作茶(第9期後)
00609009005000000,茶,,FFR,全國糧政跨區即時申辦服務作業平台,025,契作茶(第8期)
00609009005000000,茶,,FFR,全國糧政跨區即時申辦服務作業平台,023,契作茶(第7期)
00609009005000000,茶,,FFR,全國糧政跨區即時申辦服務作業平台,021,契作茶
00608179010000000,香草,,FFR,全國糧政跨區即時申辦服務作業平台,9AH,香草
00608170004000000,蒔蘿,,PQR,溯源農糧產品追溯系統,005001079,蒔蘿
00608118003000000,芳香萬壽菊,,PQR,溯源農糧產品追溯系統,002001066,芳香萬壽菊
00608077002000000,薄荷,,PQR,溯源農糧產品追溯系統,005001086,薄荷
00608077002000000,薄荷,,PFB,農產業天然災害現金救助系統,804,薄荷
00608077002000000,薄荷,,PAR,農糧情調查作業資訊系統,213,薄荷
00608077002000000,薄荷,,FFR,全國糧政跨區即時申辦服務作業平台,804,薄荷
00608077001000000,紫蘇,,PQR,溯源農糧產品追溯系統,005001001,紫蘇
00608077001000000,紫蘇,,PMG,農業產銷班組織體系資料服務系統,333,紫蘇                
00608077001000000,紫蘇,,PFB,農產業天然災害現金救助系統,312,紫蘇
00608077001000000,紫蘇,,PAR,農糧情調查作業資訊系統,33,紫蘇
00608077001000000,紫蘇,,FFR,全國糧政跨區即時申辦服務作業平台,312,紫蘇
00608030005000000,香茅,,PFB,農產業天然災害現金救助系統,308,香水茅
00608030005000000,香茅,,PAR,農糧情調查作業資訊系統,29,香水茅
00608030005000000,香茅,,MAM,農產品批發市場交易行情站,FY117,香茅
00608030005000000,香茅,,FFR,全國糧政跨區即時申辦服務作業平台,9AT,香茅
00608030005000000,香茅,,FFR,全國糧政跨區即時申辦服務作業平台,308,香水茅
00608017009000000,秀英,,PQR,溯源農糧產品追溯系統,005001047,秀英
00608017009000000,秀英,,PFB,農產業天然災害現金救助系統,324,秀英
00608017009000000,秀英,,PAR,農糧情調查作業資訊系統,39,秀英
00608017009000000,秀英,,FFR,全國糧政跨區即時申辦服務作業平台,324,秀英
00608017007000000,桂花,,PQR,溯源農糧產品追溯系統,005001031,桂花
00608017007000000,桂花,,FFR,全國糧政跨區即時申辦服務作業平台,9AE,桂花
00608017007000000,桂花,,FFR,全國糧政跨區即時申辦服務作業平台,9A7,桂花
00607068004000000,紅蓮蕉,,PQR,溯源農糧產品追溯系統,005001049,紅蓮蕉
00607068004000000,紅蓮蕉,,FFR,全國糧政跨區即時申辦服務作業平台,246,紅蓮蕉
00607044001000000,葛藤,,PQR,溯源農糧產品追溯系統,005001061,葛藤
00607044001000000,葛藤,,PFB,農產業天然災害現金救助系統,336,葛藤
00607044001000000,葛藤,,PAR,農糧情調查作業資訊系統,51,葛藤
00607044001000000,葛藤,,FFR,全國糧政跨區即時申辦服務作業平台,336,葛藤
00607036002000000,葛鬱金,,PSC,農糧產品產銷供應鏈整合服務平台,2020419210041,粉薯
00607036002000000,葛鬱金,,PQR,溯源農糧產品追溯系統,005001062,葛鬱金
00607036002000000,葛鬱金,,MAM,農產品批發市場交易行情站,SU4,薯蕷    粉薯
00607036002000000,葛鬱金,,FFR,全國糧政跨區即時申辦服務作業平台,818,葛鬱金
00607014003000000,蒟蒻,,PQR,溯源農糧產品追溯系統,005001004,蒟蒻
00607014003000000,蒟蒻,,FFR,全國糧政跨區即時申辦服務作業平台,293,蒟蒻
00606168004000000,藷茛,,PQR,溯源農糧產品追溯系統,005001064,薯茛
00606166006000000,薑黃,,PQR,溯源農糧產品追溯系統,002004065,薑黃
00606166006000000,薑黃,,PMG,農業產銷班組織體系資料服務系統,490,薑黃
00606166006000000,薑黃,,MAM,農產品批發市場交易行情站,SP5,薑薑黃
00606166006000000,薑黃,,FFR,全國糧政跨區即時申辦服務作業平台,830,薑黃
00606166006000000,薑黃,,FFR,全國糧政跨區即時申辦服務作業平台,4BJ,薑黃(契作)
00606166006000000,薑黃,,FFR,全國糧政跨區即時申辦服務作業平台,4AY,薑黃
00606161005000000,大菁,,FFR,全國糧政跨區即時申辦服務作業平台,4BB,大菁
00606118001000000,紅花,,PSC,農糧產品產銷供應鏈整合服務平台,2020206120027,紅花
00606118001000000,紅花,,PQR,溯源農糧產品追溯系統,005001077,紅花
00606085003000000,梔子,,PQR,溯源農糧產品追溯系統,005001074,黃梔子
00606085003000000,梔子,,PMG,農業產銷班組織體系資料服務系統,321,黃梔子              
00606085003000000,梔子,,PFB,農產業天然災害現金救助系統,335,黃梔
00606085003000000,梔子,,PAR,農糧情調查作業資訊系統,50,黃梔
00606085003000000,梔子,,FFR,全國糧政跨區即時申辦服務作業平台,335,黃梔
00605157008000000,瓊麻,,PQR,溯源農糧產品追溯系統,005001040,瓊麻
00605157008000000,瓊麻,,PFB,農產業天然災害現金救助系統,307,瓊麻
00605157008000000,瓊麻,,PAR,農糧情調查作業資訊系統,28,瓊麻
00605157008000000,瓊麻,,FFR,全國糧政跨區即時申辦服務作業平台,307,瓊麻
00605155002000000,棉花,,PQR,溯源農糧產品追溯系統,005001033,棉花
00605155002000000,棉花,,PFB,農產業天然災害現金救助系統,302,棉花
00605155002000000,棉花,,PAR,農糧情調查作業資訊系統,23,棉花
00605155002000000,棉花,,FFR,全國糧政跨區即時申辦服務作業平台,302,棉花
00605153005000000,苧麻,,PQR,溯源農糧產品追溯系統,005001052,苧麻
00605153005000000,苧麻,,PFB,農產業天然災害現金救助系統,328,苧麻
00605153005000000,苧麻,,PAR,農糧情調查作業資訊系統,43,苧麻
00605153005000000,苧麻,,FFR,全國糧政跨區即時申辦服務作業平台,328,苧麻
00605097006000000,圓藺草,,PQR,溯源農糧產品追溯系統,005001020,圓藺草
00605097006000000,圓藺草,,PFB,農產業天然災害現金救助系統,313,圓藺草
00605097006000000,圓藺草,,PAR,農糧情調查作業資訊系統,34,圓藺草
00605097006000000,圓藺草,,FFR,全國糧政跨區即時申辦服務作業平台,313,圓藺草
00605097004000000,大甲藺,,PQR,溯源農糧產品追溯系統,005001022,大甲藺
00605097004000000,大甲藺,,PFB,農產業天然災害現金救助系統,321,大甲藺
00605097004000000,大甲藺,,PAR,農糧情調查作業資訊系統,36,大甲藺
00605097004000000,大甲藺,,FFR,全國糧政跨區即時申辦服務作業平台,321,大甲藺
00605097003000000,三角藺,,PQR,溯源農糧產品追溯系統,005001011,三角藺
00605097003000000,三角藺,,PFB,農產業天然災害現金救助系統,322,三角藺
00605097003000000,三角藺,,PAR,農糧情調查作業資訊系統,37,三角藺
00605097003000000,三角藺,,FFR,全國糧政跨區即時申辦服務作業平台,322,三角藺
00605046007000000,亞麻,,PQR,溯源農糧產品追溯系統,005001012,亞麻
00605046007000000,亞麻,,PFB,農產業天然災害現金救助系統,327,亞麻
00605046007000000,亞麻,,PAR,農糧情調查作業資訊系統,42,亞麻
00605046007000000,亞麻,,FFR,全國糧政跨區即時申辦服務作業平台,327,亞麻
00605030001000000,貴黍,,PQR,溯源農糧產品追溯系統,005001066,貴黍
00605030001000000,貴黍,,PFB,農產業天然災害現金救助系統,310,貴黍
00605030001000000,貴黍,,PAR,農糧情調查作業資訊系統,31,貴黍
00605030001000000,貴黍,,FFR,全國糧政跨區即時申辦服務作業平台,310,貴黍
00604118001000000,甜菊,,PFB,農產業天然災害現金救助系統,332,甜菊
00604118001000000,甜菊,,PAR,農糧情調查作業資訊系統,47,甜菊
00604118001000000,甜菊,,FFR,全國糧政跨區即時申辦服務作業平台,332,甜菊
00604030002000000,甘蔗,,SAP,農產品產地價格查詢系統,62810,紅甘蔗
00604030002000000,甘蔗,,SAC,農產品生產成本調查系統,57,生食甘蔗
00604030002000000,甘蔗,,PSC,農糧產品產銷供應鏈整合服務平台,6,甘蔗
00604030002000000,甘蔗,,PQR,溯源農糧產品追溯系統,005001041,甘蔗
00604030002000000,甘蔗,,PMG,農業產銷班組織體系資料服務系統,324,生食甘蔗            
00604030002000000,甘蔗,,PMG,農業產銷班組織體系資料服務系統,323,製糖甘蔗            
00604030002000000,甘蔗,,PFB,農產業天然災害現金救助系統,341,原料甘蔗
00604030002000000,甘蔗,,PFB,農產業天然災害現金救助系統,306,生食甘蔗
00604030002000000,甘蔗,,PAR,農糧情調查作業資訊系統,388,原料甘蔗
00604030002000000,甘蔗,,PAR,農糧情調查作業資訊系統,321,製糖甘蔗
00604030002000000,甘蔗,,PAR,農糧情調查作業資訊系統,303,原料甘蔗
00604030002000000,甘蔗,,PAR,農糧情調查作業資訊系統,27,生食甘蔗
00604030002000000,甘蔗,,MAM,農產品批發市場交易行情站,62,甘蔗    削皮
00604030002000000,甘蔗,,MAM,農產品批發市場交易行情站,61,甘蔗    帶皮
00604030002000000,甘蔗,,FFR,全國糧政跨區即時申辦服務作業平台,991,契作原料甘蔗
00604030002000000,甘蔗,,FFR,全國糧政跨區即時申辦服務作業平台,398,原料甘蔗
00604030002000000,甘蔗,,FFR,全國糧政跨區即時申辦服務作業平台,306,食用甘蔗
00604030002000000,甘蔗,,FFR,全國糧政跨區即時申辦服務作業平台,117,契作甘蔗
00603075004000000,菸草,,SAP,農產品產地價格查詢系統,A6021,菸草(薄葉)
00603075004000000,菸草,,SAP,農產品產地價格查詢系統,A6020,菸草(厚葉)
00603075004000000,菸草,,SAC,農產品生產成本調查系統,218,菸草
00603075004000000,菸草,,PQR,溯源農糧產品追溯系統,005001060,菸草
00603075004000000,菸草,,PMG,農業產銷班組織體系資料服務系統,314,菸草                
00603075004000000,菸草,,PFB,農產業天然災害現金救助系統,342,菸草
00603075004000000,菸草,,PAR,農糧情調查作業資訊系統,389,菸草
00603075004000000,菸草,,PAR,農糧情調查作業資訊系統,322,菸草
00603075004000000,菸草,,PAR,農糧情調查作業資訊系統,304,菸草
00603075004000000,菸草,,FFR,全國糧政跨區即時申辦服務作業平台,397,菸草
00603072003000000,荖藤,,PQR,溯源農糧產品追溯系統,005001059,荖藤
00603072003000000,荖藤,,PFB,農產業天然災害現金救助系統,329,荖藤
00603072003000000,荖藤,,PAR,農糧情調查作業資訊系統,44,荖藤
00603072003000000,荖藤,,FFR,全國糧政跨區即時申辦服務作業平台,329,荖藤
00603072002000000,荖葉,,SAC,農產品生產成本調查系統,260,荖葉
00603072002000000,荖葉,,PQR,溯源農糧產品追溯系統,005001058,荖葉
00603072002000000,荖葉,,PFB,農產業天然災害現金救助系統,331,荖葉
00603072002000000,荖葉,,PAR,農糧情調查作業資訊系統,46,荖葉
00603072002000000,荖葉,,FFR,全國糧政跨區即時申辦服務作業平台,331,荖葉
00603072001000000,荖花,,SAP,農產品產地價格查詢系統,62410,荖花
00603072001000000,荖花,,SAC,農產品生產成本調查系統,259,荖花
00603072001000000,荖花,,PQR,溯源農糧產品追溯系統,005001057,荖花
00603072001000000,荖花,,PFB,農產業天然災害現金救助系統,330,荖花
00603072001000000,荖花,,PAR,農糧情調查作業資訊系統,45,荖花
00603072001000000,荖花,,FFR,全國糧政跨區即時申辦服務作業平台,330,荖花
00602118001000000,向日葵_採種供作加工原料,,FFR,全國糧政跨區即時申辦服務作業平台,303,向日葵
00602071004000000,胡麻,,SAP,農產品產地價格查詢系統,62920,芝麻(黑省產)
00602071004000000,胡麻,,SAC,農產品生產成本調查系統,71,芝麻
00602071004000000,胡麻,,PQR,溯源農糧產品追溯系統,005002012,胡麻
00602071004000000,胡麻,,PMG,農業產銷班組織體系資料服務系統,282,胡麻                
00602071004000000,胡麻,,PFB,農產業天然災害現金救助系統,301,胡(芝)麻
00602071004000000,胡麻,,PAR,農糧情調查作業資訊系統,22,芝麻
00602071004000000,胡麻,,FFR,全國糧政跨區即時申辦服務作業平台,301,芝麻(胡麻)
00602071004000000,胡麻,,FFR,全國糧政跨區即時申辦服務作業平台,017,契作胡麻
00602009002000000,大果種油茶,,PQR,溯源農糧產品追溯系統,005001051,苦茶
00602009002000000,大果種油茶,,PQR,溯源農糧產品追溯系統,005001035,油茶
00602009002000000,大果種油茶,,PMG,農業產銷班組織體系資料服務系統,326,油茶                
00602009002000000,大果種油茶,,PMG,農業產銷班組織體系資料服務系統,311,苦茶                
00602009002000000,大果種油茶,,PFB,農產業天然災害現金救助系統,326,油茶
00602009002000000,大果種油茶,,PAR,農糧情調查作業資訊系統,41,油茶
00602009002000000,大果種油茶,,FFR,全國糧政跨區即時申辦服務作業平台,352,油茶(106年以前申辦)
00602009002000000,大果種油茶,,FFR,全國糧政跨區即時申辦服務作業平台,350,油茶
00602009002000000,大果種油茶,,FFR,全國糧政跨區即時申辦服務作業平台,326,油茶
00602009002000000,大果種油茶,,FFR,全國糧政跨區即時申辦服務作業平台,031,契作油茶(第7期)
00602009002000000,大果種油茶,,FFR,全國糧政跨區即時申辦服務作業平台,026,契作油茶(第7期)
00602009002000000,大果種油茶,,FFR,全國糧政跨區即時申辦服務作業平台,024,契作油茶(第7期)
00602009002000000,大果種油茶,,FFR,全國糧政跨區即時申辦服務作業平台,022,契作油茶(第7期)
00602000999000000,其他油料作物,,PFB,農產業天然災害現金救助系統,304,油菜子
00602000999000000,其他油料作物,,PAR,農糧情調查作業資訊系統,25,油菜子
00602000999000000,其他油料作物,,FFR,全國糧政跨區即時申辦服務作業平台,304,油菜子
00601179039000000,金線蓮,,PQR,溯源農糧產品追溯系統,005001078,金線蓮
00601179039000000,金線蓮,,PQR,溯源農糧產品追溯系統,005001069,金線連
00601179039000000,金線蓮,,PMG,農業產銷班組織體系資料服務系統,316,金線蓮              
00601179039000000,金線蓮,,FFR,全國糧政跨區即時申辦服務作業平台,9AR,金線蓮
00601174049000000,小葉藜,,PQR,溯源農糧產品追溯系統,002001073,小葉藜
00601171017000000,杜虹花,,FFR,全國糧政跨區即時申辦服務作業平台,9AN,紫珠
00601170020000000,當歸,,PQR,溯源農糧產品追溯系統,005001042,當歸
00601170020000000,當歸,,PFB,農產業天然災害現金救助系統,803,當歸
00601170020000000,當歸,,PAR,農糧情調查作業資訊系統,212,當歸
00601170020000000,當歸,,FFR,全國糧政跨區即時申辦服務作業平台,803,當歸
00601170019000000,柴胡,,PQR,溯源農糧產品追溯系統,005001030,柴胡
00601170019000000,柴胡,,PFB,農產業天然災害現金救助系統,801,柴胡
00601170019000000,柴胡,,PAR,農糧情調查作業資訊系統,210,柴胡
00601170019000000,柴胡,,FFR,全國糧政跨區即時申辦服務作業平台,801,柴胡
00601170018000000,明日葉,,PQR,溯源農糧產品追溯系統,005001028,明日葉
00601170018000000,明日葉,,FFR,全國糧政跨區即時申辦服務作業平台,4BQ,明日葉
00601168030000000,白藷莨,,PQR,溯源農糧產品追溯系統,005001043,白薯莨
00601166047000000,南薑,,PQR,溯源農糧產品追溯系統,005001016,南薑
00601166047000000,南薑,,PFB,農產業天然災害現金救助系統,340,南薑
00601166047000000,南薑,,PAR,農糧情調查作業資訊系統,55,南薑
00601166047000000,南薑,,FFR,全國糧政跨區即時申辦服務作業平台,340,南薑
00601161034000000,穿心蓮,,PQR,溯源農糧產品追溯系統,005001048,穿心蓮
00601161033000000,白鶴靈芝,,PQR,溯源農糧產品追溯系統,005001008,白鶴靈芝
00601161033000000,白鶴靈芝,,PMG,農業產銷班組織體系資料服務系統,330,白鶴靈芝            
00601161033000000,白鶴靈芝,,PFB,農產業天然災害現金救助系統,814,白鶴靈芝草
00601161033000000,白鶴靈芝,,FFR,全國糧政跨區即時申辦服務作業平台,834,白鶴靈芝(106年以前申辦)
00601161033000000,白鶴靈芝,,FFR,全國糧政跨區即時申辦服務作業平台,821,白鶴靈芝
00601155036000000,山芙蓉,,FFR,全國糧政跨區即時申辦服務作業平台,825,山芙蓉
00601155035000000,圓葉錦葵,,PQR,溯源農糧產品追溯系統,005001019,圓葉錦葵
00601152052000000,澤瀉,,PQR,溯源農糧產品追溯系統,005001038,澤瀉
00601152052000000,澤瀉,,PFB,農產業天然災害現金救助系統,805,澤瀉
00601152052000000,澤瀉,,PAR,農糧情調查作業資訊系統,214,澤瀉
00601152052000000,澤瀉,,FFR,全國糧政跨區即時申辦服務作業平台,805,澤瀉
00601148048000000,何首烏,,PQR,溯源農糧產品追溯系統,005001014,何首烏
00601148048000000,何首烏,,FFR,全國糧政跨區即時申辦服務作業平台,9A4,何首烏
00601145045000000,土肉桂,,PMG,農業產銷班組織體系資料服務系統,320,土肉桂              
00601145044000000,肉桂,,PQR,溯源農糧產品追溯系統,005001083,肉桂
00601145044000000,肉桂,,PMG,農業產銷班組織體系資料服務系統,481,肉桂                
00601145044000000,肉桂,,FFR,全國糧政跨區即時申辦服務作業平台,9AD,肉桂(玉桂)
00601140051000050,白果進口,,MAM,農產品批發市場交易行情站,FA9,百果    進口
00601140051000000,白果,,PSC,農糧產品產銷供應鏈整合服務平台,FA9,百果
00601138056000000,辣木,,PQR,溯源農糧產品追溯系統,005001067,辣木
00601138056000000,辣木,,PMG,農業產銷班組織體系資料服務系統,332,辣木                
00601138056000000,辣木,,FFR,全國糧政跨區即時申辦服務作業平台,841,辣木
00601132053000000,七葉膽,,PQR,溯源農糧產品追溯系統,005001010,七葉膽
00601132053000000,七葉膽,,FFR,全國糧政跨區即時申辦服務作業平台,828,七葉膽
00601131055000000,山葡萄,,PQR,溯源農糧產品追溯系統,005001024,山葡萄
00601131055000000,山葡萄,,PMG,農業產銷班組織體系資料服務系統,113,山葡萄              
00601131055000000,山葡萄,,PFB,農產業天然災害現金救助系統,812,山葡萄
00601127050000000,香椿,,PSC,農糧產品產銷供應鏈整合服務平台,LY6,*香椿
00601127050000000,香椿,,PSC,農糧產品產銷供應鏈整合服務平台,2050112250068,香椿
00601127050000000,香椿,,PQR,溯源農糧產品追溯系統,005001071,香椿
00601127050000000,香椿,,MAM,農產品批發市場交易行情站,LY6,香椿
00601127050000000,香椿,,FFR,全國糧政跨區即時申辦服務作業平台,4AW,香椿
00601118017000000,艾草,,FFR,全國糧政跨區即時申辦服務作業平台,294,艾草
00601118016000000,小金英,,FFR,全國糧政跨區即時申辦服務作業平台,823,小金英或蒲公英
00601118015000000,蒲公英,,PQR,溯源農糧產品追溯系統,005001063,蒲公英
00601118015000000,蒲公英,,FFR,全國糧政跨區即時申辦服務作業平台,9AO,蒲公英
00601118014000000,風茹草,,PQR,溯源農糧產品追溯系統,009006016,風茹(草)
00601118014000000,風茹草,,PFB,農產業天然災害現金救助系統,815,香茹草
00601118014000000,風茹草,,FFR,全國糧政跨區即時申辦服務作業平台,359,香茹
00601118012000000,六神花,,FFR,全國糧政跨區即時申辦服務作業平台,827,六神花
00601118011000000,除蟲菊,,PQR,溯源農糧產品追溯系統,005001070,除蟲菊
00601118011000000,除蟲菊,,PFB,農產業天然災害現金救助系統,808,除蟲菊
00601118011000000,除蟲菊,,PAR,農糧情調查作業資訊系統,217,除蟲菊
00601118011000000,除蟲菊,,FFR,全國糧政跨區即時申辦服務作業平台,808,除蟲菊
00601118010000000,澤蘭,,PQR,溯源農糧產品追溯系統,005001039,澤蘭
00601118010000000,澤蘭,,FFR,全國糧政跨區即時申辦服務作業平台,813,澤蘭
00601118009000000,款冬,,PQR,溯源農糧產品追溯系統,005001034,款冬
00601118008000000,山防風,,PQR,溯源農糧產品追溯系統,005001026,山防風
00601118008000000,山防風,,MAM,農產品批發市場交易行情站,FY100,山防風
00601118008000000,山防風,,FFR,全國糧政跨區即時申辦服務作業平台,9A1,山防風
00601098041000000,青葙,,PQR,溯源農糧產品追溯系統,005001003,青葙
00601098041000000,青葙,,FFR,全國糧政跨區即時申辦服務作業平台,527,青葙
00601098040000000,法國綠莧,,PQR,溯源農糧產品追溯系統,005001036,法國綠莧
00601085060000000,百花蛇舌草,,FFR,全國糧政跨區即時申辦服務作業平台,829,百花蛇舌草
00601085027000000,諾麗果,,PFB,農產業天然災害現金救助系統,345,諾麗
00601085027000000,諾麗果,,FFR,全國糧政跨區即時申辦服務作業平台,835,諾麗果(106年以前申辦)
00601085027000000,諾麗果,,FFR,全國糧政跨區即時申辦服務作業平台,831,檄樹(諾麗果)
00601081043000000,桔梗,,PQR,溯源農糧產品追溯系統,005001032,桔梗
00601081043000000,桔梗,,PFB,農產業天然災害現金救助系統,807,桔梗
00601081043000000,桔梗,,PAR,農糧情調查作業資訊系統,216,桔梗
00601081043000000,桔梗,,FFR,全國糧政跨區即時申辦服務作業平台,807,桔梗
00601081042000000,黨蔘,,FFR,全國糧政跨區即時申辦服務作業平台,816,黨蔘
00601080046000000,羊奶頭,,PQR,溯源農糧產品追溯系統,005001023,天仙果
00601080046000000,羊奶頭,,PMG,農業產銷班組織體系資料服務系統,331,天仙果              
00601080046000000,羊奶頭,,FFR,全國糧政跨區即時申辦服務作業平台,354,羊奶頭(天仙果)
00601077007000000,荊芥,,PQR,溯源農糧產品追溯系統,005001056,荊芥
00601077006000000,筋骨草,,FFR,全國糧政跨區即時申辦服務作業平台,814,筋骨草
00601077005000000,半支蓮,,FFR,全國糧政跨區即時申辦服務作業平台,822,半支蓮
00601077004000000,丹參,,PFB,農產業天然災害現金救助系統,813,丹蔘
00601077004000000,丹參,,FFR,全國糧政跨區即時申辦服務作業平台,840,丹參
00601077004000000,丹參,,FFR,全國糧政跨區即時申辦服務作業平台,820,丹蔘
00601077003000000,黃芩,,PQR,溯源農糧產品追溯系統,005001075,黃芩
00601077003000000,黃芩,,PFB,農產業天然災害現金救助系統,806,黃芩
00601077003000000,黃芩,,PAR,農糧情調查作業資訊系統,215,黃芩
00601077003000000,黃芩,,FFR,全國糧政跨區即時申辦服務作業平台,806,黃芩
00601077002000000,益母草,,PQR,溯源農糧產品追溯系統,005001044,益母草
00601077002000000,益母草,,FFR,全國糧政跨區即時申辦服務作業平台,824,益母草
00601077001000000,草石蠶,,PSC,農糧產品產銷供應鏈整合服務平台,SZ5,草食蠶
00601077001000000,草石蠶,,PSC,農糧產品產銷供應鏈整合服務平台,2020419260053,草石蠶
00601077001000000,草石蠶,,PQR,溯源農糧產品追溯系統,005001082,草石蠶
00601077001000000,草石蠶,,MAM,農產品批發市場交易行情站,SZ5,草石蠶
00601075029000000,枸杞,,PQR,溯源農糧產品追溯系統,002002042,枸杞
00601075029000000,枸杞,,FFR,全國糧政跨區即時申辦服務作業平台,812,枸杞
00601075028000000,葉用枸杞,,PQR,溯源農糧產品追溯系統,005001002,葉用枸杞
00601047026000000,桑黃,,PQR,溯源農糧產品追溯系統,005001005,桑黃
00601044022000000,通天草,,FFR,全國糧政跨區即時申辦服務作業平台,9A6,狗尾草
00601044022000000,通天草,,FFR,全國糧政跨區即時申辦服務作業平台,349,通天草(狗尾草)
00601044021000000,黃耆,,PQR,溯源農糧產品追溯系統,005001076,黃耆
00601035032000000,麥門冬,,PQR,溯源農糧產品追溯系統,005001073,麥門冬
00601035032000000,麥門冬,,PFB,農產業天然災害現金救助系統,809,麥門冬
00601035032000000,麥門冬,,PAR,農糧情調查作業資訊系統,218,麥門冬
00601035032000000,麥門冬,,FFR,全國糧政跨區即時申辦服務作業平台,809,麥門冬
00601035031000000,蘆薈,,PQR,溯源農糧產品追溯系統,005001065,蘆薈
00601035031000000,蘆薈,,PMG,農業產銷班組織體系資料服務系統,482,蘆薈                
00601035031000000,蘆薈,,PFB,農產業天然災害現金救助系統,344,蘆薈
00601035031000000,蘆薈,,FFR,全國糧政跨區即時申辦服務作業平台,817,蘆薈
00601032025000000,茯苓,,PQR,溯源農糧產品追溯系統,005001009,茯苓
00601032024000000,樟芝,,PQR,溯源農糧產品追溯系統,005001007,樟芝
00601032023000000,槐耳,,PQR,溯源農糧產品追溯系統,005001006,槐耳
00601024054000000,地黃,,PQR,溯源農糧產品追溯系統,005001021,地黃
00601024054000000,地黃,,PFB,農產業天然災害現金救助系統,810,地黃
00601024054000000,地黃,,PAR,農糧情調查作業資訊系統,219,地黃
00601024054000000,地黃,,FFR,全國糧政跨區即時申辦服務作業平台,810,地黃
00601012038000000,刺五加,,PQR,溯源農糧產品追溯系統,005001015,刺五加
00601012038000000,刺五加,,PMG,農業產銷班組織體系資料服務系統,322,刺五加              
00601012037000000,蓪草,,PQR,溯源農糧產品追溯系統,005001068,通草
00601012037000000,蓪草,,PFB,農產業天然災害現金救助系統,338,通草
00601012037000000,蓪草,,PAR,農糧情調查作業資訊系統,53,通草
00601012037000000,蓪草,,FFR,全國糧政跨區即時申辦服務作業平台,338,通草
00601003057000000,蕺菜,,PQR,溯源農糧產品追溯系統,005001080,蕺菜
00601003057000000,蕺菜,,PQR,溯源農糧產品追溯系統,005001072,魚腥草
00601003057000000,蕺菜,,FFR,全國糧政跨區即時申辦服務作業平台,826,魚腥草
00601000999000000,其他藥用作物,,PSC,農糧產品產銷供應鏈整合服務平台,2020206050027,青皮
00601000999000000,其他藥用作物,,PFB,農產業天然災害現金救助系統,811,其他藥用
00601000999000000,其他藥用作物,,PAR,農糧情調查作業資訊系統,220,其他藥用
00601000999000000,其他藥用作物,,MAM,農產品批發市場交易行情站,FY036,金花草
00601000999000000,其他藥用作物,,FFR,全國糧政跨區即時申辦服務作業平台,811,其他藥用
00601000999000000,其他藥用作物,,FFR,全國糧政跨區即時申辦服務作業平台,800,藥用作物
00601000000000000,藥草類,,PMG,農業產銷班組織體系資料服務系統,315,藥草                
00600000000000000,特用作物類,,PSC,農糧產品產銷供應鏈整合服務平台,01,特用作物類
00600000000000000,特用作物類,,FFR,全國糧政跨區即時申辦服務作業平台,300,特用作物
00599000999000000,其他雜糧,,PQR,溯源農糧產品追溯系統,005002998,其他雜糧
00599000999000000,其他雜糧,,PMG,農業產銷班組織體系資料服務系統,294,其他雜糧            
00599000999000000,其他雜糧,,PFB,農產業天然災害現金救助系統,299,其他雜糧
00599000999000000,其他雜糧,,PAR,農糧情調查作業資訊系統,387,其他雜糧
00599000999000000,其他雜糧,,PAR,農糧情調查作業資訊系統,10,其他雜糧
00503092001999900,甘藷-其他品種,,MAM,農產品批發市場交易行情站,SO0,甘薯    其他
00503092001100000,甘藷-飼料甘藷,,SAP,農產品產地價格查詢系統,91010,甘薯(飼料用)
00503092001100000,甘藷-飼料甘藷,,FFR,全國糧政跨區即時申辦服務作業平台,205,契作飼料甘藷
00503092001000300,甘藷-台農66號,,PSC,農糧產品產銷供應鏈整合服務平台,2050219150032,臺農66號
00503092001000300,甘藷-台農66號,,MAM,農產品批發市場交易行情站,SO3,甘薯    臺農66號
00503092001000200,甘藷-芋仔甘藷,,PSC,農糧產品產銷供應鏈整合服務平台,2050219150025,芋仔甘薯
00503092001000200,甘藷-芋仔甘藷,,MAM,農產品批發市場交易行情站,SO2,甘薯    芋仔甘薯
00503092001000100,甘藷-台農57號,,PSC,農糧產品產銷供應鏈整合服務平台,2050219150018,臺農57號
00503092001000100,甘藷-台農57號,,MAM,農產品批發市場交易行情站,SO1,甘薯    臺農57號
00503092001000000,甘藷,,SAP,農產品產地價格查詢系統,62110,甘藷
00503092001000000,甘藷,,SAC,農產品生產成本調查系統,6,一期作甘薯
00503092001000000,甘藷,,SAC,農產品生產成本調查系統,145,裡作甘薯
00503092001000000,甘藷,,PSC,農糧產品產銷供應鏈整合服務平台,SO,甘藷
00503092001000000,甘藷,,PQR,溯源農糧產品追溯系統,005002008,甘藷(地瓜)
00503092001000000,甘藷,,PMG,農業產銷班組織體系資料服務系統,278,甘藷                
00503092001000000,甘藷,,PFB,農產業天然災害現金救助系統,201,甘藷
00503092001000000,甘藷,,PAR,農糧情調查作業資訊系統,19,甘藷
00503092001000000,甘藷,,FFR,全國糧政跨區即時申辦服務作業平台,201,甘藷
00503006002000000,木薯,,PSC,農糧產品產銷供應鏈整合服務平台,2020419210034,樹薯
00503006002000000,木薯,,PQR,溯源農糧產品追溯系統,005002024,樹薯
00503006002000000,木薯,,PMG,農業產銷班組織體系資料服務系統,285,樹薯                
00503006002000000,木薯,,PFB,農產業天然災害現金救助系統,202,樹薯
00503006002000000,木薯,,PAR,農糧情調查作業資訊系統,20,樹薯
00503006002000000,木薯,,MAM,農產品批發市場交易行情站,SU3,薯蕷    樹薯
00503006002000000,木薯,,FFR,全國糧政跨區即時申辦服務作業平台,202,樹薯
00503000999000000,其他藷類,,PQR,溯源農糧產品追溯系統,005002996,其他薯類
00503000999000000,其他藷類,,MAM,農產品批發市場交易行情站,SL2,菊芋    雪蓮薯
00503000999000000,其他藷類,,FFR,全國糧政跨區即時申辦服務作業平台,204,其他薯類
00503000000000000,藷類,,FFR,全國糧政跨區即時申辦服務作業平台,200,薯類
00502148006000000,蕎麥,,PQR,溯源農糧產品追溯系統,005002014,蕎麥
00502148006000000,蕎麥,,PMG,農業產銷班組織體系資料服務系統,286,蕎麥                
00502148006000000,蕎麥,,PFB,農產業天然災害現金救助系統,008,蕎麥
00502148006000000,蕎麥,,PAR,農糧情調查作業資訊系統,8,蕎麥
00502148006000000,蕎麥,,FFR,全國糧政跨區即時申辦服務作業平台,019,契作蕎麥
00502148006000000,蕎麥,,FFR,全國糧政跨區即時申辦服務作業平台,008,蕎麥
00502098009000000,臺灣藜,,PQR,溯源農糧產品追溯系統,005001087,台灣藜(紅藜)
00502098009000000,臺灣藜,,PMG,農業產銷班組織體系資料服務系統,488,紅藜                
00502098009000000,臺灣藜,,FFR,全國糧政跨區即時申辦服務作業平台,4AZ,臺灣紅藜(契作)
00502098009000000,臺灣藜,,FFR,全國糧政跨區即時申辦服務作業平台,4AL,臺灣紅蔾
00502030008100000,高粱-芻料高粱,,FFR,全國糧政跨區即時申辦服務作業平台,995,甜高粱
00502030008100000,高粱-芻料高粱,,FFR,全國糧政跨區即時申辦服務作業平台,726,芻料用高粱
00502030008000000,高粱,,SAP,農產品產地價格查詢系統,A1051,高粱(澎湖)
00502030008000000,高粱,,SAP,農產品產地價格查詢系統,A1050,高粱(台灣)
00502030008000000,高粱,,SAP,農產品產地價格查詢系統,91090,高梁
00502030008000000,高粱,,SAC,農產品生產成本調查系統,12,一期作高粱
00502030008000000,高粱,,PQR,溯源農糧產品追溯系統,005002017,高粱
00502030008000000,高粱,,PMG,農業產銷班組織體系資料服務系統,281,高粱                
00502030008000000,高粱,,PFB,農產業天然災害現金救助系統,005,蜀黍(高粱)
00502030008000000,高粱,,PAR,農糧情調查作業資訊系統,5,蜀黍(高粱)
00502030008000000,高粱,,FFR,全國糧政跨區即時申辦服務作業平台,981,契作釀酒高粱
00502030008000000,高粱,,FFR,全國糧政跨區即時申辦服務作業平台,111,契作高梁
00502030008000000,高粱,,FFR,全國糧政跨區即時申辦服務作業平台,005,蜀黍(高粱)
00502030007000000,薏苡,,SAC,農產品生產成本調查系統,21,一期作薏苡
00502030007000000,薏苡,,PQR,溯源農糧產品追溯系統,005002015,薏苡
00502030007000000,薏苡,,PMG,農業產銷班組織體系資料服務系統,287,薏仁                
00502030007000000,薏苡,,PFB,農產業天然災害現金救助系統,009,薏苡
00502030007000000,薏苡,,PAR,農糧情調查作業資訊系統,9,薏苡
00502030007000000,薏苡,,FFR,全國糧政跨區即時申辦服務作業平台,018,契作薏苡
00502030007000000,薏苡,,FFR,全國糧政跨區即時申辦服務作業平台,009,薏苡
00502030005999950,玉米-其他品種進口,,MAM,農產品批發市場交易行情站,FY90,玉米進口 其他
00502030005999900,玉米-其他品種,,MAM,農產品批發市場交易行情站,FY0,玉米    其他
00502030005100000,玉米-硬質玉米,,SAC,農產品生產成本調查系統,35,硬質玉米
00502030005100000,玉米-硬質玉米,,PQR,溯源農糧產品追溯系統,005002020,飼料玉米
00502030005100000,玉米-硬質玉米,,PMG,農業產銷班組織體系資料服務系統,485,飼料玉米            
00502030005100000,玉米-硬質玉米,,PFB,農產業天然災害現金救助系統,001,硬質玉米
00502030005100000,玉米-硬質玉米,,PAR,農糧情調查作業資訊系統,1,硬質玉米
00502030005100000,玉米-硬質玉米,,FFR,全國糧政跨區即時申辦服務作業平台,112,契作飼料玉米
00502030005100000,玉米-硬質玉米,,FFR,全國糧政跨區即時申辦服務作業平台,092,硬質玉米
00502030005000750,玉米-白龍王進口,,MAM,農產品批發市場交易行情站,FY98,玉米進口 白龍王
00502030005000700,玉米-白龍王,,MAM,農產品批發市場交易行情站,FY8,玉米白龍王
00502030005000650,玉米-糯米白進口,,MAM,農產品批發市場交易行情站,FY97,玉米進口 糯米白
00502030005000600,玉米-糯米白,,PSC,農糧產品產銷供應鏈整合服務平台,2050206250073,糯米白
00502030005000600,玉米-糯米白,,MAM,農產品批發市場交易行情站,FY7,玉米    糯米白
00502030005000550,玉米-甜軟殼進口,,MAM,農產品批發市場交易行情站,FY96,玉米進口 甜軟殼
00502030005000500,玉米-甜軟殼,,PSC,農糧產品產銷供應鏈整合服務平台,2050206250066,甜軟殼
00502030005000500,玉米-甜軟殼,,MAM,農產品批發市場交易行情站,FY6,玉米    甜軟殼
00502030005000450,玉米-糯米黑進口,,MAM,農產品批發市場交易行情站,FY95,玉米進口 糯米種
00502030005000400,玉米-糯米黑,,PSC,農糧產品產銷供應鏈整合服務平台,2050206250059,糯米黑
00502030005000400,玉米-糯米黑,,MAM,農產品批發市場交易行情站,FY5,玉米    糯米黑
00502030005000350,玉米-超甜白進口,,MAM,農產品批發市場交易行情站,FY93,玉米進口 超甜白
00502030005000300,玉米-超甜白,,PSC,農糧產品產銷供應鏈整合服務平台,2050206250035,超甜白
00502030005000300,玉米-超甜白,,MAM,農產品批發市場交易行情站,FY3,玉米    超甜白
00502030005000250,玉米-甜硬殼進口,,MAM,農產品批發市場交易行情站,FY92,玉米進口 甜硬殼
00502030005000200,玉米-甜硬殼,,PSC,農糧產品產銷供應鏈整合服務平台,2050206250028,甜硬殼
00502030005000200,玉米-甜硬殼,,MAM,農產品批發市場交易行情站,FY2,玉米    甜硬殼
00502030005000150,玉米-白玉米進口,,MAM,農產品批發市場交易行情站,FY91,玉米進口 白玉米
00502030005000100,玉米-白玉米,,PSC,農糧產品產銷供應鏈整合服務平台,2050206250011,白玉米
00502030005000100,玉米-白玉米,,MAM,農產品批發市場交易行情站,FY1,玉米    白玉米
00502030005000050,玉米進口,,MAM,農產品批發市場交易行情站,FY9,玉米    進口
00502030005000000,玉米,,SAP,農產品產地價格查詢系統,A2053,甜玉米
00502030005000000,玉米,,SAP,農產品產地價格查詢系統,26820,甜玉米(鮮食)
00502030005000000,玉米,,SAC,農產品生產成本調查系統,30,二期作甜玉米
00502030005000000,玉米,,SAC,農產品生產成本調查系統,268,二期作食用玉米
00502030005000000,玉米,,PSC,農糧產品產銷供應鏈整合服務平台,FY,玉米
00502030005000000,玉米,,PQR,溯源農糧產品追溯系統,005002022,食用玉米
00502030005000000,玉米,,PQR,溯源農糧產品追溯系統,005002007,玉米
00502030005000000,玉米,,PQR,溯源農糧產品追溯系統,004005028,觀賞玉米
00502030005000000,玉米,,PMG,農業產銷班組織體系資料服務系統,277,食用玉米            
00502030005000000,玉米,,PFB,農產業天然災害現金救助系統,002,食用玉米
00502030005000000,玉米,,PAR,農糧情調查作業資訊系統,2,食用玉米
00502030005000000,玉米,,FFR,全國糧政跨區即時申辦服務作業平台,990,契作玉米
00502030005000000,玉米,,FFR,全國糧政跨區即時申辦服務作業平台,982,保價玉米
00502030005000000,玉米,,FFR,全國糧政跨區即時申辦服務作業平台,098,食用玉米
00502030005000000,玉米,,FFR,全國糧政跨區即時申辦服務作業平台,002,契作硬質玉米
00502030004000000,燕麥,,PQR,溯源農糧產品追溯系統,005002006,燕麥
00502030004000000,燕麥,,PFB,農產業天然災害現金救助系統,701,燕麥
00502030004000000,燕麥,,PAR,農糧情調查作業資訊系統,205,燕麥
00502030004000000,燕麥,,FFR,全國糧政跨區即時申辦服務作業平台,701,燕麥
00502030003000050,小麥進口,,MAM,農產品批發市場交易行情站,IY064,進口小麥
00502030003000000,小麥,,SAP,農產品產地價格查詢系統,A1060,小麥
00502030003000000,小麥,,PQR,溯源農糧產品追溯系統,005002004,小麥
00502030003000000,小麥,,PMG,農業產銷班組織體系資料服務系統,283,小麥                
00502030003000000,小麥,,PFB,農產業天然災害現金救助系統,003,小麥
00502030003000000,小麥,,PAR,農糧情調查作業資訊系統,3,小麥
00502030003000000,小麥,,MAM,農產品批發市場交易行情站,FY064,小麥
00502030003000000,小麥,,FFR,全國糧政跨區即時申辦服務作業平台,029,契作小麥(苑里豆麥)
00502030003000000,小麥,,FFR,全國糧政跨區即時申辦服務作業平台,015,小麥
00502030003000000,小麥,,FFR,全國糧政跨區即時申辦服務作業平台,003,契作小麥
00502030002000050,小米進口,,PQR,溯源農糧產品追溯系統,005002021,進口小米
00502030002000050,小米進口,,MAM,農產品批發市場交易行情站,IY063,進口小米
00502030002000000,小米,,PQR,溯源農糧產品追溯系統,005002003,小米
00502030002000000,小米,,PMG,農業產銷班組織體系資料服務系統,483,小米                
00502030002000000,小米,,PMG,農業產銷班組織體系資料服務系統,284,粟                  
00502030002000000,小米,,PFB,農產業天然災害現金救助系統,004,粟(小米)
00502030002000000,小米,,PAR,農糧情調查作業資訊系統,4,粟
00502030002000000,小米,,MAM,農產品批發市場交易行情站,FY063,小米
00502030002000000,小米,,FFR,全國糧政跨區即時申辦服務作業平台,011,小米
00502030002000000,小米,,FFR,全國糧政跨區即時申辦服務作業平台,004,粟
00502030001000000,大麥,,PQR,溯源農糧產品追溯系統,005002002,大麥
00502030001000000,大麥,,PFB,農產業天然災害現金救助系統,006,大麥
00502030001000000,大麥,,PAR,農糧情調查作業資訊系統,6,大麥
00502030001000000,大麥,,FFR,全國糧政跨區即時申辦服務作業平台,006,大麥
00502000999000000,其他穀類,,PQR,溯源農糧產品追溯系統,005002995,其他穀類
00502000999000000,其他穀類,,FFR,全國糧政跨區即時申辦服務作業平台,099,其他雜糧
00502000000000000,穀類,,FFR,全國糧政跨區即時申辦服務作業平台,000,穀類
00501044006000000,樹豆,,PQR,溯源農糧產品追溯系統,005001081,樹豆
00501044006000000,樹豆,,PMG,農業產銷班組織體系資料服務系統,292,樹豆                
00501044006000000,樹豆,,PFB,農產業天然災害現金救助系統,298,樹豆
00501044006000000,樹豆,,FFR,全國糧政跨區即時申辦服務作業平台,241,樹豆
00501044005000000,落花生,,SAP,農產品產地價格查詢系統,61020,落花生(帶殼)
00501044005000000,落花生,,SAC,農產品生產成本調查系統,34,二期作落花生
00501044005000000,落花生,,SAC,農產品生產成本調查系統,18,一期作落花生
00501044005000000,落花生,,PSC,農糧產品產銷供應鏈整合服務平台,FZ,落花生
00501044005000000,落花生,,PQR,溯源農糧產品追溯系統,005002013,落花生
00501044005000000,落花生,,PMG,農業產銷班組織體系資料服務系統,280,落花生              
00501044005000000,落花生,,PFB,農產業天然災害現金救助系統,102,落花生
00501044005000000,落花生,,PAR,農糧情調查作業資訊系統,12,落花生
00501044005000000,落花生,,MAM,農產品批發市場交易行情站,FZ2,落花生  熟
00501044005000000,落花生,,MAM,農產品批發市場交易行情站,FZ1,落花生  生
00501044005000000,落花生,,FFR,全國糧政跨區即時申辦服務作業平台,102,落花生
00501044004000000,米豆,,PQR,溯源農糧產品追溯系統,005002009,米豆
00501044004000000,米豆,,PFB,農產業天然災害現金救助系統,106,米豆
00501044004000000,米豆,,PAR,農糧情調查作業資訊系統,16,米豆
00501044004000000,米豆,,FFR,全國糧政跨區即時申辦服務作業平台,106,米豆
00501044003000000,綠豆,,SAP,農產品產地價格查詢系統,61040,綠豆(省產)
00501044003000000,綠豆,,SAC,農產品生產成本調查系統,161,一期作綠豆
00501044003000000,綠豆,,PQR,溯源農糧產品追溯系統,005002011,綠豆
00501044003000000,綠豆,,PMG,農業產銷班組織體系資料服務系統,290,綠豆                
00501044003000000,綠豆,,PFB,農產業天然災害現金救助系統,105,綠豆
00501044003000000,綠豆,,PAR,農糧情調查作業資訊系統,15,綠豆
00501044003000000,綠豆,,FFR,全國糧政跨區即時申辦服務作業平台,983,契作綠豆
00501044003000000,綠豆,,FFR,全國糧政跨區即時申辦服務作業平台,105,綠豆
00501044002000000,紅豆,,SAP,農產品產地價格查詢系統,61031,紅豆(中等)
00501044002000000,紅豆,,SAC,農產品生產成本調查系統,149,裡作紅豆
00501044002000000,紅豆,,PQR,溯源農糧產品追溯系統,005002010,紅豆
00501044002000000,紅豆,,PMG,農業產銷班組織體系資料服務系統,288,紅豆                
00501044002000000,紅豆,,PFB,農產業天然災害現金救助系統,104,紅豆
00501044002000000,紅豆,,PAR,農糧情調查作業資訊系統,14,紅豆
00501044002000000,紅豆,,FFR,全國糧政跨區即時申辦服務作業平台,104,紅豆
00501044001000200,大豆-黑豆,,PMG,農業產銷班組織體系資料服務系統,291,黑豆                
00501044001000200,大豆-黑豆,,FFR,全國糧政跨區即時申辦服務作業平台,128,黑豆
00501044001000100,大豆-黃豆,,PQR,溯源農糧產品追溯系統,005002023,黃豆
00501044001000100,大豆-黃豆,,FFR,全國糧政跨區即時申辦服務作業平台,129,黃豆
00501044001000100,大豆-黃豆,,FFR,全國糧政跨區即時申辦服務作業平台,028,契作大豆(黑豆)
00501044001000100,大豆-黃豆,,FFR,全國糧政跨區即時申辦服務作業平台,027,契作大豆(義竹黑豆)
00501044001000000,大豆,,SAP,農產品產地價格查詢系統,A1040,大豆
00501044001000000,大豆,,SAC,農產品生產成本調查系統,255,二期大豆
00501044001000000,大豆,,SAC,農產品生產成本調查系統,252,一期大豆
00501044001000000,大豆,,PQR,溯源農糧產品追溯系統,009002002,能源大豆
00501044001000000,大豆,,PQR,溯源農糧產品追溯系統,005002019,大豆(黑豆)
00501044001000000,大豆,,PQR,溯源農糧產品追溯系統,005002001,大豆(黃豆、黑豆等)
00501044001000000,大豆,,PMG,農業產銷班組織體系資料服務系統,289,大豆                
00501044001000000,大豆,,PFB,農產業天然災害現金救助系統,101,大豆
00501044001000000,大豆,,PAR,農糧情調查作業資訊系統,11,大豆
00501044001000000,大豆,,FFR,全國糧政跨區即時申辦服務作業平台,541,能源大豆
00501044001000000,大豆,,FFR,全國糧政跨區即時申辦服務作業平台,101,大豆(黑豆)
00501000999000000,其他豆類,,PQR,溯源農糧產品追溯系統,005002997,其他豆類
00501000999000000,其他豆類,,PFB,農產業天然災害現金救助系統,199,其他豆類
00501000999000000,其他豆類,,PAR,農糧情調查作業資訊系統,18,其他豆類
00501000999000000,其他豆類,,FFR,全國糧政跨區即時申辦服務作業平台,199,其他豆類
00501000000000000,豆類,,FFR,全國糧政跨區即時申辦服務作業平台,100,豆類
00500000000000000,雜糧類,,PSC,農糧產品產銷供應鏈整合服務平台,02,雜糧類
00500000000000000,雜糧類,,PQR,溯源農糧產品追溯系統,005002999,雜糧類未分類
00405142010000000,鳳尾草,,MAM,農產品批發市場交易行情站,FH380,鳳尾草
00405131011000000,珠廉,,MAM,農產品批發市場交易行情站,FY085,珠廉
00405020009000000,高山羊齒,,MAM,農產品批發市場交易行情站,FY981,高山羊齒
00405020008000105,腎蕨-綿羊齒(切葉),,MAM,農產品批發市場交易行情站,FY058,綿羊齒
00405020008000000,腎蕨,,PQR,溯源農糧產品追溯系統,004004003,玉羊齒(羊葉蕨)
00405020008000000,腎蕨,,PMG,農業產銷班組織體系資料服務系統,216,玉羊齒(羊葉蕨)      
00405020008000000,腎蕨,,MAM,農產品批發市場交易行情站,IY980,進口玉羊齒
00405020008000000,腎蕨,,MAM,農產品批發市場交易行情站,FY980,玉羊齒
00405014003000255,蔓綠絨-木瓜葉(進口切葉),,MAM,農產品批發市場交易行情站,IY039,進口木瓜葉
00405014003000205,蔓綠絨-木瓜葉(切葉),,MAM,農產品批發市場交易行情站,FY039,木瓜葉
00405014002000005,電信蘭葉(切葉),,MAM,農產品批發市場交易行情站,FY009,電信蘭葉
00405014002000000,電信蘭,,PQR,溯源農糧產品追溯系統,004004009,電信蘭
00405014002000000,電信蘭,,PQR,溯源農糧產品追溯系統,004004004,電信蘭
00405014002000000,電信蘭,,PMG,農業產銷班組織體系資料服務系統,231,電信蘭              
00405013005000055,虎尾蘭(進口切葉),,PQR,溯源農糧產品追溯系統,004001023,進口虎尾蘭
00405013005000000,虎尾蘭,,PQR,溯源農糧產品追溯系統,004001024,虎尾蘭
00405013005000000,虎尾蘭,,MAM,農產品批發市場交易行情站,FY059,虎尾蘭
00405012004000105,長春藤-青蘋果(切葉),,MAM,農產品批發市場交易行情站,FY080,青蘋果
00405000000000000,其他花卉類,,PSC,農糧產品產銷供應鏈整合服務平台,06,其他花卉
00405000000000000,其他花卉類,,PFB,農產業天然災害現金救助系統,948,其他花卉
00405000000000000,其他花卉類,,PAR,農糧情調查作業資訊系統,418,其他花卉
00404171088000053,星辰花(進口切花),,MAM,農產品批發市場交易行情站,IW100,進口星辰花混色
00404171088000000,星辰花,,MAM,農產品批發市場交易行情站,FW100,星辰花混色
00404171087000053,水晶花(進口切花),,PQR,溯源農糧產品追溯系統,004003091,進口水晶花
00404171087000053,水晶花(進口切花),,PQR,溯源農糧產品追溯系統,004003085,水晶花進口
00404171087000000,水晶花,,PQR,溯源農糧產品追溯系統,004003084,水晶花
00404171086000053,補雪草(進口切花),,MAM,農產品批發市場交易行情站,IW172,進口補血草
00404171086000000,補雪草,,MAM,農產品批發市場交易行情站,FW172,補血草
00404171085000000,卡斯比亞,,SAP,農產品產地價格查詢系統,63061,卡斯比亞
00404171085000000,卡斯比亞,,MAM,農產品批發市場交易行情站,FW472,卡斯比亞無葉
00404171085000000,卡斯比亞,,MAM,農產品批發市場交易行情站,FW471,卡斯比亞帶葉
00404166105000203,球薑花-石玫瑰(切花),,MAM,農產品批發市場交易行情站,FH139,石玫瑰
00404166105000000,球薑花,,MAM,農產品批發市場交易行情站,IH159,進口球薑花
00404166105000000,球薑花,,MAM,農產品批發市場交易行情站,FH159,球薑花
00404166104000053,火炬花(進口切花),,PQR,溯源農糧產品追溯系統,004003115,進口火炬花
00404166104000000,火炬花,,PQR,溯源農糧產品追溯系統,004003013,火炬花
00404166104000000,火炬花,,PMG,農業產銷班組織體系資料服務系統,187,火炬花              
00404166104000000,火炬花,,MAM,農產品批發市場交易行情站,FH164,火炬花
00404166103000000,野薑花,,PQR,溯源農糧產品追溯系統,004003025,野薑花
00404166103000000,野薑花,,PMG,農業產銷班組織體系資料服務系統,199,野薑花              
00404166102000303,薑荷花-白蓮蕉(切花),,MAM,農產品批發市場交易行情站,FH136,白蓮蕉
00404166102000000,薑荷花,,MAM,農產品批發市場交易行情站,FH140,薑荷花
00404166101000103,月桃-紅薑花(切花),,PQR,溯源農糧產品追溯系統,004003022,紅薑花
00404166101000103,月桃-紅薑花(切花),,PMG,農業產銷班組織體系資料服務系統,200,紅薑花              
00404166101000103,月桃-紅薑花(切花),,MAM,農產品批發市場交易行情站,FH158,紅薑花
00404166101000000,月桃,,FFR,全國糧政跨區即時申辦服務作業平台,9A5,月桃葉
00404159069000000,龍膽,,MAM,農產品批發市場交易行情站,FH480,龍膽
00404156062000000,蚌蘭,,FFR,全國糧政跨區即時申辦服務作業平台,9A2,蚌蘭
00404146082000053,蓮(進口切花),,MAM,農產品批發市場交易行情站,IH650,進口荷花
00404146082000005,蓮蓬(切葉),,MAM,農產品批發市場交易行情站,FY018,蓮蓬
00404146082000000,蓮,,PMG,農業產銷班組織體系資料服務系統,251,蓮花                
00404146082000000,蓮,,MAM,農產品批發市場交易行情站,FH650,荷花
00404146082000000,蓮,,FFR,全國糧政跨區即時申辦服務作業平台,9AW,蓮花
00404144078000053,玉米百合(進口切花),,PQR,溯源農糧產品追溯系統,004003111,進口玉米百合
00404144078000050,玉米百合(進口),,MAM,農產品批發市場交易行情站,IH780,進口玉米百合
00404144078000000,玉米百合,,MAM,農產品批發市場交易行情站,FH780,玉米百合
00404144077000000,射干,,PQR,溯源農糧產品追溯系統,004003052,射千
00404144077000000,射干,,MAM,農產品批發市場交易行情站,FY019,射干
00404144076000603,鳶尾-花菖蒲(切花),,MAM,農產品批發市場交易行情站,FH580,花菖蒲
00404144076000055,鳶尾-龍文蘭(進口切葉),,PQR,溯源農糧產品追溯系統,004001025,進口龍文蘭
00404144076000005,鳶尾-龍文蘭(切葉),,PQR,溯源農糧產品追溯系統,004001026,龍文蘭
00404144076000005,鳶尾-龍文蘭(切葉),,MAM,農產品批發市場交易行情站,FY035,龍文蘭
00404144075005703,劍蘭-橙粉(切花),,MAM,農產品批發市場交易行情站,FG201,劍蘭橙粉
00404144075005603,劍蘭-橙(切花),,MAM,農產品批發市場交易行情站,FG200,劍蘭橙
00404144075005503,劍蘭-新櫻紅(切花),,MAM,農產品批發市場交易行情站,FG112,劍蘭新櫻紅
00404144075005403,劍蘭-新粉(切花),,MAM,農產品批發市場交易行情站,FG401,劍蘭新粉
00404144075005303,劍蘭-新司胖(切花),,MAM,農產品批發市場交易行情站,FG413,劍蘭新司胖
00404144075005203,劍蘭-新223號(切花),,MAM,農產品批發市場交易行情站,FG114,劍蘭新２２３號
00404144075005103,劍蘭-黑紫(切花),,MAM,農產品批發市場交易行情站,FG704,劍蘭黑紫
00404144075005003,劍蘭-黑骨紅(切花),,MAM,農產品批發市場交易行情站,FG120,劍蘭黑骨紅
00404144075004903,劍蘭-黑骨(切花),,MAM,農產品批發市場交易行情站,FG107,劍蘭黑骨
00404144075004803,劍蘭-黃紅心(切花),,MAM,農產品批發市場交易行情站,FG303,劍蘭黃紅心
00404144075004703,劍蘭-黃(切花),,MAM,農產品批發市場交易行情站,FG300,劍蘭黃
00404144075004603,劍蘭-紫藍(切花),,MAM,農產品批發市場交易行情站,FG705,劍蘭紫藍
00404144075004503,劍蘭-紫白心(切花),,MAM,農產品批發市場交易行情站,FG706,劍蘭紫白心
00404144075004403,劍蘭-紫(切花),,MAM,農產品批發市場交易行情站,FG700,劍蘭紫
00404144075004303,劍蘭-淺黃(切花),,MAM,農產品批發市場交易行情站,FG302,劍蘭淺黃
00404144075004203,劍蘭-淺紫(切花),,MAM,農產品批發市場交易行情站,FG702,劍蘭淺紫
00404144075004103,劍蘭-深黃(切花),,MAM,農產品批發市場交易行情站,FG301,劍蘭深黃
00404144075004003,劍蘭-深絨紫(切花),,MAM,農產品批發市場交易行情站,FG703,劍蘭深絨紫
00404144075003903,劍蘭-深紫(切花),,MAM,農產品批發市場交易行情站,FG701,劍蘭深紫
00404144075003803,劍蘭-康威(切花),,MAM,農產品批發市場交易行情站,FG122,劍蘭康威
00404144075003703,劍蘭-馬得利(切花),,MAM,農產品批發市場交易行情站,FG106,劍蘭馬得利
00404144075003603,劍蘭-馬粉(切花),,MAM,農產品批發市場交易行情站,FG403,劍蘭馬粉
00404144075003503,劍蘭-粉紅佳人(切花),,MAM,農產品批發市場交易行情站,FG411,劍蘭粉紅佳人
00404144075003403,劍蘭-粉紅心(切花),,MAM,農產品批發市場交易行情站,FG407,劍蘭粉紅心
00404144075003303,劍蘭-粉巨人(切花),,MAM,農產品批發市場交易行情站,FG412,劍蘭粉巨人
00404144075003203,劍蘭-粉(切花),,MAM,農產品批發市場交易行情站,FG400,劍蘭粉
00404144075003103,劍蘭-桃粉(切花),,MAM,農產品批發市場交易行情站,FG404,劍蘭桃粉
00404144075003003,劍蘭-美國粉(切花),,MAM,農產品批發市場交易行情站,FG414,劍蘭美國粉
00404144075002903,劍蘭-紅(切花),,MAM,農產品批發市場交易行情站,FG100,劍蘭紅
00404144075002803,劍蘭-青殼粉(切花),,MAM,農產品批發市場交易行情站,FG406,劍蘭青殼粉
00404144075002703,劍蘭-法都(切花),,MAM,農產品批發市場交易行情站,FG417,劍蘭法都
00404144075002603,劍蘭-白紅心(切花),,MAM,農產品批發市場交易行情站,FG603,劍蘭白紅心
00404144075002503,劍蘭-白(切花),,MAM,農產品批發市場交易行情站,FG600,劍蘭白
00404144075002403,劍蘭-司胖(切花),,MAM,農產品批發市場交易行情站,FG402,劍蘭司胖
00404144075002303,劍蘭-大白(切花),,MAM,農產品批發市場交易行情站,FG601,劍蘭大白
00404144075002203,劍蘭-610號(切花),,MAM,農產品批發市場交易行情站,FG501,劍蘭６１０號
00404144075002103,劍蘭-513號(切花),,MAM,農產品批發市場交易行情站,FG409,劍蘭５１３號
00404144075002003,劍蘭-512號(切花),,MAM,農產品批發市場交易行情站,FG408,劍蘭５１２號
00404144075001903,劍蘭-43號(切花),,MAM,農產品批發市場交易行情站,FG111,劍蘭４３號
00404144075001703,劍蘭-279號(切花),,MAM,農產品批發市場交易行情站,FG119,劍蘭２７９號
00404144075001603,劍蘭-243號(切花),,MAM,農產品批發市場交易行情站,FG115,劍蘭２４３號
00404144075001503,劍蘭-235號(切花),,MAM,農產品批發市場交易行情站,FG105,劍蘭２３５號
00404144075001403,劍蘭-42號(切花),,MAM,農產品批發市場交易行情站,FG103,劍蘭４２號
00404144075001303,劍蘭-515號(切花),,MAM,農產品批發市場交易行情站,FG410,劍蘭５１５號
00404144075001203,劍蘭-夏日玫瑰(切花),,MAM,農產品批發市場交易行情站,FG415,劍蘭夏日玫瑰
00404144075001103,劍蘭-玫瑰紅(切花),,MAM,農產品批發市場交易行情站,FG110,劍蘭玫瑰紅
00404144075001003,劍蘭-13號(切花),,MAM,農產品批發市場交易行情站,FG102,劍蘭１３號
00404144075000903,劍蘭-265號(切花),,MAM,農產品批發市場交易行情站,FG121,劍蘭２６５號
00404144075000803,劍蘭-4號(切花),,MAM,農產品批發市場交易行情站,FG418,劍蘭            ４
00404144075000803,劍蘭-4號(切花),,MAM,農產品批發市場交易行情站,FG101,劍蘭４號
00404144075000703,劍蘭-櫻紅(切花),,MAM,農產品批發市場交易行情站,FG108,劍蘭櫻紅
00404144075000603,劍蘭-4436號(切花),,MAM,農產品批發市場交易行情站,FG416,劍蘭４４３６號
00404144075000503,劍蘭-278號(切花),,MAM,農產品批發市場交易行情站,FG118,劍蘭２７８號
00404144075000403,劍蘭-223號(切花),,MAM,農產品批發市場交易行情站,FG104,劍蘭２２３號
00404144075000303,劍蘭-胭脂紅(切花),,MAM,農產品批發市場交易行情站,FG109,劍蘭胭脂紅
00404144075000203,劍蘭-阿姆斯特丹(切花),,MAM,農產品批發市場交易行情站,FG602,劍蘭阿姆斯特丹
00404144075000103,劍蘭-新種紅(切花),,MAM,農產品批發市場交易行情站,FG113,劍蘭新種紅
00404144075000053,劍蘭(進口切花),,PQR,溯源農糧產品追溯系統,004003036,進口劍蘭
00404144075000053,劍蘭(進口切花),,MAM,農產品批發市場交易行情站,IG001,進口劍蘭混合色
00404144075000000,劍蘭,,SAP,農產品產地價格查詢系統,63410,唐菖蒲(劍蘭)
00404144075000000,劍蘭,,SAC,農產品生產成本調查系統,151,裡作唐菖蒲
00404144075000000,劍蘭,,PQR,溯源農糧產品追溯系統,004003004,唐菖蒲
00404144075000000,劍蘭,,PQR,溯源農糧產品追溯系統,004003002,劍蘭
00404144075000000,劍蘭,,PMG,農業產銷班組織體系資料服務系統,237,劍蘭                
00404144075000000,劍蘭,,PMG,農業產銷班組織體系資料服務系統,180,唐菖蒲              
00404144075000000,劍蘭,,PFB,農產業天然災害現金救助系統,902,唐菖蒲
00404144075000000,劍蘭,,PAR,農糧情調查作業資訊系統,222,唐菖蒲
00404144075000000,劍蘭,,MAM,農產品批發市場交易行情站,FG123,劍蘭            艷
00404144075000000,劍蘭,,MAM,農產品批發市場交易行情站,FG001,劍蘭混合色
00404144075000000,劍蘭,,MAM,農產品批發市場交易行情站,FG000,劍蘭
00404144075000000,劍蘭,,FFR,全國糧政跨區即時申辦服務作業平台,9AV,劍蘭
00404144075000000,劍蘭,,FFR,全國糧政跨區即時申辦服務作業平台,902,唐菖蒲
00404144074000000,小蒼蘭,,PQR,溯源農糧產品追溯系統,004003082,小蒼蘭
00404143053000155,擎天鳳梨-紅星鳳梨(進口切葉),,MAM,農產品批發市場交易行情站,IY032,進口紅星
00404143053000105,擎天鳳梨-紅星鳳梨(切葉),,MAM,農產品批發市場交易行情站,FY032,紅星
00404143053000000,擎天鳳梨,,MAM,農產品批發市場交易行情站,FH357,觀花鳳梨花
00404143052000000,觀果鳳梨,,MAM,農產品批發市場交易行情站,FH356,觀果鳳梨花
00404143051000103,蜻蜓鳳梨-珊瑚鳳梨(切花),,MAM,農產品批發市場交易行情站,FH358,珊瑚鳳梨
00404137071001303,赫蕉-錦鳳垂蕉(切花),,MAM,農產品批發市場交易行情站,FH129,錦鳳垂蕉
00404137071001203,赫蕉-紅娘垂蕉(切花),,MAM,農產品批發市場交易行情站,FH134,紅娘垂蕉
00404137071001103,赫蕉-鶴蕉-黑美人(切花),,MAM,農產品批發市場交易行情站,FH127,鶴蕉黑美人
00404137071001003,赫蕉-鶴蕉-紅美人(切花),,MAM,農產品批發市場交易行情站,FH133,鶴蕉紅美人
00404137071000903,赫蕉-垂蕉(切花),,MAM,農產品批發市場交易行情站,FH135,垂焦
00404137071000803,赫蕉-小天堂鳥-黃(切花),,MAM,農產品批發市場交易行情站,FH113,小天堂鳥黃
00404137071000703,赫蕉-小天堂鳥-粉紅(切花),,MAM,農產品批發市場交易行情站,FH114,小天堂鳥粉紅
00404137071000603,赫蕉-小天堂鳥-桔帶紅(切花),,MAM,農產品批發市場交易行情站,FH112,小天堂鳥桔帶紅
00404137071000503,赫蕉-小天堂鳥-紅(切花),,PQR,溯源農糧產品追溯系統,004003080,小天堂鳥
00404137071000503,赫蕉-小天堂鳥-紅(切花),,MAM,農產品批發市場交易行情站,FH111,小天堂鳥紅
00404137071000403,赫蕉-黃金鳥(切花),,MAM,農產品批發市場交易行情站,FH123,黃金鳥
00404137071000303,赫蕉-小鶴蕉(切花),,MAM,農產品批發市場交易行情站,FH132,小鶴蕉
00404137071000203,赫蕉-翡翠鳥(切花),,MAM,農產品批發市場交易行情站,FH124,翡翠鳥
00404137071000103,赫蕉-十日垂蕉(切花),,PQR,溯源農糧產品追溯系統,004003071,十日垂蕉
00404137071000103,赫蕉-十日垂蕉(切花),,MAM,農產品批發市場交易行情站,FH128,十日垂蕉
00404137071000000,赫蕉,,MAM,農產品批發市場交易行情站,FH131,鶴焦
00404136083000000,睡蓮,,MAM,農產品批發市場交易行情站,FH640,睡蓮
00404119001000000,菖蒲,,MAM,農產品批發市場交易行情站,FY116,菖蒲
00404119001000000,菖蒲,,FFR,全國糧政跨區即時申辦服務作業平台,362,菖蒲
00404118050000000,麥桿菊,,MAM,農產品批發市場交易行情站,FH240,麥桿菊
00404118049000000,琉璃菊,,MAM,農產品批發市場交易行情站,FH303,琉璃菊
00404118048000203,一枝黃花-金慧星(切花),,MAM,農產品批發市場交易行情站,FW030,金慧星
00404118048000103,一枝黃花-麒麟草(切花),,PQR,溯源農糧產品追溯系統,004003031,麒麟草
00404118048000103,一枝黃花-麒麟草(切花),,PMG,農業產銷班組織體系資料服務系統,208,麒麟草              
00404118048000103,一枝黃花-麒麟草(切花),,MAM,農產品批發市場交易行情站,FH381,麒麟草
00404118047000000,澳洲鼓槌菊,,MAM,農產品批發市場交易行情站,FH005,金鎚花
00404118046000153,麟麟菊-白(進口切花),,MAM,農產品批發市場交易行情站,IH256,進口白秀線
00404118046000103,麟麟菊-白(切花),,MAM,農產品批發市場交易行情站,FH256,白秀線
00404118046000000,麟麟菊,,PQR,溯源農糧產品追溯系統,004003116,秀線
00404118046000000,麟麟菊,,MAM,農產品批發市場交易行情站,IH251,進口秀線
00404118046000000,麟麟菊,,MAM,農產品批發市場交易行情站,FH251,秀線
00404118045999900,非洲菊-其他品種,,MAM,農產品批發市場交易行情站,FE403,非洲菊多尼卡
00404118045004503,非洲菊-達利奇(切花),,MAM,農產品批發市場交易行情站,FE102,非洲菊達利奇
00404118045004403,非洲菊-雙色紅(切花),,MAM,農產品批發市場交易行情站,FE101,非洲菊雙色紅
00404118045004303,非洲菊-橙(切花),,MAM,農產品批發市場交易行情站,FE200,非洲菊橙
00404118045004203,非洲菊-瑪露西亞(切花),,MAM,農產品批發市場交易行情站,FE402,非洲菊瑪露西亞
00404118045004103,非洲菊-瑪利亞(切花),,MAM,農產品批發市場交易行情站,FE602,非洲菊瑪利亞
00404118045004003,非洲菊-黃(切花),,MAM,農產品批發市場交易行情站,FE300,非洲菊黃
00404118045003903,非洲菊-紫王子(切花),,MAM,農產品批發市場交易行情站,FE701,非洲菊紫王子
00404118045003803,非洲菊-紫(切花),,MAM,農產品批發市場交易行情站,FE700,非洲菊紫
00404118045003703,非洲菊-迷你橙(切花),,MAM,農產品批發市場交易行情站,FE920,非洲菊迷你橙
00404118045003603,非洲菊-迷你黃(切花),,MAM,農產品批發市場交易行情站,FE930,非洲菊迷你黃
00404118045003503,非洲菊-迷你紫(切花),,MAM,農產品批發市場交易行情站,FE970,非洲菊迷你紫
00404118045003403,非洲菊-迷你粉(切花),,MAM,農產品批發市場交易行情站,FE940,非洲菊迷你粉
00404118045003303,非洲菊-迷你紅(切花),,MAM,農產品批發市場交易行情站,FE910,非洲菊迷你紅
00404118045003203,非洲菊-迷你白(切花),,MAM,農產品批發市場交易行情站,FE960,非洲菊迷你白
00404118045003103,非洲菊-粉美麗(切花),,MAM,農產品批發市場交易行情站,FE415,非洲菊粉美麗
00404118045003003,非洲菊-粉紅佳人(切花),,MAM,農產品批發市場交易行情站,FE408,非洲菊粉紅佳人
00404118045002903,非洲菊-粉(切花),,MAM,農產品批發市場交易行情站,FE400,非洲菊粉
00404118045002803,非洲菊-飛兒(切花),,MAM,農產品批發市場交易行情站,FE413,非洲菊飛兒
00404118045002703,非洲菊-紅巴黎(切花),,MAM,農產品批發市場交易行情站,FE108,非洲菊紅巴黎
00404118045002603,非洲菊-紅(切花),,MAM,農產品批發市場交易行情站,FE100,非洲菊紅
00404118045002503,非洲菊-哈比(切花),,MAM,農產品批發市場交易行情站,FE109,非洲菊哈比
00404118045002403,非洲菊-伊斯瑪拉(切花),,MAM,農產品批發市場交易行情站,FE401,非洲菊伊斯瑪拉
00404118045002303,非洲菊-白熊(切花),,MAM,農產品批發市場交易行情站,FE604,非洲菊白熊
00404118045002203,非洲菊-白(切花),,MAM,農產品批發市場交易行情站,FE600,非洲菊白
00404118045002103,非洲菊-火花(切花),,MAM,農產品批發市場交易行情站,FE407,非洲菊火花
00404118045002003,非洲菊-比安可(切花),,MAM,農產品批發市場交易行情站,FE603,非洲菊比安可
00404118045001803,非洲菊-太陽神(切花),,MAM,農產品批發市場交易行情站,FE201,非洲菊太陽神
00404118045001703,非洲菊-蘿莎琳(切花),,MAM,農產品批發市場交易行情站,FE405,非洲菊羅莎琳
00404118045001603,非洲菊-波波(切花),,MAM,農產品批發市場交易行情站,FE801,非洲菊波波
00404118045001503,非洲菊-粉紅魅力(切花),,MAM,農產品批發市場交易行情站,FE409,非洲菊粉紅魅力
00404118045001403,非洲菊-歐林(切花),,MAM,農產品批發市場交易行情站,FE203,非洲菊歐林
00404118045001303,非洲菊-南丁格爾(切花),,MAM,農產品批發市場交易行情站,FE410,非洲菊南丁格爾
00404118045001203,非洲菊-拿破崙(切花),,MAM,農產品批發市場交易行情站,FE412,非洲菊拿破崙
00404118045001103,非洲菊-慕尼拉(切花),,MAM,農產品批發市場交易行情站,FE404,非洲菊慕尼拉
00404118045001003,非洲菊-紅水晶(切花),,MAM,農產品批發市場交易行情站,FE103,非洲菊紅水晶
00404118045000903,非洲菊-梅蘿絲(切花),,MAM,農產品批發市場交易行情站,FE204,非洲菊梅蘿絲
00404118045000803,非洲菊-雷諾(切花),,MAM,農產品批發市場交易行情站,FE104,非洲菊雷諾
00404118045000703,非洲菊-華麗(切花),,MAM,農產品批發市場交易行情站,FE107,非洲菊華麗
00404118045000603,非洲菊-蘿瑞托(切花),,MAM,農產品批發市場交易行情站,FE106,非洲菊蘿瑞托
00404118045000503,非洲菊-莉朵(切花),,MAM,農產品批發市場交易行情站,FE411,非洲菊莉朵
00404118045000403,非洲菊-粉佳人(切花),,MAM,農產品批發市場交易行情站,FE406,非洲菊粉佳人
00404118045000303,非洲菊-熱浪(切花),,MAM,農產品批發市場交易行情站,FE301,非洲菊熱浪
00404118045000203,非洲菊-沙丘(切花),,MAM,農產品批發市場交易行情站,FE202,非洲菊沙丘
00404118045000103,非洲菊-希蘿(切花),,MAM,農產品批發市場交易行情站,FE105,非洲菊希蘿
00404118045000053,非洲菊(進口切花),,PQR,溯源農糧產品追溯系統,004003047,進口非洲菊
00404118045000053,非洲菊(進口切花),,MAM,農產品批發市場交易行情站,IE900,進口非洲菊迷你混色
00404118045000053,非洲菊(進口切花),,MAM,農產品批發市場交易行情站,IE001,進口非洲菊混合色
00404118045000000,非洲菊,,SAP,農產品產地價格查詢系統,63050,非洲菊
00404118045000000,非洲菊,,SAC,農產品生產成本調查系統,86,非洲菊
00404118045000000,非洲菊,,PQR,溯源農糧產品追溯系統,004003029,非洲菊
00404118045000000,非洲菊,,PMG,農業產銷班組織體系資料服務系統,192,非洲菊              
00404118045000000,非洲菊,,PFB,農產業天然災害現金救助系統,936,非洲菊
00404118045000000,非洲菊,,PAR,農糧情調查作業資訊系統,236,非洲菊
00404118045000000,非洲菊,,MAM,農產品批發市場交易行情站,FE900,非洲菊迷你混色
00404118045000000,非洲菊,,MAM,農產品批發市場交易行情站,FE001,非洲菊混合色
00404118045000000,非洲菊,,MAM,農產品批發市場交易行情站,FE000,非洲菊
00404118045000000,非洲菊,,FFR,全國糧政跨區即時申辦服務作業平台,936,非洲菊
00404118043000000,白藍菊,,MAM,農產品批發市場交易行情站,FH308,白藍菊
00404118042000653,大理花-雙色(進口切花),,MAM,農產品批發市場交易行情站,IH310,進口大理花混色
00404118042000000,大理花,,SAP,農產品產地價格查詢系統,63430,大理花
00404118042000000,大理花,,PQR,溯源農糧產品追溯系統,004003006,大理花
00404118042000000,大理花,,PMG,農業產銷班組織體系資料服務系統,183,大理花              
00404118042000000,大理花,,PFB,農產業天然災害現金救助系統,904,大理花
00404118042000000,大理花,,PAR,農糧情調查作業資訊系統,224,大理花
00404118042000000,大理花,,FFR,全國糧政跨區即時申辦服務作業平台,904,大理花
00404118041000003,波斯菊(切花),,PQR,溯源農糧產品追溯系統,004005024,黃波斯菊
00404118041000000,波斯菊,,PQR,溯源農糧產品追溯系統,004005004,大波斯菊
00404118041000000,波斯菊,,FFR,全國糧政跨區即時申辦服務作業平台,526,黃波斯菊
00404118041000000,波斯菊,,FFR,全國糧政跨區即時申辦服務作業平台,525,大波斯菊
00404118040999900,麵線菊-其他品種,,MAM,農產品批發市場交易行情站,FC330,大菊黃麵線菊
00404118040000553,麵線菊-黃(進口切花),,MAM,農產品批發市場交易行情站,IC330,進口大菊黃麵線菊
00404118040000353,麵線菊-紅(進口切花),,MAM,農產品批發市場交易行情站,IC130,進口大菊麵線菊紅
00404118040000303,麵線菊-紅(切花),,MAM,農產品批發市場交易行情站,FC130,大菊麵線菊紅
00404118040000153,麵線菊-白(進口切花),,MAM,農產品批發市場交易行情站,IC630,進口大菊白麵線菊
00404118039999900,大菊-其他品種,,MAM,農產品批發市場交易行情站,FC800,大菊染色大菊
00404118039999900,大菊-其他品種,,MAM,農產品批發市場交易行情站,FC001,大菊混合色
00404118039008903,大菊-羅莎諾粉(切花),,MAM,農產品批發市場交易行情站,FC410,大菊羅莎諾粉
00404118039008803,大菊-簽粉(切花),,MAM,農產品批發市場交易行情站,FC403,大菊簽粉
00404118039008703,大菊-顏之春(切花),,MAM,農產品批發市場交易行情站,FC111,大菊顏之春
00404118039008603,大菊-德國紅(切花),,MAM,農產品批發市場交易行情站,FC103,大菊德國紅
00404118039008503,大菊-綠絲菊(切花),,MAM,農產品批發市場交易行情站,FC501,大菊綠絲菊
00404118039008403,大菊-綠乒乓(切花),,MAM,農產品批發市場交易行情站,FC508,大菊綠乒乓
00404118039008303,大菊-綠(切花),,MAM,農產品批發市場交易行情站,FC500,大菊綠
00404118039008203,大菊-精英粉(切花),,MAM,農產品批發市場交易行情站,FC402,大菊精英粉
00404118039008103,大菊-精英金(切花),,MAM,農產品批發市場交易行情站,FC202,大菊精英金
00404118039008003,大菊-精英白(切花),,MAM,農產品批發市場交易行情站,FC606,大菊精英白
00404118039007903,大菊-矮仔黃(切花),,MAM,農產品批發市場交易行情站,FC313,大菊矮仔黃
00404118039007803,大菊-新種黃(切花),,MAM,農產品批發市場交易行情站,FC308,大菊新種黃
00404118039007703,大菊-新粉紅(切花),,MAM,農產品批發市場交易行情站,FC115,大菊新粉紅
00404118039007603,大菊-新東亞(切花),,MAM,農產品批發市場交易行情站,FC310,大菊新東亞
00404118039007503,大菊-新王妃(切花),,MAM,農產品批發市場交易行情站,FC304,大菊新王妃
00404118039007403,大菊-新力紅(切花),,MAM,農產品批發市場交易行情站,FC106,大菊新力紅
00404118039007303,大菊-黃精競(切花),,MAM,農產品批發市場交易行情站,FC316,大菊黃精競
00404118039007203,大菊-黃斯不列(切花),,MAM,農產品批發市場交易行情站,FC345,大菊黃斯不列
00404118039007103,大菊-黃東陽(切花),,MAM,農產品批發市場交易行情站,FC318,大菊黃東陽
00404118039007003,大菊-黃東亞(切花),,MAM,農產品批發市場交易行情站,FC309,大菊黃東亞
00404118039006903,大菊-黃秀鳳(切花),,MAM,農產品批發市場交易行情站,FC301,大菊黃秀鳳
00404118039006803,大菊-黃乒乓(切花),,MAM,農產品批發市場交易行情站,FC350,大菊黃乒乓
00404118039006703,大菊-黃月友(切花),,MAM,農產品批發市場交易行情站,FC311,大菊黃月友
00404118039006603,大菊-黃八媛(切花),,MAM,農產品批發市場交易行情站,FC380,大菊黃八媛
00404118039006503,大菊-黃丁字菊(切花),,MAM,農產品批發市場交易行情站,FC314,大菊黃丁字菊
00404118039006403,大菊-黃(切花),,MAM,農產品批發市場交易行情站,FC300,大菊黃
00404118039006303,大菊-雲水(切花),,MAM,農產品批發市場交易行情站,FC614,大菊雲水
00404118039006203,大菊-雁之妃(切花),,MAM,農產品批發市場交易行情站,FC305,大菊雁之妃
00404118039006103,大菊-陽炎(切花),,MAM,農產品批發市場交易行情站,FC101,大菊陽炎
00404118039006003,大菊-硬枝粉(切花),,MAM,農產品批發市場交易行情站,FC407,大菊硬枝粉
00404118039005903,大菊-硬枝紅(切花),,MAM,農產品批發市場交易行情站,FC112,大菊硬枝紅
00404118039005703,大菊-莎瑪(切花),,MAM,農產品批發市場交易行情站,FC320,大菊            莎
00404118039005603,大菊-梅西(切花),,MAM,農產品批發市場交易行情站,FC617,大菊            梅
00404118039005503,大菊-國王(切花),,MAM,農產品批發市場交易行情站,FC615,大菊國王
00404118039005403,大菊-粉皇冠(切花),,MAM,農產品批發市場交易行情站,FC409,大菊粉皇冠
00404118039005303,大菊-粉初鳳(切花),,MAM,農產品批發市場交易行情站,FC404,大菊粉初鳳
00404118039005203,大菊-粉乒乓(切花),,MAM,農產品批發市場交易行情站,FC408,大菊粉乒乓
00404118039005103,大菊-粉八媛(切花),,MAM,農產品批發市場交易行情站,FC480,大菊粉八媛
00404118039005003,大菊-粉(切花),,MAM,農產品批發市場交易行情站,FC400,大菊粉
00404118039004903,大菊-桃太郎(切花),,MAM,農產品批發市場交易行情站,FC113,大菊桃太郎
00404118039004803,大菊-香港紅(切花),,MAM,農產品批發市場交易行情站,FC105,大菊香港紅
00404118039004703,大菊-英國紅(切花),,MAM,農產品批發市場交易行情站,FC102,大菊英國紅
00404118039004603,大菊-紅鳳(切花),,MAM,農產品批發市場交易行情站,FC107,大菊紅鳳
00404118039004503,大菊-紅貴妃(切花),,MAM,農產品批發市場交易行情站,FC108,大菊紅貴妃
00404118039004403,大菊-紅玫瑰(切花),,MAM,農產品批發市場交易行情站,FC118,大菊紅玫瑰
00404118039004303,大菊-紅初鳳(切花),,MAM,農產品批發市場交易行情站,FC104,大菊紅初鳳
00404118039004203,大菊-紅秀鳳(切花),,MAM,農產品批發市場交易行情站,FC117,大菊紅秀鳳
00404118039004103,大菊-紅(切花),,MAM,農產品批發市場交易行情站,FC100,大菊紅
00404118039004003,大菊-青心黃(切花),,MAM,農產品批發市場交易行情站,FC315,大菊青心黃
00404118039003803,大菊-金莎黃(切花),,MAM,農產品批發市場交易行情站,FC319,大菊金莎黃
00404118039003703,大菊-金莎(切花),,MAM,農產品批發市場交易行情站,FC205,大菊金莎
00404118039003603,大菊-金初鳳(切花),,MAM,農產品批發市場交易行情站,FC201,大菊金初鳳
00404118039003503,大菊-金(切花),,MAM,農產品批發市場交易行情站,FC206,大菊            金
00404118039003503,大菊-金(切花),,MAM,農產品批發市場交易行情站,FC200,大菊金
00404118039003403,大菊-花御殿(切花),,MAM,農產品批發市場交易行情站,FC116,大菊花御殿
00404118039003203,大菊-奇濃綠乒乓(切花),,MAM,農產品批發市場交易行情站,FC509,大菊奇濃綠乒乓
00404118039003103,大菊-咖哩紅(切花),,MAM,農產品批發市場交易行情站,FC109,大菊咖哩紅
00404118039002903,大菊-杏紅(切花),,MAM,農產品批發市場交易行情站,FC401,大菊杏紅
00404118039002853,大菊-妙心(進口切花),,MAM,農產品批發市場交易行情站,IC204,進口大菊妙心
00404118039002803,大菊-妙心(切花),,MAM,農產品批發市場交易行情站,FC204,大菊妙心
00404118039002703,大菊-尖葉黃(切花),,MAM,農產品批發市場交易行情站,FC312,大菊尖葉黃
00404118039002603,大菊-安娜深綠(切花),,MAM,農產品批發市場交易行情站,FC502,大菊安娜深綠
00404118039002503,大菊-白鳳(切花),,MAM,農產品批發市場交易行情站,FC605,大菊白鳳
00404118039002403,大菊-白領(切花),,MAM,農產品批發市場交易行情站,FC604,大菊白領
00404118039002303,大菊-白斯不列(切花),,MAM,農產品批發市場交易行情站,FC645,大菊白斯不列
00404118039002203,大菊-白雪山(切花),,MAM,農產品批發市場交易行情站,FC612,大菊白雪山
00404118039002103,大菊-白東洋(切花),,MAM,農產品批發市場交易行情站,FC609,大菊白東洋
00404118039002003,大菊-白秀鳳(切花),,MAM,農產品批發市場交易行情站,FC611,大菊白秀鳳
00404118039001903,大菊-白牡丹(切花),,MAM,農產品批發市場交易行情站,FC616,大菊白牡丹
00404118039001803,大菊-白乒乓(切花),,MAM,農產品批發市場交易行情站,FC608,大菊白乒乓
00404118039001703,大菊-白玉(切花),,MAM,農產品批發市場交易行情站,FC603,大菊白玉
00404118039001603,大菊-白天星(切花),,MAM,農產品批發市場交易行情站,FC613,大菊白天星
00404118039001503,大菊-白大將(切花),,MAM,農產品批發市場交易行情站,FC602,大菊白大將
00404118039001403,大菊-白八媛(切花),,MAM,農產品批發市場交易行情站,FC680,大菊白八媛
00404118039001303,大菊-白(切花),,MAM,農產品批發市場交易行情站,FC600,大菊白
00404118039001203,大菊-平頭粉(切花),,MAM,農產品批發市場交易行情站,FC406,大菊平頭粉
00404118039001103,大菊-冬王(切花),,MAM,農產品批發市場交易行情站,FC303,大菊冬王
00404118039001003,大菊-仙桃光(切花),,MAM,農產品批發市場交易行情站,FC110,大菊仙桃光
00404118039000903,大菊-世界一(切花),,MAM,農產品批發市場交易行情站,FC302,大菊世界一
00404118039000803,大菊-木瓜黃(切花),,MAM,農產品批發市場交易行情站,FC307,大菊木瓜黃
00404118039000703,大菊-日本黃(切花),,MAM,農產品批發市場交易行情站,FC306,大菊日本黃
00404118039000603,大菊-日本白(切花),,MAM,農產品批發市場交易行情站,FC601,大菊日本白
00404118039000503,大菊-大頭黃(切花),,MAM,農產品批發市場交易行情站,FC317,大菊大頭黃
00404118039000403,大菊-大頭白(切花),,MAM,農產品批發市場交易行情站,FC607,大菊大頭白
00404118039000303,大菊-千台英(切花),,MAM,農產品批發市場交易行情站,FC405,大菊千台英
00404118039000203,大菊-丁字菊(切花),,MAM,農產品批發市場交易行情站,FC610,大菊丁字菊
00404118039000053,大菊(進口切花),,PQR,溯源農糧產品追溯系統,004003033,進口大菊
00404118039000053,大菊(進口切花),,MAM,農產品批發市場交易行情站,IC201,進口大菊金初鳳
00404118039000053,大菊(進口切花),,MAM,農產品批發市場交易行情站,IC001,進口大菊混合色
00404118039000053,大菊(進口切花),,MAM,農產品批發市場交易行情站,IC000,進口大菊
00404118039000003,大菊(切花),,MAM,農產品批發市場交易行情站,FC807,染大菊          梅
00404118039000003,大菊(切花),,MAM,農產品批發市場交易行情站,FC806,染大菊          莎
00404118039000000,大菊,,SAP,農產品產地價格查詢系統,63020,菊花(大菊)
00404118039000000,大菊,,PQR,溯源農糧產品追溯系統,004003032,大菊
00404118039000000,大菊,,MAM,農產品批發市場交易行情站,FC000,大菊
00404118038999900,小菊-其他品種,,MAM,農產品批發市場交易行情站,FD800,小菊染色小菊
00404118038999900,小菊-其他品種,,MAM,農產品批發市場交易行情站,FD452,小菊辛達粉
00404118038999900,小菊-其他品種,,MAM,農產品批發市場交易行情站,FD001,小菊混合色
00404118038016453,小菊-露水小紅(進口切花),,MAM,農產品批發市場交易行情站,ID130,進口小菊露水小紅
00404118038016403,小菊-露水小紅(切花),,MAM,農產品批發市場交易行情站,FD130,小菊露水小紅
00404118038016353,小菊-瓊桃粉(進口切花),,MAM,農產品批發市場交易行情站,ID408,進口小菊瓊桃粉
00404118038016303,小菊-瓊桃粉(切花),,MAM,農產品批發市場交易行情站,FD408,小菊瓊桃粉
00404118038016253,小菊-雞眼小白(進口切花),,MAM,農產品批發市場交易行情站,ID609,進口小菊雞眼小白
00404118038016203,小菊-雞眼小白(切花),,MAM,農產品批發市場交易行情站,FD609,小菊雞眼小白
00404118038016153,小菊-雙色金黃(進口切花),,MAM,農產品批發市場交易行情站,ID207,進口小菊雙色金黃
00404118038016103,小菊-雙色金黃(切花),,MAM,農產品批發市場交易行情站,FD207,小菊雙色金黃
00404118038016053,小菊-雙色金紅(進口切花),,MAM,農產品批發市場交易行情站,ID206,進口小菊雙色金紅
00404118038016003,小菊-雙色金紅(切花),,MAM,農產品批發市場交易行情站,FD206,小菊雙色金紅
00404118038015953,小菊-德國風車(進口切花),,MAM,農產品批發市場交易行情站,ID211,進口小菊德國風車
00404118038015903,小菊-德國風車(切花),,MAM,農產品批發市場交易行情站,FD211,小菊德國風車
00404118038015803,小菊-蒙那麗莎陽光黃(切花),,MAM,農產品批發市場交易行情站,FD326,小菊蒙那麗莎陽光黃
00404118038015753,小菊-舞風車(進口切花),,MAM,農產品批發市場交易行情站,ID451,進口小菊舞風車
00404118038015703,小菊-舞風車(切花),,MAM,農產品批發市場交易行情站,FD451,小菊舞風車
00404118038015653,小菊-翠玉(進口切花),,MAM,農產品批發市場交易行情站,ID615,進口小菊翠玉
00404118038015603,小菊-翠玉(切花),,MAM,農產品批發市場交易行情站,FD615,小菊翠玉
00404118038015503,小菊-綠絲菊(切花),,MAM,農產品批發市場交易行情站,FD502,小菊綠絲菊
00404118038015453,小菊-綠(進口切花),,MAM,農產品批發市場交易行情站,ID500,進口小菊綠
00404118038015403,小菊-綠(切花),,MAM,農產品批發市場交易行情站,FD500,小菊綠
00404118038015353,小菊-瑪格麗特粉(進口切花),,MAM,農產品批發市場交易行情站,ID425,進口小菊瑪格麗特粉
00404118038015303,小菊-瑪格麗特粉(切花),,MAM,農產品批發市場交易行情站,FD425,小菊瑪格麗特粉
00404118038015253,小菊-跳舞黃(進口切花),,MAM,農產品批發市場交易行情站,ID317,進口小菊跳舞黃
00404118038015203,小菊-跳舞黃(切花),,MAM,農產品批發市場交易行情站,FD317,小菊跳舞黃
00404118038015153,小菊-跳舞白(進口切花),,MAM,農產品批發市場交易行情站,ID616,進口小菊跳舞白
00404118038015103,小菊-跳舞白(切花),,MAM,農產品批發市場交易行情站,FD616,小菊跳舞白
00404118038015003,小菊-新秋陽(切花),,MAM,農產品批發市場交易行情站,FD436,小菊新秋陽
00404118038014953,小菊-黃銅錢(進口切花),,MAM,農產品批發市場交易行情站,ID302,進口小菊黃銅錢
00404118038014903,小菊-黃銅錢(切花),,MAM,農產品批發市場交易行情站,FD302,小菊黃銅錢
00404118038014853,小菊-黃瑪格麗特(進口切花),,MAM,農產品批發市場交易行情站,ID325,進口小菊黃瑪格麗特
00404118038014803,小菊-黃瑪格麗特(切花),,MAM,農產品批發市場交易行情站,FD325,小菊黃瑪格麗特
00404118038014753,小菊-黃斯不列(進口切花),,MAM,農產品批發市場交易行情站,ID345,進口小菊黃斯不列
00404118038014753,小菊-黃斯不列(進口切花),,MAM,農產品批發市場交易行情站,ID330,進口小菊黃麵線小菊
00404118038014703,小菊-黃斯不列(切花),,MAM,農產品批發市場交易行情站,FD345,小菊黃斯不列
00404118038014603,小菊-黃風車(切花),,MAM,農產品批發市場交易行情站,FD350,小菊黃風車
00404118038014553,小菊-黃金月(進口切花),,MAM,農產品批發市場交易行情站,ID301,進口小菊黃金月
00404118038014503,小菊-黃金月(切花),,MAM,農產品批發市場交易行情站,FD301,小菊黃金月
00404118038014453,小菊-黃初朝(進口切花),,MAM,農產品批發市場交易行情站,ID305,進口小菊黃初朝
00404118038014403,小菊-黃初朝(切花),,MAM,農產品批發市場交易行情站,FD305,小菊黃初朝
00404118038014353,小菊-黃乒乓(進口切花),,MAM,農產品批發市場交易行情站,ID307,進口小菊黃乒乓
00404118038014303,小菊-黃乒乓(切花),,MAM,農產品批發市場交易行情站,FD307,小菊黃乒乓
00404118038014253,小菊-黃丁字菊(進口切花),,MAM,農產品批發市場交易行情站,ID308,進口小菊黃丁字菊
00404118038014203,小菊-黃丁字菊(切花),,MAM,農產品批發市場交易行情站,FD308,小菊黃丁字菊
00404118038014153,小菊-黃(進口切花),,MAM,農產品批發市場交易行情站,ID300,進口小菊黃
00404118038014103,小菊-黃(切花),,MAM,農產品批發市場交易行情站,FD300,小菊黃
00404118038014053,小菊-陽炎小紅(進口切花),,MAM,農產品批發市場交易行情站,ID109,進口小菊陽炎小紅
00404118038014003,小菊-陽炎小紅(切花),,MAM,農產品批發市場交易行情站,FD109,小菊陽炎小紅
00404118038013903,小菊-鈕扣菊綠(切花),,MAM,農產品批發市場交易行情站,FD503,小菊鈕扣菊綠
00404118038013853,小菊-鈕扣菊黃(進口切花),,MAM,農產品批發市場交易行情站,ID314,進口小菊鈕扣菊黃
00404118038013803,小菊-鈕扣菊黃(切花),,MAM,農產品批發市場交易行情站,FD314,小菊鈕扣菊黃
00404118038013753,小菊-鈕扣菊白(進口切花),,MAM,農產品批發市場交易行情站,ID613,進口小菊鈕扣菊白
00404118038013703,小菊-鈕扣菊白(切花),,MAM,農產品批發市場交易行情站,FD613,小菊鈕扣菊白
00404118038013653,小菊-湯匙黃(進口切花),,MAM,農產品批發市場交易行情站,ID313,進口小菊湯匙黃
00404118038013603,小菊-湯匙黃(切花),,MAM,農產品批發市場交易行情站,FD313,小菊湯匙黃
00404118038013503,小菊-棒棒糖-粉(切花),,MAM,農產品批發市場交易行情站,FD453,小菊棒棒糖-粉
00404118038013453,小菊-寒初朝(進口切花),,MAM,農產品批發市場交易行情站,ID405,進口小菊寒初朝
00404118038013403,小菊-寒初朝(切花),,MAM,農產品批發市場交易行情站,FD405,小菊寒初朝
00404118038013353,小菊-荷蘭黃(進口切花),,MAM,農產品批發市場交易行情站,ID320,進口小菊荷蘭黃
00404118038013303,小菊-荷蘭黃(切花),,MAM,農產品批發市場交易行情站,FD320,小菊荷蘭黃
00404118038013253,小菊-荷蘭粉(進口切花),,MAM,農產品批發市場交易行情站,ID420,進口小菊荷蘭粉
00404118038013203,小菊-荷蘭粉(切花),,MAM,農產品批發市場交易行情站,FD420,小菊荷蘭粉
00404118038013153,小菊-荷蘭小白(進口切花),,MAM,農產品批發市場交易行情站,ID620,進口小菊荷蘭小白
00404118038013153,小菊-荷蘭小白(進口切花),,MAM,農產品批發市場交易行情站,FD620,小菊荷蘭小白
00404118038013053,小菊-淺小金(進口切花),,MAM,農產品批發市場交易行情站,ID202,進口小菊淺小金
00404118038013003,小菊-淺小金(切花),,MAM,農產品批發市場交易行情站,FD202,小菊淺小金
00404118038012903,小菊-彩雲(切花),,MAM,農產品批發市場交易行情站,FD432,小菊彩雲
00404118038012853,小菊-迷你翠菊(進口切花),,MAM,農產品批發市場交易行情站,ID900,進口小菊迷你翠菊
00404118038012803,小菊-迷你翠菊(切花),,MAM,農產品批發市場交易行情站,FD900,小菊迷你翠菊
00404118038012753,小菊-粉觀音(進口切花),,MAM,農產品批發市場交易行情站,ID446,進口小菊粉觀音
00404118038012703,小菊-粉觀音(切花),,MAM,農產品批發市場交易行情站,FD446,小菊粉觀音
00404118038012653,小菊-粉斯不列(進口切花),,MAM,農產品批發市場交易行情站,ID445,進口小菊粉斯不列
00404118038012603,小菊-粉斯不列(切花),,MAM,農產品批發市場交易行情站,FD445,小菊粉斯不列
00404118038012553,小菊-粉風車(進口切花),,MAM,農產品批發市場交易行情站,ID450,進口小菊粉風車
00404118038012503,小菊-粉風車(切花),,MAM,農產品批發市場交易行情站,FD450,小菊粉風車
00404118038012453,小菊-粉炎(進口切花),,MAM,農產品批發市場交易行情站,ID417,進口小菊粉炎
00404118038012403,小菊-粉炎(切花),,MAM,農產品批發市場交易行情站,FD417,小菊粉炎
00404118038012353,小菊-粉初鳳(進口切花),,MAM,農產品批發市場交易行情站,ID413,進口小菊粉初鳳
00404118038012303,小菊-粉初鳳(切花),,MAM,農產品批發市場交易行情站,FD413,小菊粉初鳳
00404118038012253,小菊-粉佳人(進口切花),,MAM,農產品批發市場交易行情站,ID427,進口小菊粉佳人
00404118038012203,小菊-粉佳人(切花),,MAM,農產品批發市場交易行情站,FD427,小菊粉佳人
00404118038012153,小菊-粉乒乓(進口切花),,MAM,農產品批發市場交易行情站,ID407,進口小菊粉乒乓
00404118038012103,小菊-粉乒乓(切花),,MAM,農產品批發市場交易行情站,FD407,小菊粉乒乓
00404118038012053,小菊-粉火焰(進口切花),,MAM,農產品批發市場交易行情站,ID418,進口小菊粉火焰
00404118038012003,小菊-粉火焰(切花),,MAM,農產品批發市場交易行情站,FD418,小菊粉火焰
00404118038011953,小菊-粉日記(進口切花),,MAM,農產品批發市場交易行情站,ID423,進口小菊粉日記
00404118038011903,小菊-粉日記(切花),,MAM,農產品批發市場交易行情站,FD423,小菊粉日記
00404118038011853,小菊-粉(進口切花),,MAM,農產品批發市場交易行情站,ID400,進口小菊粉
00404118038011803,小菊-粉(切花),,MAM,農產品批發市場交易行情站,FD400,小菊粉
00404118038011753,小菊-桃枝(進口切花),,MAM,農產品批發市場交易行情站,ID429,進口小菊桃枝
00404118038011703,小菊-桃枝(切花),,MAM,農產品批發市場交易行情站,FD429,小菊桃枝
00404118038011653,小菊-桃太郎(進口切花),,MAM,農產品批發市場交易行情站,ID114,進口小菊桃太郎
00404118038011603,小菊-桃太郎(切花),,MAM,農產品批發市場交易行情站,FD114,小菊桃太郎
00404118038011553,小菊-香檳哈雷(進口切花),,MAM,農產品批發市場交易行情站,ID426,進口小菊香檳哈雷
00404118038011503,小菊-香檳哈雷(切花),,MAM,農產品批發市場交易行情站,FD426,小菊香檳哈雷
00404118038011453,小菊-英國風車(進口切花),,MAM,農產品批發市場交易行情站,ID434,進口小菊英國風車
00404118038011403,小菊-英國風車(切花),,MAM,農產品批發市場交易行情站,FD434,小菊英國風車
00404118038011303,小菊-美麗小粉(切花),,MAM,農產品批發市場交易行情站,FD455,小菊美麗小粉
00404118038011253,小菊-紅鳳(進口切花),,MAM,農產品批發市場交易行情站,ID101,進口小菊紅鳳
00404118038011203,小菊-紅鳳(切花),,MAM,農產品批發市場交易行情站,FD101,小菊紅鳳
00404118038011153,小菊-紅銅錢(進口切花),,MAM,農產品批發市場交易行情站,ID104,進口小菊紅銅錢
00404118038011103,小菊-紅銅錢(切花),,MAM,農產品批發市場交易行情站,FD104,小菊紅銅錢
00404118038011053,小菊-紅斯不列(進口切花),,MAM,農產品批發市場交易行情站,ID145,進口小菊紅斯不列
00404118038011003,小菊-紅斯不列(切花),,MAM,農產品批發市場交易行情站,FD145,小菊紅斯不列
00404118038010953,小菊-紅風車(進口切花),,MAM,農產品批發市場交易行情站,ID150,進口小菊紅風車
00404118038010903,小菊-紅風車(切花),,MAM,農產品批發市場交易行情站,FD150,小菊紅風車
00404118038010853,小菊-紅美人(進口切花),,MAM,農產品批發市場交易行情站,ID121,進口小菊紅美人
00404118038010803,小菊-紅美人(切花),,MAM,農產品批發市場交易行情站,FD121,小菊紅美人
00404118038010753,小菊-紅花娘(進口切花),,MAM,農產品批發市場交易行情站,ID102,進口小菊紅花娘
00404118038010703,小菊-紅花娘(切花),,MAM,農產品批發市場交易行情站,FD102,小菊紅花娘
00404118038010603,小菊-紅玫(切花),,MAM,農產品批發市場交易行情站,FD135,小菊紅玫
00404118038010553,小菊-紅炎(進口切花),,MAM,農產品批發市場交易行情站,ID106,進口小菊紅炎
00404118038010503,小菊-紅炎(切花),,MAM,農產品批發市場交易行情站,FD106,小菊紅炎
00404118038010453,小菊-紅初鳳(進口切花),,MAM,農產品批發市場交易行情站,ID115,進口小菊紅初鳳
00404118038010403,小菊-紅初鳳(切花),,MAM,農產品批發市場交易行情站,FD115,小菊紅初鳳
00404118038010353,小菊-紅初朝(進口切花),,MAM,農產品批發市場交易行情站,ID105,進口小菊紅初朝
00404118038010303,小菊-紅初朝(切花),,MAM,農產品批發市場交易行情站,FD105,小菊紅初朝
00404118038010203,小菊-紅如意(切花),,MAM,農產品批發市場交易行情站,FD134,小菊紅如意
00404118038010153,小菊-紅日(進口切花),,MAM,農產品批發市場交易行情站,ID117,進口小菊紅日
00404118038010103,小菊-紅日(切花),,MAM,農產品批發市場交易行情站,FD117,小菊紅日
00404118038010053,小菊-紅天星(進口切花),,MAM,農產品批發市場交易行情站,ID120,進口小菊紅天星
00404118038010003,小菊-紅天星(切花),,MAM,農產品批發市場交易行情站,FD120,小菊紅天星
00404118038009953,小菊-紅(進口切花),,MAM,農產品批發市場交易行情站,ID100,進口小菊紅
00404118038009903,小菊-紅(切花),,MAM,農產品批發市場交易行情站,FD100,小菊紅
00404118038009853,小菊-秋陽(進口切花),,MAM,農產品批發市場交易行情站,ID401,進口小菊秋陽
00404118038009803,小菊-秋陽(切花),,MAM,農產品批發市場交易行情站,FD401,小菊秋陽
00404118038009753,小菊-相思小白(進口切花),,MAM,農產品批發市場交易行情站,ID623,進口小菊相思小白
00404118038009703,小菊-相思小白(切花),,MAM,農產品批發市場交易行情站,FD623,小菊相思小白
00404118038009653,小菊-珍珠粉(進口切花),,MAM,農產品批發市場交易行情站,ID416,進口小菊珍珠粉
00404118038009603,小菊-珍珠粉(切花),,MAM,農產品批發市場交易行情站,FD416,小菊珍珠粉
00404118038009553,小菊-珍珠紅(進口切花),,MAM,農產品批發市場交易行情站,ID132,進口小菊珍珠紅
00404118038009503,小菊-珍珠紅(切花),,MAM,農產品批發市場交易行情站,FD132,小菊珍珠紅
00404118038009403,小菊-珍珠金(切花),,MAM,農產品批發市場交易行情站,FD232,小菊珍珠金
00404118038009303,小菊-珍珠白(切花),,MAM,農產品批發市場交易行情站,FD632,小菊珍珠白
00404118038009253,小菊-哈雷粉(進口切花),,MAM,農產品批發市場交易行情站,ID415,進口小菊哈雷粉
00404118038009203,小菊-哈雷粉(切花),,MAM,農產品批發市場交易行情站,FD415,小菊哈雷粉
00404118038009153,小菊-哈雷紅(進口切花),,MAM,農產品批發市場交易行情站,ID118,進口小菊哈雷紅
00404118038009103,小菊-哈雷紅(切花),,MAM,農產品批發市場交易行情站,FD118,小菊哈雷紅
00404118038008953,小菊-青心小白(進口切花),,MAM,農產品批發市場交易行情站,ID610,進口小菊青心小白
00404118038008903,小菊-青心小白(切花),,MAM,農產品批發市場交易行情站,FD610,小菊青心小白
00404118038008853,小菊-阿來粉(進口切花),,MAM,農產品批發市場交易行情站,ID406,進口小菊阿來粉
00404118038008803,小菊-阿來粉(切花),,MAM,農產品批發市場交易行情站,FD406,小菊阿來粉
00404118038008703,小菊-金絲黃(切花),,MAM,農產品批發市場交易行情站,FD322,小菊金絲黃
00404118038008653,小菊-金斯不列(進口切花),,MAM,農產品批發市場交易行情站,ID245,進口小菊金斯不列
00404118038008603,小菊-金斯不列(切花),,MAM,農產品批發市場交易行情站,FD245,小菊金斯不列
00404118038008553,小菊-金咖啡(進口切花),,MAM,農產品批發市場交易行情站,ID201,進口小菊金咖啡
00404118038008503,小菊-金咖啡(切花),,MAM,農產品批發市場交易行情站,FD201,小菊金咖啡
00404118038008453,小菊-金初鳳(進口切花),,MAM,農產品批發市場交易行情站,ID205,進口小菊金初鳳
00404118038008403,小菊-金初鳳(切花),,MAM,農產品批發市場交易行情站,FD205,小菊金初鳳
00404118038008353,小菊-金孔雀(進口切花),,MAM,農產品批發市場交易行情站,ID208,進口小菊金孔雀
00404118038008303,小菊-金孔雀(切花),,MAM,農產品批發市場交易行情站,FD208,小菊金孔雀
00404118038008253,小菊-金小菊(進口切花),,MAM,農產品批發市場交易行情站,ID203,進口小菊金小菊
00404118038008203,小菊-金小菊(切花),,MAM,農產品批發市場交易行情站,FD203,小菊金小菊
00404118038008153,小菊-金(進口切花),,MAM,農產品批發市場交易行情站,ID200,進口小菊金
00404118038008103,小菊-金(切花),,MAM,農產品批發市場交易行情站,FD200,小菊金
00404118038008003,小菊-芬蘭小粉(切花),,MAM,農產品批發市場交易行情站,FD433,小菊芬蘭小粉
00404118038007903,小菊-芬蘭小白(切花),,MAM,農產品批發市場交易行情站,FD633,小菊芬蘭小白
00404118038007753,小菊-空心黃(進口切花),,MAM,農產品批發市場交易行情站,ID303,進口小菊空心黃
00404118038007703,小菊-空心黃(切花),,MAM,農產品批發市場交易行情站,FD303,小菊空心黃
00404118038007653,小菊-空心粉(進口切花),,MAM,農產品批發市場交易行情站,ID403,進口小菊空心粉
00404118038007603,小菊-空心粉(切花),,MAM,農產品批發市場交易行情站,FD403,小菊空心粉
00404118038007553,小菊-空心紅(進口切花),,MAM,農產品批發市場交易行情站,ID103,進口小菊空心紅
00404118038007503,小菊-空心紅(切花),,MAM,農產品批發市場交易行情站,FD103,小菊空心紅
00404118038007453,小菊-空心白(短瓣)(進口切花),,MAM,農產品批發市場交易行情站,ID603,進口小菊空心白(短
00404118038007403,小菊-空心白(短瓣)(切花),,MAM,農產品批發市場交易行情站,FD603,小菊空心白(短瓣)
00404118038007353,小菊-空心白(長瓣)(進口切花),,MAM,農產品批發市場交易行情站,ID604,進口小菊空心白(長
00404118038007303,小菊-空心白(長瓣)(切花),,MAM,農產品批發市場交易行情站,FD604,小菊空心白(長瓣)
00404118038007253,小菊-炎陽粉(進口切花),,MAM,農產品批發市場交易行情站,ID409,進口小菊炎陽粉
00404118038007203,小菊-炎陽粉(切花),,MAM,農產品批發市場交易行情站,FD409,小菊炎陽粉
00404118038006903,小菊-法國小紅(切花),,MAM,農產品批發市場交易行情站,FD136,小菊法國小紅
00404118038006853,小菊-林哥粉(進口切花),,MAM,農產品批發市場交易行情站,ID410,進口小菊林哥粉
00404118038006803,小菊-林哥粉(切花),,MAM,農產品批發市場交易行情站,FD410,小菊林哥粉
00404118038006753,小菊-林哥紅(進口切花),,MAM,農產品批發市場交易行情站,ID116,進口小菊林哥紅
00404118038006703,小菊-林哥紅(切花),,MAM,農產品批發市場交易行情站,FD116,小菊林哥紅
00404118038006603,小菊-林克小粉(切花),,MAM,農產品批發市場交易行情站,FD435,小菊林克小粉
00404118038006503,小菊-林克小金(切花),,MAM,農產品批發市場交易行情站,FD235,小菊林克小金
00404118038006403,小菊-林克小白(切花),,MAM,農產品批發市場交易行情站,FD635,小菊林克小白
00404118038006303,小菊-奇濃綠乒乓(切花),,MAM,農產品批發市場交易行情站,FD509,小菊奇濃綠乒乓
00404118038006253,小菊-咖啡小紅(進口切花),,MAM,農產品批發市場交易行情站,ID110,進口小菊咖啡小紅
00404118038006203,小菊-咖啡小紅(切花),,MAM,農產品批發市場交易行情站,FD110,小菊咖啡小紅
00404118038006153,小菊-咖哩小紅(進口切花),,MAM,農產品批發市場交易行情站,ID111,進口小菊咖哩小紅
00404118038006103,小菊-咖哩小紅(切花),,MAM,農產品批發市場交易行情站,FD111,小菊咖哩小紅
00404118038006003,小菊-邦白(切花),,MAM,農產品批發市場交易行情站,FD646,小菊邦白
00404118038005853,小菊-百花小紅(進口切花),,MAM,農產品批發市場交易行情站,ID126,進口小菊百花小紅
00404118038005803,小菊-百花小紅(切花),,MAM,農產品批發市場交易行情站,FD126,小菊百花小紅
00404118038005753,小菊-如玉(進口切花),,MAM,農產品批發市場交易行情站,ID501,進口小菊如玉
00404118038005703,小菊-如玉(切花),,MAM,農產品批發市場交易行情站,FD501,小菊如玉
00404118038005653,小菊-多朵秀鳳(進口切花),,MAM,農產品批發市場交易行情站,ID306,進口小菊多朵秀鳳
00404118038005603,小菊-多朵秀鳳(切花),,MAM,農產品批發市場交易行情站,FD306,小菊多朵秀鳳
00404118038005503,小菊-吉祥黃(切花),,MAM,農產品批發市場交易行情站,FD321,小菊吉祥黃
00404118038005403,小菊-吉祥金(切花),,MAM,農產品批發市場交易行情站,FD210,小菊吉祥金
00404118038005303,小菊-吉祥白(切花),,MAM,農產品批發市場交易行情站,FD622,小菊吉祥白
00404118038005253,小菊-吉祥小粉(進口切花),,MAM,農產品批發市場交易行情站,ID422,進口小菊吉祥小粉
00404118038005203,小菊-吉祥小粉(切花),,MAM,農產品批發市場交易行情站,FD422,小菊吉祥小粉
00404118038005153,小菊-白鑽石(進口切花),,MAM,農產品批發市場交易行情站,ID618,進口小菊白鑽石
00404118038005053,小菊-白觀音(進口切花),,MAM,農產品批發市場交易行情站,ID617,進口小菊白觀音
00404118038005003,小菊-白觀音(切花),,MAM,農產品批發市場交易行情站,FD617,小菊白觀音
00404118038004953,小菊-白銅錢(進口切花),,MAM,農產品批發市場交易行情站,ID602,進口小菊白銅錢
00404118038004903,小菊-白銅錢(切花),,MAM,農產品批發市場交易行情站,FD602,小菊白銅錢
00404118038004853,小菊-白瑪格麗特(進口切花),,MAM,農產品批發市場交易行情站,ID625,進口小菊白瑪格麗特
00404118038004803,小菊-白瑪格麗特(切花),,MAM,農產品批發市場交易行情站,FD625,小菊白瑪格麗特
00404118038004753,小菊-白斯不列(進口切花),,MAM,農產品批發市場交易行情站,ID645,進口小菊白斯不列
00404118038004703,小菊-白斯不列(切花),,MAM,農產品批發市場交易行情站,FD645,小菊白斯不列
00404118038004653,小菊-白初朝(進口切花),,MAM,農產品批發市場交易行情站,ID605,進口小菊白初朝
00404118038004603,小菊-白初朝(切花),,MAM,農產品批發市場交易行情站,FD605,小菊白初朝
00404118038004553,小菊-白乒乓(進口切花),,MAM,農產品批發市場交易行情站,ID607,進口小菊白乒乓
00404118038004503,小菊-白乒乓(切花),,MAM,農產品批發市場交易行情站,FD607,小菊白乒乓
00404118038004353,小菊-白(進口切花),,MAM,農產品批發市場交易行情站,ID600,進口小菊白
00404118038004303,小菊-白(切花),,MAM,農產品批發市場交易行情站,FD600,小菊白
00404118038004203,小菊-卡洛琳(切花),,MAM,農產品批發市場交易行情站,FD138,小菊卡洛琳
00404118038004153,小菊-冬月小黃(進口切花),,MAM,農產品批發市場交易行情站,ID316,進口小菊冬月小黃
00404118038004103,小菊-冬月小黃(切花),,MAM,農產品批發市場交易行情站,FD316,小菊冬月小黃
00404118038004053,小菊-水玲瓏(進口切花),,MAM,農產品批發市場交易行情站,ID421,進口小菊水玲瓏
00404118038004003,小菊-水玲瓏(切花),,MAM,農產品批發市場交易行情站,FD421,小菊水玲瓏
00404118038003903,小菊-木瓜黃(重瓣)(切花),,MAM,農產品批發市場交易行情站,FD319,小菊木瓜黃(重瓣)
00404118038003853,小菊-木瓜黃(進口切花),,MAM,農產品批發市場交易行情站,ID319,進口小菊木瓜黃
00404118038003853,小菊-木瓜黃(進口切花),,MAM,農產品批發市場交易行情站,ID311,進口小菊木瓜黃
00404118038003803,小菊-木瓜黃(切花),,MAM,農產品批發市場交易行情站,FD311,小菊木瓜黃
00404118038003753,小菊-日曆小粉(進口切花),,MAM,農產品批發市場交易行情站,ID428,進口小菊日曆小粉
00404118038003703,小菊-日曆小粉(切花),,MAM,農產品批發市場交易行情站,FD428,小菊日曆小粉
00404118038003653,小菊-日本黃(進口切花),,MAM,農產品批發市場交易行情站,ID309,進口小菊日本黃
00404118038003603,小菊-日本黃(切花),,MAM,農產品批發市場交易行情站,FD309,小菊日本黃
00404118038003503,小菊-日本絨紅(切花),,MAM,農產品批發市場交易行情站,FD133,小菊日本絨紅
00404118038003453,小菊-日本小紅(進口切花),,MAM,農產品批發市場交易行情站,ID113,進口小菊日本小紅
00404118038003403,小菊-日本小紅(切花),,MAM,農產品批發市場交易行情站,FD113,小菊日本小紅
00404118038003353,小菊-日月小粉(進口切花),,MAM,農產品批發市場交易行情站,ID419,進口小菊日月小粉
00404118038003303,小菊-日月小粉(切花),,MAM,農產品批發市場交易行情站,FD419,小菊日月小粉
00404118038003253,小菊-川涼(進口切花),,MAM,農產品批發市場交易行情站,ID621,進口小菊川涼
00404118038003203,小菊-川涼(切花),,MAM,農產品批發市場交易行情站,FD621,小菊川涼
00404118038003153,小菊-小雪球白(進口切花),,MAM,農產品批發市場交易行情站,ID619,進口小菊小雪球白
00404118038003103,小菊-小雪球白(切花),,MAM,農產品批發市場交易行情站,FD619,小菊小雪球白
00404118038003053,小菊-小桃紅(進口切花),,MAM,農產品批發市場交易行情站,ID129,進口小菊小桃紅
00404118038003003,小菊-小桃紅(切花),,MAM,農產品批發市場交易行情站,FD424,小菊小桃紅
00404118038003003,小菊-小桃紅(切花),,MAM,農產品批發市場交易行情站,FD129,小菊小桃紅
00404118038002953,小菊-鑽石紅(進口切花),,MAM,農產品批發市場交易行情站,ID123,進口小菊鑽石紅
00404118038002903,小菊-鑽石紅(切花),,MAM,農產品批發市場交易行情站,FD123,小菊鑽石紅
00404118038002853,小菊-小紅娘(進口切花),,MAM,農產品批發市場交易行情站,ID131,進口小菊小紅娘
00404118038002803,小菊-小紅娘(切花),,MAM,農產品批發市場交易行情站,FD131,小菊小紅娘
00404118038002753,小菊-小秋白(進口切花),,MAM,農產品批發市場交易行情站,ID608,進口小菊小秋白
00404118038002703,小菊-小秋白(切花),,MAM,農產品批發市場交易行情站,FD608,小菊小秋白
00404118038002653,小菊-小金紅(進口切花),,MAM,農產品批發市場交易行情站,ID204,進口小菊小金紅
00404118038002603,小菊-小金紅(切花),,MAM,農產品批發市場交易行情站,FD204,小菊小金紅
00404118038002503,小菊-小老虎紅(切花),,MAM,農產品批發市場交易行情站,FD137,小菊小老虎紅
00404118038002453,小菊-小光輝(進口切花),,MAM,農產品批發市場交易行情站,ID318,進口小菊小光輝
00404118038002403,小菊-小光輝(切花),,MAM,農產品批發市場交易行情站,FD318,小菊小光輝
00404118038002353,小菊-大新粉(進口切花),,MAM,農產品批發市場交易行情站,ID402,進口小菊大新粉
00404118038002303,小菊-大新粉(切花),,MAM,農產品批發市場交易行情站,FD402,小菊大新粉
00404118038002253,小菊-大新紅(進口切花),,MAM,農產品批發市場交易行情站,ID107,進口小菊大新紅
00404118038002203,小菊-大新紅(切花),,MAM,農產品批發市場交易行情站,FD107,小菊大新紅
00404118038002153,小菊-大陸粉(進口切花),,MAM,農產品批發市場交易行情站,ID414,進口小菊大陸粉
00404118038002103,小菊-大陸粉(切花),,MAM,農產品批發市場交易行情站,FD414,小菊大陸粉
00404118038002003,小菊-一點黃(切花),,MAM,農產品批發市場交易行情站,FD323,小菊一點黃
00404118038001953,小菊-黑心小黃(進口切花),,MAM,農產品批發市場交易行情站,ID312,進口小菊黑心小黃
00404118038001903,小菊-黑心小黃(切花),,MAM,農產品批發市場交易行情站,FD312,小菊黑心小黃
00404118038001853,小菊-椪柑(進口切花),,MAM,農產品批發市場交易行情站,ID209,進口小菊椪柑
00404118038001803,小菊-椪柑(切花),,MAM,農產品批發市場交易行情站,FD209,小菊椪柑
00404118038001653,小菊-聖誕球(進口切花),,MAM,農產品批發市場交易行情站,ID304,進口小菊聖誕球
00404118038001603,小菊-聖誕球(切花),,MAM,農產品批發市場交易行情站,FD304,小菊聖誕球
00404118038001553,小菊-金風車(進口切花),,MAM,農產品批發市場交易行情站,ID250,進口小菊金風車
00404118038001503,小菊-金風車(切花),,MAM,農產品批發市場交易行情站,FD250,小菊金風車
00404118038001453,小菊-雙色紅(進口切花),,MAM,農產品批發市場交易行情站,ID127,進口小菊雙色紅
00404118038001403,小菊-雙色紅(切花),,MAM,農產品批發市場交易行情站,FD127,小菊雙色紅
00404118038001353,小菊-青心黃(進口切花),,MAM,農產品批發市場交易行情站,ID310,進口小菊青心黃
00404118038001303,小菊-青心黃(切花),,MAM,農產品批發市場交易行情站,FD310,小菊青心黃
00404118038001203,小菊-白鑽石(切花),,MAM,農產品批發市場交易行情站,FD618,小菊白鑽石
00404118038001153,小菊-黃鑽石(進口切花),,MAM,農產品批發市場交易行情站,ID315,進口小菊黃鑽石
00404118038001103,小菊-黃鑽石(切花),,MAM,農產品批發市場交易行情站,FD315,小菊黃鑽石
00404118038001053,小菊-新丁字白(進口切花),,MAM,農產品批發市場交易行情站,ID611,進口小菊新丁字白
00404118038001003,小菊-新丁字白(切花),,MAM,農產品批發市場交易行情站,FD611,小菊新丁字白
00404118038000953,小菊-大一點紅(進口切花),,MAM,農產品批發市場交易行情站,ID125,進口小菊大一點紅
00404118038000903,小菊-大一點紅(切花),,MAM,農產品批發市場交易行情站,FD125,小菊大一點紅
00404118038000853,小菊-湯匙紅(進口切花),,MAM,農產品批發市場交易行情站,ID122,進口小菊湯匙紅
00404118038000803,小菊-湯匙紅(切花),,MAM,農產品批發市場交易行情站,FD122,小菊湯匙紅
00404118038000753,小菊-老虎紅(進口切花),,MAM,農產品批發市場交易行情站,ID128,進口小菊老虎紅
00404118038000703,小菊-老虎紅(切花),,MAM,農產品批發市場交易行情站,FD128,小菊老虎紅
00404118038000653,小菊-龍鳳小紅(進口切花),,MAM,農產品批發市場交易行情站,ID119,進口小菊龍鳳小紅
00404118038000603,小菊-龍鳳小紅(切花),,MAM,農產品批發市場交易行情站,FD119,小菊龍鳳小紅
00404118038000553,小菊-龍鳳紫(進口切花),,MAM,農產品批發市場交易行情站,ID124,進口小菊龍鳳紫
00404118038000503,小菊-龍鳳紫(切花),,MAM,農產品批發市場交易行情站,FD124,小菊龍鳳紫
00404118038000453,小菊-湯匙粉(進口切花),,MAM,農產品批發市場交易行情站,ID411,進口小菊湯匙粉
00404118038000403,小菊-湯匙粉(切花),,MAM,農產品批發市場交易行情站,FD411,小菊湯匙粉
00404118038000353,小菊-花花世界(進口切花),,MAM,農產品批發市場交易行情站,ID404,進口小菊花花世界
00404118038000303,小菊-花花世界(切花),,MAM,農產品批發市場交易行情站,FD404,小菊花花世界
00404118038000253,小菊-福澤(進口切花),,MAM,農產品批發市場交易行情站,ID505,進口小菊福澤
00404118038000203,小菊-福澤(切花),,MAM,農產品批發市場交易行情站,FD505,小菊福澤
00404118038000103,小菊-貝雷(綠)(切花),,MAM,農產品批發市場交易行情站,FD504,小菊貝雷錄
00404118038000053,小菊(進口切花),,PQR,溯源農糧產品追溯系統,004003035,進口小菊
00404118038000053,小菊(進口切花),,MAM,農產品批發市場交易行情站,ID800,進口小菊染色小菊
00404118038000053,小菊(進口切花),,MAM,農產品批發市場交易行情站,ID001,進口小菊混合色
00404118038000053,小菊(進口切花),,MAM,農產品批發市場交易行情站,ID000,進口小菊
00404118038000000,小菊,,PQR,溯源農糧產品追溯系統,004003034,小菊
00404118038000000,小菊,,MAM,農產品批發市場交易行情站,FD000,小菊
00404118037000603,紫菀-春天-紫(切花),,MAM,農產品批發市場交易行情站,FW271,紫孔雀春天
00404118037000503,紫菀-雪珍珠-白(切花),,MAM,農產品批發市場交易行情站,FW261,白孔雀雪珍珠
00404118037000403,紫菀-白(切花),,MAM,農產品批發市場交易行情站,FW260,白孔雀
00404118037000303,紫菀-友禪菊-白(切花),,MAM,農產品批發市場交易行情站,FH305,白友禪菊
00404118037000203,紫菀-紫(切花),,MAM,農產品批發市場交易行情站,FW270,紫孔雀
00404118037000103,紫菀-粉(切花),,PQR,溯源農糧產品追溯系統,004003021,粉孔雀
00404118037000103,紫菀-粉(切花),,PMG,農業產銷班組織體系資料服務系統,198,粉孔雀              
00404118037000103,紫菀-粉(切花),,MAM,農產品批發市場交易行情站,FW240,粉孔雀
00404100063000000,巨果薑,,PSC,農糧產品產銷供應鏈整合服務平台,2030202000049,鳳梨花
00404100063000000,巨果薑,,PQR,溯源農糧產品追溯系統,004002009,鳳梨花
00404100063000000,巨果薑,,PMG,農業產銷班組織體系資料服務系統,240,鳳梨花              
00404100063000000,巨果薑,,MAM,農產品批發市場交易行情站,IH355,進口鳳梨花
00404100063000000,巨果薑,,MAM,農產品批發市場交易行情站,FH355,鳳梨花
00404100063000000,巨果薑,,MAM,農產品批發市場交易行情站,B4,鳳梨    鳳梨花
00404081056000053,夕霧花(進口切花),,PQR,溯源農糧產品追溯系統,004003104,進口夕霧草
00404081056000000,夕霧花,,PQR,溯源農糧產品追溯系統,004003077,夕霧草
00404081056000000,夕霧花,,MAM,農產品批發市場交易行情站,IH210,進口夕霧草
00404081056000000,夕霧花,,MAM,農產品批發市場交易行情站,FH210,夕霧草
00404081055000000,三角桔梗,,PQR,溯源農糧產品追溯系統,004003073,三角桔梗
00404081055000000,三角桔梗,,MAM,農產品批發市場交易行情站,FU673,洋桔梗三角桔梗
00404081055000000,三角桔梗,,MAM,農產品批發市場交易行情站,FH673,三角桔梗
00404078099000055,天堂鳥葉(進口切葉),,PQR,溯源農糧產品追溯系統,004003110,進口天堂鳥葉
00404078099000053,天堂鳥(進口切花),,PQR,溯源農糧產品追溯系統,004003109,進口天堂鳥
00404078099000005,天堂鳥葉(切葉),,MAM,農產品批發市場交易行情站,FY069,天堂鳥葉
00404078099000000,天堂鳥,,SAP,農產品產地價格查詢系統,63080,天堂鳥
00404078099000000,天堂鳥,,PQR,溯源農糧產品追溯系統,004003008,天堂鳥
00404078099000000,天堂鳥,,PMG,農業產銷班組織體系資料服務系統,193,天堂鳥              
00404078099000000,天堂鳥,,PFB,農產業天然災害現金救助系統,937,天堂鳥
00404078099000000,天堂鳥,,PAR,農糧情調查作業資訊系統,237,天堂鳥
00404078099000000,天堂鳥,,MAM,農產品批發市場交易行情站,FH101,天堂鳥
00404078099000000,天堂鳥,,FFR,全國糧政跨區即時申辦服務作業平台,937,天堂鳥
00404077073000000,段菊,,MAM,農產品批發市場交易行情站,FH215,段菊
00404076100000055,水蠟燭(進口切葉),,MAM,農產品批發市場交易行情站,IY041,進口水燭花
00404076100000000,水蠟燭,,MAM,農產品批發市場交易行情站,FY041,水燭花
00404075098000000,聖誕果,,MAM,農產品批發市場交易行情站,FY068,聖誕果
00404075097000000,牛頭茄,,MAM,農產品批發市場交易行情站,FY031,牛頭茄
00404068054000000,美人蕉,,MAM,農產品批發市場交易行情站,FH138,美人蕉
00404065061000053,宮燈百合(進口切花),,PQR,溯源農糧產品追溯系統,004003051,進口宮燈百合
00404065061000000,宮燈百合,,PQR,溯源農糧產品追溯系統,004003113,宮燈百合
00404065061000000,宮燈百合,,MAM,農產品批發市場交易行情站,FH180,宮燈百合
00404065060000000,嘉蘭,,PQR,溯源農糧產品追溯系統,004001046,嘉蘭
00404065060000000,嘉蘭,,MAM,農產品批發市場交易行情站,FH185,嘉蘭<火焰百合>
00404058036000000,紐西蘭麻,,PQR,溯源農糧產品追溯系統,004003023,紐西蘭麻
00404058036000000,紐西蘭麻,,PMG,農業產銷班組織體系資料服務系統,212,紐西蘭麻            
00404058036000000,紐西蘭麻,,MAM,農產品批發市場交易行情站,FY083,紐西蘭麻
00404058035000053,火炬百合(進口切花),,PQR,溯源農糧產品追溯系統,004003114,進口火炬百合
00404058035000000,火炬百合,,PQR,溯源農糧產品追溯系統,004003107,火炬百合
00404058035000000,火炬百合,,MAM,農產品批發市場交易行情站,FH760,火炬百合
00404058034000000,萱草,,MAM,農產品批發市場交易行情站,FH080,萱草
00404058033000053,狐尾百合(進口切花),,PQR,溯源農糧產品追溯系統,004003112,進口狐尾百合
00404058033000000,狐尾百合,,PQR,溯源農糧產品追溯系統,004003106,狐尾百合
00404058033000000,狐尾百合,,MAM,農產品批發市場交易行情站,FH170,狐尾百合
00404054095000000,泡盛草,,MAM,農產品批發市場交易行情站,FH390,泡盛草
00404045084000000,虎尾花,,MAM,農產品批發市場交易行情站,FH395,虎尾花
00404044068000000,羽扇豆,,MAM,農產品批發市場交易行情站,FH220,羽扇豆
00404039013000000,唐棉,,PQR,溯源農糧產品追溯系統,004003003,唐棉
00404039013000000,唐棉,,PMG,農業產銷班組織體系資料服務系統,181,唐棉                
00404039013000000,唐棉,,MAM,農產品批發市場交易行情站,FY003,唐棉
00404037070000000,袋鼠花,,MAM,農產品批發市場交易行情站,FH890,袋鼠花
00404035080000753,鬱金香-雙色(進口切花),,MAM,農產品批發市場交易行情站,IH610,進口鬱金香混色
00404035080000000,鬱金香,,PQR,溯源農糧產品追溯系統,004003059,鬱金香
00404035079610603,臺灣百合-多朵(切花),,MAM,農產品批發市場交易行情站,FT169,臺灣百合多朵
00404035079610503,鐵砲百合-雷山一號多朵(切花),,MAM,農產品批發市場交易行情站,FT669,鐵砲百合雷山一號多
00404035079610403,鐵砲百合-愛維塔多朵(切花),,MAM,農產品批發市場交易行情站,FT569,鐵砲百合愛維塔多朵
00404035079610303,鐵砲百合-黃多朵(切花),,MAM,農產品批發市場交易行情站,FT039,鐵砲百合黃多朵
00404035079610203,鐵砲百合-雪后多朵(切花),,MAM,農產品批發市場交易行情站,FT269,鐵砲百合雪后多朵
00404035079610103,鐵砲百合-粉多朵(切花),,MAM,農產品批發市場交易行情站,FT049,鐵砲百合粉多朵
00404035079610003,鐵砲百合-紅多朵(切花),,MAM,農產品批發市場交易行情站,FT019,鐵砲百合紅多朵
00404035079609903,鐵砲百合-白狐多朵(切花),,MAM,農產品批發市場交易行情站,FT369,鐵砲百合白狐多朵
00404035079609803,鐵砲百合-白天使多朵(切花),,MAM,農產品批發市場交易行情站,FT469,鐵砲百合白天使多朵
00404035079609703,鐵砲百合-白多朵(切花),,MAM,農產品批發市場交易行情站,FT069,鐵砲百合白多朵
00404035079609603,葵百合-瑪麗粉多朵(切花),,MAM,農產品批發市場交易行情站,FK349,葵百合瑪麗粉多朵
00404035079609503,葵百合-瑪麗之星多朵(切花),,MAM,農產品批發市場交易行情站,FK439,葵百合瑪麗之星多朵
00404035079609453,葵百合-奧林匹克紅多朵(進口切花),,MAM,農產品批發市場交易行情站,IK219,進口葵百合奧林匹克
00404035079609403,葵百合-奧林匹克紅多朵(切花),,MAM,農產品批發市場交易行情站,FK219,葵百合薁林匹克紅多
00404035079609303,葵百合-粉多朵(切花),,MAM,農產品批發市場交易行情站,FK049,葵百合粉多朵
00404035079609203,葵百合-紅多朵(切花),,MAM,農產品批發市場交易行情站,FK319,葵百合紅多朵
00404035079609103,葵百合-阿提亞多朵(切花),,MAM,農產品批發市場交易行情站,FK429,葵百合阿提亞多朵
00404035079609003,葵百合-阿卡波克紅多朵(切花),,MAM,農產品批發市場交易行情站,FK419,葵百合阿卡波克紅多
00404035079608803,葵百合-蘿拉紅多朵(切花),,MAM,農產品批發市場交易行情站,FK119,葵百合蘿拉紅多朵
00404035079608703,姬百合-橙多朵(切花),,MAM,農產品批發市場交易行情站,FL029,姬百合橙多朵
00404035079608603,姬百合-黃多朵(切花),,MAM,農產品批發市場交易行情站,FL039,姬百合黃多朵
00404035079608503,姬百合-紫多朵(切花),,MAM,農產品批發市場交易行情站,FL079,姬百合紫多朵
00404035079608403,姬百合-粉多朵(切花),,MAM,農產品批發市場交易行情站,FL049,姬百合粉多朵
00404035079608303,姬百合-紅多朵(切花),,MAM,農產品批發市場交易行情站,FL019,姬百合紅多朵
00404035079608203,姬百合-白多朵(切花),,MAM,農產品批發市場交易行情站,FL069,姬百合白多朵
00404035079607903,香水百合-瑪度沙多朵(切花),,MAM,農產品批發市場交易行情站,FS139,香水百合瑪度沙多朵
00404035079607803,香水百合-雷夢娜多朵(切花),,MAM,農產品批發市場交易行情站,FS239,香水百合雷夢娜多朵
00404035079607703,香水百合-賈絲廷娜多朵(切花),,MAM,農產品批發市場交易行情站,FS539,香水百合賈絲廷娜多
00404035079607603,香水百合-新馬可多朵(切花),,MAM,農產品批發市場交易行情站,FS439,香水百合新馬可多朵
00404035079607403,香水百合-黃多朵(切花),,MAM,農產品批發市場交易行情站,FS039,香水百合黃多朵
00404035079607303,香水百合-隆巴地亞多朵(切花),,MAM,農產品批發市場交易行情站,FS459,香水百合隆巴地亞多
00404035079607203,香水百合-貴族粉多朵(切花),,MAM,農產品批發市場交易行情站,FS549,香水百合貴族粉多朵
00404035079607103,香水百合-寶貝粉多朵(切花),,MAM,農產品批發市場交易行情站,FS219,香水百合寶貝粉多朵
00404035079607003,香水百合-貴族白多朵(切花),,MAM,農產品批發市場交易行情站,FS169,香水百合貴族白多朵
00404035079606903,香水百合-普莎蘿粉多朵(切花),,MAM,農產品批發市場交易行情站,FS159,香水百合普莎蘿粉多
00404035079606803,香水百合-斯賓諾沙多朵(切花),,MAM,農產品批發市場交易行情站,FS399,香水百合斯賓諾沙多
00404035079606303,香水百合-索邦妮多朵(切花),,MAM,農產品批發市場交易行情站,FS359,香水百合索邦妮多朵
00404035079606203,香水百合-粉多朵(切花),,MAM,農產品批發市場交易行情站,FS049,香水百合粉多朵
00404035079606003,香水百合-紅鶴星粉多朵(切花),,MAM,農產品批發市場交易行情站,FS249,香水百合紅鶴星粉多
00404035079605903,香水百合-紅多朵(切花),,MAM,農產品批發市場交易行情站,FS019,香水百合紅多朵
00404035079605803,香水百合-阿魯巴多朵(切花),,MAM,農產品批發市場交易行情站,FS499,香水百合阿魯巴多朵
00404035079605703,香水百合-阿斯卡力多朵(切花),,MAM,農產品批發市場交易行情站,FS129,香水百合阿斯卡力多
00404035079605603,香水百合-芭芭拉多朵(切花),,MAM,農產品批發市場交易行情站,FS179,香水百合芭芭拉多朵
00404035079605503,香水百合-芬芳粉多朵(切花),,MAM,農產品批發市場交易行情站,FS149,香水百合芬芳粉多朵
00404035079605403,香水百合-法藍西多朵(切花),,MAM,農產品批發市場交易行情站,FS419,香水百合法藍西多朵
00404035079605303,香水百合-拉曼恰多朵(切花),,MAM,農產品批發市場交易行情站,FS339,香水百合拉曼恰多朵
00404035079605203,香水百合-姬羅沙多朵(切花),,MAM,農產品批發市場交易行情站,FS259,香水百合姬羅沙多朵
00404035079605103,香水百合-佳樂利多朵(切花),,MAM,農產品批發市場交易行情站,FS389,香水百合佳樂利多朵
00404035079605003,香水百合-里伯拉多朵(切花),,MAM,農產品批發市場交易行情站,FS229,香水百合里伯拉多朵
00404035079604903,香水百合-辛普隆多朵(切花),,MAM,農產品批發市場交易行情站,FS369,香水百合辛普隆多朵
00404035079604703,香水百合-貝妮妮多朵(切花),,MAM,農產品批發市場交易行情站,FS189,香水百合貝妮妮多朵
00404035079604603,香水百合-貝佳摩多朵(切花),,MAM,農產品批發市場交易行情站,FS199,香水百合貝佳摩多朵
00404035079604503,香水百合-貝里斯摩多朵(切花),,MAM,農產品批發市場交易行情站,FS299,香水百合貝里斯摩多
00404035079604303,香水百合-西伯利亞多朵(切花),,MAM,農產品批發市場交易行情站,FS269,香水百合西伯利亞多
00404035079604203,香水百合-百老匯多朵(切花),,MAM,農產品批發市場交易行情站,FS429,香水百合百老匯多朵
00404035079604103,香水百合-白多朵(切花),,MAM,農產品批發市場交易行情站,FS469,香水百合白多朵
00404035079604103,香水百合-白多朵(切花),,MAM,農產品批發市場交易行情站,FS069,香水百合白多朵
00404035079604003,香水百合-卡登粉多朵(切花),,MAM,農產品批發市場交易行情站,FS349,香水百合卡登粉多朵
00404035079603903,香水百合-天使之吻多朵(切花),,MAM,農產品批發市場交易行情站,FS119,香水百合天使之吻多
00404035079602303,LA百合-橙多朵(切花),,MAM,農產品批發市場交易行情站,FL129,LA百合橙多朵
00404035079602203,LA百合-黃多朵(切花),,MAM,農產品批發市場交易行情站,FL139,LA百合黃多朵
00404035079602103,LA百合-粉多朵(切花),,MAM,農產品批發市場交易行情站,FL149,LA百合粉多朵
00404035079602003,LA百合-紅多朵(切花),,MAM,農產品批發市場交易行情站,FL119,LA百合紅多朵
00404035079601903,LA百合-皇家五號多朵(切花),,MAM,農產品批發市場交易行情站,FL229,LA百合皇家五號多朵
00404035079601803,LA百合-白多朵(切花),,MAM,農產品批發市場交易行情站,FL169,LA百合白多朵
00404035079601703,LA百合-木瓜黃多朵(切花),,MAM,農產品批發市場交易行情站,FL159,LA百合木瓜黃多朵
00404035079601503,百合-羅迪納多朵(切花),,MAM,農產品批發市場交易行情站,FK449,羅迪納多朵
00404035079601403,百合-薇薇安娜多朵(切花),,MAM,農產品批發市場交易行情站,FS599,薇薇安娜多朵
00404035079601103,百合-馬利歐多朵(切花),,MAM,農產品批發市場交易行情站,FS569,馬利歐多朵
00404035079601003,百合-特里昂菲特多朵(切花),,MAM,農產品批發市場交易行情站,FT719,LO特里昂菲特多朵
00404035079600803,百合-珊卓多朵(切花),,MAM,農產品批發市場交易行情站,FS589,珊卓多朵
00404035079600703,百合-柯柏拉多朵(切花),,MAM,農產品批發市場交易行情站,FK459,柯柏拉多朵
00404035079600603,百合-威廉亞伯蒂多朵(切花),,MAM,農產品批發市場交易行情站,FS559,威廉亞伯蒂多朵
00404035079600503,百合-希拉多朵(切花),,MAM,農產品批發市場交易行情站,FS579,希拉多朵
00404035079600203,百合-水晶香水多朵(切花),,MAM,農產品批發市場交易行情站,FS479,水晶香水多朵
00404035079509703,鐵砲百合-白五朵(切花),,MAM,農產品批發市場交易行情站,FT065,鐵砲百合白五朵
00404035079509603,葵百合-瑪麗粉五朵(切花),,MAM,農產品批發市場交易行情站,FK345,葵百合瑪麗粉五朵
00404035079509453,葵百合-奧林匹克紅五朵(進口切花),,MAM,農產品批發市場交易行情站,IK215,進口葵百合奧林匹克
00404035079509403,葵百合-奧林匹克紅五朵(切花),,MAM,農產品批發市場交易行情站,FK215,葵百合奧林匹克紅五
00404035079509303,葵百合-粉五朵(切花),,MAM,農產品批發市場交易行情站,FK045,葵百合粉五朵
00404035079509203,葵百合-紅五朵(切花),,MAM,農產品批發市場交易行情站,FK315,葵百合紅五朵
00404035079509003,葵百合-阿卡波克紅五朵(切花),,MAM,農產品批發市場交易行情站,FK415,葵百合阿卡波克紅五
00404035079508803,葵百合-蘿拉紅五朵(切花),,MAM,農產品批發市場交易行情站,FK115,葵百合蘿拉紅五朵
00404035079508703,姬百合-橙五朵(切花),,MAM,農產品批發市場交易行情站,FL025,姬百合橙五朵
00404035079508603,姬百合-黃五朵(切花),,MAM,農產品批發市場交易行情站,FL035,姬百合黃五朵
00404035079508503,姬百合-紫五朵(切花),,MAM,農產品批發市場交易行情站,FL075,姬百合紫五朵
00404035079508403,姬百合-粉五朵(切花),,MAM,農產品批發市場交易行情站,FL045,姬百合粉五朵
00404035079508303,姬百合-紅五朵(切花),,MAM,農產品批發市場交易行情站,FL015,姬百合紅五朵
00404035079508203,姬百合-白五朵(切花),,MAM,農產品批發市場交易行情站,FL065,姬百合白五朵
00404035079507203,香水百合-貴族粉五朵(切花),,MAM,農產品批發市場交易行情站,FS545,香水百合貴族粉五朵
00404035079507003,香水百合-貴族白五朵(切花),,MAM,農產品批發市場交易行情站,FS165,香水百合貴族白五朵
00404035079506903,香水百合-普莎蘿粉五朵(切花),,MAM,農產品批發市場交易行情站,FS155,香水百合普莎蘿粉五
00404035079506203,香水百合-粉五朵(切花),,MAM,農產品批發市場交易行情站,FS045,香水百合粉五朵
00404035079506003,香水百合-紅鶴星粉五朵(切花),,MAM,農產品批發市場交易行情站,FS245,香水百合紅鶴星粉五
00404035079505503,香水百合-芬芳粉五朵(切花),,MAM,農產品批發市場交易行情站,FS145,香水百合芬芳粉五朵
00404035079504103,香水百合-白五朵(切花),,MAM,農產品批發市場交易行情站,FS465,香水百合白五朵
00404035079504003,香水百合-卡登粉五朵(切花),,MAM,農產品批發市場交易行情站,FS345,香水百合卡登粉五朵
00404035079502303,LA百合-橙五朵(切花),,MAM,農產品批發市場交易行情站,FL125,LA百合橙五朵
00404035079502203,LA百合-黃五朵(切花),,MAM,農產品批發市場交易行情站,FL135,LA百合黃五朵
00404035079502103,LA百合-粉五朵(切花),,MAM,農產品批發市場交易行情站,FL145,LA百合粉五朵
00404035079502003,LA百合-紅五朵(切花),,MAM,農產品批發市場交易行情站,FL115,LA百合紅五朵
00404035079501803,LA百合-白五朵(切花),,MAM,農產品批發市場交易行情站,FL165,LA百合白五朵
00404035079501703,LA百合-木瓜黃五朵(切花),,MAM,農產品批發市場交易行情站,FL155,LA百合木瓜黃五朵
00404035079409703,鐵砲百合-白四朵(切花),,MAM,農產品批發市場交易行情站,FT064,鐵砲百合白四朵
00404035079409603,葵百合-瑪麗粉四朵(切花),,MAM,農產品批發市場交易行情站,FK344,葵百合瑪麗粉四朵
00404035079409453,葵百合-奧林匹克紅四朵(進口切花),,MAM,農產品批發市場交易行情站,IK214,進口葵百合奧林匹克
00404035079409403,葵百合-奧林匹克紅四朵(切花),,MAM,農產品批發市場交易行情站,FK214,葵百合奧林匹克紅四
00404035079409303,葵百合-粉四朵(切花),,MAM,農產品批發市場交易行情站,FK044,葵百合粉四朵
00404035079409203,葵百合-紅四朵(切花),,MAM,農產品批發市場交易行情站,FK314,葵百合紅四朵
00404035079409003,葵百合-阿卡波克紅四朵(切花),,MAM,農產品批發市場交易行情站,FK414,葵百合阿卡波克紅四
00404035079408803,葵百合-蘿拉紅四朵(切花),,MAM,農產品批發市場交易行情站,FK114,葵百合蘿拉紅四朵
00404035079408703,姬百合-橙四朵(切花),,MAM,農產品批發市場交易行情站,FL024,姬百合橙四朵
00404035079408603,姬百合-黃四朵(切花),,MAM,農產品批發市場交易行情站,FL034,姬百合黃四朵
00404035079408503,姬百合-紫四朵(切花),,MAM,農產品批發市場交易行情站,FL074,姬百合紫四朵
00404035079408403,姬百合-粉四朵(切花),,MAM,農產品批發市場交易行情站,FL044,姬百合粉四朵
00404035079408303,姬百合-紅四朵(切花),,MAM,農產品批發市場交易行情站,FL014,姬百合紅四朵
00404035079408203,姬百合-白四朵(切花),,MAM,農產品批發市場交易行情站,FL064,姬百合白四朵
00404035079407203,香水百合-貴族粉四朵(切花),,MAM,農產品批發市場交易行情站,FS544,香水百合貴族粉四朵
00404035079407003,香水百合-貴族白四朵(切花),,MAM,農產品批發市場交易行情站,FS164,香水百合貴族白四朵
00404035079406903,香水百合-普莎蘿粉四朵(切花),,MAM,農產品批發市場交易行情站,FS154,香水百合普莎蘿粉四
00404035079406203,香水百合-粉四朵(切花),,MAM,農產品批發市場交易行情站,FS044,香水百合粉四朵
00404035079406003,香水百合-紅鶴星粉四朵(切花),,MAM,農產品批發市場交易行情站,FS244,香水百合紅鶴星粉四
00404035079405503,香水百合-芬芳粉四朵(切花),,MAM,農產品批發市場交易行情站,FS144,香水百合芬芳粉四朵
00404035079404103,香水百合-白四朵(切花),,MAM,農產品批發市場交易行情站,FS464,香水百合白四朵
00404035079404003,香水百合-卡登粉四朵(切花),,MAM,農產品批發市場交易行情站,FS344,香水百合卡登粉四朵
00404035079402303,LA百合-橙四朵(切花),,MAM,農產品批發市場交易行情站,FL124,LA百合橙四朵
00404035079402203,LA百合-黃四朵(切花),,MAM,農產品批發市場交易行情站,FL134,LA百合黃四朵
00404035079402103,LA百合-粉四朵(切花),,MAM,農產品批發市場交易行情站,FL144,LA百合粉四朵
00404035079402003,LA百合-紅四朵(切花),,MAM,農產品批發市場交易行情站,FL114,LA百合紅四朵
00404035079401803,LA百合-白四朵(切花),,MAM,農產品批發市場交易行情站,FL164,LA百合白四朵
00404035079401703,LA百合-木瓜黃四朵(切花),,MAM,農產品批發市場交易行情站,FL154,LA百合木瓜黃四朵
00404035079310603,臺灣百合-三朵(切花),,MAM,農產品批發市場交易行情站,FT163,臺灣百合三朵
00404035079310503,鐵砲百合-雷山一號三朵(切花),,MAM,農產品批發市場交易行情站,FT663,鐵砲百合雷山一號三
00404035079310403,鐵砲百合-愛維塔三朵(切花),,MAM,農產品批發市場交易行情站,FT563,鐵砲百合愛維塔三朵
00404035079310303,鐵砲百合-黃三朵(切花),,MAM,農產品批發市場交易行情站,FT033,鐵砲百合黃三朵
00404035079310203,鐵砲百合-雪后三朵(切花),,MAM,農產品批發市場交易行情站,FT263,鐵砲百合雪后三朵
00404035079310103,鐵砲百合-粉三朵(切花),,MAM,農產品批發市場交易行情站,FT043,鐵砲百合粉三朵
00404035079310003,鐵砲百合-紅三朵(切花),,MAM,農產品批發市場交易行情站,FT013,鐵砲百合紅三朵
00404035079309903,鐵砲百合-白狐三朵(切花),,MAM,農產品批發市場交易行情站,FT363,鐵砲百合白狐三朵
00404035079309803,鐵砲百合-白天使三朵(切花),,MAM,農產品批發市場交易行情站,FT463,鐵砲百合白天使三朵
00404035079309703,鐵砲百合-白三朵(切花),,MAM,農產品批發市場交易行情站,FT063,鐵砲百合白三朵
00404035079309603,葵百合-瑪麗粉三朵(切花),,MAM,農產品批發市場交易行情站,FK343,葵百合瑪麗粉三朵
00404035079309503,葵百合-瑪麗之星三朵(切花),,MAM,農產品批發市場交易行情站,FK433,葵百合瑪麗之星三朵
00404035079309453,葵百合-奧林匹克紅三朵(進口切花),,MAM,農產品批發市場交易行情站,IK213,進口葵百合奧林匹克
00404035079309403,葵百合-奧林匹克紅三朵(切花),,MAM,農產品批發市場交易行情站,FK213,葵百合奧林匹克紅三
00404035079309303,葵百合-粉三朵(切花),,MAM,農產品批發市場交易行情站,FK043,葵百合粉三朵
00404035079309203,葵百合-紅三朵(切花),,MAM,農產品批發市場交易行情站,FK313,葵百合紅三朵
00404035079309103,葵百合-阿提亞三朵(切花),,MAM,農產品批發市場交易行情站,FK423,葵百合阿提亞三朵
00404035079309003,葵百合-阿卡波克紅三朵(切花),,MAM,農產品批發市場交易行情站,FK413,葵百合阿卡波克紅三
00404035079308803,葵百合-蘿拉紅三朵(切花),,MAM,農產品批發市場交易行情站,FK113,葵百合蘿拉紅三朵
00404035079308703,姬百合-橙三朵(切花),,MAM,農產品批發市場交易行情站,FL023,姬百合橙三朵
00404035079308603,姬百合-黃三朵(切花),,MAM,農產品批發市場交易行情站,FL033,姬百合黃三朵
00404035079308503,姬百合-紫三朵(切花),,MAM,農產品批發市場交易行情站,FL073,姬百合紫三朵
00404035079308403,姬百合-粉三朵(切花),,MAM,農產品批發市場交易行情站,FL043,姬百合粉三朵
00404035079308303,姬百合-紅三朵(切花),,MAM,農產品批發市場交易行情站,FL013,姬百合紅三朵
00404035079308203,姬百合-白三朵(切花),,MAM,農產品批發市場交易行情站,FL063,姬百合白三朵
00404035079307903,香水百合-瑪度沙三朵(切花),,MAM,農產品批發市場交易行情站,FS133,香水百合瑪度沙三朵
00404035079307803,香水百合-雷夢娜三朵(切花),,MAM,農產品批發市場交易行情站,FS233,香水百合雷夢娜三朵
00404035079307703,香水百合-賈絲廷娜三朵(切花),,MAM,農產品批發市場交易行情站,FS533,香水百合賈絲廷娜三
00404035079307603,香水百合-新馬可三朵(切花),,MAM,農產品批發市場交易行情站,FS433,香水百合新馬可三朵
00404035079307403,香水百合-黃三朵(切花),,MAM,農產品批發市場交易行情站,FS033,香水百合黃三朵
00404035079307303,香水百合-隆巴地亞三朵(切花),,MAM,農產品批發市場交易行情站,FS453,香水百合隆巴地亞三
00404035079307203,香水百合-貴族粉三朵(切花),,MAM,農產品批發市場交易行情站,FS543,香水百合貴族粉三朵
00404035079307103,香水百合-寶貝粉三朵(切花),,MAM,農產品批發市場交易行情站,FS213,香水百合寶貝粉三朵
00404035079307003,香水百合-貴族白三朵(切花),,MAM,農產品批發市場交易行情站,FS163,香水百合貴族白三朵
00404035079306903,香水百合-普莎蘿粉三朵(切花),,MAM,農產品批發市場交易行情站,FS153,香水百合普莎蘿粉三
00404035079306803,香水百合-斯賓諾沙三朵(切花),,MAM,農產品批發市場交易行情站,FS393,香水百合斯賓諾沙三
00404035079306303,香水百合-索邦妮三朵(切花),,MAM,農產品批發市場交易行情站,FS353,香水百合索邦妮三朵
00404035079306203,香水百合-粉三朵(切花),,MAM,農產品批發市場交易行情站,FS043,香水百合粉三朵
00404035079306003,香水百合-紅鶴星粉三朵(切花),,MAM,農產品批發市場交易行情站,FS243,香水百合紅鶴星粉三
00404035079305903,香水百合-紅三朵(切花),,MAM,農產品批發市場交易行情站,FS013,香水百合紅三朵
00404035079305803,香水百合-阿魯巴三朵(切花),,MAM,農產品批發市場交易行情站,FS493,香水百合阿魯巴三朵
00404035079305703,香水百合-阿斯卡力三朵(切花),,MAM,農產品批發市場交易行情站,FS123,香水百合阿斯卡力三
00404035079305603,香水百合-芭芭拉三朵(切花),,MAM,農產品批發市場交易行情站,FS173,香水百合芭芭拉三朵
00404035079305503,香水百合-芬芳粉三朵(切花),,MAM,農產品批發市場交易行情站,FS143,香水百合芬芳粉三朵
00404035079305403,香水百合-法藍西三朵(切花),,MAM,農產品批發市場交易行情站,FS413,香水百合法藍西三朵
00404035079305303,香水百合-拉曼恰三朵(切花),,MAM,農產品批發市場交易行情站,FS333,香水百合拉曼恰三朵
00404035079305203,香水百合-姬羅沙沙三朵(切花),,MAM,農產品批發市場交易行情站,FS253,香水百合姖羅沙三朵
00404035079305103,香水百合-佳樂利三朵(切花),,MAM,農產品批發市場交易行情站,FS383,香水百合佳樂利三朵
00404035079305003,香水百合-里伯拉三朵(切花),,MAM,農產品批發市場交易行情站,FS223,香水百合里伯拉三朵
00404035079304903,香水百合-辛普隆三朵(切花),,MAM,農產品批發市場交易行情站,FS363,香水百合辛普隆三朵
00404035079304703,香水百合-貝妮妮三朵(切花),,MAM,農產品批發市場交易行情站,FS183,香水百合貝妮妮三朵
00404035079304603,香水百合-貝佳摩三朵(切花),,MAM,農產品批發市場交易行情站,FS193,香水百合貝佳摩三朵
00404035079304503,香水百合-貝里斯摩三朵(切花),,MAM,農產品批發市場交易行情站,FS293,香水百合貝里斯摩三
00404035079304303,香水百合-西伯利亞三朵(切花),,MAM,農產品批發市場交易行情站,FS263,香水百合西伯利亞三
00404035079304203,香水百合-百老匯三朵(切花),,MAM,農產品批發市場交易行情站,FS423,香水百合百老匯三朵
00404035079304103,香水百合-白三朵(切花),,MAM,農產品批發市場交易行情站,FS463,香水百合白三朵
00404035079304103,香水百合-白三朵(切花),,MAM,農產品批發市場交易行情站,FS063,香水百合白三朵
00404035079304003,香水百合-卡登粉三朵(切花),,MAM,農產品批發市場交易行情站,FS343,香水百合卡登粉三朵
00404035079303903,香水百合-天使之吻三朵(切花),,MAM,農產品批發市場交易行情站,FS113,香水百合天使之吻三
00404035079302303,LA百合-橙三朵(切花),,MAM,農產品批發市場交易行情站,FL123,LA百合橙三朵
00404035079302203,LA百合-黃三朵(切花),,MAM,農產品批發市場交易行情站,FL133,LA百合黃三朵
00404035079302103,LA百合-粉三朵(切花),,MAM,農產品批發市場交易行情站,FL143,LA百合粉三朵
00404035079302003,LA百合-紅三朵(切花),,MAM,農產品批發市場交易行情站,FL113,LA百合紅三朵
00404035079301903,LA百合-皇家五號三朵(切花),,MAM,農產品批發市場交易行情站,FL223,LA百合皇家五號三朵
00404035079301803,LA百合-白三朵(切花),,MAM,農產品批發市場交易行情站,FL163,LA百合白三朵
00404035079301703,LA百合-木瓜黃三朵(切花),,MAM,農產品批發市場交易行情站,FL153,LA百合木瓜黃三朵
00404035079301503,百合-羅迪納三朵(切花),,MAM,農產品批發市場交易行情站,FK443,羅迪納三朵
00404035079301403,百合-薇薇安娜三朵(切花),,MAM,農產品批發市場交易行情站,FS593,薇薇安娜三朵
00404035079301103,百合-馬利歐三朵(切花),,MAM,農產品批發市場交易行情站,FS563,馬利歐三朵
00404035079301003,百合-特里昂菲特三朵(切花),,MAM,農產品批發市場交易行情站,FT713,LO特里昂菲特三朵
00404035079300803,百合-珊卓三朵(切花),,MAM,農產品批發市場交易行情站,FS583,珊卓三朵
00404035079300703,百合-柯柏拉三朵(切花),,MAM,農產品批發市場交易行情站,FK453,柯柏拉三朵
00404035079300603,百合-威廉亞伯蒂三朵(切花),,MAM,農產品批發市場交易行情站,FS553,威廉亞伯蒂三朵
00404035079300503,百合-希拉三朵(切花),,MAM,農產品批發市場交易行情站,FS573,希拉三朵
00404035079300203,百合-水晶香水三朵(切花),,MAM,農產品批發市場交易行情站,FS473,水晶香水三朵
00404035079210603,臺灣百合-雙朵(切花),,MAM,農產品批發市場交易行情站,FT162,臺灣百合雙朵
00404035079210503,鐵砲百合-雷山一號雙朵(切花),,MAM,農產品批發市場交易行情站,FT662,鐵砲百合雷山一號雙
00404035079210403,鐵砲百合-愛維塔雙朵(切花),,MAM,農產品批發市場交易行情站,FT562,鐵砲百合愛維塔雙朵
00404035079210303,鐵砲百合-黃雙朵(切花),,MAM,農產品批發市場交易行情站,FT032,鐵砲百合黃雙朵
00404035079210203,鐵砲百合-雪后雙朵(切花),,MAM,農產品批發市場交易行情站,FT262,鐵砲百合雪后雙朵
00404035079210103,鐵砲百合-粉雙朵(切花),,MAM,農產品批發市場交易行情站,FT042,鐵砲百合粉雙朵
00404035079210003,鐵砲百合-紅雙朵(切花),,MAM,農產品批發市場交易行情站,FT012,鐵砲百合紅雙朵
00404035079209903,鐵砲百合-白狐雙朵(切花),,MAM,農產品批發市場交易行情站,FT362,鐵砲百合白狐雙朵
00404035079209803,鐵砲百合-白天使雙朵(切花),,MAM,農產品批發市場交易行情站,FT462,鐵砲百合白天使雙朵
00404035079209703,鐵砲百合-白雙朵(切花),,MAM,農產品批發市場交易行情站,FT062,鐵砲百合白雙朵
00404035079209603,葵百合-瑪麗粉雙朵(切花),,MAM,農產品批發市場交易行情站,FK342,葵百合瑪麗粉雙朵
00404035079209503,葵百合-瑪麗之星雙朵(切花),,MAM,農產品批發市場交易行情站,FK432,葵百合瑪麗之星雙朵
00404035079209453,葵百合-奧林匹克紅雙朵(進口切花),,MAM,農產品批發市場交易行情站,IK212,進口葵百合奧林匹克
00404035079209403,葵百合-奧林匹克紅雙朵(切花),,MAM,農產品批發市場交易行情站,FK212,葵百合奧林匹克紅雙
00404035079209303,葵百合-粉雙朵(切花),,MAM,農產品批發市場交易行情站,FK042,葵百合粉雙朵
00404035079209203,葵百合-紅雙朵(切花),,MAM,農產品批發市場交易行情站,FK312,葵百合紅雙朵
00404035079209103,葵百合-阿提亞雙朵(切花),,MAM,農產品批發市場交易行情站,FK422,葵百合阿提亞雙朵
00404035079209003,葵百合-阿卡波克紅雙朵(切花),,MAM,農產品批發市場交易行情站,FK412,葵百合阿卡波克紅雙
00404035079208803,葵百合-蘿拉紅雙朵(切花),,MAM,農產品批發市場交易行情站,FK112,葵百合蘿拉紅雙朵
00404035079208703,姬百合-橙雙朵(切花),,MAM,農產品批發市場交易行情站,FL022,姬百合橙雙朵
00404035079208603,姬百合-黃雙朵(切花),,MAM,農產品批發市場交易行情站,FL032,姬百合黃雙朵
00404035079208503,姬百合-紫雙朵(切花),,MAM,農產品批發市場交易行情站,FL072,姬百合紫雙朵
00404035079208403,姬百合-粉雙朵(切花),,MAM,農產品批發市場交易行情站,FL042,姬百合粉雙朵
00404035079208303,姬百合-紅雙朵(切花),,MAM,農產品批發市場交易行情站,FL012,姬百合紅雙朵
00404035079208203,姬百合-白雙朵(切花),,MAM,農產品批發市場交易行情站,FL062,姬百合白雙朵
00404035079208103,香水百合-羅沙多雙朵(切花),,MAM,農產品批發市場交易行情站,FS512,香水百合羅沙多雙朵
00404035079207903,香水百合-瑪度沙雙朵(切花),,MAM,農產品批發市場交易行情站,FS132,香水百合瑪度沙雙朵
00404035079207803,香水百合-雷夢娜雙朵(切花),,MAM,農產品批發市場交易行情站,FS232,香水百合雷夢娜雙朵
00404035079207703,香水百合-賈絲廷娜雙朵(切花),,MAM,農產品批發市場交易行情站,FS532,香水百合賈絲廷娜雙
00404035079207603,香水百合-新馬可雙朵(切花),,MAM,農產品批發市場交易行情站,FS432,香水百合新馬可雙朵
00404035079207403,香水百合-黃雙朵(切花),,MAM,農產品批發市場交易行情站,FS032,香水百合黃雙朵
00404035079207303,香水百合-隆巴地亞雙朵(切花),,MAM,農產品批發市場交易行情站,FS452,香水百合隆巴地亞雙
00404035079207203,香水百合-貴族粉雙朵(切花),,MAM,農產品批發市場交易行情站,FS542,香水百合貴族粉雙朵
00404035079207103,香水百合-寶貝粉雙朵(切花),,MAM,農產品批發市場交易行情站,FS212,香水百合寶貝粉雙朵
00404035079207003,香水百合-貴族白雙朵(切花),,MAM,農產品批發市場交易行情站,FS162,香水百合貴族白雙朵
00404035079206903,香水百合-普莎蘿粉雙朵(切花),,MAM,農產品批發市場交易行情站,FS152,香水百合普莎蘿粉雙
00404035079206803,香水百合-斯賓諾沙雙朵(切花),,MAM,農產品批發市場交易行情站,FS392,香水百合斯賓諾沙雙
00404035079206303,香水百合-索邦妮雙朵(切花),,MAM,農產品批發市場交易行情站,FS352,香水百合索邦妮雙朵
00404035079206203,香水百合-粉雙朵(切花),,MAM,農產品批發市場交易行情站,FS042,香水百合粉雙朵
00404035079206003,香水百合-紅鶴星粉雙朵(切花),,MAM,農產品批發市場交易行情站,FS242,香水百合紅鶴星粉雙
00404035079205903,香水百合-紅雙朵(切花),,MAM,農產品批發市場交易行情站,FS012,香水百合紅雙朵
00404035079205803,香水百合-阿魯巴雙朵(切花),,MAM,農產品批發市場交易行情站,FS492,香水百合阿魯巴雙朵
00404035079205703,香水百合-阿斯卡力雙朵(切花),,MAM,農產品批發市場交易行情站,FS122,香水百合阿斯卡力雙
00404035079205603,香水百合-芭芭拉雙朵(切花),,MAM,農產品批發市場交易行情站,FS172,香水百合芭芭拉雙朵
00404035079205503,香水百合-芬芳粉雙朵(切花),,MAM,農產品批發市場交易行情站,FS142,香水百合芬芳粉雙朵
00404035079205403,香水百合-法藍西雙朵(切花),,MAM,農產品批發市場交易行情站,FS412,香水百合法藍西雙朵
00404035079205303,香水百合-拉曼恰雙朵(切花),,MAM,農產品批發市場交易行情站,FS332,香水百合拉曼恰雙朵
00404035079205203,香水百合-姬羅沙雙朵(切花),,MAM,農產品批發市場交易行情站,FS252,香水百合姖羅沙雙朵
00404035079205103,香水百合-佳樂利雙朵(切花),,MAM,農產品批發市場交易行情站,FS382,香水百合佳樂利雙朵
00404035079205003,香水百合-里伯拉雙朵(切花),,MAM,農產品批發市場交易行情站,FS222,香水百合里伯拉雙朵
00404035079204903,香水百合-辛普隆雙朵(切花),,MAM,農產品批發市場交易行情站,FS362,香水百合辛普隆雙朵
00404035079204703,香水百合-貝妮妮雙朵(切花),,MAM,農產品批發市場交易行情站,FS182,香水百合貝妮妮雙朵
00404035079204603,香水百合-貝佳摩雙朵(切花),,MAM,農產品批發市場交易行情站,FS192,香水百合貝佳摩雙朵
00404035079204503,香水百合-貝里斯摩雙朵(切花),,MAM,農產品批發市場交易行情站,FS292,香水百合貝里斯摩雙
00404035079204303,香水百合-西伯利亞雙朵(切花),,MAM,農產品批發市場交易行情站,FS262,香水百合西伯利亞雙
00404035079204203,香水百合-百老匯雙朵(切花),,MAM,農產品批發市場交易行情站,FS422,香水百合百老匯雙朵
00404035079204103,香水百合-白雙朵(切花),,MAM,農產品批發市場交易行情站,FS462,香水百合白雙朵
00404035079204103,香水百合-白雙朵(切花),,MAM,農產品批發市場交易行情站,FS062,香水百合白雙朵
00404035079204003,香水百合-卡登粉雙朵(切花),,MAM,農產品批發市場交易行情站,FS342,香水百合卡登粉雙朵
00404035079203903,香水百合-天使之吻雙朵(切花),,MAM,農產品批發市場交易行情站,FS112,香水百合天使之吻雙
00404035079202303,LA百合-橙雙朵(切花),,MAM,農產品批發市場交易行情站,FL122,LA百合橙雙朵
00404035079202203,LA百合-黃雙朵(切花),,MAM,農產品批發市場交易行情站,FL132,LA百合黃雙朵
00404035079202103,LA百合-粉雙朵(切花),,MAM,農產品批發市場交易行情站,FL142,LA百合粉雙朵
00404035079202003,LA百合-紅雙朵(切花),,MAM,農產品批發市場交易行情站,FL112,LA百合紅雙朵
00404035079201903,LA百合-皇家五號雙朵(切花),,MAM,農產品批發市場交易行情站,FL222,LA百合皇家五號雙朵
00404035079201803,LA百合-白雙朵(切花),,MAM,農產品批發市場交易行情站,FL162,LA百合白雙朵
00404035079201703,LA百合-木瓜黃雙朵(切花),,MAM,農產品批發市場交易行情站,FL152,LA百合木瓜黃雙朵
00404035079201503,百合-羅迪納雙朵(切花),,MAM,農產品批發市場交易行情站,FK442,羅迪納雙朵
00404035079201403,百合-薇薇安娜雙朵(切花),,MAM,農產品批發市場交易行情站,FS592,薇薇安娜雙朵
00404035079201103,百合-馬利歐雙朵(切花),,MAM,農產品批發市場交易行情站,FS562,馬利歐雙朵
00404035079201003,百合-特里昂菲特雙朵(切花),,MAM,農產品批發市場交易行情站,FT712,LO特里昂菲特雙朵
00404035079200803,百合-珊卓雙朵(切花),,MAM,農產品批發市場交易行情站,FS582,珊卓雙朵
00404035079200703,百合-柯柏拉雙朵(切花),,MAM,農產品批發市場交易行情站,FK452,柯柏拉雙朵
00404035079200603,百合-威廉亞伯蒂雙朵(切花),,MAM,農產品批發市場交易行情站,FS552,威廉亞伯蒂雙朵
00404035079200503,百合-希拉雙朵(切花),,MAM,農產品批發市場交易行情站,FS572,希拉雙朵
00404035079200203,百合-水晶香水雙朵(切花),,MAM,農產品批發市場交易行情站,FS472,水晶香水雙朵
00404035079110603,臺灣百合-單朵(切花),,MAM,農產品批發市場交易行情站,FT161,臺灣百合單朵
00404035079110503,鐵砲百合-雷山一號單朵(切花),,MAM,農產品批發市場交易行情站,FT661,鐵砲百合雷山一號單
00404035079110403,鐵砲百合-愛維塔單朵(切花),,MAM,農產品批發市場交易行情站,FT561,鐵砲百合愛維塔單朵
00404035079110303,鐵砲百合-黃單朵(切花),,MAM,農產品批發市場交易行情站,FT031,鐵砲百合黃單朵
00404035079110203,鐵砲百合-雪后單朵(切花),,MAM,農產品批發市場交易行情站,FT261,鐵砲百合雪后單朵
00404035079110103,鐵砲百合-粉單朵(切花),,MAM,農產品批發市場交易行情站,FT041,鐵砲百合粉單朵
00404035079110003,鐵砲百合-紅單朵(切花),,MAM,農產品批發市場交易行情站,FT011,鐵砲百合紅單朵
00404035079109903,鐵砲百合-白狐單朵(切花),,MAM,農產品批發市場交易行情站,FT361,鐵砲百合白狐單朵
00404035079109803,鐵砲百合-白天使單朵(切花),,MAM,農產品批發市場交易行情站,FT461,鐵砲百合白天使單朵
00404035079109703,鐵砲百合-白單朵(切花),,MAM,農產品批發市場交易行情站,FT061,鐵砲百合白單朵
00404035079109603,葵百合-瑪麗粉單朵(切花),,MAM,農產品批發市場交易行情站,FK341,葵百合瑪麗粉單朵
00404035079109503,葵百合-瑪麗之星單朵(切花),,MAM,農產品批發市場交易行情站,FK431,葵百合瑪麗之星單朵
00404035079109453,葵百合-奧林匹克紅單朵(進口切花),,MAM,農產品批發市場交易行情站,IK211,進口葵百合奧林匹克
00404035079109403,葵百合-奧林匹克紅單朵(切花),,MAM,農產品批發市場交易行情站,FK211,葵百合奧林匹克紅單
00404035079109303,葵百合-粉單朵(切花),,MAM,農產品批發市場交易行情站,FK041,葵百合粉單朵
00404035079109203,葵百合-紅單朵(切花),,MAM,農產品批發市場交易行情站,FK311,葵百合紅單朵
00404035079109103,葵百合-阿提亞單朵(切花),,MAM,農產品批發市場交易行情站,FK421,葵百合阿提亞單朵
00404035079109003,葵百合-阿卡波克紅單朵(切花),,MAM,農產品批發市場交易行情站,FK411,葵百合阿卡波克紅單
00404035079108803,葵百合-蘿拉紅單朵(切花),,MAM,農產品批發市場交易行情站,FK111,葵百合蘿拉紅單朵
00404035079108703,姬百合-橙單朵(切花),,MAM,農產品批發市場交易行情站,FL021,姬百合橙單朵
00404035079108603,姬百合-黃單朵(切花),,MAM,農產品批發市場交易行情站,FL031,姬百合黃單朵
00404035079108503,姬百合-紫單朵(切花),,MAM,農產品批發市場交易行情站,FL071,姬百合紫單朵
00404035079108403,姬百合-粉單朵(切花),,MAM,農產品批發市場交易行情站,FL041,姬百合粉單朵
00404035079108303,姬百合-紅單朵(切花),,MAM,農產品批發市場交易行情站,FL011,姬百合紅單朵
00404035079108203,姬百合-白單朵(切花),,MAM,農產品批發市場交易行情站,FL061,姬百合白單朵
00404035079108103,香水百合-羅沙多單朵(切花),,MAM,農產品批發市場交易行情站,FS511,香水百合羅沙多單朵
00404035079107903,香水百合-瑪度沙單朵(切花),,MAM,農產品批發市場交易行情站,FS131,香水百合瑪度沙單朵
00404035079107803,香水百合-雷夢娜單朵(切花),,MAM,農產品批發市場交易行情站,FS231,香水百合雷夢娜單朵
00404035079107703,香水百合-賈絲廷娜單朵(切花),,MAM,農產品批發市場交易行情站,FS531,香水百合賈絲廷娜單
00404035079107603,香水百合-新馬可單朵(切花),,MAM,農產品批發市場交易行情站,FS431,香水百合新馬可單朵
00404035079107403,香水百合-黃單朵(切花),,MAM,農產品批發市場交易行情站,FS031,香水百合黃單朵
00404035079107303,香水百合-隆巴地亞單朵(切花),,MAM,農產品批發市場交易行情站,FS451,香水百合隆巴地亞單
00404035079107203,香水百合-貴族粉單朵(切花),,MAM,農產品批發市場交易行情站,FS541,香水百合貴族粉單朵
00404035079107103,香水百合-寶貝粉單朵(切花),,MAM,農產品批發市場交易行情站,FS211,香水百合寶貝粉單朵
00404035079107003,香水百合-貴族白單朵(切花),,MAM,農產品批發市場交易行情站,FS161,香水百合貴族白單朵
00404035079106903,香水百合-普莎蘿粉單朵(切花),,MAM,農產品批發市場交易行情站,FS151,香水百合普莎蘿粉單
00404035079106803,香水百合-斯賓諾沙單朵(切花),,MAM,農產品批發市場交易行情站,FS391,香水百合斯賓諾沙單
00404035079106303,香水百合-索邦妮單朵(切花),,MAM,農產品批發市場交易行情站,FS351,香水百合索邦妮單朵
00404035079106203,香水百合-粉單朵(切花),,MAM,農產品批發市場交易行情站,FS041,香水百合粉單朵
00404035079106003,香水百合-紅鶴星粉單朵(切花),,MAM,農產品批發市場交易行情站,FS241,香水百合紅鶴星粉單
00404035079105903,香水百合-紅單朵(切花),,MAM,農產品批發市場交易行情站,FS011,香水百合紅單朵
00404035079105803,香水百合-阿魯巴單朵(切花),,MAM,農產品批發市場交易行情站,FS491,香水百合阿魯巴單朵
00404035079105703,香水百合-阿斯卡力單朵(切花),,MAM,農產品批發市場交易行情站,FS121,香水百合阿斯卡力單
00404035079105603,香水百合-芭芭拉單朵(切花),,MAM,農產品批發市場交易行情站,FS171,香水百合芭芭拉單朵
00404035079105503,香水百合-芬芳粉單朵(切花),,MAM,農產品批發市場交易行情站,FS141,香水百合芬芳粉單朵
00404035079105403,香水百合-法藍西單朵(切花),,MAM,農產品批發市場交易行情站,FS411,香水百合法藍西單朵
00404035079105303,香水百合-拉曼恰單朵(切花),,MAM,農產品批發市場交易行情站,FS331,香水百合拉曼恰單朵
00404035079105203,香水百合-姬羅沙單朵(切花),,MAM,農產品批發市場交易行情站,FS251,香水百合姖羅沙單朵
00404035079105103,香水百合-佳樂利單朵(切花),,MAM,農產品批發市場交易行情站,FS381,香水百合佳樂利單朵
00404035079105003,香水百合-里伯拉單朵(切花),,MAM,農產品批發市場交易行情站,FS221,香水百合里伯拉單朵
00404035079104903,香水百合-辛普隆單朵(切花),,MAM,農產品批發市場交易行情站,FS361,香水百合辛普隆單朵
00404035079104703,香水百合-貝妮妮單朵(切花),,MAM,農產品批發市場交易行情站,FS181,香水百合貝妮妮單朵
00404035079104603,香水百合-貝佳摩單朵(切花),,MAM,農產品批發市場交易行情站,FS191,香水百合貝佳摩單朵
00404035079104503,香水百合-貝里斯摩單朵(切花),,MAM,農產品批發市場交易行情站,FS291,香水百合貝里斯摩單
00404035079104303,香水百合-西伯利亞單朵(切花),,MAM,農產品批發市場交易行情站,FS261,香水百合西伯利亞單
00404035079104203,香水百合-百老匯單朵(切花),,MAM,農產品批發市場交易行情站,FS421,香水百合百老匯單朵
00404035079104103,香水百合-白單朵(切花),,MAM,農產品批發市場交易行情站,FS461,香水百合白單朵
00404035079104103,香水百合-白單朵(切花),,MAM,農產品批發市場交易行情站,FS061,香水百合白單朵
00404035079104003,香水百合-卡登粉單朵(切花),,MAM,農產品批發市場交易行情站,FS341,香水百合卡登粉單朵
00404035079103903,香水百合-天使之吻單朵(切花),,MAM,農產品批發市場交易行情站,FS111,香水百合天使之吻單
00404035079102303,LA百合-橙單朵(切花),,MAM,農產品批發市場交易行情站,FL121,LA百合橙單朵
00404035079102203,LA百合-黃單朵(切花),,MAM,農產品批發市場交易行情站,FL131,LA百合黃單朵
00404035079102103,LA百合-粉單朵(切花),,MAM,農產品批發市場交易行情站,FL141,LA百合粉單朵
00404035079102003,LA百合-紅單朵(切花),,MAM,農產品批發市場交易行情站,FL111,LA百合紅單朵
00404035079101903,LA百合-皇家五號單朵(切花),,MAM,農產品批發市場交易行情站,FL221,LA百合皇家五號單朵
00404035079101803,LA百合-白單朵(切花),,MAM,農產品批發市場交易行情站,FL161,LA百合白單朵
00404035079101703,LA百合-木瓜黃單朵(切花),,MAM,農產品批發市場交易行情站,FL151,LA百合木瓜黃單朵
00404035079101503,百合-羅迪納單朵(切花),,MAM,農產品批發市場交易行情站,FK441,羅迪納單朵
00404035079101403,百合-薇薇安娜單朵(切花),,MAM,農產品批發市場交易行情站,FS591,薇薇安娜單朵
00404035079101103,百合-馬利歐單朵(切花),,MAM,農產品批發市場交易行情站,FS561,馬利歐單朵
00404035079101003,百合-特里昂菲特單朵(切花),,MAM,農產品批發市場交易行情站,FT711,LO特里昂菲特單朵
00404035079100803,百合-珊卓單朵(切花),,MAM,農產品批發市場交易行情站,FS581,珊卓單朵
00404035079100703,百合-柯柏拉單朵(切花),,MAM,農產品批發市場交易行情站,FK451,柯柏拉單朵
00404035079100603,百合-威廉亞伯蒂單朵(切花),,MAM,農產品批發市場交易行情站,FS551,威廉亞伯蒂單朵
00404035079100503,百合-希拉單朵(切花),,MAM,農產品批發市場交易行情站,FS571,希拉單朵
00404035079100203,百合-水晶香水單朵(切花),,MAM,農產品批發市場交易行情站,FS471,水晶香水單朵
00404035079010653,臺灣百合(進口切花),,PQR,溯源農糧產品追溯系統,004003098,進口臺灣百合
00404035079010603,臺灣百合(切花),,MAM,農產品批發市場交易行情站,FT160,臺灣百合
00404035079010503,鐵砲百合-雷山一號(切花),,MAM,農產品批發市場交易行情站,FT660,鐵砲百合雷山一號
00404035079010403,鐵砲百合-愛維塔(切花),,MAM,農產品批發市場交易行情站,FT560,鐵砲百合愛維塔
00404035079010303,鐵砲百合-黃(切花),,MAM,農產品批發市場交易行情站,FT030,鐵砲百合黃
00404035079010203,鐵砲百合-雪后(切花),,MAM,農產品批發市場交易行情站,FT260,鐵砲百合雪后
00404035079010103,鐵砲百合-粉(切花),,MAM,農產品批發市場交易行情站,FT040,鐵砲百合粉
00404035079010003,鐵砲百合-紅(切花),,MAM,農產品批發市場交易行情站,FT010,鐵砲百合紅
00404035079009903,鐵砲百合-白狐(切花),,MAM,農產品批發市場交易行情站,FT360,鐵砲百合白狐
00404035079009803,鐵砲百合-白天使(切花),,MAM,農產品批發市場交易行情站,FT460,鐵砲百合白天使
00404035079009703,鐵砲百合-白(切花),,MAM,農產品批發市場交易行情站,FT060,鐵砲百合白
00404035079009603,葵百合-瑪麗粉(切花),,MAM,農產品批發市場交易行情站,FK340,葵百合瑪麗粉
00404035079009503,葵百合-瑪麗之星(切花),,MAM,農產品批發市場交易行情站,FK430,葵百合瑪麗之星
00404035079009453,葵百合-奧林匹克紅(進口切花),,MAM,農產品批發市場交易行情站,IK210,進口葵百合奧林匹克
00404035079009403,葵百合-奧林匹克紅(切花),,MAM,農產品批發市場交易行情站,FK210,葵百合奧林匹克紅
00404035079009353,葵百合-粉(進口切花),,MAM,農產品批發市場交易行情站,IK040,進口葵百合粉
00404035079009303,葵百合-粉(切花),,MAM,農產品批發市場交易行情站,FK040,葵百合粉
00404035079009203,葵百合-紅(切花),,SAP,農產品產地價格查詢系統,63420,葵百合(紅)
00404035079009203,葵百合-紅(切花),,MAM,農產品批發市場交易行情站,FK310,葵百合紅
00404035079009103,葵百合-阿提亞(切花),,MAM,農產品批發市場交易行情站,FK420,葵百合阿提亞
00404035079009003,葵百合-阿卡波克(切花),,MAM,農產品批發市場交易行情站,FK410,葵百合阿卡波克紅
00404035079008803,葵百合-蘿拉紅(切花),,MAM,農產品批發市場交易行情站,FK110,葵百合蘿拉紅
00404035079008703,姬百合-橙(切花),,SAP,農產品產地價格查詢系統,63421,姬百合(橙)
00404035079008703,姬百合-橙(切花),,MAM,農產品批發市場交易行情站,FL020,姬百合橙
00404035079008603,姬百合-黃(切花),,MAM,農產品批發市場交易行情站,FL030,姬百合黃
00404035079008503,姬百合-紫(切花),,MAM,農產品批發市場交易行情站,FL070,姬百合紫
00404035079008403,姬百合-粉(切花),,MAM,農產品批發市場交易行情站,FL040,姬百合粉
00404035079008303,姬百合-紅(切花),,MAM,農產品批發市場交易行情站,FL010,姬百合紅
00404035079008203,姬百合-白(切花),,MAM,農產品批發市場交易行情站,FL060,姬百合白
00404035079008103,香水百合-羅沙多(切花),,MAM,農產品批發市場交易行情站,FS510,香水百合羅沙多
00404035079007953,香水百合-瑪度沙(進口切花),,MAM,農產品批發市場交易行情站,IS132,進口瑪度沙雙朵
00404035079007903,香水百合-瑪度沙(切花),,MAM,農產品批發市場交易行情站,FS130,香水百合瑪度沙
00404035079007803,香水百合-雷夢娜(切花),,MAM,農產品批發市場交易行情站,FS230,香水百合雷夢娜
00404035079007703,香水百合-賈絲廷娜(切花),,MAM,農產品批發市場交易行情站,FS530,香水百合賈絲廷娜
00404035079007603,香水百合-新馬可(切花),,MAM,農產品批發市場交易行情站,FS430,香水百合新馬可
00404035079007403,香水百合-黃(切花),,SAP,農產品產地價格查詢系統,63423,香水百合(黃)
00404035079007403,香水百合-黃(切花),,MAM,農產品批發市場交易行情站,FS030,香水百合黃
00404035079007303,香水百合-隆巴地亞(切花),,MAM,農產品批發市場交易行情站,FS450,香水百合隆巴地亞
00404035079007203,香水百合-貴族粉(切花),,MAM,農產品批發市場交易行情站,FS540,香水百合貴族粉
00404035079007103,香水百合-寶貝粉(切花),,MAM,農產品批發市場交易行情站,FS210,香水百合寶貝粉
00404035079007003,香水百合-貴族白(切花),,MAM,農產品批發市場交易行情站,FS160,香水百合貴族白
00404035079006903,香水百合-普莎蘿粉(切花),,MAM,農產品批發市場交易行情站,FS150,香水百合普莎蘿粉
00404035079006803,香水百合-斯賓諾沙(切花),,MAM,農產品批發市場交易行情站,FS390,香水百合斯賓諾沙
00404035079006403,香水百合-馬可波羅粉(切花),,MAM,農產品批發市場交易行情站,FS449,香水百合馬可波羅粉
00404035079006403,香水百合-馬可波羅粉(切花),,MAM,農產品批發市場交易行情站,FS445,香水百合馬可波羅粉
00404035079006403,香水百合-馬可波羅粉(切花),,MAM,農產品批發市場交易行情站,FS444,香水百合馬可波羅粉
00404035079006403,香水百合-馬可波羅粉(切花),,MAM,農產品批發市場交易行情站,FS443,香水百合馬可波羅粉
00404035079006403,香水百合-馬可波羅粉(切花),,MAM,農產品批發市場交易行情站,FS442,香水百合馬可波羅粉
00404035079006403,香水百合-馬可波羅粉(切花),,MAM,農產品批發市場交易行情站,FS441,香水百合馬可波羅粉
00404035079006403,香水百合-馬可波羅粉(切花),,MAM,農產品批發市場交易行情站,FS440,香水百合馬可波羅粉
00404035079006303,香水百合-索邦妮(切花),,MAM,農產品批發市場交易行情站,FS350,香水百合索邦妮
00404035079006203,香水百合-粉(切花),,MAM,農產品批發市場交易行情站,FS040,香水百合粉
00404035079006003,香水百合-紅鶴星粉(切花),,MAM,農產品批發市場交易行情站,FS240,香水百合紅鶴星粉
00404035079005903,香水百合-紅(切花),,MAM,農產品批發市場交易行情站,FS010,香水百合紅
00404035079005803,香水百合-阿魯巴(切花),,MAM,農產品批發市場交易行情站,FS490,香水百合阿魯巴
00404035079005703,香水百合-阿斯卡力(切花),,MAM,農產品批發市場交易行情站,FS120,香水百合阿斯卡力
00404035079005603,香水百合-芭芭拉(切花),,MAM,農產品批發市場交易行情站,FS170,香水百合芭芭拉
00404035079005503,香水百合-芬芳粉(切花),,MAM,農產品批發市場交易行情站,FS140,香水百合芬芳粉
00404035079005403,香水百合-法藍西(切花),,MAM,農產品批發市場交易行情站,FS410,香水百合法藍西
00404035079005303,香水百合-拉曼恰(切花),,MAM,農產品批發市場交易行情站,FS330,香水百合拉曼恰
00404035079005203,香水百合-姖羅沙(切花),,MAM,農產品批發市場交易行情站,FS250,香水百合姖羅沙
00404035079005103,香水百合-佳樂利(切花),,MAM,農產品批發市場交易行情站,FS380,香水百合佳樂利
00404035079005003,香水百合-里伯拉(切花),,MAM,農產品批發市場交易行情站,FS220,香水百合里伯拉
00404035079004903,香水百合-辛普隆(切花),,MAM,農產品批發市場交易行情站,FS360,香水百合辛普隆
00404035079004703,香水百合-貝妮妮(切花),,MAM,農產品批發市場交易行情站,FS180,香水百合貝妮妮
00404035079004603,香水百合-貝佳摩(切花),,MAM,農產品批發市場交易行情站,FS190,香水百合貝佳摩
00404035079004503,香水百合-貝里斯摩(切花),,MAM,農產品批發市場交易行情站,FS290,香水百合貝里斯摩
00404035079004303,香水百合-西伯利亞(切花),,MAM,農產品批發市場交易行情站,FS260,香水百合西伯利亞
00404035079004203,香水百合-百老匯(切花),,MAM,農產品批發市場交易行情站,FS420,香水百合百老匯
00404035079004103,香水百合-白(切花),,SAP,農產品產地價格查詢系統,63422,香水百合(白)
00404035079004103,香水百合-白(切花),,MAM,農產品批發市場交易行情站,FS460,香水百合白
00404035079004103,香水百合-白(切花),,MAM,農產品批發市場交易行情站,FS060,香水百合白
00404035079004003,香水百合-卡登粉(切花),,MAM,農產品批發市場交易行情站,FS340,香水百合卡登粉
00404035079003903,香水百合-天使之吻(切花),,MAM,農產品批發市場交易行情站,FS110,香水百合天使之吻
00404035079003703,OT百合-羅賓娜(切花),,PQR,溯源農糧產品追溯系統,004003067,OT羅賓娜
00404035079003403,OT百合-黃金香水(切花),,PQR,溯源農糧產品追溯系統,004003066,OT黃金香水
00404035079003203,OT百合-黃金艾曼達(切花),,PQR,溯源農糧產品追溯系統,004003065,OT黃金艾曼達
00404035079003103,OT百合-曼尼薩(切花),,PQR,溯源農糧產品追溯系統,004003064,OT曼尼薩
00404035079002703,OT百合-多娜托(切花),,PQR,溯源農糧產品追溯系統,004003063,OT多娜托
00404035079002403,LO百合-王后粉(切花),,PQR,溯源農糧產品追溯系統,004003061,LO王后粉
00404035079002303,LA百合-橙(切花),,MAM,農產品批發市場交易行情站,FL120,LA百合橙
00404035079002203,LA百合-黃(切花),,MAM,農產品批發市場交易行情站,FL130,LA百合黃
00404035079002103,LA百合-粉(切花),,MAM,農產品批發市場交易行情站,FL140,LA百合粉
00404035079002003,LA百合-紅(切花),,MAM,農產品批發市場交易行情站,FL110,LA百合紅
00404035079001903,LA百合-皇家五號(切花),,MAM,農產品批發市場交易行情站,FL220,LA百合皇家五號
00404035079001803,LA百合-白(切花),,MAM,農產品批發市場交易行情站,FL160,LA百合白
00404035079001703,LA百合-木瓜黃(切花),,MAM,農產品批發市場交易行情站,FL150,LA百合木瓜黃
00404035079001503,百合-羅迪納(切花),,MAM,農產品批發市場交易行情站,FK440,羅迪納
00404035079001403,百合-薇薇安娜(切花),,MAM,農產品批發市場交易行情站,FS590,薇薇安娜
00404035079001103,百合-馬利歐(切花),,MAM,農產品批發市場交易行情站,FS560,馬利歐
00404035079001003,百合-特里昂菲特(切花),,PQR,溯源農糧產品追溯系統,004003062,LO特里昂菲特
00404035079001003,百合-特里昂菲特(切花),,MAM,農產品批發市場交易行情站,FT710,LO特里昂菲特
00404035079000803,百合-珊卓(切花),,MAM,農產品批發市場交易行情站,FS580,珊卓
00404035079000703,百合-柯柏拉(切花),,MAM,農產品批發市場交易行情站,FK450,柯柏拉
00404035079000603,百合-威廉亞伯蒂(切花),,MAM,農產品批發市場交易行情站,FS550,威廉亞伯蒂
00404035079000503,百合-希拉(切花),,MAM,農產品批發市場交易行情站,FS570,希拉
00404035079000203,百合-水晶香水(切花),,MAM,農產品批發市場交易行情站,FS470,水晶香水
00404035079000000,百合,,SAC,農產品生產成本調查系統,105,香水百合
00404035079000000,百合,,PSC,農糧產品產銷供應鏈整合服務平台,SZ4,百合
00404035079000000,百合,,PSC,農糧產品產銷供應鏈整合服務平台,2020419260046,百合
00404035079000000,百合,,PQR,溯源農糧產品追溯系統,004003042,姬百合
00404035079000000,百合,,PQR,溯源農糧產品追溯系統,004003041,香水百合
00404035079000000,百合,,PQR,溯源農糧產品追溯系統,004003040,百合
00404035079000000,百合,,PQR,溯源農糧產品追溯系統,004003037,LA百合
00404035079000000,百合,,PMG,農業產銷班組織體系資料服務系統,186,百合                
00404035079000000,百合,,PFB,農產業天然災害現金救助系統,908,百合
00404035079000000,百合,,PAR,農糧情調查作業資訊系統,227,百合
00404035079000000,百合,,MAM,農產品批發市場交易行情站,FS009,香水百合多朵
00404035079000000,百合,,MAM,農產品批發市場交易行情站,FS005,香水百合五朵
00404035079000000,百合,,MAM,農產品批發市場交易行情站,FS004,香水百合四朵
00404035079000000,百合,,MAM,農產品批發市場交易行情站,FS003,香水百合三朵
00404035079000000,百合,,MAM,農產品批發市場交易行情站,FS002,香水百合雙朵
00404035079000000,百合,,MAM,農產品批發市場交易行情站,FS001,香水百合單朵
00404035079000000,百合,,MAM,農產品批發市場交易行情站,FS000,香水百合
00404035079000000,百合,,MAM,農產品批發市場交易行情站,FL100,LA百合
00404035079000000,百合,,MAM,農產品批發市場交易行情站,FL009,姬百合姬百合多朵
00404035079000000,百合,,MAM,農產品批發市場交易行情站,FL003,姬百合姬百合三朵
00404035079000000,百合,,MAM,農產品批發市場交易行情站,FL002,姬百合姬百合雙朵
00404035079000000,百合,,MAM,農產品批發市場交易行情站,FL001,姬百合姬百合單朵
00404035079000000,百合,,MAM,農產品批發市場交易行情站,FL000,姬百合
00404035079000000,百合,,FFR,全國糧政跨區即時申辦服務作業平台,908,百合
00404034002000903,水仙百合-雙色(切花),,MAM,農產品批發市場交易行情站,FH050,水仙百合混色
00404034002000000,水仙百合,,PQR,溯源農糧產品追溯系統,004003039,水仙百合
00404030090000000,銀蘆,,MAM,農產品批發市場交易行情站,FY099,銀蘆
00404029011000000,紫嬌花,,MAM,農產品批發市場交易行情站,FH900,紫嬌花
00404029010000000,火球花,,MAM,農產品批發市場交易行情站,FH690,火球花
00404029009000103,孤挺花-桃樂西孤挺花(切花),,PQR,溯源農糧產品追溯系統,004003054,桃樂西孤挺花
00404029009000103,孤挺花-桃樂西孤挺花(切花),,MAM,農產品批發市場交易行情站,FH421,桃樂西孤挺花
00404029009000000,孤挺花,,MAM,農產品批發市場交易行情站,FH420,孤挺花
00404029008000053,文殊蘭(進口切花),,PQR,溯源農糧產品追溯系統,004001022,進口文珠蘭
00404029008000053,文殊蘭(進口切花),,MAM,農產品批發市場交易行情站,IH130,進口文珠蘭
00404029008000000,文殊蘭,,PQR,溯源農糧產品追溯系統,004001027,文珠蘭
00404029008000000,文殊蘭,,MAM,農產品批發市場交易行情站,FH130,文珠蘭
00404029007000000,繡球蔥,,MAM,農產品批發市場交易行情站,IH260,進口丹頂(蔥花)
00404029007000000,繡球蔥,,MAM,農產品批發市場交易行情站,FH260,丹頂(蔥花)
00404029006000000,百子蓮,,MAM,農產品批發市場交易行情站,FH750,百子蓮<愛情花>
00404029003000053,君子蘭(進口切花),,PQR,溯源農糧產品追溯系統,004001035,進口君子蘭
00404029003000000,君子蘭,,PQR,溯源農糧產品追溯系統,004001029,君子蘭
00404029003000000,君子蘭,,MAM,農產品批發市場交易行情站,FH680,君子蘭
00404027059000000,滿天星,,SAP,農產品產地價格查詢系統,63060,滿天星
00404027059000000,滿天星,,PQR,溯源農糧產品追溯系統,004003012,滿天星
00404027059000000,滿天星,,PMG,農業產銷班組織體系資料服務系統,189,滿天星              
00404027059000000,滿天星,,PFB,農產業天然災害現金救助系統,934,滿天星
00404027059000000,滿天星,,PAR,農糧情調查作業資訊系統,234,滿天星
00404027059000000,滿天星,,FFR,全國糧政跨區即時申辦服務作業平台,934,滿天星
00404027059000000,滿天星,,FFR,全國糧政跨區即時申辦服務作業平台,905,滿天星
00404027058000000,深山櫻,,MAM,農產品批發市場交易行情站,FH710,深山櫻
00404027057999900,康乃馨-其他品種,,SAP,農產品產地價格查詢系統,63071,香石竹(康乃馨)中康
00404027057999900,康乃馨-其他品種,,SAP,農產品產地價格查詢系統,63070,香石竹(康乃馨)大輪
00404027057003753,康乃馨-多朵橙帶紅(進口切花),,MAM,農產品批發市場交易行情站,IA883,進口康乃馨多朵橙帶
00404027057003553,康乃馨-多朵黃帶紫(進口切花),,MAM,農產品批發市場交易行情站,IA885,進口康乃馨多朵黃帶
00404027057003453,康乃馨-多朵黃帶紅(進口切花),,MAM,農產品批發市場交易行情站,IA884,進口康乃馨多朵黃帶
00404027057002953,康乃馨-多朵紅帶粉(進口切花),,MAM,農產品批發市場交易行情站,IA882,進口康乃馨多朵紅帶
00404027057002853,康乃馨-多朵紅帶白(進口切花),,MAM,農產品批發市場交易行情站,IA881,進口康乃馨多朵紅帶
00404027057002653,康乃馨-多朵白帶紫(進口切花),,MAM,農產品批發市場交易行情站,IA887,進口康乃馨多朵白帶
00404027057002553,康乃馨-多朵白帶紅(進口切花),,MAM,農產品批發市場交易行情站,IA886,進口康乃馨多朵白帶
00404027057000103,康乃馨-美女撫子(切花),,MAM,農產品批發市場交易行情站,FA980,美女撫子
00404027057000000,康乃馨,,SAC,農產品生產成本調查系統,118,康乃馨
00404027057000000,康乃馨,,PQR,溯源農糧產品追溯系統,004003083,小可愛
00404027057000000,康乃馨,,PQR,溯源農糧產品追溯系統,004003030,香石竹
00404027057000000,康乃馨,,PQR,溯源農糧產品追溯系統,004003009,康乃馨
00404027057000000,康乃馨,,PMG,農業產銷班組織體系資料服務系統,190,康乃馨              
00404027057000000,康乃馨,,PMG,農業產銷班組織體系資料服務系統,185,香石竹              
00404027057000000,康乃馨,,PFB,農產業天然災害現金救助系統,907,香石竹
00404027057000000,康乃馨,,PAR,農糧情調查作業資訊系統,226,香石竹
00404027057000000,康乃馨,,MAM,農產品批發市場交易行情站,FA900,小可愛(混色)
00404027057000000,康乃馨,,MAM,農產品批發市場交易行情站,FA800,康乃馨多朵(混色)
00404027057000000,康乃馨,,MAM,農產品批發市場交易行情站,FA608,康乃馨粉帶白
00404027057000000,康乃馨,,MAM,農產品批發市場交易行情站,FA001,康乃馨混合色
00404027057000000,康乃馨,,MAM,農產品批發市場交易行情站,FA000,康乃馨中大輪混
00404027057000000,康乃馨,,FFR,全國糧政跨區即時申辦服務作業平台,907,香石竹
00404024096000553,金魚草-雙色(進口切花),,MAM,農產品批發市場交易行情站,IH360,進口金魚草混色
00404024096000000,金魚草,,PQR,溯源農糧產品追溯系統,004003026,金魚草
00404024096000000,金魚草,,PMG,農業產銷班組織體系資料服務系統,201,金魚草              
00404024096000000,金魚草,,MAM,農產品批發市場交易行情站,FH360,金魚草混色
00404019094000403,陸蓮花-黃(切花),,MAM,農產品批發市場交易行情站,FH499,陸蓮花粉
00404019094000303,陸蓮花-粉(切花),,MAM,農產品批發市場交易行情站,FH498,陸蓮花黃
00404019094000203,陸蓮花-紅(切花),,MAM,農產品批發市場交易行情站,FH497,陸蓮花紅
00404019094000103,陸蓮花-白(切花),,MAM,農產品批發市場交易行情站,FH496,陸蓮花白
00404019094000000,陸蓮花,,MAM,農產品批發市場交易行情站,FH495,陸蓮花
00404019093000303,飛燕草-小飛燕草(切花),,MAM,農產品批發市場交易行情站,FH376,小飛燕草
00404019093000253,飛燕草-大飛燕草 (進口切花),,PQR,溯源農糧產品追溯系統,004003105,進口大飛燕草
00404019093000203,飛燕草-大飛燕草(切花),,PQR,溯源農糧產品追溯系統,004003079,大飛燕草
00404019093000203,飛燕草-大飛燕草(切花),,PQR,溯源農糧產品追溯系統,004003007,大飛燕
00404019093000203,飛燕草-大飛燕草(切花),,PMG,農業產銷班組織體系資料服務系統,194,大飛燕              
00404019093000203,飛燕草-大飛燕草(切花),,MAM,農產品批發市場交易行情站,FH375,大飛燕草
00404019093000153,飛燕草-千鳥草(進口切花),,PQR,溯源農糧產品追溯系統,004003103,進口千鳥草
00404019093000103,飛燕草-千鳥草(切花),,PQR,溯源農糧產品追溯系統,004003076,千鳥草
00404019093000103,飛燕草-千鳥草(切花),,MAM,農產品批發市場交易行情站,FH370,千鳥草
00404019092000000,夢幻草,,MAM,農產品批發市場交易行情站,FH350,夢幻草
00404019091000000,白頭翁,,MAM,農產品批發市場交易行情站,FH490,白頭翁
00404014019000905,海芋-彩色海芋葉(切葉),,SAC,農產品生產成本調查系統,119,彩色海芋
00404014019000905,海芋-彩色海芋葉(切葉),,MAM,農產品批發市場交易行情站,FY060,彩色海芋葉
00404014019000000,海芋,,PQR,溯源農糧產品追溯系統,004003011,海芋
00404014019000000,海芋,,PMG,農業產銷班組織體系資料服務系統,195,海芋                
00404014019000000,海芋,,FFR,全國糧政跨區即時申辦服務作業平台,93B,海芋
00404014018000005,合果芋葉(切葉),,MAM,農產品批發市場交易行情站,FY065,合果芋葉
00404014017000000,白鶴芋,,MAM,農產品批發市場交易行情站,FH626,白鶴芋
00404014016000105,黛粉葉-白玉葉片(切葉),,MAM,農產品批發市場交易行情站,FY070,白玉葉片
00404014015999900,火鶴-其他品種,,MAM,農產品批發市場交易行情站,FB001,火鶴花混色
00404014015006905,火鶴-圓葉(切葉),,PSC,農糧產品產銷供應鏈整合服務平台,2020112080019,圓葉
00404014015006905,火鶴-圓葉(切葉),,MAM,農產品批發市場交易行情站,FY081,圓葉
00404014015003203,火鶴-紅色(切花),,SAP,農產品產地價格查詢系統,63040,火鶴(紅)
00404014015000053,火鶴(進口切花),,PQR,溯源農糧產品追溯系統,004003044,進口火鶴花
00404014015000000,火鶴,,SAC,農產品生產成本調查系統,46,火鶴花
00404014015000000,火鶴,,PQR,溯源農糧產品追溯系統,004003014,火鶴花
00404014015000000,火鶴,,PMG,農業產銷班組織體系資料服務系統,191,火鶴花              
00404014015000000,火鶴,,PFB,農產業天然災害現金救助系統,935,火鶴花
00404014015000000,火鶴,,PAR,農糧情調查作業資訊系統,235,火鶴花
00404014015000000,火鶴,,MAM,農產品批發市場交易行情站,FY011,火鶴葉
00404014015000000,火鶴,,FFR,全國糧政跨區即時申辦服務作業平台,935,火鶴花
00404014014000000,觀音蓮,,MAM,農產品批發市場交易行情站,FH137,觀音蓮
00404013032000000,假葉樹,,MAM,農產品批發市場交易行情站,IY087,進口樺木(假葉)
00404013032000000,假葉樹,,MAM,農產品批發市場交易行情站,FY087,樺木
00404013031000000,鳴子百合,,MAM,農產品批發市場交易行情站,FH190,鳴子百合
00404013030000000,天鵝絨,,MAM,農產品批發市場交易行情站,FH660,天鵝絨
00404013029000000,伯利恆之星,,MAM,農產品批發市場交易行情站,FH661,伯利恆之星
00404013029000000,伯利恆之星,,FFR,全國糧政跨區即時申辦服務作業平台,90A,伯利恆之星
00404013027000000,風信子,,MAM,農產品批發市場交易行情站,FH500,風信子
00404013026000055,吊蘭(進口切葉),,PQR,溯源農糧產品追溯系統,004001034,進口吊蘭
00404013026000000,吊蘭,,PQR,溯源農糧產品追溯系統,004001028,吊蘭
00404013026000000,吊蘭,,MAM,農產品批發市場交易行情站,FY038,吊蘭
00404013025000305,葉蘭-條紋(切葉),,PQR,溯源農糧產品追溯系統,004001032,條紋葉蘭
00404013025000205,葉蘭-斑葉(切葉),,PQR,溯源農糧產品追溯系統,004001033,斑葉蘭
00404013025000055,葉蘭(進口切葉),,PQR,溯源農糧產品追溯系統,004001044,進口葉蘭
00404013025000000,葉蘭,,PQR,溯源農糧產品追溯系統,004001012,葉蘭
00404013025000000,葉蘭,,PMG,農業產銷班組織體系資料服務系統,236,葉蘭                
00404013025000000,葉蘭,,MAM,農產品批發市場交易行情站,FY015,葉蘭
00404013024000105,文竹-新文竹(切葉),,PQR,溯源農糧產品追溯系統,004004001,新文竹
00404013024000105,文竹-新文竹(切葉),,PMG,農業產銷班組織體系資料服務系統,211,新文竹              
00404013024000105,文竹-新文竹(切葉),,MAM,農產品批發市場交易行情站,FY030,新文竹
00404013024000055,文竹(進口切葉),,MAM,農產品批發市場交易行情站,IY005,進口文竹(新娘花)
00404013024000000,文竹,,MAM,農產品批發市場交易行情站,FY005,文竹(新娘花)
00404013023000000,蘆筍草,,MAM,農產品批發市場交易行情站,FY024,蘆筍草
00404013022000205,武竹-壽松(切葉),,PQR,溯源農糧產品追溯系統,004005003,壽松
00404013022000205,武竹-壽松(切葉),,PMG,農業產銷班組織體系資料服務系統,263,壽松                
00404013022000205,武竹-壽松(切葉),,MAM,農產品批發市場交易行情站,FY002,壽松
00404013021000203,夜來香-重瓣(切花),,MAM,農產品批發市場交易行情站,FH232,夜來香重瓣
00404013021000103,夜來香-單瓣(切花),,MAM,農產品批發市場交易行情站,FH231,夜來香單瓣
00404013021000000,夜來香,,SAP,農產品產地價格查詢系統,63091,夜來香
00404013021000000,夜來香,,SAC,農產品生產成本調查系統,67,夜來香
00404013021000000,夜來香,,PQR,溯源農糧產品追溯系統,004003005,夜來香
00404013021000000,夜來香,,PMG,農業產銷班組織體系資料服務系統,182,夜來香              
00404013021000000,夜來香,,PFB,農產業天然災害現金救助系統,903,夜來香
00404013021000000,夜來香,,PAR,農糧情調查作業資訊系統,223,夜來香
00404013021000000,夜來香,,MAM,農產品批發市場交易行情站,FH230,夜來香
00404013021000000,夜來香,,FFR,全國糧政跨區即時申辦服務作業平台,903,夜來香
00404012020000000,翠珠花,,MAM,農產品批發市場交易行情站,FH125,翠珠花
00404006067000000,金翠花,,MAM,農產品批發市場交易行情站,FH740,金翠花
00404006066000000,八卦草,,PQR,溯源農糧產品追溯系統,004003070,八卦草(黃河)
00404006066000000,八卦草,,MAM,農產品批發市場交易行情站,FH004,八卦草(黃河)
00404006065000000,初雪草,,MAM,農產品批發市場交易行情站,FH245,初雪草
00404001072000000,繡球花,,MAM,農產品批發市場交易行情站,FH460,繡球花
00403182036000100,新西蘭株,,MAM,農產品批發市場交易行情站,IY047,進口新西蘭株
00403182036000000,新西蘭,,PQR,溯源農糧產品追溯系統,004004008,新西蘭
00403182036000000,新西蘭,,PQR,溯源農糧產品追溯系統,004004005,進口新西蘭
00403182035000205,林投-小林投葉(切葉),,MAM,農產品批發市場交易行情站,FY076,小林投葉
00403178016000000,蘇鐵,,PQR,溯源農糧產品追溯系統,004002005,蘇鐵
00403178016000000,蘇鐵,,PMG,農業產銷班組織體系資料服務系統,243,蘇鐵                
00403167042000055,麻葉繡球(進口切葉),,MAM,農產品批發市場交易行情站,FY052,麻葉繡球<小手球>
00403167041999900,玫瑰-其他品種,,PFB,農產業天然災害現金救助系統,655,玫瑰紅荔枝等新品種
00403167041999900,玫瑰-其他品種,,MAM,農產品批發市場交易行情站,FR411,玫瑰桃紅
00403167041999900,玫瑰-其他品種,,MAM,農產品批發市場交易行情站,FR001,玫瑰混合色
00403167041013303,玫瑰-櫻紅(切花),,MAM,農產品批發市場交易行情站,FR105,玫瑰櫻紅
00403167041013103,玫瑰-蘇菲亞(切花),,MAM,農產品批發市場交易行情站,FR420,玫瑰蘇菲亞
00403167041013003,玫瑰-寶貝粉(切花),,MAM,農產品批發市場交易行情站,FR457,玫瑰寶貝粉
00403167041012903,玫瑰-雙豔(切花),,MAM,農產品批發市場交易行情站,FR801,玫瑰雙豔
00403167041012853,玫瑰-雙色(進口切花),,MAM,農產品批發市場交易行情站,IR001,進口玫瑰混合色
00403167041012803,玫瑰-雙色(切花),,MAM,農產品批發市場交易行情站,FR800,玫瑰雙色
00403167041012703,玫瑰-黛安娜粉(切花),,MAM,農產品批發市場交易行情站,FR408,玫瑰黛安娜粉
00403167041012603,玫瑰-黛安娜紅(切花),,SAP,農產品產地價格查詢系統,63030,玫瑰(黛安娜)
00403167041012603,玫瑰-黛安娜紅(切花),,MAM,農產品批發市場交易行情站,FR119,玫瑰黛安娜紅
00403167041012503,玫瑰-薇瓦蒂粉(切花),,MAM,農產品批發市場交易行情站,FR401,玫瑰薇瓦蒂粉
00403167041012403,玫瑰-薄粉(切花),,MAM,農產品批發市場交易行情站,FR402,玫瑰薄粉
00403167041012303,玫瑰-諾貝斯(切花),,MAM,農產品批發市場交易行情站,FR423,玫瑰諾貝斯
00403167041012203,玫瑰-橙粉(切花),,MAM,農產品批發市場交易行情站,FR205,玫瑰橙粉
00403167041012103,玫瑰-橙(切花),,MAM,農產品批發市場交易行情站,FR200,玫瑰橙
00403167041012003,玫瑰-熱情(切花),,MAM,農產品批發市場交易行情站,FR805,玫瑰熱情
00403167041011903,玫瑰-翡翠魅力粉(切花),,MAM,農產品批發市場交易行情站,FR459,玫瑰翡翠魅力粉
00403167041011803,玫瑰-翡翠紫(切花),,MAM,農產品批發市場交易行情站,FR707,玫瑰翡翠紫
00403167041011703,玫瑰-翡翠甜心(切花),,MAM,農產品批發市場交易行情站,FR456,玫瑰翡翠甜心
00403167041011603,玫瑰-翡翠粉(切花),,MAM,農產品批發市場交易行情站,FR436,玫瑰翡翠粉
00403167041011503,玫瑰-翡翠香檳(切花),,MAM,農產品批發市場交易行情站,FR439,玫瑰翡翠香檳
00403167041011403,玫瑰-翡翠紅(切花),,MAM,農產品批發市場交易行情站,FR116,玫瑰翡翠紅
00403167041011303,玫瑰-翡翠珍珠(切花),,MAM,農產品批發市場交易行情站,FR455,玫瑰翡翠珍珠
00403167041011203,玫瑰-翡翠佳人(切花),,MAM,農產品批發市場交易行情站,FR451,玫瑰翡翠佳人
00403167041011103,玫瑰-翡翠白(切花),,MAM,農產品批發市場交易行情站,FR607,玫瑰翡翠白
00403167041011003,玫瑰-翡冷翠(切花),,MAM,農產品批發市場交易行情站,FR609,玫瑰翡冷翠
00403167041010903,玫瑰-維納斯(切花),,MAM,農產品批發市場交易行情站,FR438,玫瑰維納斯
00403167041010803,玫瑰-綠鑽(切花),,MAM,農產品批發市場交易行情站,FR501,玫瑰綠鑽
00403167041010703,玫瑰-綠(切花),,MAM,農產品批發市場交易行情站,FR500,玫瑰綠
00403167041010603,玫瑰-漂亮寶貝(切花),,MAM,農產品批發市場交易行情站,FR303,玫瑰漂亮寶貝
00403167041010503,玫瑰-嘉卡蘭達紫紅(切花),,MAM,農產品批發市場交易行情站,FR104,玫瑰嘉卡蘭達紫紅
00403167041010403,玫瑰-雷射(切花),,MAM,農產品批發市場交易行情站,FR414,玫瑰雷射
00403167041010303,玫瑰-萬年紅(切花),,MAM,農產品批發市場交易行情站,FR117,玫瑰萬年紅
00403167041010203,玫瑰-新鐵達尼(切花),,MAM,農產品批發市場交易行情站,FR430,玫瑰新鐵達尼
00403167041009903,玫瑰-新種黃(切花),,MAM,農產品批發市場交易行情站,FR305,玫瑰新種黃
00403167041009703,玫瑰-新香檳粉(切花),,MAM,農產品批發市場交易行情站,FR412,玫瑰新香檳粉
00403167041009603,玫瑰-新牛紅３號(切花),,MAM,農產品批發市場交易行情站,FR409,玫瑰新牛紅３號
00403167041009503,玫瑰-愛麗莎(切花),,MAM,農產品批發市場交易行情站,FR425,玫瑰愛麗莎
00403167041009403,玫瑰-奧斯麥金黃(切花),,MAM,農產品批發市場交易行情站,FR302,玫瑰奧斯麥金黃
00403167041009303,玫瑰-黃金(切花),,MAM,農產品批發市場交易行情站,FR207,玫瑰黃金
00403167041009203,玫瑰-黃(切花),,MAM,農產品批發市場交易行情站,FR300,玫瑰黃
00403167041009103,玫瑰-雅麗(切花),,MAM,農產品批發市場交易行情站,FR428,玫瑰雅麗
00403167041009003,玫瑰-絕代佳人(切花),,MAM,農產品批發市場交易行情站,FR804,玫瑰絕代佳人
00403167041008903,玫瑰-紫精靈(切花),,MAM,農產品批發市場交易行情站,FR704,玫瑰紫精靈
00403167041008803,玫瑰-紫愛你(切花),,MAM,農產品批發市場交易行情站,FR708,玫瑰紫愛你
00403167041008703,玫瑰-紫夫人(切花),,MAM,農產品批發市場交易行情站,FR701,玫瑰紫夫人
00403167041008603,玫瑰-紫天堂(切花),,MAM,農產品批發市場交易行情站,FR702,玫瑰紫天堂
00403167041008503,玫瑰-紫(切花),,MAM,農產品批發市場交易行情站,FR700,玫瑰紫
00403167041008403,玫瑰-無限的愛(切花),,MAM,農產品批發市場交易行情站,FR450,玫瑰無限的愛
00403167041008303,玫瑰-斯波(切花),,MAM,農產品批發市場交易行情站,FR807,玫瑰斯波
00403167041008203,玫瑰-富麗(切花),,MAM,農產品批發市場交易行情站,FR118,玫瑰富麗
00403167041008103,玫瑰-媚力(切花),,MAM,農產品批發市場交易行情站,FR421,玫瑰媚力
00403167041008003,玫瑰-喜樂香檳(切花),,MAM,農產品批發市場交易行情站,FR440,玫瑰喜樂香檳
00403167041007903,玫瑰-雪之戀(切花),,MAM,農產品批發市場交易行情站,FR815,玫瑰雪之戀
00403167041007803,玫瑰-荷蘭紅(切花),,MAM,農產品批發市場交易行情站,FR114,玫瑰荷蘭紅
00403167041007703,玫瑰-第一紅(切花),,MAM,農產品批發市場交易行情站,FR107,玫瑰第一紅
00403167041007603,玫瑰-甜心(切花),,MAM,農產品批發市場交易行情站,FR417,玫瑰甜心
00403167041007503,玫瑰-彩鑽(切花),,MAM,農產品批發市場交易行情站,FR437,玫瑰彩鑽
00403167041007403,玫瑰-彩衣(切花),,MAM,農產品批發市場交易行情站,FR426,玫瑰彩衣
00403167041007353,玫瑰-迷你雙色(進口切花),,MAM,農產品批發市場交易行情站,IR900,進口玫瑰迷你混合
00403167041007303,玫瑰-迷你雙色(切花),,MAM,農產品批發市場交易行情站,FR980,玫瑰迷你雙色
00403167041007303,玫瑰-迷你雙色(切花),,MAM,農產品批發市場交易行情站,FR900,玫瑰迷你混合
00403167041007203,玫瑰-迷你橙(切花),,MAM,農產品批發市場交易行情站,FR920,玫瑰迷你橙
00403167041007103,玫瑰-迷你黃(切花),,MAM,農產品批發市場交易行情站,FR930,玫瑰迷你黃
00403167041007003,玫瑰-迷你紫(切花),,MAM,農產品批發市場交易行情站,FR970,玫瑰迷你紫
00403167041006903,玫瑰-迷你紅(切花),,MAM,農產品批發市場交易行情站,FR910,玫瑰迷你紅
00403167041006803,玫瑰-迷你白(切花),,MAM,農產品批發市場交易行情站,FR960,玫瑰迷你白
00403167041006703,玫瑰-草屯黃(切花),,MAM,農產品批發市場交易行情站,FR304,玫瑰草屯黃
00403167041006603,玫瑰-草屯紫(切花),,MAM,農產品批發市場交易行情站,FR703,玫瑰草屯紫
00403167041006503,玫瑰-草屯粉２號(切花),,MAM,農產品批發市場交易行情站,FR407,玫瑰草屯粉２號
00403167041006403,玫瑰-草屯粉１號(切花),,MAM,農產品批發市場交易行情站,FR406,玫瑰草屯粉１號
00403167041006303,玫瑰-草屯白(切花),,MAM,農產品批發市場交易行情站,FR603,玫瑰草屯白
00403167041006203,玫瑰-茱莉亞(切花),,MAM,農產品批發市場交易行情站,FR604,玫瑰茱莉亞
00403167041006103,玫瑰-胭脂(切花),,MAM,農產品批發市場交易行情站,FR427,玫瑰胭脂
00403167041006003,玫瑰-粉紅珠(切花),,MAM,農產品批發市場交易行情站,FR458,玫瑰粉紅珠
00403167041005903,玫瑰-粉(切花),,MAM,農產品批發市場交易行情站,FR400,玫瑰粉
00403167041005803,玫瑰-真心紫(切花),,MAM,農產品批發市場交易行情站,FR710,玫瑰真心紫
00403167041005603,玫瑰-埔里之星(切花),,MAM,農產品批發市場交易行情站,FR120,玫瑰埔里之星
00403167041005503,玫瑰-香妃(切花),,MAM,農產品批發市場交易行情站,FR605,玫瑰香妃
00403167041005403,玫瑰-香水玫瑰(切花),,MAM,農產品批發市場交易行情站,FR453,玫瑰香水玫瑰
00403167041005303,玫瑰-紅莎曼莎(切花),,MAM,農產品批發市場交易行情站,FR101,玫瑰紅莎曼莎
00403167041005203,玫瑰-紅粉情人(切花),,MAM,農產品批發市場交易行情站,FR811,玫瑰紅粉情人
00403167041005103,玫瑰-紅粉佳人(切花),,MAM,農產品批發市場交易行情站,FR419,玫瑰紅粉佳人
00403167041005003,玫瑰-紅唇(切花),,MAM,農產品批發市場交易行情站,FR810,玫瑰紅唇
00403167041004903,玫瑰-紅衣武士(切花),,MAM,農產品批發市場交易行情站,FR112,玫瑰紅衣武士
00403167041004803,玫瑰-紅(切花),,MAM,農產品批發市場交易行情站,FR100,玫瑰紅
00403167041004703,玫瑰-皇冠(切花),,MAM,農產品批發市場交易行情站,FR306,玫瑰皇冠
00403167041004603,玫瑰-珍愛你(切花),,MAM,農產品批發市場交易行情站,FR452,玫瑰珍愛你
00403167041004403,玫瑰-芭卡洛黑紅(切花),,MAM,農產品批發市場交易行情站,FR103,玫瑰芭卡洛黑紅
00403167041004303,玫瑰-玫瑰紅佳人(切花),,MAM,農產品批發市場交易行情站,FR115,玫瑰玫瑰紅佳人
00403167041004203,玫瑰-波霸(切花),,MAM,農產品批發市場交易行情站,FR106,玫瑰波霸
00403167041004103,玫瑰-東方之星(切花),,MAM,農產品批發市場交易行情站,FR431,玫瑰東方之星
00403167041003903,玫瑰-拉波拉橘粉(切花),,MAM,農產品批發市場交易行情站,FR201,玫瑰拉波拉橘粉
00403167041003703,玫瑰-佳芳粉(切花),,MAM,農產品批發市場交易行情站,FR418,玫瑰佳芳粉
00403167041003603,玫瑰-佳人(切花),,MAM,農產品批發市場交易行情站,FR422,玫瑰佳人
00403167041003503,玫瑰-吾愛(切花),,MAM,農產品批發市場交易行情站,FR435,玫瑰吾愛
00403167041003303,玫瑰-艾玲卡(切花),,MAM,農產品批發市場交易行情站,FR806,玫瑰艾玲卡
00403167041003203,玫瑰-羽衣(切花),,MAM,農產品批發市場交易行情站,FR433,玫瑰羽衣
00403167041003103,玫瑰-成功紅(切花),,MAM,農產品批發市場交易行情站,FR102,玫瑰成功紅
00403167041003003,玫瑰-冰火(切花),,MAM,農產品批發市場交易行情站,FR812,玫瑰冰火
00403167041002903,玫瑰-白(切花),,MAM,農產品批發市場交易行情站,FR600,玫瑰白
00403167041002803,玫瑰-田納西(切花),,MAM,農產品批發市場交易行情站,FR803,玫瑰田納西
00403167041002703,玫瑰-玉玲瓏(切花),,MAM,農產品批發市場交易行情站,FR432,玫瑰玉玲瓏
00403167041002603,玫瑰-巨星(切花),,MAM,農產品批發市場交易行情站,FR424,玫瑰巨星
00403167041002503,玫瑰-古典美人(切花),,MAM,農產品批發市場交易行情站,FR110,玫瑰古典美人
00403167041002403,玫瑰-卡門(切花),,MAM,農產品批發市場交易行情站,FR122,玫瑰卡門
00403167041002303,玫瑰-以色列粉(切花),,MAM,農產品批發市場交易行情站,FR416,玫瑰以色列粉
00403167041002203,玫瑰-以色列紅(切花),,MAM,農產品批發市場交易行情站,FR109,玫瑰以色列紅
00403167041002103,玫瑰-牛紅３號(切花),,MAM,農產品批發市場交易行情站,FR405,玫瑰牛紅３號
00403167041002003,玫瑰-牛紅２號(切花),,MAM,農產品批發市場交易行情站,FR404,玫瑰牛紅２號
00403167041001903,玫瑰-牛紅１號(切花),,MAM,農產品批發市場交易行情站,FR403,玫瑰牛紅１號
00403167041001803,玫瑰-牛奶妹(切花),,MAM,農產品批發市場交易行情站,FR606,玫瑰牛奶妹
00403167041001703,玫瑰-火焰(切花),,MAM,農產品批發市場交易行情站,FR206,玫瑰火焰
00403167041001603,玫瑰-太空粉(切花),,MAM,農產品批發市場交易行情站,FR413,玫瑰太空粉
00403167041001503,玫瑰-天堂粉(切花),,MAM,農產品批發市場交易行情站,FR460,玫瑰天堂粉
00403167041001403,玫瑰-丹薇粉(切花),,MAM,農產品批發市場交易行情站,FR410,玫瑰丹薇粉
00403167041001303,玫瑰-丹尼爾(切花),,MAM,農產品批發市場交易行情站,FR709,玫瑰丹尼爾
00403167041001203,玫瑰-大雷射(切花),,MAM,農產品批發市場交易行情站,FR415,玫瑰大雷射
00403167041001103,玫瑰-金色勳章(切花),,MAM,農產品批發市場交易行情站,FR301,玫瑰金色勳章金黃
00403167041001003,玫瑰-福爾摩沙(切花),,MAM,農產品批發市場交易行情站,FR113,玫瑰福爾摩沙
00403167041000903,玫瑰-好事達(切花),,MAM,農產品批發市場交易行情站,FR813,玫瑰好事達
00403167041000803,玫瑰-迷你粉(切花),,MAM,農產品批發市場交易行情站,FR940,玫瑰迷你粉
00403167041000703,玫瑰-雙喜(切花),,MAM,農產品批發市場交易行情站,FR802,玫瑰雙喜
00403167041000603,玫瑰-山中傳奇(切花),,MAM,農產品批發市場交易行情站,FR814,玫瑰山中傳奇
00403167041000503,玫瑰-水精靈(切花),,MAM,農產品批發市場交易行情站,FR706,玫瑰水精靈
00403167041000403,玫瑰-卡蜜拉(切花),,MAM,農產品批發市場交易行情站,FR434,玫瑰卡蜜拉
00403167041000303,玫瑰-比浪卡(切花),,MAM,農產品批發市場交易行情站,FR602,玫瑰比浪卡
00403167041000203,玫瑰-紫天王(切花),,MAM,農產品批發市場交易行情站,FR705,玫瑰紫天王
00403167041000103,玫瑰-新熱情(切花),,MAM,農產品批發市場交易行情站,FR809,玫瑰新熱情
00403167041000053,玫瑰(進口切花),,PQR,溯源農糧產品追溯系統,004003046,進口玫瑰
00403167041000000,玫瑰,,SAC,農產品生產成本調查系統,70,玫瑰
00403167041000000,玫瑰,,PQR,溯源農糧產品追溯系統,004003016,玫瑰
00403167041000000,玫瑰,,PMG,農業產銷班組織體系資料服務系統,188,玫瑰                
00403167041000000,玫瑰,,PFB,農產業天然災害現金救助系統,931,玫瑰
00403167041000000,玫瑰,,PAR,農糧情調查作業資訊系統,231,玫瑰
00403167041000000,玫瑰,,MAM,農產品批發市場交易行情站,FR429,玫瑰鐵達尼
00403167041000000,玫瑰,,MAM,農產品批發市場交易行情站,FR000,玫瑰
00403167041000000,玫瑰,,FFR,全國糧政跨區即時申辦服務作業平台,931,玫瑰
00403167040000000,桃花,,PQR,溯源農糧產品追溯系統,004003053,桃花
00403167040000000,桃花,,MAM,農產品批發市場交易行情站,FY042,桃花
00403149011000505,征木-綠征木(切葉),,MAM,農產品批發市場交易行情站,FY090,綠征木
00403149011000305,征木-黃征木(切葉),,MAM,農產品批發市場交易行情站,FY089,黃征木
00403149011000205,征木-白斑征木(切葉),,MAM,農產品批發市場交易行情站,FY044,白斑征木
00403149011000105,征木-小黃邊征木(切葉),,PQR,溯源農糧產品追溯系統,004003081,小黃邊征木
00403149011000105,征木-小黃邊征木(切葉),,MAM,農產品批發市場交易行情站,FY045,小黃邊征木
00403149011000055,征木(進口切葉),,PQR,溯源農糧產品追溯系統,004003108,進口小黃邊征木
00403149011000000,征木,,MAM,農產品批發市場交易行情站,FY014,征木
00403127026000000,香樹蘭,,PQR,溯源農糧產品追溯系統,004001039,香樹蘭
00403127026000000,香樹蘭,,MAM,農產品批發市場交易行情站,IO014,進口樹蘭
00403127026000000,香樹蘭,,MAM,農產品批發市場交易行情站,FY082,春樹蘭
00403125048000705,柳-石化米柳(切葉),,MAM,農產品批發市場交易行情站,FY096,石化米柳
00403125048000655,柳-米柳(進口切葉),,PQR,溯源農糧產品追溯系統,004003095,進口米柳
00403125048000605,柳-米柳(切葉),,PQR,溯源農糧產品追溯系統,004003020,米柳
00403125048000605,柳-米柳(切葉),,PMG,農業產銷班組織體系資料服務系統,204,米柳                
00403125048000605,柳-米柳(切葉),,MAM,農產品批發市場交易行情站,FY073,米柳
00403125048000505,柳-珍珠柳(切葉),,MAM,農產品批發市場交易行情站,FH204,珍珠柳開叉
00403125048000505,柳-珍珠柳(切葉),,MAM,農產品批發市場交易行情站,FH202,珍珠柳直支
00403125048000255,柳-貓柳(進口切葉),,MAM,農產品批發市場交易行情站,IH203,進口貓柳開叉
00403125048000205,柳-貓柳(切葉),,SAC,農產品生產成本調查系統,165,銀柳
00403125048000205,柳-貓柳(切葉),,PQR,溯源農糧產品追溯系統,004003027,銀柳
00403125048000205,柳-貓柳(切葉),,PMG,農業產銷班組織體系資料服務系統,202,銀柳                
00403125048000205,柳-貓柳(切葉),,MAM,農產品批發市場交易行情站,FH203,貓柳開叉
00403125048000205,柳-貓柳(切葉),,MAM,農產品批發市場交易行情站,FH201,貓柳直支
00403125048000205,柳-貓柳(切葉),,FFR,全國糧政跨區即時申辦服務作業平台,9AK,銀柳(契作)
00403125048000205,柳-貓柳(切葉),,FFR,全國糧政跨區即時申辦服務作業平台,909,銀柳
00403125048000155,柳-雲龍柳(進口切葉),,MAM,農產品批發市場交易行情站,IY008,進口銀龍柳
00403125048000105,柳-雲龍柳(切葉),,PQR,溯源農糧產品追溯系統,004003028,雲龍柳
00403125048000105,柳-雲龍柳(切葉),,PMG,農業產銷班組織體系資料服務系統,203,雲龍柳              
00403125048000105,柳-雲龍柳(切葉),,MAM,農產品批發市場交易行情站,FY008,銀龍柳
00403108049000000,木羊齒,,MAM,農產品批發市場交易行情站,FY982,木羊齒
00403106004000055,觀音棕竹(進口切葉),,MAM,農產品批發市場交易行情站,IY098,染色觀音棕竹葉進口
00403106003000005,黃椰子-黃椰心葉(切葉),,MAM,農產品批發市場交易行情站,FY004,黃椰心葉
00403106003000005,黃椰子-黃椰心葉(切葉),,FFR,全國糧政跨區即時申辦服務作業平台,943,黃椰子(切葉)
00403106003000000,黃椰子,,MAM,農產品批發市場交易行情站,FY088,黃椰心
00403085046000000,六月雪,,MAM,農產品批發市場交易行情站,FY029,六月雪
00403085045000000,仙丹花,,MAM,農產品批發市場交易行情站,FH470,仙丹花
00403085044000000,梔子花,,PQR,溯源農糧產品追溯系統,004005010,梔子花
00403085044000000,梔子花,,PMG,農業產銷班組織體系資料服務系統,256,梔子花              
00403085044000000,梔子花,,MAM,農產品批發市場交易行情站,FH006,黃梔花
00403080027000000,降天桑,,MAM,農產品批發市場交易行情站,FY097,降天桑
00403062015000105,側柏-黃金側柏(切葉),,MAM,農產品批發市場交易行情站,FY075,黃金側柏
00403062014000000,香冠柏,,MAM,農產品批發市場交易行情站,FY025,香冠柏
00403062013000105,柳杉-石化柳(切葉),,PQR,溯源農糧產品追溯系統,004003018,石化柳
00403062013000105,柳杉-石化柳(切葉),,PMG,農業產銷班組織體系資料服務系統,205,石化柳              
00403062013000105,柳杉-石化柳(切葉),,MAM,農產品批發市場交易行情站,FY072,石化柳
00403062012000000,扁柏,,MAM,農產品批發市場交易行情站,FY021,扁柏
00403056022000105,金絲桃-紅果(切葉),,MAM,農產品批發市場交易行情站,IY084,進口火龍果
00403053047000055,七里香(進口切葉),,PQR,溯源農糧產品追溯系統,004003099,進口七里香
00403053047000000,七里香,,PQR,溯源農糧產品追溯系統,004003068,七里香
00403053047000000,七里香,,MAM,農產品批發市場交易行情站,FY010,七里香
00403051037000000,雪松,,MAM,農產品批發市場交易行情站,FY071,雪松
00403044021000000,金雀花,,MAM,農產品批發市場交易行情站,FY020,金雀花
00403044020000055,三角尤加利(進口切葉),,PQR,溯源農糧產品追溯系統,004003101,進口三角尤加利
00403044020000000,三角尤加利,,PQR,溯源農糧產品追溯系統,004003072,三角尤加利
00403044020000000,三角尤加利,,MAM,農產品批發市場交易行情站,FY034,三角尤加利
00403043034000000,牡丹,,PQR,溯源農糧產品追溯系統,004005013,牡丹花
00403043034000000,牡丹,,PMG,農業產銷班組織體系資料服務系統,253,牡丹花              
00403039001000000,藍星花,,MAM,農產品批發市場交易行情站,FH790,藍星花
00403018023000000,玉蘭花,,PQR,溯源農糧產品追溯系統,004003015,玉蘭花
00403018023000000,玉蘭花,,PMG,農業產銷班組織體系資料服務系統,209,玉蘭花              
00403018023000000,玉蘭花,,PFB,農產業天然災害現金救助系統,932,玉蘭花
00403018023000000,玉蘭花,,PAR,農糧情調查作業資訊系統,232,玉蘭花
00403018023000000,玉蘭花,,MAM,農產品批發市場交易行情站,FH195,玉蘭花
00403018023000000,玉蘭花,,FFR,全國糧政跨區即時申辦服務作業平台,932,玉蘭花
00403017033000155,女貞-斑葉女貞(進口切葉),,MAM,農產品批發市場交易行情站,IY046,進口斑葉女真
00403017032000000,茉莉,,PQR,溯源農糧產品追溯系統,005001053,茉莉
00403017032000000,茉莉,,PQR,溯源農糧產品追溯系統,004005016,茉莉花
00403017032000000,茉莉,,PMG,農業產銷班組織體系資料服務系統,255,茉莉花              
00403017032000000,茉莉,,PFB,農產業天然災害現金救助系統,323,茉莉
00403017032000000,茉莉,,PAR,農糧情調查作業資訊系統,38,茉莉
00403017032000000,茉莉,,FFR,全國糧政跨區即時申辦服務作業平台,9A3,紫茉莉
00403017032000000,茉莉,,FFR,全國糧政跨區即時申辦服務作業平台,323,茉莉
00403017030000000,連翹,,MAM,農產品批發市場交易行情站,FH048,連翹
00403013010000000,五彩千年木,,MAM,農產品批發市場交易行情站,FY016,五彩千年木
00403013009000000,星點木,,PQR,溯源農糧產品追溯系統,004004002,星點木
00403013009000000,星點木,,PMG,農業產銷班組織體系資料服務系統,217,星點木              
00403013009000000,星點木,,MAM,農產品批發市場交易行情站,FY013,星點木
00403013008000205,青竹-蓮花竹(切葉),,MAM,農產品批發市場交易行情站,FY996,蓮花竹
00403013008000105,青竹-黃金竹(切葉),,MAM,農產品批發市場交易行情站,FY995,黃金竹
00403013008000000,青竹,,MAM,農產品批發市場交易行情站,FY991,青竹
00403013007000000,百合竹,,MAM,農產品批發市場交易行情站,FY057,百合竹
00403013005000305,朱蕉-白竹(切葉),,MAM,農產品批發市場交易行情站,FY993,白竹
00403013005000255,朱蕉-花竹(進口切葉),,MAM,農產品批發市場交易行情站,IY994,進口花竹
00403013005000255,朱蕉-花竹(進口切葉),,MAM,農產品批發市場交易行情站,IY078,進口彩竹葉
00403013005000205,朱蕉-花竹(切葉),,MAM,農產品批發市場交易行情站,FY994,花竹
00403013005000205,朱蕉-花竹(切葉),,MAM,農產品批發市場交易行情站,FY078,彩竹葉
00403013005000105,朱蕉-紅竹(切葉),,MAM,農產品批發市場交易行情站,FY992,紅竹
00403012002000055,八角金盤(進口切葉),,PQR,溯源農糧產品追溯系統,004003100,進口八角金盤
00403012002000000,八角金盤,,PQR,溯源農糧產品追溯系統,004003069,八角金盤
00403012002000000,八角金盤,,MAM,農產品批發市場交易行情站,FY017,八角金盤
00403010039000253,海神花-非洲鬱金香(進口切花),,PQR,溯源農糧產品追溯系統,004003093,進口非洲鬱金香
00403010039000203,海神花-非洲鬱金香(切花),,PQR,溯源農糧產品追溯系統,004003092,非洲鬱金香
00403010039000203,海神花-非洲鬱金香(切花),,MAM,農產品批發市場交易行情站,FH770,非洲鬱金香
00403010039000103,海神花-帝王花(切花),,MAM,農產品批發市場交易行情站,FH225,帝王花
00403010038000000,針墊花,,MAM,農產品批發市場交易行情站,FH090,針墊花
00403009050000000,山茶花,,PQR,溯源農糧產品追溯系統,004005017,茶花
00403009050000000,山茶花,,PMG,農業產銷班組織體系資料服務系統,254,茶花                
00403006019000000,聖誕紅,,SAP,農產品產地價格查詢系統,63440,聖誕紅
00403006019000000,聖誕紅,,SAC,農產品生產成本調查系統,141,聖誕紅
00403006018000000,羽毛花,,MAM,農產品批發市場交易行情站,FH120,羽毛花
00403006017000105,變葉木-變色葉(切葉),,MAM,農產品批發市場交易行情站,FY077,變色葉
00403000000000000,木本花卉類,,PQR,溯源農糧產品追溯系統,004005007,木本花卉
00403000000000000,木本花卉類,,PMG,農業產銷班組織體系資料服務系統,264,木本花卉            
00402159019007803,洋桔梗-鑽石白粉(切花),,MAM,農產品批發市場交易行情站,FU544,洋桔梗鑽石白粉
00402159019007703,洋桔梗-羅西娜彩藍(切花),,MAM,農產品批發市場交易行情站,FU553,洋桔梗羅西娜彩藍
00402159019007503,洋桔梗-雙瓣綠(切花),,MAM,農產品批發市場交易行情站,FU453,洋桔梗雙瓣綠
00402159019007403,洋桔梗-雙瓣黃(切花),,MAM,農產品批發市場交易行情站,FU432,洋桔梗雙瓣黃
00402159019007303,洋桔梗-雙瓣紫(切花),,MAM,農產品批發市場交易行情站,FU472,洋桔梗雙瓣紫
00402159019007203,洋桔梗-雙瓣彩藍(切花),,MAM,農產品批發市場交易行情站,FU452,洋吉梗雙瓣彩藍
00402159019007103,洋桔梗-雙瓣粉(切花),,MAM,農產品批發市場交易行情站,FU442,洋桔梗雙瓣粉
00402159019007003,洋桔梗-雙瓣紅(切花),,MAM,農產品批發市場交易行情站,FU412,洋桔梗雙瓣紅
00402159019006903,洋桔梗-雙瓣白紫邊(切花),,MAM,農產品批發市場交易行情站,FU572,洋桔梗雙瓣白紫邊
00402159019006803,洋桔梗-雙瓣白粉邊(切花),,MAM,農產品批發市場交易行情站,FU542,洋桔梗雙瓣白粉邊
00402159019006703,洋桔梗-雙瓣白紅邊(切花),,MAM,農產品批發市場交易行情站,FU512,洋桔梗雙瓣白紅邊
00402159019006603,洋桔梗-雙瓣白(切花),,MAM,農產品批發市場交易行情站,FU462,洋桔梗雙瓣白
00402159019006503,洋桔梗-禮儀彩藍(切花),,MAM,農產品批發市場交易行情站,FU552,洋桔梗禮儀彩藍
00402159019006403,洋桔梗-凜白(切花),,MAM,農產品批發市場交易行情站,FU561,洋桔梗          凜
00402159019006303,洋桔梗-舞曲彩藍(切花),,MAM,農產品批發市場交易行情站,FU551,洋桔梗舞曲彩藍
00402159019006203,洋桔梗-舞曲白紫(切花),,MAM,農產品批發市場交易行情站,FU574,洋桔梗舞曲白紫
00402159019006103,洋桔梗-新喜彩粉(切花),,MAM,農產品批發市場交易行情站,FU450,洋桔梗新喜彩粉
00402159019006003,洋桔梗-新喜香檳(切花),,MAM,農產品批發市場交易行情站,FU420,洋桔梗新喜香檳
00402159019005903,洋桔梗-順風綠(切花),,MAM,農產品批發市場交易行情站,FU457,洋桔梗順風綠
00402159019005803,洋桔梗-順風黃(切花),,MAM,農產品批發市場交易行情站,FU435,洋桔梗順風黃
00402159019005703,洋桔梗-順風紫(切花),,MAM,農產品批發市場交易行情站,FU480,洋桔梗順風紫
00402159019005503,洋桔梗-順風杏粉(切花),,MAM,農產品批發市場交易行情站,FU451,洋桔梗順風杏粉
00402159019005403,洋桔梗-超級神奇白(切花),,MAM,農產品批發市場交易行情站,FU466,洋桔梗超級神奇白
00402159019005303,洋桔梗-琥珀綠(切花),,MAM,農產品批發市場交易行情站,FU459,洋桔梗          琥
00402159019005203,洋桔梗-單瓣藍星(切花),,MAM,農產品批發市場交易行情站,FU153,洋桔梗單瓣藍星
00402159019005103,洋桔梗-單瓣綠(切花),,MAM,農產品批發市場交易行情站,FU152,洋桔梗單瓣綠
00402159019005003,洋桔梗-單瓣黃(切花),,MAM,農產品批發市場交易行情站,FU131,洋桔梗單瓣黃
00402159019004903,洋桔梗-單瓣紫(切花),,MAM,農產品批發市場交易行情站,FU171,洋桔梗單瓣紫
00402159019004803,洋桔梗-單瓣彩藍(切花),,MAM,農產品批發市場交易行情站,FU151,洋吉梗單瓣彩藍
00402159019004703,洋桔梗-單瓣粉(切花),,MAM,農產品批發市場交易行情站,FU141,洋桔梗單瓣粉
00402159019004603,洋桔梗-單瓣紅(切花),,MAM,農產品批發市場交易行情站,FU111,洋桔梗單瓣紅
00402159019004503,洋桔梗-單瓣白紫邊(切花),,MAM,農產品批發市場交易行情站,FU271,洋桔梗單瓣白紫邊
00402159019004403,洋桔梗-單瓣白粉邊(切花),,MAM,農產品批發市場交易行情站,FU241,洋桔梗單瓣白粉邊
00402159019004303,洋桔梗-單瓣白紅邊(切花),,MAM,農產品批發市場交易行情站,FU211,洋桔梗單瓣白紅邊
00402159019004203,洋桔梗-單瓣白(切花),,MAM,農產品批發市場交易行情站,FU161,洋桔梗單瓣白
00402159019004103,洋桔梗-神奇白紫(切花),,MAM,農產品批發市場交易行情站,FU573,洋桔梗神奇白紫
00402159019004003,洋桔梗-海之波(切花),,MAM,農產品批發市場交易行情站,FU575,洋桔梗海之波
00402159019003803,洋桔梗-皇后白(切花),,MAM,農產品批發市場交易行情站,FU469,洋桔梗皇后白
00402159019003703,洋桔梗-珍妮白(切花),,MAM,農產品批發市場交易行情站,FU562,洋桔梗          珍
00402159019003603,洋桔梗-波卡(切花),,MAM,農產品批發市場交易行情站,FU479,洋桔梗波卡
00402159019003503,洋桔梗-克萊麗(切花),,MAM,農產品批發市場交易行情站,FU448,洋桔梗克萊麗
00402159019003403,洋桔梗-艾瑞娜綠(切花),,MAM,農產品批發市場交易行情站,FU458,洋桔梗艾瑞娜綠
00402159019003303,洋桔梗-艾瑞娜彩粉(切花),,MAM,農產品批發市場交易行情站,FU449,洋桔梗艾瑞娜彩粉
00402159019003203,洋桔梗-艾瑞娜桃(切花),,MAM,農產品批發市場交易行情站,FU415,洋桔梗艾瑞娜桃
00402159019003103,洋桔梗-奶油泡芙(切花),,MAM,農產品批發市場交易行情站,FU434,洋桔梗奶油泡芙
00402159019003003,洋桔梗-可愛紫(切花),,MAM,農產品批發市場交易行情站,FU172,洋桔梗可愛紫
00402159019002903,洋桔梗-可愛粉(切花),,MAM,農產品批發市場交易行情站,FU142,洋桔梗可愛粉
00402159019002803,洋桔梗-卡門紫(切花),,MAM,農產品批發市場交易行情站,FU481,洋桔梗卡門紫
00402159019002603,洋桔梗-羅西娜-白／粉(切花),,MAM,農產品批發市場交易行情站,FU543,洋桔梗羅西娜白粉
00402159019002503,洋桔梗-羅西娜-彩粉(切花),,MAM,農產品批發市場交易行情站,FU444,洋桔梗羅西娜彩粉
00402159019002403,洋桔梗-羅西娜-薰衣草紫(切花),,MAM,農產品批發市場交易行情站,FU477,洋桔梗羅西娜薰衣草
00402159019002303,洋桔梗-羅西娜-綠(切花),,MAM,農產品批發市場交易行情站,FU455,洋桔梗羅西娜綠
00402159019002203,洋桔梗-羅西娜-紫(切花),,MAM,農產品批發市場交易行情站,FU478,洋桔梗羅西娜紫
00402159019002103,洋桔梗-吉美1號-綠(切花),,MAM,農產品批發市場交易行情站,FU456,洋桔梗吉美1號綠
00402159019002003,洋桔梗-彼得2號-白／紫(切花),,MAM,農產品批發市場交易行情站,FU272,洋桔梗彼得2號白紫
00402159019001903,洋桔梗-小羅莎-白(切花),,MAM,農產品批發市場交易行情站,FU545,洋桔梗小羅莎白粉
00402159019001903,洋桔梗-小羅莎-白(切花),,MAM,農產品批發市場交易行情站,FU463,洋桔梗小羅莎白
00402159019001803,洋桔梗-可愛-綠(切花),,MAM,農產品批發市場交易行情站,FU154,洋桔梗可愛綠
00402159019001703,洋桔梗-蝴蝶-櫻紅(切花),,MAM,農產品批發市場交易行情站,FU413,洋桔梗蝴蠂櫻紅
00402159019001603,洋桔梗-莫內馬林-白／紫(切花),,MAM,農產品批發市場交易行情站,FU274,洋桔梗莫內馬林白紫
00402159019001503,洋桔梗-神奇-白(切花),,MAM,農產品批發市場交易行情站,FU465,洋桔梗神奇白
00402159019001403,洋桔梗-露娜-美桃(切花),,MAM,農產品批發市場交易行情站,FU414,洋桔梗露娜美桃
00402159019001303,洋桔梗-北斗星-白紫(切花),,MAM,農產品批發市場交易行情站,FU273,洋桔梗北斗星白紫
00402159019001203,洋桔梗-羅莎-黃(切花),,MAM,農產品批發市場交易行情站,FU433,洋桔梗羅莎黃
00402159019001103,洋桔梗-羅莎-彩粉(切花),,MAM,農產品批發市場交易行情站,FU443,洋桔梗羅莎彩粉
00402159019001003,洋桔梗-羅莎-淡紫(切花),,MAM,農產品批發市場交易行情站,FU475,洋桔梗羅莎淡紫
00402159019000903,洋桔梗-羅莎-綠(切花),,MAM,農產品批發市場交易行情站,FU454,洋桔梗羅莎綠
00402159019000803,洋桔梗-石中劍-白(切花),,MAM,農產品批發市場交易行情站,FU468,洋桔梗石中劍白1
00402159019000703,洋桔梗-國王-淡紫(切花),,MAM,農產品批發市場交易行情站,FU473,洋桔梗國王淡紫
00402159019000603,洋桔梗-國王-紫(切花),,MAM,農產品批發市場交易行情站,FU474,洋桔梗國王紫
00402159019000503,洋桔梗-禮儀-淺粉(切花),,MAM,農產品批發市場交易行情站,FU445,洋桔梗禮儀淺粉
00402159019000403,洋桔梗-舞曲-白(切花),,MAM,農產品批發市場交易行情站,FU464,洋桔梗舞曲白
00402159019000303,洋桔梗-艾瑞娜-粉(切花),,MAM,農產品批發市場交易行情站,FU446,洋桔梗艾瑞娜粉
00402159019000203,洋桔梗-艾瑞娜-香檳粉(切花),,MAM,農產品批發市場交易行情站,FU447,洋桔梗艾瑞娜香檳粉
00402159019000053,洋桔梗(進口切花),,PQR,溯源農糧產品追溯系統,004003097,進口洋桔梗
00402159019000053,洋桔梗(進口切花),,MAM,農產品批發市場交易行情站,IU402,進口洋桔梗雙瓣(混
00402159019000053,洋桔梗(進口切花),,MAM,農產品批發市場交易行情站,IU101,進口洋桔梗單瓣(混
00402159019000000,洋桔梗,,SAC,農產品生產成本調查系統,91,洋桔梗
00402159019000000,洋桔梗,,PQR,溯源農糧產品追溯系統,004003010,洋桔梗
00402159019000000,洋桔梗,,PMG,農業產銷班組織體系資料服務系統,184,洋桔梗              
00402159019000000,洋桔梗,,PFB,農產業天然災害現金救助系統,906,洋桔梗
00402159019000000,洋桔梗,,PAR,農糧情調查作業資訊系統,225,洋桔梗
00402159019000000,洋桔梗,,MAM,農產品批發市場交易行情站,FU441,洋桔梗          順
00402159019000000,洋桔梗,,MAM,農產品批發市場交易行情站,FU402,洋桔梗雙瓣(混色)
00402159019000000,洋桔梗,,MAM,農產品批發市場交易行情站,FU101,洋桔梗單瓣(混色)
00402159019000000,洋桔梗,,MAM,農產品批發市場交易行情站,FU000,洋桔梗
00402159019000000,洋桔梗,,FFR,全國糧政跨區即時申辦服務作業平台,906,洋桔梗
00402118013000000,百日草,,PQR,溯源農糧產品追溯系統,004005014,百日草
00402118013000000,百日草,,FFR,全國糧政跨區即時申辦服務作業平台,529,百日草
00402118012000000,鱗托菊,,MAM,農產品批發市場交易行情站,FH304,鱗托菊
00402118011000000,瓜葉菊,,MAM,農產品批發市場交易行情站,FH307,瓜葉菊
00402118010000000,向日葵,,PQR,溯源農糧產品追溯系統,009002001,能源向日葵
00402118010000000,向日葵,,PQR,溯源農糧產品追溯系統,005001017,向日葵
00402118010000000,向日葵,,PMG,農業產銷班組織體系資料服務系統,197,向日葵              
00402118010000000,向日葵,,PFB,農產業天然災害現金救助系統,303,向日葵
00402118010000000,向日葵,,PAR,農糧情調查作業資訊系統,24,向日葵
00402118010000000,向日葵,,FFR,全國糧政跨區即時申辦服務作業平台,4BH,採種用向日葵
00402118009000000,矢車菊,,MAM,農產品批發市場交易行情站,FH302,矢車菊
00402118007000553,雲南菊-紫(進口切花),,MAM,農產品批發市場交易行情站,ID712,進口小菊紫雲南菊
00402118007000453,雲南菊-粉(進口切花),,MAM,農產品批發市場交易行情站,ID412,進口小菊粉雲南菊
00402118007000353,雲南菊-桃紅(進口切花),,MAM,農產品批發市場交易行情站,ID431,進口小菊桃紅雲南菊
00402118007000253,雲南菊-紅(進口切花),,MAM,農產品批發市場交易行情站,ID112,進口小菊紅雲南菊
00402118007000153,雲南菊-白(進口切花),,MAM,農產品批發市場交易行情站,ID612,進口小菊白雲南菊
00402118006000000,金盞花,,MAM,農產品批發市場交易行情站,FH145,金盞花
00402118006000000,金盞花,,FFR,全國糧政跨區即時申辦服務作業平台,93F,金盞花
00402098005000053,千日紅(進口切花),,PQR,溯源農糧產品追溯系統,004003102,進口千日紅
00402098005000000,千日紅,,PQR,溯源農糧產品追溯系統,004003074,千日紅
00402098005000000,千日紅,,MAM,農產品批發市場交易行情站,FH270,千日紅
00402098004000000,藜,,MAM,農產品批發市場交易行情站,FH003,柔麗絲
00402098003001303,雞冠花-火焰-粉(切花),,MAM,農產品批發市場交易行情站,FH344,火焰雞冠花粉
00402098003001203,雞冠花-火焰-黃(切花),,MAM,農產品批發市場交易行情站,FH343,火焰雞冠花黃
00402098003001103,雞冠花-火焰-橘(切花),,MAM,農產品批發市場交易行情站,FH342,火焰雞冠花橘
00402098003001003,雞冠花-火焰-紅(切花),,MAM,農產品批發市場交易行情站,FH341,火焰雞冠花紅
00402098003001003,雞冠花-火焰-紅(切花),,MAM,農產品批發市場交易行情站,FH340,火焰雞冠花
00402098003000903,槍型雞冠花(切花),,MAM,農產品批發市場交易行情站,FH335,槍型雞冠花
00402098003000803,雞冠花-粉(切花),,MAM,農產品批發市場交易行情站,FH339,雞冠花粉
00402098003000703,雞冠花-黃綠(切花),,MAM,農產品批發市場交易行情站,FH338,雞冠花黃綠
00402098003000603,雞冠花-紫紅(切花),,MAM,農產品批發市場交易行情站,FH337,雞冠花紫紅
00402098003000503,垂雞冠(切花),,MAM,農產品批發市場交易行情站,FH336,垂雞冠
00402098003000403,雞冠花-綠(切花),,MAM,農產品批發市場交易行情站,FH334,雞冠花綠
00402098003000303,雞冠花-黃(切花),,MAM,農產品批發市場交易行情站,FH333,雞冠花黃
00402098003000203,雞冠花-暗紅(切花),,MAM,農產品批發市場交易行情站,FH332,雞冠花暗紅
00402098003000103,雞冠花-清紅(切花),,MAM,農產品批發市場交易行情站,FH331,雞冠花清紅
00402098003000000,雞冠花,,PQR,溯源農糧產品追溯系統,004003117,雞冠花
00402098003000000,雞冠花,,MAM,農產品批發市場交易行情站,FH330,雞冠花
00402098001000000,雁來紅,,MAM,農產品批發市場交易行情站,FY033,雁來紅
00402081016000000,風鈴花,,MAM,農產品批發市場交易行情站,FH485,風鈴花
00402077020000000,貝殼花,,MAM,農產品批發市場交易行情站,FH720,貝殼花
00402075028000000,紅茄,,MAM,農產品批發市場交易行情站,IY049,進口紅茄(番柿)
00402075028000000,紅茄,,MAM,農產品批發市場交易行情站,FY049,紅茄(番柿)
00402075027000050,觀賞辣椒進口,,MAM,農產品批發市場交易行情站,IY053,進口觀賞辣椒
00402075027000000,觀賞辣椒,,MAM,農產品批發市場交易行情站,FY053,觀賞辣椒
00402063021000000,古代稀,,MAM,農產品批發市場交易行情站,FH280,古代稀
00402040017000000,松蟲草,,MAM,農產品批發市場交易行情站,FH007,松蟲草
00402030025000055,觀賞玉米(進口切葉),,MAM,農產品批發市場交易行情站,IY062,進口觀賞玉米
00402030025000000,觀賞玉米,,MAM,農產品批發市場交易行情站,FY062,觀賞玉米
00402030023000105,傘高梁(切葉),,MAM,農產品批發市場交易行情站,FY091,傘高梁
00402030023000000,高梁,,MAM,農產品批發市場交易行情站,FY028,高梁
00402019026000000,黑種草,,MAM,農產品批發市場交易行情站,FH730,黑種草
00402002015000000,紫羅蘭,,FFR,全國糧政跨區即時申辦服務作業平台,939,紫羅蘭
00402002014000207,葉牡丹-紫(食用),,MAM,農產品批發市場交易行情站,FY237,葉牡丹紫
00402002014000000,葉牡丹,,MAM,農產品批發市場交易行情站,FY230,葉牡丹
00401179013000903,萬代蘭-巨輪橙(切花),,MAM,農產品批發市場交易行情站,FO022,萬代蘭巨輪橙
00401179013000803,萬代蘭-巨輪綠(切花),,MAM,農產品批發市場交易行情站,FO025,萬代蘭巨輪綠
00401179013000703,萬代蘭-巨輪黃(切花),,MAM,農產品批發市場交易行情站,FO023,萬代蘭巨輪黃
00401179013000603,萬代蘭-巨輪紫(切花),,MAM,農產品批發市場交易行情站,FO027,萬代蘭巨輪紫
00401179013000503,萬代蘭-巨輪棕(切花),,MAM,農產品批發市場交易行情站,FO029,萬代蘭巨輪棕
00401179013000403,萬代蘭-巨輪淺紫(切花),,MAM,農產品批發市場交易行情站,FO028,萬代蘭巨輪淺紫
00401179013000303,萬代蘭-巨輪粉(切花),,MAM,農產品批發市場交易行情站,FO024,萬代蘭巨輪粉
00401179013000203,萬代蘭-巨輪紅(切花),,MAM,農產品批發市場交易行情站,FO021,萬代蘭巨輪紅
00401179013000103,萬代蘭-巨輪白(切花),,MAM,農產品批發市場交易行情站,FO026,萬代蘭巨輪白
00401179013000053,萬代蘭(進口切花),,PQR,溯源農糧產品追溯系統,004001043,進口萬代蘭
00401179013000000,萬代蘭,,PQR,溯源農糧產品追溯系統,004001052,萬代蘭
00401179013000000,萬代蘭,,MAM,農產品批發市場交易行情站,FO009,萬代蘭
00401179012000203,腎藥蘭-深紅色(切花),,MAM,農產品批發市場交易行情站,FO006,腎藥蘭深紅色
00401179012000103,腎藥蘭-淺紅色(切花),,MAM,農產品批發市場交易行情站,FO005,腎藥蘭淺紅色
00401179012000000,腎藥蘭,,MAM,農產品批發市場交易行情站,FO002,腎藥蘭
00401179012000000,腎藥蘭,,FFR,全國糧政跨區即時申辦服務作業平台,93A,腎藥蘭
00401179011000053,蝴蝶蘭(進口切花),,PQR,溯源農糧產品追溯系統,004003057,進口蝴蝶蘭
00401179011000053,蝴蝶蘭(進口切花),,MAM,農產品批發市場交易行情站,IO600,進口蝴蝶蘭混色
00401179011000000,蝴蝶蘭,,SAC,農產品生產成本調查系統,219,蝴蝶蘭(3.5吋盆)
00401179011000000,蝴蝶蘭,,PQR,溯源農糧產品追溯系統,004001014,蝴蝶蘭
00401179011000000,蝴蝶蘭,,PMG,農業產銷班組織體系資料服務系統,234,蝴蝶蘭              
00401179011000000,蝴蝶蘭,,PFB,農產業天然災害現金救助系統,946,蝴蝶蘭
00401179011000000,蝴蝶蘭,,FFR,全國糧政跨區即時申辦服務作業平台,93D,蝴蝶蘭
00401179010000053,拖鞋蘭(進口切花),,PQR,溯源農糧產品追溯系統,004001036,進口拖鞋蘭
00401179010000000,拖鞋蘭,,PQR,溯源農糧產品追溯系統,004001007,拖鞋蘭
00401179010000000,拖鞋蘭,,PMG,農業產銷班組織體系資料服務系統,223,拖鞋蘭              
00401179010000000,拖鞋蘭,,PFB,農產業天然災害現金救助系統,944,拖鞋蘭
00401179010000000,拖鞋蘭,,MAM,農產品批發市場交易行情站,FO011,拖鞋蘭
00401179009000703,迷你文心蘭(切花),,PQR,溯源農糧產品追溯系統,004001017,迷你文心蘭
00401179009000703,迷你文心蘭(切花),,MAM,農產品批發市場交易行情站,FO339,迷你文心蘭
00401179009000453,文心蘭-香水(進口切花),,PQR,溯源農糧產品追溯系統,004001038,進口香水文心蘭
00401179009000403,文心蘭-香水(切花),,PQR,溯源農糧產品追溯系統,004001018,香水文心蘭
00401179009000253,小文心蘭(進口切花),,PQR,溯源農糧產品追溯系統,004001020,進口小文心蘭
00401179009000203,小文心蘭(切花),,PQR,溯源農糧產品追溯系統,004001019,小文心蘭
00401179009000203,小文心蘭(切花),,MAM,農產品批發市場交易行情站,FO332,小文心蘭
00401179009000103,大文心蘭(切花),,PQR,溯源農糧產品追溯系統,004001016,大文心蘭
00401179009000103,大文心蘭(切花),,MAM,農產品批發市場交易行情站,FO331,大文心蘭
00401179009000003,文心蘭(切花),,PAR,農糧情調查作業資訊系統,238,文心蘭
00401179009000000,文心蘭,,SAP,農產品產地價格查詢系統,63010,文心蘭
00401179009000000,文心蘭,,SAC,農產品生產成本調查系統,42,文心蘭
00401179009000000,文心蘭,,PQR,溯源農糧產品追溯系統,004001008,文心蘭
00401179009000000,文心蘭,,PMG,農業產銷班組織體系資料服務系統,196,文心蘭              
00401179009000000,文心蘭,,PFB,農產業天然災害現金救助系統,938,文心蘭
00401179009000000,文心蘭,,FFR,全國糧政跨區即時申辦服務作業平台,938,文心蘭
00401179007000053,樹蘭(進口切花),,PQR,溯源農糧產品追溯系統,004001048,進口樹蘭
00401179007000000,樹蘭,,PQR,溯源農糧產品追溯系統,004001030,樹蘭
00401179007000000,樹蘭,,MAM,農產品批發市場交易行情站,FO014,樹蘭
00401179006000000,石斛蘭,,PQR,溯源農糧產品追溯系統,004001011,石斛蘭
00401179006000000,石斛蘭,,PMG,農業產銷班組織體系資料服務系統,226,石斛蘭              
00401179006000000,石斛蘭,,PFB,農產業天然災害現金救助系統,943,石斛蘭
00401179005000103,虎頭蘭-大輪(切花),,PQR,溯源農糧產品追溯系統,004001009,東亞蘭
00401179005000103,虎頭蘭-大輪(切花),,PMG,農業產銷班組織體系資料服務系統,225,東亞蘭              
00401179005000000,虎頭蘭,,PQR,溯源農糧產品追溯系統,004001013,虎頭蘭
00401179005000000,虎頭蘭,,PMG,農業產銷班組織體系資料服務系統,235,虎頭蘭              
00401179005000000,虎頭蘭,,MAM,農產品批發市場交易行情站,FO202,虎頭蘭中、小輪
00401179004000255,小花蕙蘭-春蘭(進口切葉),,PQR,溯源農糧產品追溯系統,004004007,進口綠春蘭
00401179004000205,小花蕙蘭-春蘭(切葉),,PQR,溯源農糧產品追溯系統,004004010,綠春蘭
00401179004000205,小花蕙蘭-春蘭(切葉),,MAM,農產品批發市場交易行情站,IY086,進口綠春蘭葉
00401179004000205,小花蕙蘭-春蘭(切葉),,MAM,農產品批發市場交易行情站,FY086,綠春蘭葉
00401179004000153,小花蕙蘭-報歲蘭(進口切花),,PQR,溯源農糧產品追溯系統,004001041,進口報歲蘭
00401179004000103,小花蕙蘭-報歲蘭(切花),,PQR,溯源農糧產品追溯系統,004001005,報歲蘭
00401179004000103,小花蕙蘭-報歲蘭(切花),,PMG,農業產銷班組織體系資料服務系統,228,報歲蘭              
00401179004000103,小花蕙蘭-報歲蘭(切花),,MAM,農產品批發市場交易行情站,FO012,報歲蘭
00401179003000053,嘉德麗雅蘭(進口切花),,PQR,溯源農糧產品追溯系統,004001045,進口嘉德麗蘭
00401179003000000,嘉德麗雅蘭,,PQR,溯源農糧產品追溯系統,004001053,嘉德麗蘭
00401179003000000,嘉德麗雅蘭,,PQR,溯源農糧產品追溯系統,004001002,嘉德利亞蘭
00401179003000000,嘉德麗雅蘭,,PMG,農業產銷班組織體系資料服務系統,229,嘉德利亞蘭          
00401179002000053,蜘蛛蘭(進口切花),,PQR,溯源農糧產品追溯系統,004001047,進口蜘蛛蘭
00401179002000000,蜘蛛蘭,,PQR,溯源農糧產品追溯系統,004001054,蜘蛛蘭
00401179002000000,蜘蛛蘭,,MAM,農產品批發市場交易行情站,FO010,蜘蛛蘭
00401179001000053,千代蘭(進口切花),,PQR,溯源農糧產品追溯系統,004001021,進口千代蘭
00401179001000000,千代蘭,,MAM,農產品批發市場交易行情站,FO007,千代蘭
00401179001000000,千代蘭,,FFR,全國糧政跨區即時申辦服務作業平台,93E,千代蘭
00401000999000000,其他蘭花,,PQR,溯源農糧產品追溯系統,004001003,四季蘭
00401000999000000,其他蘭花,,PQR,溯源農糧產品追溯系統,004001001,一葉蘭
00401000999000000,其他蘭花,,PMG,農業產銷班組織體系資料服務系統,233,四季蘭              
00401000999000000,其他蘭花,,PMG,農業產銷班組織體系資料服務系統,224,一葉蘭              
00401000999000000,其他蘭花,,PFB,農產業天然災害現金救助系統,933,其他蘭花
00401000000000000,蘭花類,,PSC,農糧產品產銷供應鏈整合服務平台,01,蘭花類
00401000000000000,蘭花類,,PQR,溯源農糧產品追溯系統,004001999,蘭花類未分類
00401000000000000,蘭花類,,PQR,溯源農糧產品追溯系統,004001055,蘭花
00401000000000000,蘭花類,,PQR,溯源農糧產品追溯系統,004001010,洋蘭
00401000000000000,蘭花類,,PQR,溯源農糧產品追溯系統,004001004,國蘭
00401000000000000,蘭花類,,PMG,農業產銷班組織體系資料服務系統,222,洋蘭                
00401000000000000,蘭花類,,PMG,農業產銷班組織體系資料服務系統,221,國蘭                
00401000000000000,蘭花類,,PFB,農產業天然災害現金救助系統,945,國蘭
00401000000000000,蘭花類,,PAR,農糧情調查作業資訊系統,233,蘭花
00401000000000000,蘭花類,,MAM,農產品批發市場交易行情站,FO000,蘭花
00401000000000000,蘭花類,,FFR,全國糧政跨區即時申辦服務作業平台,933,蘭花
00399000999000000,其他果樹,,PSC,農糧產品產銷供應鏈整合服務平台,99,其他果品
00399000999000000,其他果樹,,PQR,溯源農糧產品追溯系統,003005999,其他果品未分類
00399000999000000,其他果樹,,PMG,農業產銷班組織體系資料服務系統,177,其他果樹            
00399000999000000,其他果樹,,PFB,農產業天然災害現金救助系統,698,其他果樹
00399000999000000,其他果樹,,PAR,農糧情調查作業資訊系統,394,其他果品
00399000999000000,其他果樹,,PAR,農糧情調查作業資訊系統,203,其他果樹
00305107007000000,栗子,,PSC,農糧產品產銷供應鏈整合服務平台,G8,栗子
00305107007000000,栗子,,PSC,農糧產品產銷供應鏈整合服務平台,2030407000080,栗子
00305107007000000,栗子,,PSC,農糧產品產銷供應鏈整合服務平台,2020206200071,粟子
00305107007000000,栗子,,PQR,溯源農糧產品追溯系統,003004007,栗
00305107007000000,栗子,,PFB,農產業天然災害現金救助系統,650,栗
00305107007000000,栗子,,PAR,農糧情調查作業資訊系統,201,栗
00305107007000000,栗子,,MAM,農產品批發市場交易行情站,G8,栗子
00305107007000000,栗子,,FFR,全國糧政跨區即時申辦服務作業平台,650,栗
00305106002000000,檳榔,,SAP,農產品產地價格查詢系統,51450,檳榔
00305106002000000,檳榔,,SAC,農產品生產成本調查系統,178,檳榔
00305106002000000,檳榔,,PQR,溯源農糧產品追溯系統,003005004,檳榔
00305106002000000,檳榔,,PFB,農產業天然災害現金救助系統,622,檳榔
00305106002000000,檳榔,,PAR,農糧情調查作業資訊系統,173,檳榔
00305106002000000,檳榔,,FFR,全國糧政跨區即時申辦服務作業平台,622,檳榔
00305106001000050,椰子進口,,MAM,農產品批發市場交易行情站,129,椰子    剝殼進口
00305106001000050,椰子進口,,MAM,農產品批發市場交易行情站,119,椰子    進口
00305106001000000,椰子,,SAP,農產品產地價格查詢系統,51440,椰子
00305106001000000,椰子,,SAC,農產品生產成本調查系統,53,可可椰子
00305106001000000,椰子,,PSC,農糧產品產銷供應鏈整合服務平台,2039900000115,椰子
00305106001000000,椰子,,PSC,農糧產品產銷供應鏈整合服務平台,1,椰子
00305106001000000,椰子,,PQR,溯源農糧產品追溯系統,003005003,椰子
00305106001000000,椰子,,PMG,農業產銷班組織體系資料服務系統,145,可可椰子            
00305106001000000,椰子,,PFB,農產業天然災害現金救助系統,646,可可椰子
00305106001000000,椰子,,PAR,農糧情調查作業資訊系統,197,可可椰子
00305106001000000,椰子,,MAM,農產品批發市場交易行情站,12,椰子    剝殼
00305106001000000,椰子,,MAM,農產品批發市場交易行情站,11,椰子
00305106001000000,椰子,,FFR,全國糧政跨區即時申辦服務作業平台,646,可可椰子
00305106001000000,椰子,,FFR,全國糧政跨區即時申辦服務作業平台,285,椰子
00305094012000000,可可,,PQR,溯源農糧產品追溯系統,003005002,可可
00305094012000000,可可,,PMG,農業產銷班組織體系資料服務系統,489,可可                
00305094012000000,可可,,PFB,農產業天然災害現金救助系統,647,可可
00305094012000000,可可,,PAR,農糧情調查作業資訊系統,198,可可
00305094012000000,可可,,FFR,全國糧政跨區即時申辦服務作業平台,647,可可
00305094010000000,蘋婆,,PSC,農糧產品產銷供應鏈整合服務平台,G2,鳳眼果
00305094010000000,蘋婆,,PQR,溯源農糧產品追溯系統,003004025,鳳眼果
00305094010000000,蘋婆,,PQR,溯源農糧產品追溯系統,003004020,蘋婆
00305094010000000,蘋婆,,FFR,全國糧政跨區即時申辦服務作業平台,661,蘋婆
00305069011000000,胡桃,,PQR,溯源農糧產品追溯系統,003004017,胡桃
00304167010000000,梅,,SAP,農產品產地價格查詢系統,52051,青梅(竿採)
00304167010000000,梅,,SAP,農產品產地價格查詢系統,52050,青梅(手採)
00304167010000000,梅,,SAC,農產品生產成本調查系統,800,青梅
00304167010000000,梅,,SAC,農產品生產成本調查系統,80,青梅(手採)
00304167010000000,梅,,SAC,農產品生產成本調查系統,216,青梅(竿採)
00304167010000000,梅,,PSC,農糧產品產銷供應鏈整合服務平台,4,梅/莓
00304167010000000,梅,,PSC,農糧產品產銷供應鏈整合服務平台,2030400000414,梅
00304167010000000,梅,,PQR,溯源農糧產品追溯系統,003004009,梅
00304167010000000,梅,,PMG,農業產銷班組織體系資料服務系統,119,梅                  
00304167010000000,梅,,PFB,農產業天然災害現金救助系統,635,梅
00304167010000000,梅,,PAR,農糧情調查作業資訊系統,186,梅
00304167010000000,梅,,MAM,農產品批發市場交易行情站,41,梅
00304167010000000,梅,,FFR,全國糧政跨區即時申辦服務作業平台,635,梅
00304167009000000,杏,,PQR,溯源農糧產品追溯系統,003004005,杏
00304167008000050,櫻桃進口,,MAM,農產品批發市場交易行情站,839,櫻桃    進口 
00304167008000000,櫻桃,,PSC,農糧產品產銷供應鏈整合服務平台,83,櫻桃
00304167008000000,櫻桃,,PSC,農糧產品產銷供應鏈整合服務平台,2020419010429,櫻桃
00304167008000000,櫻桃,,PSC,農糧產品產銷供應鏈整合服務平台,2020419010412,櫻桃
00304167008000000,櫻桃,,PSC,農糧產品產銷供應鏈整合服務平台,2020419010047,櫻桃
00304167008000000,櫻桃,,PQR,溯源農糧產品追溯系統,003004013,櫻桃
00304167007999900,李-其他品種,,MAM,農產品批發市場交易行情站,N0,李      其他
00304167007000700,李-蜜李,,PQR,溯源農糧產品追溯系統,003004022,蜜李
00304167007000700,李-蜜李,,PMG,農業產銷班組織體系資料服務系統,101,蜜李                
00304167007000600,李-泰安李,,PSC,農糧產品產銷供應鏈整合服務平台,2030414000066,泰安李
00304167007000600,李-泰安李,,MAM,農產品批發市場交易行情站,N6,李      泰安李
00304167007000500,李-加州李,,PSC,農糧產品產銷供應鏈整合服務平台,2030414000059,加州李
00304167007000500,李-加州李,,MAM,農產品批發市場交易行情站,N5,李      加州李
00304167007000400,李-黃肉李,,PSC,農糧產品產銷供應鏈整合服務平台,2030414000042,黃肉李
00304167007000400,李-黃肉李,,MAM,農產品批發市場交易行情站,N4,李      黃肉李
00304167007000300,李-紅肉李,,SAP,農產品產地價格查詢系統,52021,李(紅肉)
00304167007000300,李-紅肉李,,SAC,農產品生產成本調查系統,94,紅肉李
00304167007000300,李-紅肉李,,PSC,農糧產品產銷供應鏈整合服務平台,2030414000035,紅肉李
00304167007000300,李-紅肉李,,MAM,農產品批發市場交易行情站,N3,李      紅肉李
00304167007000200,李-桃接李,,PSC,農糧產品產銷供應鏈整合服務平台,2030414000028,桃接李
00304167007000200,李-桃接李,,MAM,農產品批發市場交易行情站,N2,李      桃接李
00304167007000100,李-沙蓮李,,PSC,農糧產品產銷供應鏈整合服務平台,2030414000011,沙蓮李
00304167007000100,李-沙蓮李,,MAM,農產品批發市場交易行情站,N1,李      沙蓮李
00304167007000050,李進口,,MAM,農產品批發市場交易行情站,N9,李      進口
00304167007000000,李,,SAP,農產品產地價格查詢系統,52020,李(玉李)
00304167007000000,李,,SAC,農產品生產成本調查系統,65,李
00304167007000000,李,,PSC,農糧產品產銷供應鏈整合服務平台,N,李
00304167007000000,李,,PQR,溯源農糧產品追溯系統,003004004,李
00304167007000000,李,,PMG,農業產銷班組織體系資料服務系統,100,李                  
00304167007000000,李,,PFB,農產業天然災害現金救助系統,624,李
00304167007000000,李,,PAR,農糧情調查作業資訊系統,175,李
00304167007000000,李,,FFR,全國糧政跨區即時申辦服務作業平台,624,李
00304167006999900,桃-其他品種,,MAM,農產品批發市場交易行情站,Y0,桃子    其他
00304167006000600,桃-加州桃,,PQR,溯源農糧產品追溯系統,003004002,加州桃
00304167006000600,桃-加州桃,,PMG,農業產銷班組織體系資料服務系統,104,加州桃              
00304167006000500,桃-福壽桃,,PSC,農糧產品產銷供應鏈整合服務平台,2030425000055,福壽桃
00304167006000500,桃-福壽桃,,MAM,農產品批發市場交易行情站,Y5,桃子    福壽桃
00304167006000400,桃-早桃,,PSC,農糧產品產銷供應鏈整合服務平台,2030425000048,早桃
00304167006000400,桃-早桃,,MAM,農產品批發市場交易行情站,Y4,桃子    早桃
00304167006000350,桃-甜桃進口,,MAM,農產品批發市場交易行情站,Y39,甜桃    進口
00304167006000300,桃-甜桃,,SAP,農產品產地價格查詢系統,52031,甜桃
00304167006000300,桃-甜桃,,SAC,農產品生產成本調查系統,123,甜桃
00304167006000300,桃-甜桃,,PSC,農糧產品產銷供應鏈整合服務平台,2030425000031,甜桃
00304167006000300,桃-甜桃,,PQR,溯源農糧產品追溯系統,003004015,甜桃
00304167006000300,桃-甜桃,,PMG,農業產銷班組織體系資料服務系統,103,甜桃                
00304167006000300,桃-甜桃,,MAM,農產品批發市場交易行情站,Y3,桃子    甜桃
00304167006000200,桃-鶯歌桃,,SAP,農產品產地價格查詢系統,52030,鶯歌桃
00304167006000200,桃-鶯歌桃,,PSC,農糧產品產銷供應鏈整合服務平台,2030425000024,鶯歌桃
00304167006000200,桃-鶯歌桃,,MAM,農產品批發市場交易行情站,Y2,桃子    鶯歌桃
00304167006000150,桃-水蜜桃進口,,MAM,農產品批發市場交易行情站,Y19,水蜜桃  進口
00304167006000100,桃-水蜜桃,,SAP,農產品產地價格查詢系統,52032,水蜜桃
00304167006000100,桃-水蜜桃,,SAC,農產品生產成本調查系統,45,水蜜桃
00304167006000100,桃-水蜜桃,,PSC,農糧產品產銷供應鏈整合服務平台,2030425000017,水蜜桃
00304167006000100,桃-水蜜桃,,PMG,農業產銷班組織體系資料服務系統,105,水蜜桃              
00304167006000100,桃-水蜜桃,,PFB,農產業天然災害現金救助系統,652,水蜜桃
00304167006000100,桃-水蜜桃,,MAM,農產品批發市場交易行情站,Y1,桃子    水蜜桃
00304167006000050,桃進口,,MAM,農產品批發市場交易行情站,Y9,桃子    進口
00304167006000000,桃,,PSC,農糧產品產銷供應鏈整合服務平台,Y,桃子
00304167006000000,桃,,PQR,溯源農糧產品追溯系統,003004008,桃
00304167006000000,桃,,PMG,農業產銷班組織體系資料服務系統,102,桃
00304167006000000,桃,,PFB,農產業天然災害現金救助系統,625,桃
00304167006000000,桃,,PAR,農糧情調查作業資訊系統,176,桃
00304167006000000,桃,,FFR,全國糧政跨區即時申辦服務作業平台,625,桃
00304151015000000,橄欖,,PSC,農糧產品產銷供應鏈整合服務平台,G7,橄欖
00304151015000000,橄欖,,PSC,農糧產品產銷供應鏈整合服務平台,2030407000073,橄欖
00304151015000000,橄欖,,PQR,溯源農糧產品追溯系統,003004012,橄欖
00304151015000000,橄欖,,PMG,農業產銷班組織體系資料服務系統,125,橄欖                
00304151015000000,橄欖,,PFB,農產業天然災害現金救助系統,637,橄欖
00304151015000000,橄欖,,PAR,農糧情調查作業資訊系統,188,橄欖
00304151015000000,橄欖,,MAM,農產品批發市場交易行情站,G7,橄欖
00304151015000000,橄欖,,FFR,全國糧政跨區即時申辦服務作業平台,637,橄欖
00304145011000050,酪梨進口,,MAM,農產品批發市場交易行情站,G39,酪梨    進口
00304145011000000,酪梨,,SAP,農產品產地價格查詢系統,51435,酪梨
00304145011000000,酪梨,,SAC,農產品生產成本調查系統,158,酪梨
00304145011000000,酪梨,,PSC,農糧產品產銷供應鏈整合服務平台,G3,酪梨
00304145011000000,酪梨,,PSC,農糧產品產銷供應鏈整合服務平台,2030407000035,酪梨
00304145011000000,酪梨,,PQR,溯源農糧產品追溯系統,003004024,酪梨
00304145011000000,酪梨,,PMG,農業產銷班組織體系資料服務系統,137,酪梨                
00304145011000000,酪梨,,PFB,農產業天然災害現金救助系統,648,酪梨
00304145011000000,酪梨,,PAR,農糧情調查作業資訊系統,199,酪梨
00304145011000000,酪梨,,MAM,農產品批發市場交易行情站,G3,酪梨
00304145011000000,酪梨,,FFR,全國糧政跨區即時申辦服務作業平台,648,酪梨
00304134004999900,檬果-其他品種,,SAC,農產品生產成本調查系統,61,在來芒果
00304134004999900,檬果-其他品種,,MAM,農產品批發市場交易行情站,R0,芒果    其他
00304134004001000,檬果-夏雪,,MAM,農產品批發市場交易行情站,R31,芒果夏雪
00304134004000900,檬果-西施,,MAM,農產品批發市場交易行情站,R10,芒果西施
00304134004000800,檬果-金蜜,,PMG,農業產銷班組織體系資料服務系統,487,金蜜芒果            
00304134004000700,檬果-聖心,,PSC,農糧產品產銷供應鏈整合服務平台,2030418000079,聖心
00304134004000700,檬果-聖心,,MAM,農產品批發市場交易行情站,R7,芒果    聖心
00304134004000600,檬果-金煌,,SAP,農產品產地價格查詢系統,51112,芒果(金煌)
00304134004000600,檬果-金煌,,SAC,農產品生產成本調查系統,76,金煌芒果
00304134004000600,檬果-金煌,,PSC,農糧產品產銷供應鏈整合服務平台,2030418000062,金煌
00304134004000600,檬果-金煌,,PMG,農業產銷班組織體系資料服務系統,92,金煌芒果            
00304134004000600,檬果-金煌,,MAM,農產品批發市場交易行情站,R6,芒果    金煌
00304134004000500,檬果-黑香金興,,PSC,農糧產品產銷供應鏈整合服務平台,2030418000055,黑香金興
00304134004000500,檬果-黑香金興,,MAM,農產品批發市場交易行情站,R5,芒果    黑香金興
00304134004000400,檬果-凱特,,PSC,農糧產品產銷供應鏈整合服務平台,2030418000048,凱特
00304134004000400,檬果-凱特,,MAM,農產品批發市場交易行情站,R4,芒果    凱特
00304134004000300,檬果-土檬果,,SAP,農產品產地價格查詢系統,51110,芒果(在來)
00304134004000300,檬果-土檬果,,PMG,農業產銷班組織體系資料服務系統,91,土芒果              
00304134004000300,檬果-土檬果,,MAM,農產品批發市場交易行情站,R3,芒果    本島
00304134004000200,檬果-玉文,,PSC,農糧產品產銷供應鏈整合服務平台,2030418000024,玉文
00304134004000200,檬果-玉文,,MAM,農產品批發市場交易行情站,R2,芒果    玉文
00304134004000100,檬果-愛文,,SAP,農產品產地價格查詢系統,51111,芒果(愛文)
00304134004000100,檬果-愛文,,SAC,農產品生產成本調查系統,136,愛文芒果
00304134004000100,檬果-愛文,,PSC,農糧產品產銷供應鏈整合服務平台,2030418000017,愛文
00304134004000100,檬果-愛文,,PMG,農業產銷班組織體系資料服務系統,93,愛文芒果            
00304134004000100,檬果-愛文,,MAM,農產品批發市場交易行情站,R1,芒果    愛文
00304134004000000,檬果,,PSC,農糧產品產銷供應鏈整合服務平台,R,芒果
00304134004000000,檬果,,PQR,溯源農糧產品追溯系統,003004018,芒果
00304134004000000,檬果,,PMG,農業產銷班組織體系資料服務系統,90,芒果                
00304134004000000,檬果,,PFB,農產業天然災害現金救助系統,621,改良種芒果
00304134004000000,檬果,,PFB,農產業天然災害現金救助系統,620,本地種芒果
00304134004000000,檬果,,PAR,農糧情調查作業資訊系統,172,改良種芒果
00304134004000000,檬果,,PAR,農糧情調查作業資訊系統,171,本地種芒果
00304134004000000,檬果,,FFR,全國糧政跨區即時申辦服務作業平台,621,改良種芒果
00304134004000000,檬果,,FFR,全國糧政跨區即時申辦服務作業平台,620,本地種芒果
00304133013000150,印度棗-蜜棗進口,,MAM,農產品批發市場交易行情站,829,蜜棗    進口
00304133013000100,印度棗-蜜棗,,PSC,農糧產品產銷供應鏈整合服務平台,82,蜜棗
00304133013000100,印度棗-蜜棗,,PQR,溯源農糧產品追溯系統,003004027,蜜棗
00304133013000100,印度棗-蜜棗,,PMG,農業產銷班組織體系資料服務系統,140,蜜棗                
00304133013000050,印度棗進口,,MAM,農產品批發市場交易行情站,229,棗子    進口
00304133013000000,印度棗,,SAP,農產品產地價格查詢系統,51410,棗子
00304133013000000,印度棗,,SAC,農產品生產成本調查系統,127,棗
00304133013000000,印度棗,,PSC,農糧產品產銷供應鏈整合服務平台,2030400000223,棗子
00304133013000000,印度棗,,PSC,農糧產品產銷供應鏈整合服務平台,2,棗子
00304133013000000,印度棗,,PQR,溯源農糧產品追溯系統,003004030,印度棗
00304133013000000,印度棗,,PQR,溯源農糧產品追溯系統,003004010,棗
00304133013000000,印度棗,,PMG,農業產銷班組織體系資料服務系統,141,印度棗              
00304133013000000,印度棗,,PMG,農業產銷班組織體系資料服務系統,139,棗                  
00304133013000000,印度棗,,PFB,農產業天然災害現金救助系統,641,棗
00304133013000000,印度棗,,PAR,農糧情調查作業資訊系統,192,棗
00304133013000000,印度棗,,MAM,農產品批發市場交易行情站,22,棗子
00304133013000000,印度棗,,FFR,全國糧政跨區即時申辦服務作業平台,641,棗
00304133012000100,中國棗-紅棗,,SAC,農產品生產成本調查系統,95,紅棗
00304133012000100,中國棗-紅棗,,PQR,溯源農糧產品追溯系統,003004028,紅棗
00304133012000100,中國棗-紅棗,,PMG,農業產銷班組織體系資料服務系統,319,紅棗                
00304133012000100,中國棗-紅棗,,PFB,農產業天然災害現金救助系統,656,紅棗
00304133012000100,中國棗-紅棗,,FFR,全國糧政跨區即時申辦服務作業平台,833,紅棗(106年以前申辦)
00304133012000100,中國棗-紅棗,,FFR,全國糧政跨區即時申辦服務作業平台,819,紅棗
00304108003000050,紅毛丹進口,,MAM,農產品批發市場交易行情站,879,紅毛丹  進口
00304108003000000,紅毛丹,,PSC,農糧產品產銷供應鏈整合服務平台,87,紅毛丹
00304108003000000,紅毛丹,,PQR,溯源農糧產品追溯系統,003004016,紅毛丹
00304108003000000,紅毛丹,,MAM,農產品批發市場交易行情站,87,紅毛丹
00304108003000000,紅毛丹,,FFR,全國糧政跨區即時申辦服務作業平台,673,紅毛丹
00304108002999900,龍眼-其他品種,,MAM,農產品批發市場交易行情站,K0,龍眼    其他
00304108002000200,龍眼-粉殼,,PSC,農糧產品產銷供應鏈整合服務平台,2030411000038,粉殼
00304108002000200,龍眼-粉殼,,MAM,農產品批發市場交易行情站,K3,龍眼    粉殼
00304108002000100,龍眼-十月眼,,PSC,農糧產品產銷供應鏈整合服務平台,2030411000021,十月眼
00304108002000100,龍眼-十月眼,,MAM,農產品批發市場交易行情站,K2,龍眼    十月眼
00304108002000050,龍眼進口,,MAM,農產品批發市場交易行情站,K9,龍眼    進口
00304108002000000,龍眼,,SAP,農產品產地價格查詢系統,51340,龍眼(大粒)
00304108002000000,龍眼,,SAC,農產品生產成本調查系統,176,龍眼
00304108002000000,龍眼,,PSC,農糧產品產銷供應鏈整合服務平台,K,龍眼
00304108002000000,龍眼,,PQR,溯源農糧產品追溯系統,003004026,龍眼
00304108002000000,龍眼,,PMG,農業產銷班組織體系資料服務系統,89,龍眼                
00304108002000000,龍眼,,PFB,農產業天然災害現金救助系統,619,龍眼
00304108002000000,龍眼,,PAR,農糧情調查作業資訊系統,170,龍眼
00304108002000000,龍眼,,FFR,全國糧政跨區即時申辦服務作業平台,619,龍眼
00304108001999900,荔枝-其他品種,,PAR,農糧情調查作業資訊系統,465,玫瑰紅荔枝
00304108001999900,荔枝-其他品種,,MAM,農產品批發市場交易行情站,J0,荔枝    其他
00304108001000500,荔枝-桂味,,SAP,農產品產地價格查詢系統,51330-J5,荔枝(桂味)
00304108001000500,荔枝-桂味,,PSC,農糧產品產銷供應鏈整合服務平台,2030410000053,桂味
00304108001000500,荔枝-桂味,,PMG,農業產銷班組織體系資料服務系統,124,桂味荔枝            
00304108001000500,荔枝-桂味,,MAM,農產品批發市場交易行情站,J5,荔枝    桂味
00304108001000400,荔枝-竹葉黑,,PSC,農糧產品產銷供應鏈整合服務平台,2030410000046,竹葉黑
00304108001000400,荔枝-竹葉黑,,MAM,農產品批發市場交易行情站,J4,荔枝    竹葉黑
00304108001000300,荔枝-糯米,,PMG,農業產銷班組織體系資料服務系統,123,糯米荔枝            
00304108001000300,荔枝-糯米,,PFB,農產業天然災害現金救助系統,654,糯米荔枝
00304108001000300,荔枝-糯米,,PAR,農糧情調查作業資訊系統,464,糯米荔枝
00304108001000300,荔枝-糯米,,MAM,農產品批發市場交易行情站,J3,荔枝    糯米
00304108001000200,荔枝-黑葉,,SAP,農產品產地價格查詢系統,51330,荔枝(黑葉)
00304108001000200,荔枝-黑葉,,SAC,農產品生產成本調查系統,229,荔枝(黑葉)
00304108001000200,荔枝-黑葉,,PSC,農糧產品產銷供應鏈整合服務平台,2030410000022,黑葉
00304108001000200,荔枝-黑葉,,PMG,農業產銷班組織體系資料服務系統,122,黑葉荔枝            
00304108001000200,荔枝-黑葉,,PFB,農產業天然災害現金救助系統,659,黑葉荔枝
00304108001000200,荔枝-黑葉,,PAR,農糧情調查作業資訊系統,466,黑葉荔枝
00304108001000200,荔枝-黑葉,,MAM,農產品批發市場交易行情站,J2,荔枝    黑葉
00304108001000100,荔枝-玉荷包,,SAP,農產品產地價格查詢系統,51331,荔枝(玉荷)
00304108001000100,荔枝-玉荷包,,SAC,農產品生產成本調查系統,225,荔枝(玉荷包)
00304108001000100,荔枝-玉荷包,,PSC,農糧產品產銷供應鏈整合服務平台,2030410000015,玉荷包
00304108001000100,荔枝-玉荷包,,PMG,農業產銷班組織體系資料服務系統,121,玉荷包(荔枝)        
00304108001000100,荔枝-玉荷包,,PFB,農產業天然災害現金救助系統,653,玉荷包荔枝
00304108001000100,荔枝-玉荷包,,PAR,農糧情調查作業資訊系統,463,玉荷包
00304108001000100,荔枝-玉荷包,,MAM,農產品批發市場交易行情站,J1,荔枝    玉荷包
00304108001000050,荔枝進口,,MAM,農產品批發市場交易行情站,J9,荔枝    進口
00304108001000000,荔枝,,PSC,農糧產品產銷供應鏈整合服務平台,J,荔枝
00304108001000000,荔枝,,PQR,溯源農糧產品追溯系統,003004019,荔枝
00304108001000000,荔枝,,PMG,農業產銷班組織體系資料服務系統,120,荔枝                
00304108001000000,荔枝,,PFB,農產業天然災害現金救助系統,636,荔枝
00304108001000000,荔枝,,PAR,農糧情調查作業資訊系統,187,荔枝
00304108001000000,荔枝,,FFR,全國糧政跨區即時申辦服務作業平台,636,荔枝
00304006005000000,油柑,,FFR,全國糧政跨區即時申辦服務作業平台,670,餘甘子(油柑)
00304000999000000,其它核果,,PQR,溯源農糧產品追溯系統,003004998,其它核果
00304000000000000,核果類,,PSC,農糧產品產銷供應鏈整合服務平台,04,核果類
00303167003000200,枇杷-茂木,,PSC,農糧產品產銷供應鏈整合服務平台,2030412000013,茂木
00303167003000200,枇杷-茂木,,MAM,農產品批發市場交易行情站,L1,枇杷    茂木
00303167003000050,枇杷進口,,MAM,農產品批發市場交易行情站,L9,枇杷    進口
00303167003000000,枇杷,,SAP,農產品產地價格查詢系統,51320,枇杷
00303167003000000,枇杷,,SAC,農產品生產成本調查系統,69,枇杷
00303167003000000,枇杷,,PSC,農糧產品產銷供應鏈整合服務平台,L,枇杷
00303167003000000,枇杷,,PQR,溯源農糧產品追溯系統,003004006,枇杷
00303167003000000,枇杷,,PMG,農業產銷班組織體系資料服務系統,118,枇杷                
00303167003000000,枇杷,,PFB,農產業天然災害現金救助系統,634,枇杷
00303167003000000,枇杷,,PAR,農糧情調查作業資訊系統,185,枇杷
00303167003000000,枇杷,,FFR,全國糧政跨區即時申辦服務作業平台,634,枇杷
00303167002999950,梨-其他品種進口,,MAM,農產品批發市場交易行情站,O9,梨      其他進口
00303167002999900,梨-其他品種,,SAC,農產品生產成本調查系統,138,溫帶梨
00303167002999900,梨-其他品種,,PMG,農業產銷班組織體系資料服務系統,128,水梨                
00303167002999900,梨-其他品種,,MAM,農產品批發市場交易行情站,O0,梨      其他
00303167002001500,梨-甘露梨,,SAP,農產品產地價格查詢系統,52065,甘露梨
00303167002001500,梨-甘露梨,,MAM,農產品批發市場交易行情站,O10,梨寶島甘露梨
00303167002001450,梨-西洋梨進口,,PSC,農糧產品產銷供應鏈整合服務平台,2030315000998,西洋梨進口
00303167002001450,梨-西洋梨進口,,MAM,農產品批發市場交易行情站,O99  ,梨      西洋梨進口
00303167002001000,梨-雪梨,,PSC,農糧產品產銷供應鏈整合服務平台,2030315230005,雪梨
00303167002001000,梨-雪梨,,MAM,農產品批發市場交易行情站,OW,梨      雪梨
00303167002000900,梨-蜜梨,,PSC,農糧產品產銷供應鏈整合服務平台,2030315220006,蜜梨
00303167002000900,梨-蜜梨,,MAM,農產品批發市場交易行情站,OV,梨      蜜梨
00303167002000800,梨-4029梨,,PSC,農糧產品產銷供應鏈整合服務平台,2030315000080,4029梨
00303167002000800,梨-4029梨,,PMG,農業產銷班組織體系資料服務系統,130,蜜雪梨              
00303167002000800,梨-4029梨,,MAM,農產品批發市場交易行情站,O8,梨      4029梨
00303167002000700,梨-鳥梨,,PSC,農糧產品產銷供應鏈整合服務平台,2030315000073,鳥梨
00303167002000700,梨-鳥梨,,MAM,農產品批發市場交易行情站,O7,梨      鳥梨
00303167002000600,梨-幸水梨,,SAP,農產品產地價格查詢系統,52063,幸水梨
00303167002000600,梨-幸水梨,,PSC,農糧產品產銷供應鏈整合服務平台,2030315000066,幸水梨
00303167002000600,梨-幸水梨,,MAM,農產品批發市場交易行情站,O6,梨      幸水梨
00303167002000500,梨-豐水梨,,SAP,農產品產地價格查詢系統,52062,豐水梨
00303167002000500,梨-豐水梨,,PSC,農糧產品產銷供應鏈整合服務平台,2030315000059,豐水梨
00303167002000500,梨-豐水梨,,PMG,農業產銷班組織體系資料服務系統,131,豐水梨              
00303167002000500,梨-豐水梨,,MAM,農產品批發市場交易行情站,O5,梨      豐水梨
00303167002000400,梨-新興梨,,SAP,農產品產地價格查詢系統,52064,新興梨
00303167002000400,梨-新興梨,,PSC,農糧產品產銷供應鏈整合服務平台,2030315000042,新興梨
00303167002000400,梨-新興梨,,MAM,農產品批發市場交易行情站,O4,梨      新興梨
00303167002000300,梨-世紀梨,,SAP,農產品產地價格查詢系統,52061,新世紀梨
00303167002000300,梨-世紀梨,,PSC,農糧產品產銷供應鏈整合服務平台,2030315000035,世紀梨
00303167002000300,梨-世紀梨,,PMG,農業產銷班組織體系資料服務系統,135,新世紀梨            
00303167002000300,梨-世紀梨,,MAM,農產品批發市場交易行情站,O3,梨      世紀梨
00303167002000200,梨-秋水梨,,PSC,農糧產品產銷供應鏈整合服務平台,2030315000028,秋水梨
00303167002000200,梨-秋水梨,,MAM,農產品批發市場交易行情站,O2,梨      秋水梨
00303167002000100,梨-橫山梨,,SAP,農產品產地價格查詢系統,52060,橫山梨
00303167002000100,梨-橫山梨,,SAC,農產品生產成本調查系統,174,橫山梨
00303167002000100,梨-橫山梨,,PSC,農糧產品產銷供應鏈整合服務平台,2030315000011,橫山梨
00303167002000100,梨-橫山梨,,PMG,農業產銷班組織體系資料服務系統,134,橫山梨              
00303167002000100,梨-橫山梨,,MAM,農產品批發市場交易行情站,O1,梨      橫山梨
00303167002000001,梨-梨穗,,PMG,農業產銷班組織體系資料服務系統,136,梨穗                
00303167002000001,梨-梨穗,,PFB,農產業天然災害現金救助系統,D13,高接梨穗
00303167002000001,梨-梨穗,,PAR,農糧情調查作業資訊系統,393,高接梨穗
00303167002000000,梨,,SAC,農產品生產成本調查系統,117,寄接梨
00303167002000000,梨,,PSC,農糧產品產銷供應鏈整合服務平台,O,梨
00303167002000000,梨,,PQR,溯源農糧產品追溯系統,003003002,梨
00303167002000000,梨,,PMG,農業產銷班組織體系資料服務系統,132,溫帶梨              
00303167002000000,梨,,PMG,農業產銷班組織體系資料服務系統,129,高接梨              
00303167002000000,梨,,PMG,農業產銷班組織體系資料服務系統,127,梨                  
00303167002000000,梨,,PFB,農產業天然災害現金救助系統,639,梨
00303167002000000,梨,,PAR,農糧情調查作業資訊系統,190,梨
00303167002000000,梨,,FFR,全國糧政跨區即時申辦服務作業平台,674,梨(高接)
00303167002000000,梨,,FFR,全國糧政跨區即時申辦服務作業平台,653,番荔枝(鳳梨釋迦)
00303167002000000,梨,,FFR,全國糧政跨區即時申辦服務作業平台,652,番荔枝(大目種)
00303167002000000,梨,,FFR,全國糧政跨區即時申辦服務作業平台,639,梨
00303167001999950,蘋果-其他品種進口,,MAM,農產品批發市場交易行情站,X09,蘋果其他進口
00303167001999900,蘋果-其他品種,,MAM,農產品批發市場交易行情站,X0,蘋果    其他
00303167001000800,蘋果-蜜蘋果,,SAC,農產品生產成本調查系統,163,蜜蘋果
00303167001000800,蘋果-蜜蘋果,,PMG,農業產銷班組織體系資料服務系統,175,蜜蘋果              
00303167001000750,蘋果-陸奧進口,,MAM,農產品批發市場交易行情站,X79,蘋果陸奧進口
00303167001000700,蘋果-陸奧,,MAM,農產品批發市場交易行情站,X7,蘋果    陸奧
00303167001000650,蘋果-富士進口,,MAM,農產品批發市場交易行情站,X69,蘋果富士進口
00303167001000600,蘋果-富士,,SAP,農產品產地價格查詢系統,52072,富士蘋果
00303167001000600,蘋果-富士,,MAM,農產品批發市場交易行情站,X6,蘋果    富士
00303167001000550,蘋果-紅玉進口,,MAM,農產品批發市場交易行情站,X59,蘋果紅玉進口
00303167001000500,蘋果-紅玉,,MAM,農產品批發市場交易行情站,X5,蘋果    紅玉
00303167001000450,蘋果-金冠進口,,MAM,農產品批發市場交易行情站,X49,蘋果金冠進口
00303167001000400,蘋果-金冠,,SAP,農產品產地價格查詢系統,52071,金冠蘋果
00303167001000400,蘋果-金冠,,PSC,農糧產品產銷供應鏈整合服務平台,2030324000040,金冠
00303167001000400,蘋果-金冠,,MAM,農產品批發市場交易行情站,X4,蘋果    金冠
00303167001000350,蘋果-惠進口,,MAM,農產品批發市場交易行情站,X39,蘋果惠  進口
00303167001000300,蘋果-惠,,PSC,農糧產品產銷供應鏈整合服務平台,2030324000033,惠
00303167001000300,蘋果-惠,,MAM,農產品批發市場交易行情站,X3,蘋果    惠
00303167001000250,蘋果-秋香進口,,MAM,農產品批發市場交易行情站,X29,蘋果秋香進口
00303167001000200,蘋果-秋香,,PSC,農糧產品產銷供應鏈整合服務平台,2030324000026,秋香
00303167001000200,蘋果-秋香,,MAM,農產品批發市場交易行情站,X2,蘋果    秋香
00303167001000150,蘋果-五爪進口,,MAM,農產品批發市場交易行情站,X19,蘋果五爪進口
00303167001000100,蘋果-五爪,,SAP,農產品產地價格查詢系統,52070,五爪蘋果
00303167001000100,蘋果-五爪,,PSC,農糧產品產銷供應鏈整合服務平台,2030324000019,五爪
00303167001000100,蘋果-五爪,,MAM,農產品批發市場交易行情站,X1,蘋果    五爪
00303167001000000,蘋果,,PSC,農糧產品產銷供應鏈整合服務平台,X,蘋果
00303167001000000,蘋果,,PQR,溯源農糧產品追溯系統,003003003,蘋果
00303167001000000,蘋果,,PMG,農業產銷班組織體系資料服務系統,174,蘋果                
00303167001000000,蘋果,,PFB,農產業天然災害現金救助系統,640,蘋果
00303167001000000,蘋果,,PAR,農糧情調查作業資訊系統,191,蘋果
00303167001000000,蘋果,,FFR,全國糧政跨區即時申辦服務作業平台,640,蘋果
00303000000000000,仁果類,,PSC,農糧產品產銷供應鏈整合服務平台,03,仁果類
00302176012000050,奇異果進口,,MAM,農產品批發市場交易行情站,G49,奇異果  進口
00302176012000000,奇異果,,SAP,農產品產地價格查詢系統,51460,彌猴桃
00302176012000000,奇異果,,PSC,農糧產品產銷供應鏈整合服務平台,G4,奇異果
00302176012000000,奇異果,,PQR,溯源農糧產品追溯系統,003002009,獼猴桃
00302176012000000,奇異果,,PFB,農產業天然災害現金救助系統,644,獼猴桃
00302176012000000,奇異果,,PAR,農糧情調查作業資訊系統,195,彌猴桃
00302176012000000,奇異果,,MAM,農產品批發市場交易行情站,G4,奇異果
00302176012000000,奇異果,,FFR,全國糧政跨區即時申辦服務作業平台,644,彌猴桃
00302175031000050,山竹進口,,MAM,農產品批發市場交易行情站,869,山竹    進口
00302175031000000,山竹,,PSC,農糧產品產銷供應鏈整合服務平台,86,山竹
00302175031000000,山竹,,PQR,溯源農糧產品追溯系統,003004003,山竹
00302175031000000,山竹,,MAM,農產品批發市場交易行情站,86,山竹
00302175031000000,山竹,,FFR,全國糧政跨區即時申辦服務作業平台,671,山竹
00302155030000050,榴槤進口,,MAM,農產品批發市場交易行情站,859,榴槤    進口
00302155030000000,榴槤,,PSC,農糧產品產銷供應鏈整合服務平台,85,榴槤
00302155030000000,榴槤,,PQR,溯源農糧產品追溯系統,003004011,榴槤
00302155030000000,榴槤,,MAM,農產品批發市場交易行情站,85,榴槤
00302155030000000,榴槤,,FFR,全國糧政跨區即時申辦服務作業平台,679,榴槤
00302143004999900,鳳梨-其他品種,,MAM,農產品批發市場交易行情站,B0,鳳梨    其他
00302143004000600,鳳梨-甜蜜蜜,,PSC,農糧產品產銷供應鏈整合服務平台,2030202000063,甜蜜蜜
00302143004000600,鳳梨-甜蜜蜜,,MAM,農產品批發市場交易行情站,B6,鳳梨    甜蜜蜜
00302143004000500,鳳梨-牛奶,,SAP,農產品產地價格查詢系統,51622-B7,鳳梨(牛奶)
00302143004000500,鳳梨-牛奶,,PSC,農糧產品產銷供應鏈整合服務平台,2030202000070,牛奶鳳梨
00302143004000500,鳳梨-牛奶,,MAM,農產品批發市場交易行情站,B7,鳳梨    牛奶鳳梨
00302143004000400,鳳梨-蘋果,,PSC,農糧產品產銷供應鏈整合服務平台,2030202000056,蘋果鳳梨
00302143004000400,鳳梨-蘋果,,MAM,農產品批發市場交易行情站,B5,鳳梨    蘋果鳳梨
00302143004000300,鳳梨-香水,,PSC,農糧產品產銷供應鏈整合服務平台,2030202000032,香水鳳梨
00302143004000300,鳳梨-香水,,MAM,農產品批發市場交易行情站,B3,鳳梨    香水鳳梨
00302143004000200,鳳梨-金鑽,,SAP,農產品產地價格查詢系統,51621,鳳梨(17號)
00302143004000200,鳳梨-金鑽,,SAC,農產品生產成本調查系統,166,鳳梨(台農17號)
00302143004000200,鳳梨-金鑽,,PSC,農糧產品產銷供應鏈整合服務平台,2030202000025,金鑽鳳梨
00302143004000200,鳳梨-金鑽,,MAM,農產品批發市場交易行情站,B2,鳳梨    金鑽鳳梨
00302143004000100,鳳梨-開英,,SAP,農產品產地價格查詢系統,51620,鳳梨(開英)
00302143004000100,鳳梨-開英,,PSC,農糧產品產銷供應鏈整合服務平台,2030202000018,開英
00302143004000100,鳳梨-開英,,MAM,農產品批發市場交易行情站,B1,鳳梨    開英
00302143004000050,鳳梨進口,,MAM,農產品批發市場交易行情站,B9,鳳梨    進口
00302143004000000,鳳梨,,SAP,農產品產地價格查詢系統,A5031,鳳梨(二等品)
00302143004000000,鳳梨,,SAP,農產品產地價格查詢系統,A5030,鳳梨(一等品)
00302143004000000,鳳梨,,SAP,農產品產地價格查詢系統,51622,鳯梨
00302143004000000,鳳梨,,SAC,農產品生產成本調查系統,300,鳳梨(有機)
00302143004000000,鳳梨,,PSC,農糧產品產銷供應鏈整合服務平台,B,鳳梨
00302143004000000,鳳梨,,PQR,溯源農糧產品追溯系統,004002006,觀賞鳳梨
00302143004000000,鳳梨,,PQR,溯源農糧產品追溯系統,003002018,鳳梨
00302143004000000,鳳梨,,PMG,農業產銷班組織體系資料服務系統,88,鳳梨                
00302143004000000,鳳梨,,PMG,農業產銷班組織體系資料服務系統,242,觀賞鳳梨            
00302143004000000,鳳梨,,PFB,農產業天然災害現金救助系統,602,鳳梨
00302143004000000,鳳梨,,PAR,農糧情調查作業資訊系統,153,鳳梨
00302143004000000,鳳梨,,FFR,全國糧政跨區即時申辦服務作業平台,602,鳳梨
00302143004000000,鳳梨,,FFR,全國糧政跨區即時申辦服務作業平台,016,契作鳳梨
00302132032000000,木鱉果,,FFR,全國糧政跨區即時申辦服務作業平台,497,木鱉果
00302131008999900,葡萄-其他品種,,PFB,農產業天然災害現金救助系統,633,其他葡萄
00302131008999900,葡萄-其他品種,,PAR,農糧情調查作業資訊系統,184,其他葡萄
00302131008999900,葡萄-其他品種,,MAM,農產品批發市場交易行情站,S0,葡萄    其他
00302131008999900,葡萄-其他品種,,FFR,全國糧政跨區即時申辦服務作業平台,633,其他葡萄
00302131008000700,葡萄-蜜紅,,PSC,農糧產品產銷供應鏈整合服務平台,2030219000056,蜜紅
00302131008000700,葡萄-蜜紅,,PMG,農業產銷班組織體系資料服務系統,115,蜜紅葡萄            
00302131008000700,葡萄-蜜紅,,MAM,農產品批發市場交易行情站,S5,葡萄    蜜紅
00302131008000550,葡萄-無子進口,,MAM,農產品批發市場交易行情站,S49,葡萄無子進口
00302131008000500,葡萄-無子,,MAM,農產品批發市場交易行情站,S4,葡萄    無子
00302131008000400,葡萄-黑后,,SAP,農產品產地價格查詢系統,A5020,黑后葡萄
00302131008000400,葡萄-黑后,,PMG,農業產銷班組織體系資料服務系統,117,黑后葡萄            
00302131008000400,葡萄-黑后,,PFB,農產業天然災害現金救助系統,632,黑后葡萄
00302131008000400,葡萄-黑后,,PAR,農糧情調查作業資訊系統,183,黑后葡萄
00302131008000400,葡萄-黑后,,FFR,全國糧政跨區即時申辦服務作業平台,632,黑后葡萄
00302131008000300,葡萄-金香,,SAP,農產品產地價格查詢系統,A5021,金香葡萄
00302131008000300,葡萄-金香,,PMG,農業產銷班組織體系資料服務系統,116,金香葡萄            
00302131008000300,葡萄-金香,,PFB,農產業天然災害現金救助系統,631,金香葡萄
00302131008000300,葡萄-金香,,PAR,農糧情調查作業資訊系統,182,金香葡萄
00302131008000300,葡萄-金香,,FFR,全國糧政跨區即時申辦服務作業平台,631,金香葡萄
00302131008000200,葡萄-義大利,,PSC,農糧產品產銷供應鏈整合服務平台,2030219000025,義大利
00302131008000200,葡萄-義大利,,PFB,農產業天然災害現金救助系統,630,義大利葡萄
00302131008000200,葡萄-義大利,,PAR,農糧情調查作業資訊系統,181,義大利葡萄
00302131008000200,葡萄-義大利,,MAM,農產品批發市場交易行情站,S2,葡萄    義大利
00302131008000200,葡萄-義大利,,FFR,全國糧政跨區即時申辦服務作業平台,630,義大利葡萄
00302131008000100,葡萄-巨峰,,SAP,農產品產地價格查詢系統,52610,巨峰葡萄
00302131008000100,葡萄-巨峰,,SAC,農產品生產成本調查系統,211,巨峰葡萄
00302131008000100,葡萄-巨峰,,PSC,農糧產品產銷供應鏈整合服務平台,2030219000018,巨峰
00302131008000100,葡萄-巨峰,,PMG,農業產銷班組織體系資料服務系統,114,巨峰葡萄            
00302131008000100,葡萄-巨峰,,PFB,農產業天然災害現金救助系統,629,巨峰葡萄
00302131008000100,葡萄-巨峰,,PAR,農糧情調查作業資訊系統,180,巨峰葡萄
00302131008000100,葡萄-巨峰,,MAM,農產品批發市場交易行情站,S1,葡萄    巨峰
00302131008000100,葡萄-巨峰,,FFR,全國糧政跨區即時申辦服務作業平台,629,巨峰葡萄
00302131008000050,葡萄進口,,MAM,農產品批發市場交易行情站,S9,葡萄    進口
00302131008000000,葡萄,,PSC,農糧產品產銷供應鏈整合服務平台,S,葡萄
00302131008000000,葡萄,,PQR,溯源農糧產品追溯系統,003002015,葡萄
00302131008000000,葡萄,,PMG,農業產銷班組織體系資料服務系統,112,葡萄                
00302126023000000,楊梅,,PSC,農糧產品產銷供應鏈整合服務平台,2030200000423,楊梅
00302126023000000,楊梅,,PQR,溯源農糧產品追溯系統,003002007,楊梅
00302126023000000,楊梅,,PFB,農產業天然災害現金救助系統,649,楊梅
00302126023000000,楊梅,,PAR,農糧情調查作業資訊系統,200,楊梅
00302126023000000,楊梅,,MAM,農產品批發市場交易行情站,42,楊梅
00302126023000000,楊梅,,FFR,全國糧政跨區即時申辦服務作業平台,649,楊梅
00302124029000000,西印度櫻桃,,PQR,溯源農糧產品追溯系統,003004023,西印度櫻桃
00302124029000000,西印度櫻桃,,PMG,農業產銷班組織體系資料服務系統,146,西印度櫻桃          
00302123009999900,楊桃-其他品種,,MAM,農產品批發市場交易行情站,M0,楊桃    其他
00302123009000300,楊桃-馬來亞種,,SAP,農產品產地價格查詢系統,51430,楊桃(馬來種)
00302123009000300,楊桃-馬來亞種,,PSC,農糧產品產銷供應鏈整合服務平台,2030213000038,馬來亞種
00302123009000300,楊桃-馬來亞種,,MAM,農產品批發市場交易行情站,M3,楊桃    馬來亞種
00302123009000200,楊桃-紅龍,,SAP,農產品產地價格查詢系統,51430-M2,楊桃(紅龍)
00302123009000200,楊桃-紅龍,,PSC,農糧產品產銷供應鏈整合服務平台,2030213000021,紅龍
00302123009000200,楊桃-紅龍,,MAM,農產品批發市場交易行情站,M2,楊桃    紅龍
00302123009000100,楊桃-軟枝密絲,,PSC,農糧產品產銷供應鏈整合服務平台,2030213000014,軟枝密絲
00302123009000100,楊桃-軟枝密絲,,MAM,農產品批發市場交易行情站,M1,楊桃    軟枝密絲
00302123009000000,楊桃,,SAC,農產品生產成本調查系統,137,楊桃
00302123009000000,楊桃,,PSC,農糧產品產銷供應鏈整合服務平台,M,楊桃
00302123009000000,楊桃,,PQR,溯源農糧產品追溯系統,003002006,楊桃
00302123009000000,楊桃,,PMG,農業產銷班組織體系資料服務系統,126,楊桃                
00302123009000000,楊桃,,PFB,農產業天然災害現金救助系統,638,楊桃
00302123009000000,楊桃,,PAR,農糧情調查作業資訊系統,189,楊桃
00302123009000000,楊桃,,FFR,全國糧政跨區即時申辦服務作業平台,638,楊桃
00302122013000050,藍莓進口,,MAM,農產品批發市場交易行情站,469,藍莓    進口
00302122013000000,藍莓,,PSC,農糧產品產銷供應鏈整合服務平台,2030200000461,藍莓
00302122013000000,藍莓,,PQR,溯源農糧產品追溯系統,003002022,藍莓
00302122013000000,藍莓,,MAM,農產品批發市場交易行情站,46,藍莓
00302122013000000,藍莓,,FFR,全國糧政跨區即時申辦服務作業平台,683,藍莓
00302112014999900,釋迦-其他品種,,MAM,農產品批發市場交易行情站,30,釋迦    其他
00302112014000300,釋迦-鳳梨釋迦,,SAP,農產品產地價格查詢系統,51420-1,鳳梨釋迦
00302112014000300,釋迦-鳳梨釋迦,,SAC,農產品生產成本調查系統,169,鳳梨釋迦
00302112014000300,釋迦-鳳梨釋迦,,PSC,農糧產品產銷供應鏈整合服務平台,2030200000324,鳳梨釋迦
00302112014000300,釋迦-鳳梨釋迦,,PMG,農業產銷班組織體系資料服務系統,143,鳳梨釋迦            
00302112014000300,釋迦-鳳梨釋迦,,PAR,農糧情調查作業資訊系統,542,番荔枝(鳳梨釋迦)
00302112014000300,釋迦-鳳梨釋迦,,MAM,農產品批發市場交易行情站,32,釋迦    鳳梨釋迦
00302112014000100,釋迦-大目種,,PAR,農糧情調查作業資訊系統,541,番荔枝(大目種)
00302112014000000,釋迦,,SAP,農產品產地價格查詢系統,51420,番荔枝
00302112014000000,釋迦,,SAC,農產品生產成本調查系統,130,番荔枝
00302112014000000,釋迦,,PSC,農糧產品產銷供應鏈整合服務平台,3,釋迦
00302112014000000,釋迦,,PSC,農糧產品產銷供應鏈整合服務平台,2030200000317,釋迦
00302112014000000,釋迦,,PQR,溯源農糧產品追溯系統,003002011,番荔枝
00302112014000000,釋迦,,PMG,農業產銷班組織體系資料服務系統,142,番荔枝              
00302112014000000,釋迦,,PFB,農產業天然災害現金救助系統,642,番荔枝
00302112014000000,釋迦,,PAR,農糧情調查作業資訊系統,193,番荔枝
00302112014000000,釋迦,,MAM,農產品批發市場交易行情站,31,釋迦
00302112014000000,釋迦,,FFR,全國糧政跨區即時申辦服務作業平台,642,番荔枝
00302110001999900,番木瓜-其他品種,,MAM,農產品批發市場交易行情站,I0,木瓜    其他
00302110001000300,番木瓜-青木瓜,,PSC,農糧產品產銷供應鏈整合服務平台,2030209000042,青木瓜
00302110001000300,番木瓜-青木瓜,,MAM,農產品批發市場交易行情站,I4,木瓜    青木瓜
00302110001000200,番木瓜-日昇種,,PSC,農糧產品產銷供應鏈整合服務平台,2030209000035,日昇種
00302110001000200,番木瓜-日昇種,,MAM,農產品批發市場交易行情站,I3,木瓜    日昇種
00302110001000100,番木瓜-紅肉,,MAM,農產品批發市場交易行情站,I2,木瓜    一般紅肉
00302110001000100,番木瓜-紅肉,,MAM,農產品批發市場交易行情站,I1,木瓜    網室紅肉
00302110001000000,番木瓜,,SAP,農產品產地價格查詢系統,51510,木瓜
00302110001000000,番木瓜,,SAC,農產品生產成本調查系統,44,木瓜
00302110001000000,番木瓜,,PSC,農糧產品產銷供應鏈整合服務平台,I,木瓜
00302110001000000,番木瓜,,PQR,溯源農糧產品追溯系統,003002004,木瓜
00302110001000000,番木瓜,,PMG,農業產銷班組織體系資料服務系統,110,木瓜                
00302110001000000,番木瓜,,PFB,農產業天然災害現金救助系統,627,木瓜
00302110001000000,番木瓜,,PAR,農糧情調查作業資訊系統,178,木瓜
00302110001000000,番木瓜,,FFR,全國糧政跨區即時申辦服務作業平台,627,木瓜
00302080022000000,榴槤蜜,,PQR,溯源農糧產品追溯系統,003002025,榴槤蜜
00302080022000000,榴槤蜜,,FFR,全國糧政跨區即時申辦服務作業平台,654,榴槤蜜
00302080021000000,桑椹,,PSC,農糧產品產銷供應鏈整合服務平台,2030200000430,桑椹
00302080021000000,桑椹,,PQR,溯源農糧產品追溯系統,003005007,桑
00302080021000000,桑椹,,PQR,溯源農糧產品追溯系統,003005007,栗子
00302080021000000,桑椹,,PQR,溯源農糧產品追溯系統,003002005,桑椹
00302080021000000,桑椹,,PMG,農業產銷班組織體系資料服務系統,138,桑椹                
00302080021000000,桑椹,,PFB,農產業天然災害現金救助系統,699,桑
00302080021000000,桑椹,,PAR,農糧情調查作業資訊系統,204,桑
00302080021000000,桑椹,,MAM,農產品批發市場交易行情站,43,桑椹
00302080021000000,桑椹,,FFR,全國糧政跨區即時申辦服務作業平台,69B,桑(106年以前申辦)
00302080021000000,桑椹,,FFR,全國糧政跨區即時申辦服務作業平台,69A,桑椹(果)(106年以前申辦)
00302080021000000,桑椹,,FFR,全國糧政跨區即時申辦服務作業平台,699,桑
00302080021000000,桑椹,,FFR,全國糧政跨區即時申辦服務作業平台,697,桑椹(果)
00302080020000000,小波羅蜜,,PQR,溯源農糧產品追溯系統,003002003,小菠蘿蜜
00302080019000050,波羅蜜進口,,MAM,農產品批發市場交易行情站,G99,波蘿蜜  進口
00302080019000000,波羅蜜,,PSC,農糧產品產銷供應鏈整合服務平台,G9,波蘿蜜
00302080019000000,波羅蜜,,PSC,農糧產品產銷供應鏈整合服務平台,2030207000099,波蘿蜜
00302080019000000,波羅蜜,,PQR,溯源農糧產品追溯系統,003002008,波羅蜜
00302080019000000,波羅蜜,,PMG,農業產銷班組織體系資料服務系統,147,波羅蜜              
00302080019000000,波羅蜜,,PFB,農產業天然災害現金救助系統,660,波羅蜜
00302080019000000,波羅蜜,,MAM,農產品批發市場交易行情站,G9,波蘿蜜
00302080019000000,波羅蜜,,FFR,全國糧政跨區即時申辦服務作業平台,659,菠蘿蜜
00302080018000000,無花果,,PQR,溯源農糧產品追溯系統,003005005,無花果(美蓉果)
00302080018000000,無花果,,PMG,農業產銷班組織體系資料服務系統,149,無花果(美蓉果)      
00302080018000000,無花果,,FFR,全國糧政跨區即時申辦服務作業平台,657,無花果
00302079007000000,嘉寶果,,PQR,溯源農糧產品追溯系統,003002024,嘉寶果(樹葡萄)
00302079007000000,嘉寶果,,FFR,全國糧政跨區即時申辦服務作業平台,656,嘉寶果(樹葡萄)
00302079006999900,蓮霧-其他品種,,MAM,農產品批發市場交易行情站,Q0,蓮霧    其他
00302079006000500,蓮霧-黑糖芭比,,MAM,農產品批發市場交易行情站,Q5,蓮霧黑糖芭比
00302079006000400,蓮霧-巴掌蓮霧,,PSC,農糧產品產銷供應鏈整合服務平台,2030217000041,巴掌蓮霧
00302079006000400,蓮霧-巴掌蓮霧,,MAM,農產品批發市場交易行情站,Q4,蓮霧    巴掌蓮霧
00302079006000300,蓮霧-翠玉,,PSC,農糧產品產銷供應鏈整合服務平台,2030217000034,翠玉
00302079006000300,蓮霧-翠玉,,MAM,農產品批發市場交易行情站,Q3,蓮霧    翠玉
00302079006000200,蓮霧-子彈型,,PSC,農糧產品產銷供應鏈整合服務平台,2030217000027,子彈型
00302079006000200,蓮霧-子彈型,,MAM,農產品批發市場交易行情站,Q2,蓮霧    子彈型
00302079006000100,蓮霧-紅蓮霧,,PSC,農糧產品產銷供應鏈整合服務平台,2030217000010,紅蓮霧
00302079006000100,蓮霧-紅蓮霧,,MAM,農產品批發市場交易行情站,Q1,蓮霧    紅蓮霧
00302079006000000,蓮霧,,SAP,農產品產地價格查詢系統,51310,蓮霧
00302079006000000,蓮霧,,SAC,農產品生產成本調查系統,172,蓮霧
00302079006000000,蓮霧,,PSC,農糧產品產銷供應鏈整合服務平台,Q,蓮霧
00302079006000000,蓮霧,,PQR,溯源農糧產品追溯系統,003002016,蓮霧
00302079006000000,蓮霧,,PMG,農業產銷班組織體系資料服務系統,111,蓮霧                
00302079006000000,蓮霧,,PFB,農產業天然災害現金救助系統,628,蓮霧
00302079006000000,蓮霧,,PAR,農糧情調查作業資訊系統,179,蓮霧
00302079006000000,蓮霧,,FFR,全國糧政跨區即時申辦服務作業平台,628,蓮霧
00302079005999900,番石榴-其他品種,,SAP,農產品產地價格查詢系統,51210,番石榴(泰國)
00302079005999900,番石榴-其他品種,,MAM,農產品批發市場交易行情站,P0,番石榴  其他
00302079005000600,番石榴-水晶無子,,PSC,農糧產品產銷供應鏈整合服務平台,2030216000059,水晶無子
00302079005000600,番石榴-水晶無子,,MAM,農產品批發市場交易行情站,P5,番石榴  水晶無子
00302079005000500,番石榴-水晶,,PMG,農業產銷班組織體系資料服務系統,99,番石榴(水晶芭)      
00302079005000400,番石榴-世紀芭,,SAP,農產品產地價格查詢系統,51211,番石榴(世紀)
00302079005000400,番石榴-世紀芭,,PSC,農糧產品產銷供應鏈整合服務平台,2030216000042,世紀芭
00302079005000400,番石榴-世紀芭,,MAM,農產品批發市場交易行情站,P4,番石榴  世紀芭
00302079005000300,番石榴-帝王芭,,PSC,農糧產品產銷供應鏈整合服務平台,2030216000035,帝王芭
00302079005000300,番石榴-帝王芭,,MAM,農產品批發市場交易行情站,P3,番石榴  帝王芭
00302079005000200,番石榴-紅心芭,,PSC,農糧產品產銷供應鏈整合服務平台,2030216000028,紅心
00302079005000200,番石榴-紅心芭,,MAM,農產品批發市場交易行情站,P2,番石榴  紅心
00302079005000100,番石榴-珍珠芭,,SAP,農產品產地價格查詢系統,51212,番石榴(珍珠)
00302079005000100,番石榴-珍珠芭,,PSC,農糧產品產銷供應鏈整合服務平台,2030216000011,珍珠芭
00302079005000100,番石榴-珍珠芭,,PMG,農業產銷班組織體系資料服務系統,97,番石榴(珍珠芭)      
00302079005000100,番石榴-珍珠芭,,MAM,農產品批發市場交易行情站,P1,番石榴  珍珠芭
00302079005000000,番石榴,,SAC,農產品生產成本調查系統,129,番石榴
00302079005000000,番石榴,,PSC,農糧產品產銷供應鏈整合服務平台,P,番石榴
00302079005000000,番石榴,,PQR,溯源農糧產品追溯系統,003002010,番石榴(芭樂)
00302079005000000,番石榴,,PMG,農業產銷班組織體系資料服務系統,98,番石榴(無子芭)      
00302079005000000,番石榴,,PMG,農業產銷班組織體系資料服務系統,96,番石榴(白芭)        
00302079005000000,番石榴,,PMG,農業產銷班組織體系資料服務系統,95,番石榴              
00302079005000000,番石榴,,PFB,農產業天然災害現金救助系統,623,番石榴
00302079005000000,番石榴,,PAR,農糧情調查作業資訊系統,174,番石榴
00302079005000000,番石榴,,FFR,全國糧政跨區即時申辦服務作業平台,623,番石榴
00302064016999900,柿-其他品種,,MAM,農產品批發市場交易行情站,Z0,柿子    其他
00302064016000500,柿-秋柿,,PSC,農糧產品產銷供應鏈整合服務平台,2030326000062,秋柿
00302064016000500,柿-秋柿,,MAM,農產品批發市場交易行情站,Z6,柿子    秋柿
00302064016000400,柿-筆柿,,PSC,農糧產品產銷供應鏈整合服務平台,2030326000055,筆柿
00302064016000400,柿-筆柿,,MAM,農產品批發市場交易行情站,Z5,柿子    筆柿
00302064016000300,柿-甜柿,,SAP,農產品產地價格查詢系統,52041,甜柿
00302064016000300,柿-甜柿,,SAC,農產品生產成本調查系統,122,甜柿
00302064016000300,柿-甜柿,,PSC,農糧產品產銷供應鏈整合服務平台,2030326000048,甜柿
00302064016000300,柿-甜柿,,PMG,農業產銷班組織體系資料服務系統,109,甜柿                
00302064016000300,柿-甜柿,,PFB,農產業天然災害現金救助系統,657,甜柿
00302064016000300,柿-甜柿,,PAR,農糧情調查作業資訊系統,462,甜柿
00302064016000300,柿-甜柿,,MAM,農產品批發市場交易行情站,Z4,柿子    甜柿
00302064016000200,柿-水柿,,SAP,農產品產地價格查詢系統,52040,牛心柿
00302064016000200,柿-水柿,,PSC,農糧產品產銷供應鏈整合服務平台,2030326000024,水柿
00302064016000200,柿-水柿,,PMG,農業產銷班組織體系資料服務系統,107,水柿                
00302064016000200,柿-水柿,,MAM,農產品批發市場交易行情站,Z2,柿子    水柿
00302064016000100,柿-紅柿,,SAP,農產品產地價格查詢系統,52042,紅柿(軟柿)
00302064016000100,柿-紅柿,,PSC,農糧產品產銷供應鏈整合服務平台,2030326000017,紅柿
00302064016000100,柿-紅柿,,PMG,農業產銷班組織體系資料服務系統,108,紅柿                
00302064016000100,柿-紅柿,,MAM,農產品批發市場交易行情站,Z1,柿子    紅柿
00302064016000050,柿子進口,,MAM,農產品批發市場交易行情站,Z9,柿子    進口
00302064016000000,柿子,,SAC,農產品生產成本調查系統,88,柿(鮮食)
00302064016000000,柿子,,PSC,農糧產品產銷供應鏈整合服務平台,Z,柿子
00302064016000000,柿子,,PQR,溯源農糧產品追溯系統,003004029,柿子
00302064016000000,柿子,,PQR,溯源農糧產品追溯系統,003003001,柿
00302064016000000,柿子,,PMG,農業產銷班組織體系資料服務系統,106,柿
00302064016000000,柿子,,PFB,農產業天然災害現金救助系統,626,柿（甜柿除外）
00302064016000000,柿子,,PAR,農糧情調查作業資訊系統,177,柿
00302064016000000,柿子,,FFR,全國糧政跨區即時申辦服務作業平台,626,柿
00302052003000200,芭蕉-紅芭蕉,,PSC,農糧產品產銷供應鏈整合服務平台,2030201000026,芭蕉紅芭蕉
00302052003000200,芭蕉-紅芭蕉,,MAM,農產品批發市場交易行情站,A2,香蕉    芭蕉紅芭蕉
00302052003000100,芭蕉-旦蕉,,PSC,農糧產品產銷供應鏈整合服務平台,2030201000033,旦蕉
00302052003000100,芭蕉-旦蕉,,MAM,農產品批發市場交易行情站,A3,香蕉    旦蕉
00302052003000000,芭蕉,,PQR,溯源農糧產品追溯系統,003002026,芭蕉
00302052002000000,香蕉,,SAP,農產品產地價格查詢系統,A5010,香蕉(外銷)-保證價格
00302052002000000,香蕉,,SAP,農產品產地價格查詢系統,51611,香蕉(外銷)-中等
00302052002000000,香蕉,,SAP,農產品產地價格查詢系統,51610,香蕉(內銷)-中等
00302052002000000,香蕉,,SAC,農產品生產成本調查系統,248,香蕉
00302052002000000,香蕉,,SAC,農產品生產成本調查系統,247,秋冬蕉
00302052002000000,香蕉,,SAC,農產品生產成本調查系統,108,春夏蕉
00302052002000000,香蕉,,PSC,農糧產品產銷供應鏈整合服務平台,A,香蕉
00302052002000000,香蕉,,PSC,農糧產品產銷供應鏈整合服務平台,2030201000019,香蕉
00302052002000000,香蕉,,PQR,溯源農糧產品追溯系統,003002017,香蕉
00302052002000000,香蕉,,PMG,農業產銷班組織體系資料服務系統,87,香蕉                
00302052002000000,香蕉,,PFB,農產業天然災害現金救助系統,601,香蕉
00302052002000000,香蕉,,PAR,農糧情調查作業資訊系統,152,香蕉
00302052002000000,香蕉,,MAM,農產品批發市場交易行情站,A1,香蕉    香蕉
00302052002000000,香蕉,,MAM,農產品批發市場交易行情站,A0,香蕉    其他
00302052002000000,香蕉,,FFR,全國糧政跨區即時申辦服務作業平台,601,香蕉
00302038011000050,紅龍果(進口),,MAM,農產品批發市場交易行情站,819,火龍果  進口
00302038011000000,紅龍果,,SAP,農產品產地價格查詢系統,51651,紅龍果
00302038011000000,紅龍果,,SAC,農產品生產成本調查系統,203,紅龍果
00302038011000000,紅龍果,,PSC,農糧產品產銷供應鏈整合服務平台,81,火龍果
00302038011000000,紅龍果,,PQR,溯源農糧產品追溯系統,003005001,仙蜜果
00302038011000000,紅龍果,,PQR,溯源農糧產品追溯系統,003002019,火龍果
00302038011000000,紅龍果,,PQR,溯源農糧產品追溯系統,003002014,紅龍果
00302038011000000,紅龍果,,PMG,農業產銷班組織體系資料服務系統,173,仙蜜果              
00302038011000000,紅龍果,,PMG,農業產銷班組織體系資料服務系統,148,紅龍果              
00302038011000000,紅龍果,,PFB,農產業天然災害現金救助系統,651,紅龍果
00302038011000000,紅龍果,,PAR,農糧情調查作業資訊系統,202,紅龍果
00302038011000000,紅龍果,,MAM,農產品批發市場交易行情站,FY084,火龍果
00302038011000000,紅龍果,,FFR,全國糧政跨區即時申辦服務作業平台,658,火龍果(漿果)
00302038011000000,紅龍果,,FFR,全國糧政跨區即時申辦服務作業平台,651,紅龍果
00302038010999900,百香果-其他品種,,MAM,農產品批發市場交易行情站,50,百香果  其他
00302038010000100,百香果-改良種,,MAM,農產品批發市場交易行情站,51,百香果  改良種
00302038010000000,百香果,,SAP,農產品產地價格查詢系統,51520,百香果
00302038010000000,百香果,,SAC,農產品生產成本調查系統,62,百香果
00302038010000000,百香果,,PSC,農糧產品產銷供應鏈整合服務平台,5,百香果
00302038010000000,百香果,,PQR,溯源農糧產品追溯系統,003002012,百香果
00302038010000000,百香果,,PMG,農業產銷班組織體系資料服務系統,144,百香果              
00302038010000000,百香果,,PFB,農產業天然災害現金救助系統,643,百香果
00302038010000000,百香果,,PAR,農糧情調查作業資訊系統,194,百香果
00302038010000000,百香果,,FFR,全國糧政跨區即時申辦服務作業平台,643,百香果
00302033024000050,石榴進口,,MAM,農產品批發市場交易行情站,849,石榴    進口
00302033024000000,石榴,,PSC,農糧產品產銷供應鏈整合服務平台,84,石榴
00302033024000000,石榴,,PQR,溯源農糧產品追溯系統,003002013,石榴
00302033024000000,石榴,,MAM,農產品批發市場交易行情站,84,石榴
00302033024000000,石榴,,FFR,全國糧政跨區即時申辦服務作業平台,662,石榴
00302022011999900,紅龍果-其他品種,,MAM,農產品批發市場交易行情站,813,火龍果雙色火龍果
00302022011000200,紅龍果-紅肉,,MAM,農產品批發市場交易行情站,812,火龍果  紅肉
00302022011000100,紅龍果-白肉,,MAM,農產品批發市場交易行情站,811,火龍果  白肉
00302011028000000,人心果,,PSC,農糧產品產銷供應鏈整合服務平台,G5,人心果
00302011028000000,人心果,,PQR,溯源農糧產品追溯系統,003004001,人心果
00302011028000000,人心果,,PFB,農產業天然災害現金救助系統,645,人心果
00302011028000000,人心果,,PAR,農糧情調查作業資訊系統,196,人心果
00302011028000000,人心果,,FFR,全國糧政跨區即時申辦服務作業平台,645,人心果
00302011027000000,神秘果,,FFR,全國糧政跨區即時申辦服務作業平台,660,神秘果
00302011026000000,黃金果,,PSC,農糧產品產銷供應鏈整合服務平台,2030407000028,黃金果
00302011026000000,黃金果,,PQR,溯源農糧產品追溯系統,003002023,黃晶果
00302011026000000,黃金果,,MAM,農產品批發市場交易行情站,G2,黃金果
00302011026000000,黃金果,,FFR,全國糧政跨區即時申辦服務作業平台,655,黃金果
00302011025000000,蛋黃果,,PSC,農糧產品產銷供應鏈整合服務平台,G1,蛋黃果
00302011025000000,蛋黃果,,PSC,農糧產品產銷供應鏈整合服務平台,2030407000011,(仙桃)
00302011025000000,蛋黃果,,PQR,溯源農糧產品追溯系統,003004021,蛋黃果
00302011025000000,蛋黃果,,MAM,農產品批發市場交易行情站,G1,蛋黃果  (仙桃)
00302000000000000,漿果類,,PSC,農糧產品產銷供應鏈整合服務平台,02,漿果類
00302000000000000,漿果類,,PQR,溯源農糧產品追溯系統,003002002,小漿果其它
00302000000000000,漿果類,,PQR,溯源農糧產品追溯系統,003002001,大漿果其它
00301053006000700,金柑與小果柑橘-四季桔,,SAC,農產品生產成本調查系統,267,金桔
00301053006000700,金柑與小果柑橘-四季桔,,PQR,溯源農糧產品追溯系統,003001043,金桔
00301053006000700,金柑與小果柑橘-四季桔,,PQR,溯源農糧產品追溯系統,003001005,四季桔
00301053006000700,金柑與小果柑橘-四季桔,,PMG,農業產銷班組織體系資料服務系統,152,四季桔              
00301053006000700,金柑與小果柑橘-四季桔,,PMG,農業產銷班組織體系資料服務系統,151,金桔                
00301053006000700,金柑與小果柑橘-四季桔,,PFB,農產業天然災害現金救助系統,616,四季桔
00301053006000700,金柑與小果柑橘-四季桔,,PAR,農糧情調查作業資訊系統,167,四季桔
00301053006000700,金柑與小果柑橘-四季桔,,FFR,全國糧政跨區即時申辦服務作業平台,616,四季桔
00301053006000600,金柑與小果柑橘-酸橘,,PSC,農糧產品產銷供應鏈整合服務平台,2030106000046,桔子
00301053006000600,金柑與小果柑橘-酸橘,,MAM,農產品批發市場交易行情站,F4,雜柑    桔子
00301053006000100,金柑與小果柑橘-長實金柑,,SAC,農產品生產成本調查系統,282,金柑
00301053006000000,金柑與小果柑橘,,SAP,農產品產地價格查詢系統,51718,金柑
00301053006000000,金柑與小果柑橘,,SAC,農產品生產成本調查系統,217,金棗
00301053006000000,金柑與小果柑橘,,PSC,農糧產品產銷供應鏈整合服務平台,2030106000022,金棗
00301053006000000,金柑與小果柑橘,,PQR,溯源農糧產品追溯系統,003001037,金柑
00301053006000000,金柑與小果柑橘,,PMG,農業產銷班組織體系資料服務系統,153,金柑                
00301053006000000,金柑與小果柑橘,,PFB,農產業天然災害現金救助系統,613,金柑
00301053006000000,金柑與小果柑橘,,PAR,農糧情調查作業資訊系統,164,金柑
00301053006000000,金柑與小果柑橘,,MAM,農產品批發市場交易行情站,F2,雜柑    金棗
00301053006000000,金柑與小果柑橘,,FFR,全國糧政跨區即時申辦服務作業平台,613,金柑
00301053005000500,枸櫞-香櫞,,PSC,農糧產品產銷供應鏈整合服務平台,G6,香櫞
00301053005000500,枸櫞-香櫞,,PQR,溯源農糧產品追溯系統,003001039,香椽
00301053005000300,枸櫞-廣東檸檬,,PQR,溯源農糧產品追溯系統,003001007,廣東檸檬
00301053005000200,枸櫞-萊姆,,SAP,農產品產地價格查詢系統,51714-F5,檸檬(無籽)
00301053005000200,枸櫞-萊姆,,PSC,農糧產品產銷供應鏈整合服務平台,2030106000053,無子檸檬
00301053005000200,枸櫞-萊姆,,PQR,溯源農糧產品追溯系統,003001029,萊姆
00301053005000200,枸櫞-萊姆,,PQR,溯源農糧產品追溯系統,003001021,無子檸檬
00301053005000200,枸櫞-萊姆,,PFB,農產業天然災害現金救助系統,617,萊姆
00301053005000200,枸櫞-萊姆,,PAR,農糧情調查作業資訊系統,168,萊姆
00301053005000200,枸櫞-萊姆,,MAM,農產品批發市場交易行情站,F5,雜柑    無子檸檬
00301053005000200,枸櫞-萊姆,,FFR,全國糧政跨區即時申辦服務作業平台,617,萊姆
00301053005000100,枸櫞-檸檬,,SAP,農產品產地價格查詢系統,51714,檸檬
00301053005000100,枸櫞-檸檬,,SAC,農產品生產成本調查系統,179,檸檬
00301053005000100,枸櫞-檸檬,,PSC,農糧產品產銷供應鏈整合服務平台,2030106000015,檸檬
00301053005000100,枸櫞-檸檬,,PQR,溯源農糧產品追溯系統,003001017,檸檬
00301053005000100,枸櫞-檸檬,,PMG,農業產銷班組織體系資料服務系統,477,檸檬                
00301053005000100,枸櫞-檸檬,,PFB,農產業天然災害現金救助系統,611,檸檬
00301053005000100,枸櫞-檸檬,,PAR,農糧情調查作業資訊系統,162,檸檬
00301053005000100,枸櫞-檸檬,,MAM,農產品批發市場交易行情站,F1,雜柑    檸檬
00301053005000100,枸櫞-檸檬,,FFR,全國糧政跨區即時申辦服務作業平台,611,檸檬
00301053005000000,枸櫞,,MAM,農產品批發市場交易行情站,G6,香櫞    佛手
00301053004999900,甜橙-其他品種,,MAM,農產品批發市場交易行情站,E0,甜橙    其他
00301053004000700,甜橙-臍橙,,SAC,農產品生產成本調查系統,281,臍橙
00301053004000700,甜橙-臍橙,,PQR,溯源農糧產品追溯系統,003001041,臍橙
00301053004000700,甜橙-臍橙,,PMG,農業產銷班組織體系資料服務系統,162,臍橙                
00301053004000600,甜橙-清見橘橙,,PQR,溯源農糧產品追溯系統,003001019,清見橘橙
00301053004000500,甜橙-無酸橙,,PQR,溯源農糧產品追溯系統,003001022,無酸橙
00301053004000400,甜橙-紅江橙,,PQR,溯源農糧產品追溯系統,003001026,紅江橙
00301053004000300,甜橙-紅肉柳橙,,PSC,農糧產品產銷供應鏈整合服務平台,2030105000030,紅肉柳橙
00301053004000300,甜橙-紅肉柳橙,,PQR,溯源農糧產品追溯系統,003001033,血橙
00301053004000300,甜橙-紅肉柳橙,,MAM,農產品批發市場交易行情站,E3,甜橙    紅肉柳橙
00301053004000200,甜橙-晚崙西亞,,PSC,農糧產品產銷供應鏈整合服務平台,2030105000023,晚崙西亞
00301053004000200,甜橙-晚崙西亞,,PQR,溯源農糧產品追溯系統,003001011,晚崙西亞橙
00301053004000200,甜橙-晚崙西亞,,PMG,農業產銷班組織體系資料服務系統,163,晚崙西亞橙          
00301053004000200,甜橙-晚崙西亞,,PFB,農產業天然災害現金救助系統,610,晚崙西亞橙
00301053004000200,甜橙-晚崙西亞,,PAR,農糧情調查作業資訊系統,161,晚崙西亞橙
00301053004000200,甜橙-晚崙西亞,,MAM,農產品批發市場交易行情站,E2,甜橙晚崙西亞
00301053004000200,甜橙-晚崙西亞,,FFR,全國糧政跨區即時申辦服務作業平台,610,晚崙西亞橙
00301053004000100,甜橙-柳橙,,SAP,農產品產地價格查詢系統,51713,柳橙
00301053004000100,甜橙-柳橙,,SAC,農產品生產成本調查系統,213,柳橙
00301053004000100,甜橙-柳橙,,PSC,農糧產品產銷供應鏈整合服務平台,2030105000016,柳橙
00301053004000100,甜橙-柳橙,,PQR,溯源農糧產品追溯系統,003001014,柳橙
00301053004000100,甜橙-柳橙,,PMG,農業產銷班組織體系資料服務系統,161,柳橙                
00301053004000100,甜橙-柳橙,,PFB,農產業天然災害現金救助系統,604,柳橙
00301053004000100,甜橙-柳橙,,PAR,農糧情調查作業資訊系統,155,柳橙
00301053004000100,甜橙-柳橙,,MAM,農產品批發市場交易行情站,E1,甜橙    柳橙
00301053004000100,甜橙-柳橙,,FFR,全國糧政跨區即時申辦服務作業平台,604,柳橙
00301053004000050,甜橙進口,,MAM,農產品批發市場交易行情站,E9,甜橙    進口
00301053004000000,甜橙,,PSC,農糧產品產銷供應鏈整合服務平台,E,甜橙
00301053003001500,寬皮柑-砂糖橘,,PQR,溯源農糧產品追溯系統,003001024,砂糖橘
00301053003001500,寬皮柑-砂糖橘,,FFR,全國糧政跨區即時申辦服務作業平台,678,砂糖橘
00301053003001400,寬皮柑-金州柑,,PQR,溯源農糧產品追溯系統,003001036,金州柑
00301053003001300,寬皮柑-貢橘,,PQR,溯源農糧產品追溯系統,003001035,貢橘
00301053003001200,寬皮柑-帝王柑,,PQR,溯源農糧產品追溯系統,003001006,帝王柑
00301053003001200,寬皮柑-帝王柑,,PMG,農業產銷班組織體系資料服務系統,158,帝王柑              
00301053003001200,寬皮柑-帝王柑,,FFR,全國糧政跨區即時申辦服務作業平台,675,帝王柑
00301053003001100,寬皮柑-不知火,,PQR,溯源農糧產品追溯系統,003001002,不知火
00301053003001000,寬皮柑-三寶柑,,PQR,溯源農糧產品追溯系統,003001001,三寶柑
00301053003000900,寬皮柑-豔陽柑,,PSC,農糧產品產銷供應鏈整合服務平台,2030103000070,豔陽柑
00301053003000900,寬皮柑-豔陽柑,,PQR,溯源農糧產品追溯系統,003001028,艷陽柑
00301053003000900,寬皮柑-豔陽柑,,MAM,農產品批發市場交易行情站,C7,豔陽柑
00301053003000800,寬皮柑-佛利檬,,PSC,農糧產品產銷供應鏈整合服務平台,2030103000063,佛利檬
00301053003000800,寬皮柑-佛利檬,,PQR,溯源農糧產品追溯系統,003001003,佛利蒙柑
00301053003000800,寬皮柑-佛利檬,,MAM,農產品批發市場交易行情站,C6,佛利檬
00301053003000800,寬皮柑-佛利檬,,FFR,全國糧政跨區即時申辦服務作業平台,69D,佛利蒙柑
00301053003000700,寬皮柑-溫州柑,,PSC,農糧產品產銷供應鏈整合服務平台,2030103000056,溫州柑
00301053003000700,寬皮柑-溫州柑,,PQR,溯源農糧產品追溯系統,003001020,溫州蜜柑
00301053003000700,寬皮柑-溫州柑,,PFB,農產業天然災害現金救助系統,606,溫洲蜜柑
00301053003000700,寬皮柑-溫州柑,,PAR,農糧情調查作業資訊系統,157,溫洲蜜柑
00301053003000700,寬皮柑-溫州柑,,MAM,農產品批發市場交易行情站,C5,溫州柑
00301053003000700,寬皮柑-溫州柑,,FFR,全國糧政跨區即時申辦服務作業平台,606,溫洲蜜柑
00301053003000600,寬皮柑-紅柑,,PSC,農糧產品產銷供應鏈整合服務平台,2030103000049,美女柑
00301053003000600,寬皮柑-紅柑,,PQR,溯源農糧產品追溯系統,003001044,明尼吉柚
00301053003000600,寬皮柑-紅柑,,PQR,溯源農糧產品追溯系統,003001027,美人柑
00301053003000600,寬皮柑-紅柑,,PQR,溯源農糧產品追溯系統,003001010,明尼桔柚
00301053003000600,寬皮柑-紅柑,,PMG,農業產銷班組織體系資料服務系統,172,明尼桔柚            
00301053003000600,寬皮柑-紅柑,,PMG,農業產銷班組織體系資料服務系統,159,美人柑              
00301053003000600,寬皮柑-紅柑,,PFB,農產業天然災害現金救助系統,658,明尼橘柚(美女葡萄柚)
00301053003000600,寬皮柑-紅柑,,MAM,農產品批發市場交易行情站,C4,紅柑    美女柑
00301053003000600,寬皮柑-紅柑,,FFR,全國糧政跨區即時申辦服務作業平台,676,紅柑
00301053003000500,寬皮柑-茂谷柑,,SAP,農產品產地價格查詢系統,51716,茂谷柑
00301053003000500,寬皮柑-茂谷柑,,SAC,農產品生產成本調查系統,99,茂谷柑
00301053003000500,寬皮柑-茂谷柑,,PSC,農糧產品產銷供應鏈整合服務平台,2030103000025,茂谷柑
00301053003000500,寬皮柑-茂谷柑,,PQR,溯源農糧產品追溯系統,003001040,茂谷柑
00301053003000500,寬皮柑-茂谷柑,,PMG,農業產銷班組織體系資料服務系統,157,茂谷柑              
00301053003000500,寬皮柑-茂谷柑,,PFB,農產業天然災害現金救助系統,615,茂谷柑
00301053003000500,寬皮柑-茂谷柑,,PAR,農糧情調查作業資訊系統,166,茂谷柑
00301053003000500,寬皮柑-茂谷柑,,MAM,農產品批發市場交易行情站,C2,茂谷柑
00301053003000500,寬皮柑-茂谷柑,,FFR,全國糧政跨區即時申辦服務作業平台,615,茂谷柑
00301053003000450,寬皮柑-椪柑進口,,MAM,農產品批發市場交易行情站,C9,椪柑    進口
00301053003000400,寬皮柑-椪柑,,SAP,農產品產地價格查詢系統,51710,椪柑
00301053003000400,寬皮柑-椪柑,,SAC,農產品生產成本調查系統,207,椪柑
00301053003000400,寬皮柑-椪柑,,PSC,農糧產品產銷供應鏈整合服務平台,2030103000018,椪柑
00301053003000400,寬皮柑-椪柑,,PQR,溯源農糧產品追溯系統,003001016,椪柑
00301053003000400,寬皮柑-椪柑,,PMG,農業產銷班組織體系資料服務系統,154,椪柑                
00301053003000400,寬皮柑-椪柑,,PFB,農產業天然災害現金救助系統,603,椪柑
00301053003000400,寬皮柑-椪柑,,PAR,農糧情調查作業資訊系統,154,椪柑
00301053003000400,寬皮柑-椪柑,,MAM,農產品批發市場交易行情站,C1,椪柑
00301053003000400,寬皮柑-椪柑,,MAM,農產品批發市場交易行情站,C0,椪柑    其他
00301053003000400,寬皮柑-椪柑,,FFR,全國糧政跨區即時申辦服務作業平台,603,椪柑
00301053003000300,寬皮柑-海梨柑,,SAP,農產品產地價格查詢系統,51715,海梨柑
00301053003000300,寬皮柑-海梨柑,,SAC,農產品生產成本調查系統,110,海梨柑
00301053003000300,寬皮柑-海梨柑,,PSC,農糧產品產銷供應鏈整合服務平台,D,桶柑/海梨
00301053003000300,寬皮柑-海梨柑,,PSC,農糧產品產銷供應鏈整合服務平台,2030104000024,海梨柑
00301053003000300,寬皮柑-海梨柑,,PQR,溯源農糧產品追溯系統,003001018,海梨柑
00301053003000300,寬皮柑-海梨柑,,PMG,農業產銷班組織體系資料服務系統,156,海梨柑              
00301053003000300,寬皮柑-海梨柑,,PFB,農產業天然災害現金救助系統,614,海梨柑
00301053003000300,寬皮柑-海梨柑,,PAR,農糧情調查作業資訊系統,165,海梨柑
00301053003000300,寬皮柑-海梨柑,,MAM,農產品批發市場交易行情站,D2,海梨柑
00301053003000300,寬皮柑-海梨柑,,FFR,全國糧政跨區即時申辦服務作業平台,614,海梨柑
00301053003000200,寬皮柑-桶柑,,SAP,農產品產地價格查詢系統,51711,桶柑
00301053003000200,寬皮柑-桶柑,,SAC,農產品生產成本調查系統,121,桶柑
00301053003000200,寬皮柑-桶柑,,PSC,農糧產品產銷供應鏈整合服務平台,2030104000017,桶柑
00301053003000200,寬皮柑-桶柑,,PQR,溯源農糧產品追溯系統,003001015,桶柑
00301053003000200,寬皮柑-桶柑,,PMG,農業產銷班組織體系資料服務系統,155,桶柑                
00301053003000200,寬皮柑-桶柑,,PFB,農產業天然災害現金救助系統,605,桶柑
00301053003000200,寬皮柑-桶柑,,PAR,農糧情調查作業資訊系統,156,桶柑
00301053003000200,寬皮柑-桶柑,,MAM,農產品批發市場交易行情站,D1,桶柑
00301053003000200,寬皮柑-桶柑,,FFR,全國糧政跨區即時申辦服務作業平台,605,桶柑
00301053002000350,葡萄柚-白肉進口,,MAM,農產品批發市場交易行情站,H59,葡萄柚  進口白肉
00301053002000300,葡萄柚-白肉,,MAM,農產品批發市場交易行情站,H5,葡萄柚  白肉
00301053002000200,葡萄柚-紅寶石,,PSC,農糧產品產銷供應鏈整合服務平台,2030108000419,紅寶石
00301053002000200,葡萄柚-紅寶石,,MAM,農產品批發市場交易行情站,H41,葡萄柚  紅寶石
00301053002000150,葡萄柚-紅肉進口,,MAM,農產品批發市場交易行情站,H49,葡萄柚  進口紅肉
00301053002000100,葡萄柚-紅肉,,MAM,農產品批發市場交易行情站,H4,葡萄柚  紅肉
00301053002000000,葡萄柚,,SAP,農產品產地價格查詢系統,51015,葡萄柚
00301053002000000,葡萄柚,,SAC,農產品生產成本調查系統,204,葡萄柚
00301053002000000,葡萄柚,,PQR,溯源農糧產品追溯系統,003001030,葡萄柚
00301053002000000,葡萄柚,,PMG,農業產銷班組織體系資料服務系統,171,葡萄柚              
00301053002000000,葡萄柚,,PFB,農產業天然災害現金救助系統,612,葡萄柚
00301053002000000,葡萄柚,,PAR,農糧情調查作業資訊系統,163,葡萄柚
00301053002000000,葡萄柚,,FFR,全國糧政跨區即時申辦服務作業平台,612,葡萄柚
00301053001999900,柚子-其他品種,,PFB,農產業天然災害現金救助系統,661,其它柚類
00301053001000700,柚子-蜜柚,,PQR,溯源農糧產品追溯系統,003001032,蜜柚
00301053001000700,柚子-蜜柚,,PMG,農業產銷班組織體系資料服務系統,168,蜜柚                
00301053001000700,柚子-蜜柚,,FFR,全國糧政跨區即時申辦服務作業平台,668,蜜柚
00301053001000600,柚子-香柚,,PQR,溯源農糧產品追溯系統,003001038,香柚
00301053001000600,柚子-香柚,,PMG,農業產銷班組織體系資料服務系統,169,香柚                
00301053001000500,柚子-斗柚,,PQR,溯源農糧產品追溯系統,003001009,斗柚
00301053001000500,柚子-斗柚,,PMG,農業產銷班組織體系資料服務系統,165,斗柚                
00301053001000500,柚子-斗柚,,PFB,農產業天然災害現金救助系統,608,斗柚
00301053001000500,柚子-斗柚,,PAR,農糧情調查作業資訊系統,159,斗柚
00301053001000500,柚子-斗柚,,FFR,全國糧政跨區即時申辦服務作業平台,608,斗柚
00301053001000450,柚子-西施柚進口,,PSC,農糧產品產銷供應鏈整合服務平台,2030108000693,西施柚進口
00301053001000450,柚子-西施柚進口,,MAM,農產品批發市場交易行情站,H69,柚子    西施柚進口
00301053001000400,柚子-西施柚,,PSC,農糧產品產銷供應鏈整合服務平台,2030108000068,西施柚
00301053001000400,柚子-西施柚,,PQR,溯源農糧產品追溯系統,003001034,西施柚
00301053001000400,柚子-西施柚,,PMG,農業產銷班組織體系資料服務系統,170,西施柚              
00301053001000400,柚子-西施柚,,MAM,農產品批發市場交易行情站,H6,柚子    西施柚
00301053001000400,柚子-西施柚,,FFR,全國糧政跨區即時申辦服務作業平台,665,西施柚
00301053001000300,柚子-紅柚,,PSC,農糧產品產銷供應鏈整合服務平台,2030108000037,紅柚
00301053001000300,柚子-紅柚,,PQR,溯源農糧產品追溯系統,003001025,紅柚
00301053001000300,柚子-紅柚,,PMG,農業產銷班組織體系資料服務系統,167,紅柚                
00301053001000300,柚子-紅柚,,MAM,農產品批發市場交易行情站,H3,柚子    紅柚
00301053001000200,柚子-白柚,,SAP,農產品產地價格查詢系統,51717,白柚
00301053001000200,柚子-白柚,,PSC,農糧產品產銷供應鏈整合服務平台,2030108000020,白柚
00301053001000200,柚子-白柚,,PQR,溯源農糧產品追溯系統,003001023,白柚
00301053001000200,柚子-白柚,,PMG,農業產銷班組織體系資料服務系統,166,白柚                
00301053001000200,柚子-白柚,,PFB,農產業天然災害現金救助系統,609,白柚
00301053001000200,柚子-白柚,,PAR,農糧情調查作業資訊系統,160,白柚
00301053001000200,柚子-白柚,,MAM,農產品批發市場交易行情站,H2,柚子    白柚
00301053001000200,柚子-白柚,,FFR,全國糧政跨區即時申辦服務作業平台,609,白柚
00301053001000100,柚子-文旦,,SAP,農產品產地價格查詢系統,51712,文旦
00301053001000100,柚子-文旦,,SAC,農產品生產成本調查系統,43,文旦柚
00301053001000100,柚子-文旦,,PSC,農糧產品產銷供應鏈整合服務平台,2030108000013,文旦
00301053001000100,柚子-文旦,,PQR,溯源農糧產品追溯系統,003001042,文旦柚
00301053001000100,柚子-文旦,,PMG,農業產銷班組織體系資料服務系統,164,文旦柚              
00301053001000100,柚子-文旦,,PFB,農產業天然災害現金救助系統,607,文旦柚
00301053001000100,柚子-文旦,,PAR,農糧情調查作業資訊系統,158,文旦柚
00301053001000100,柚子-文旦,,MAM,農產品批發市場交易行情站,H1,柚子    文旦
00301053001000100,柚子-文旦,,FFR,全國糧政跨區即時申辦服務作業平台,607,文旦柚
00301053001000050,柚子進口,,MAM,農產品批發市場交易行情站,H9,柚子    進口
00301053001000000,柚子,,PSC,農糧產品產銷供應鏈整合服務平台,H,柚
00301053001000000,柚子,,PQR,溯源農糧產品追溯系統,003001013,柚子
00301000999000250,其他柑橘-雜柑類進口,,MAM,農產品批發市場交易行情站,F9   ,雜柑    進口      
00301000999000200,其他柑橘-雜柑類,,PSC,農糧產品產銷供應鏈整合服務平台,F,雜柑
00301000999000200,其他柑橘-雜柑類,,PQR,溯源農糧產品追溯系統,003001998,其他雜交柑類
00301000999000200,其他柑橘-雜柑類,,PMG,農業產銷班組織體系資料服務系統,160,其他雜柑            
00301000999000200,其他柑橘-雜柑類,,MAM,農產品批發市場交易行情站,F0   ,雜柑    其他      
00301000999000200,其他柑橘-雜柑類,,FFR,全國糧政跨區即時申辦服務作業平台,618,其他雜柑
00301000999000100,其他柑橘-虎頭柑,,PSC,農糧產品產銷供應鏈整合服務平台,2030103000032,虎頭柑
00301000999000100,其他柑橘-虎頭柑,,PQR,溯源農糧產品追溯系統,003001031,虎頭柑
00301000999000100,其他柑橘-虎頭柑,,MAM,農產品批發市場交易行情站,C3,虎頭柑
00301000999000000,其他柑橘,,PQR,溯源農糧產品追溯系統,003001004,其它柑橘
00301000999000000,其他柑橘,,PFB,農產業天然災害現金救助系統,618,其他柑橘
00301000999000000,其他柑橘,,PAR,農糧情調查作業資訊系統,169,其他柑桔
00301000000000000,柑橘類,,PSC,農糧產品產銷供應鏈整合服務平台,C,柑
00301000000000000,柑橘類,,PSC,農糧產品產銷供應鏈整合服務平台,01,柑橘類
00301000000000000,柑橘類,,PQR,溯源農糧產品追溯系統,003001012,柑橘
00301000000000000,柑橘類,,PMG,農業產銷班組織體系資料服務系統,150,柑桔                
00300000000000000,果樹類,,PSC,農糧產品產銷供應鏈整合服務平台,03,果品
00299162002000000,海菜,,PSC,農糧產品產銷供應鏈整合服務平台,LT3,海菜
00299162002000000,海菜,,PSC,農糧產品產銷供應鏈整合服務平台,LT,海菜
00299084001000000,海帶,,PSC,農糧產品產銷供應鏈整合服務平台,2020112200028,海帶
00299084001000000,海帶,,MAM,農產品批發市場交易行情站,LT2,海菜    海帶
00299000999000000,其他蔬菜,,PSC,農糧產品產銷供應鏈整合服務平台,99,其他蔬菜
00299000999000000,其他蔬菜,,PQR,溯源農糧產品追溯系統,002006998,其他蔬菜
00299000999000000,其他蔬菜,,PAR,農糧情調查作業資訊系統,392,其他蔬菜
00299000998000000,其他長期蔬菜,,PFB,農產業天然災害現金救助系統,499,其他長期蔬菜
00299000996000000,採種用蔬菜,,PFB,農產業天然災害現金救助系統,400,採種用蔬菜
00299000996000000,採種用蔬菜,,PAR,農糧情調查作業資訊系統,57,採種用蔬菜
00299000996000000,採種用蔬菜,,FFR,全國糧政跨區即時申辦服務作業平台,4B2,契作採種用蔬菜
00299000996000000,採種用蔬菜,,FFR,全國糧政跨區即時申辦服務作業平台,400,採種用蔬菜
00210183011000000,靈芝,,PQR,溯源農糧產品追溯系統,002005031,靈芝
00210183011000000,靈芝,,PMG,農業產銷班組織體系資料服務系統,351,靈芝                
00210165015000000,舞菇,,PQR,溯源農糧產品追溯系統,002005018,舞菇
00210163008000000,茶樹菇,,PSC,農糧產品產銷供應鏈整合服務平台,MN,*柳松菇
00210163008000000,茶樹菇,,PSC,農糧產品產銷供應鏈整合服務平台,2020513140015,柳松菇
00210163008000000,茶樹菇,,PQR,溯源農糧產品追溯系統,002005019,茶樹菇
00210163008000000,茶樹菇,,PQR,溯源農糧產品追溯系統,002005006,柳松菇
00210163008000000,茶樹菇,,PMG,農業產銷班組織體系資料服務系統,346,柳松菇              
00210163008000000,茶樹菇,,MAM,農產品批發市場交易行情站,MN2,柳松菇  盒裝
00210163008000000,茶樹菇,,MAM,農產品批發市場交易行情站,MN1,柳松菇
00210163008000000,茶樹菇,,MAM,農產品批發市場交易行情站,MN0,柳松菇  其他
00210139028000000,白木耳,,PQR,溯源農糧產品追溯系統,002005029,雪耳
00210139028000000,白木耳,,PQR,溯源農糧產品追溯系統,002005026,白木耳(銀耳)
00210139028000000,白木耳,,PMG,農業產銷班組織體系資料服務系統,350,白木耳              
00210139028000000,白木耳,,PFB,農產業天然災害現金救助系統,956,白木耳
00210139028000000,白木耳,,PAR,農糧情調查作業資訊系統,247,白木耳
00210139028000000,白木耳,,FFR,全國糧政跨區即時申辦服務作業平台,956,白木耳
00210109012000000,猴頭菇,,PSC,農糧產品產銷供應鏈整合服務平台,MM,*猴頭菇
00210109012000000,猴頭菇,,PSC,農糧產品產銷供應鏈整合服務平台,2020513130016,猴頭菇
00210109012000000,猴頭菇,,PQR,溯源農糧產品追溯系統,002005010,猴頭菇
00210109012000000,猴頭菇,,PMG,農業產銷班組織體系資料服務系統,342,猴頭菇              
00210109012000000,猴頭菇,,MAM,農產品批發市場交易行情站,MM2,猴頭菇  盒裝
00210109012000000,猴頭菇,,MAM,農產品批發市場交易行情站,MM1,猴頭菇
00210109012000000,猴頭菇,,MAM,農產品批發市場交易行情站,MM0,猴頭菇  其他
00210103004000000,雞肉絲菇,,PQR,溯源農糧產品追溯系統,002005027,雞肉絲菇
00210103003000000,雞腿菇,,PQR,溯源農糧產品追溯系統,002005028,雞腿菇
00210103002000000,巴西蘑菇,,PSC,農糧產品產銷供應鏈整合服務平台,MG,巴西蘑菇(白菇)
00210103002000000,巴西蘑菇,,PSC,農糧產品產銷供應鏈整合服務平台,2020513070015,巴西蘑菇
00210103002000000,巴西蘑菇,,PQR,溯源農糧產品追溯系統,002005003,巴西蘑菇
00210103002000000,巴西蘑菇,,PMG,農業產銷班組織體系資料服務系統,347,巴西蘑菇            
00210103002000000,巴西蘑菇,,MAM,農產品批發市場交易行情站,MG2,巴西蘑菇盒裝
00210103002000000,巴西蘑菇,,MAM,農產品批發市場交易行情站,MG1,巴西蘑菇
00210103002000000,巴西蘑菇,,MAM,農產品批發市場交易行情站,MG0,巴西蘑菇其他
00210103001000000,洋菇,,SAP,農產品產地價格查詢系統,A2011,洋菇(二級品)
00210103001000000,洋菇,,SAP,農產品產地價格查詢系統,A2010,洋菇(一級品)
00210103001000000,洋菇,,SAP,農產品產地價格查詢系統,27010,洋菇
00210103001000000,洋菇,,PSC,農糧產品產銷供應鏈整合服務平台,MA,洋菇
00210103001000000,洋菇,,PSC,農糧產品產銷供應鏈整合服務平台,2020513010011,洋菇
00210103001000000,洋菇,,PQR,溯源農糧產品追溯系統,002005007,洋菇
00210103001000000,洋菇,,PMG,農業產銷班組織體系資料服務系統,336,洋菇                
00210103001000000,洋菇,,PFB,農產業天然災害現金救助系統,951,洋菇
00210103001000000,洋菇,,PAR,農糧情調查作業資訊系統,242,洋菇
00210103001000000,洋菇,,MAM,農產品批發市場交易行情站,MA2,洋菇    盒裝
00210103001000000,洋菇,,MAM,農產品批發市場交易行情站,MA1,洋菇
00210103001000000,洋菇,,MAM,農產品批發市場交易行情站,MA0,洋菇    其他
00210103001000000,洋菇,,FFR,全國糧政跨區即時申辦服務作業平台,951,洋菇
00210101010000000,北蟲草,,PQR,溯源農糧產品追溯系統,002005021,北蟲草
00210095026000000,滑菇,,PQR,溯源農糧產品追溯系統,002005008,滑菇
00210090023000000,粉紅玫瑰菇,,PQR,溯源農糧產品追溯系統,002005015,粉紅玫瑰菇
00210090022000000,蠔菇,,PSC,農糧產品產銷供應鏈整合服務平台,MF,蠔菇
00210090022000000,蠔菇,,PQR,溯源農糧產品追溯系統,002005022,蠔菇(大力菇)
00210090022000000,蠔菇,,PQR,溯源農糧產品追溯系統,002005001,側耳(白面蘑菇)
00210090022000000,蠔菇,,PFB,農產業天然災害現金救助系統,958,蠔菇
00210090022000000,蠔菇,,PAR,農糧情調查作業資訊系統,249,蠔菇
00210090022000000,蠔菇,,MAM,農產品批發市場交易行情站,MF2,蠔菇    盒裝
00210090022000000,蠔菇,,MAM,農產品批發市場交易行情站,MF0,蠔菇    其他
00210090022000000,蠔菇,,FFR,全國糧政跨區即時申辦服務作業平台,958,蠔菇
00210090021000000,秀珍菇,,PSC,農糧產品產銷供應鏈整合服務平台,MI,秀珍菇
00210090021000000,秀珍菇,,PSC,農糧產品產銷供應鏈整合服務平台,2020513090013,秀珍菇
00210090021000000,秀珍菇,,PQR,溯源農糧產品追溯系統,002005013,秀珍菇
00210090021000000,秀珍菇,,PMG,農業產銷班組織體系資料服務系統,344,秀珍菇              
00210090021000000,秀珍菇,,MAM,農產品批發市場交易行情站,MI2,秀珍菇  盒裝
00210090021000000,秀珍菇,,MAM,農產品批發市場交易行情站,MI1,秀珍菇
00210090021000000,秀珍菇,,MAM,農產品批發市場交易行情站,MI0,秀珍菇  其他
00210090020000000,白靈菇,,PQR,溯源農糧產品追溯系統,002005012,白靈菇
00210090020000000,白靈菇,,PQR,溯源農糧產品追溯系統,002005002,小白靈
00210090019000000,杏鮑菇,,SAP,農產品產地價格查詢系統,27050,杏鮑菇
00210090019000000,杏鮑菇,,PSC,農糧產品產銷供應鏈整合服務平台,MJ,杏鮑菇
00210090019000000,杏鮑菇,,PSC,農糧產品產銷供應鏈整合服務平台,2020513100019,杏鮑菇
00210090019000000,杏鮑菇,,PQR,溯源農糧產品追溯系統,002005005,杏鮑菇
00210090019000000,杏鮑菇,,PMG,農業產銷班組織體系資料服務系統,343,杏鮑菇              
00210090019000000,杏鮑菇,,MAM,農產品批發市場交易行情站,MJ2,杏鮑菇  盒裝
00210090019000000,杏鮑菇,,MAM,農產品批發市場交易行情站,MJ1,杏鮑菇
00210090019000000,杏鮑菇,,MAM,農產品批發市場交易行情站,MJ0,杏鮑菇  其他
00210090018000000,鮑魚菇,,SAP,農產品產地價格查詢系統,27040,鮑魚菇
00210090018000000,鮑魚菇,,PSC,農糧產品產銷供應鏈整合服務平台,2020513060016,鮑魚菇
00210090018000000,鮑魚菇,,PQR,溯源農糧產品追溯系統,002005034,鮑魚菇
00210090018000000,鮑魚菇,,MAM,農產品批發市場交易行情站,MF1,蠔菇    鮑魚菇
00210090017000000,珊瑚菇,,PSC,農糧產品產銷供應鏈整合服務平台,ML,*珊瑚菇
00210090017000000,珊瑚菇,,PSC,農糧產品產銷供應鏈整合服務平台,2020513120017,珊瑚菇
00210090017000000,珊瑚菇,,PQR,溯源農糧產品追溯系統,002005011,珊瑚菇
00210090017000000,珊瑚菇,,PMG,農業產銷班組織體系資料服務系統,345,珊瑚菇              
00210090017000000,珊瑚菇,,MAM,農產品批發市場交易行情站,ML2,珊瑚菇  盒裝
00210090017000000,珊瑚菇,,MAM,農產品批發市場交易行情站,ML1,珊瑚菇
00210090017000000,珊瑚菇,,MAM,農產品批發市場交易行情站,ML0,珊瑚菇  其他
00210089016000000,竹蓀,,PQR,溯源農糧產品追溯系統,002005014,竹蓀
00210032025000000,雲芝,,PQR,溯源農糧產品追溯系統,002005030,雲芝
00210031024000000,草菇,,PSC,農糧產品產銷供應鏈整合服務平台,MB,草菇
00210031024000000,草菇,,PSC,農糧產品產銷供應鏈整合服務平台,2020513020010,草菇
00210031024000000,草菇,,PQR,溯源農糧產品追溯系統,002005020,草菇
00210031024000000,草菇,,PMG,農業產銷班組織體系資料服務系統,340,草菇                
00210031024000000,草菇,,PFB,農產業天然災害現金救助系統,954,草菇
00210031024000000,草菇,,PAR,農糧情調查作業資訊系統,245,草菇
00210031024000000,草菇,,MAM,農產品批發市場交易行情站,MB1,草菇
00210031024000000,草菇,,MAM,農產品批發市場交易行情站,MB0,草菇    其他
00210031024000000,草菇,,FFR,全國糧政跨區即時申辦服務作業平台,954,草菇
00210021009000000,牛肝菌,,PQR,溯源農糧產品追溯系統,002005009,牛肝菌
00210015007000000,毛木耳,,PSC,農糧產品產銷供應鏈整合服務平台,MC,濕木耳
00210015007000000,毛木耳,,PSC,農糧產品產銷供應鏈整合服務平台,2020513030019,濕木耳
00210015007000000,毛木耳,,PMG,農業產銷班組織體系資料服務系統,348,木耳                
00210015007000000,毛木耳,,PFB,農產業天然災害現金救助系統,955,木耳
00210015007000000,毛木耳,,PAR,農糧情調查作業資訊系統,246,木耳
00210015007000000,毛木耳,,MAM,農產品批發市場交易行情站,MC2,濕木耳  盒裝
00210015007000000,毛木耳,,MAM,農產品批發市場交易行情站,MC1,濕木耳
00210015007000000,毛木耳,,MAM,農產品批發市場交易行情站,MC0,濕木耳  其他
00210015007000000,毛木耳,,FFR,全國糧政跨區即時申辦服務作業平台,955,木耳
00210015006000000,斤耳,,PQR,溯源農糧產品追溯系統,002005004,斤耳
00210015005000000,黑木耳,,SAP,農產品產地價格查詢系統,27030,木耳(黑色溼)
00210015005000000,黑木耳,,PQR,溯源農糧產品追溯系統,002005037,濕木耳
00210015005000000,黑木耳,,PQR,溯源農糧產品追溯系統,002005036,黑木耳(毛木耳)
00210015005000000,黑木耳,,PMG,農業產銷班組織體系資料服務系統,349,黑木耳              
00210007014000000,香菇,,SAP,農產品產地價格查詢系統,27021,香菇(太空包)鮮
00210007014000000,香菇,,SAC,農產品生產成本調查系統,1071,鮮香菇(太空包)(每萬包)
00210007014000000,香菇,,SAC,農產品生產成本調查系統,107,香菇(太空包)(每萬包)
00210007014000000,香菇,,PSC,農糧產品產銷供應鏈整合服務平台,MD,濕香菇
00210007014000000,香菇,,PSC,農糧產品產銷供應鏈整合服務平台,2020513040018,濕香菇
00210007014000000,香菇,,PQR,溯源農糧產品追溯系統,002005038,濕香菇
00210007014000000,香菇,,PQR,溯源農糧產品追溯系統,002005032,香菇
00210007014000000,香菇,,PMG,農業產銷班組織體系資料服務系統,339,太空包香菇          
00210007014000000,香菇,,PMG,農業產銷班組織體系資料服務系統,338,段木香菇            
00210007014000000,香菇,,PMG,農業產銷班組織體系資料服務系統,337,香菇                
00210007014000000,香菇,,PFB,農產業天然災害現金救助系統,953,太空包香菇
00210007014000000,香菇,,PFB,農產業天然災害現金救助系統,952,段木香菇
00210007014000000,香菇,,PAR,農糧情調查作業資訊系統,244,太空包香菇
00210007014000000,香菇,,PAR,農糧情調查作業資訊系統,243,段木香菇
00210007014000000,香菇,,MAM,農產品批發市場交易行情站,MD1,濕香菇
00210007014000000,香菇,,MAM,農產品批發市場交易行情站,MD0,濕香菇  其他
00210007014000000,香菇,,FFR,全國糧政跨區即時申辦服務作業平台,953,太空包香菇
00210007014000000,香菇,,FFR,全國糧政跨區即時申辦服務作業平台,952,段木香菇
00210007013000000,金針菇,,PSC,農糧產品產銷供應鏈整合服務平台,ME,金絲菇
00210007013000000,金針菇,,PSC,農糧產品產銷供應鏈整合服務平台,2020513050017,金針菇
00210007013000000,金針菇,,PQR,溯源農糧產品追溯系統,002005025,金針菇
00210007013000000,金針菇,,PMG,農業產銷班組織體系資料服務系統,341,金針菇              
00210007013000000,金針菇,,PFB,農產業天然災害現金救助系統,957,金針菇
00210007013000000,金針菇,,PAR,農糧情調查作業資訊系統,248,金針菇
00210007013000000,金針菇,,MAM,農產品批發市場交易行情站,ME2,金絲菇  盒裝
00210007013000000,金針菇,,MAM,農產品批發市場交易行情站,ME1,金絲菇  金針菇
00210007013000000,金針菇,,MAM,農產品批發市場交易行情站,ME0,金絲菇  其他
00210007013000000,金針菇,,FFR,全國糧政跨區即時申辦服務作業平台,957,金針菇
00210005034000000,松茸,,PSC,農糧產品產銷供應鏈整合服務平台,MH,松茸
00210005034000000,松茸,,PSC,農糧產品產銷供應鏈整合服務平台,2020513080014,松茸
00210005034000000,松茸,,PQR,溯源農糧產品追溯系統,002005039,松茸
00210005034000000,松茸,,MAM,農產品批發市場交易行情站,MH2,松茸    盒裝
00210005034000000,松茸,,MAM,農產品批發市場交易行情站,MH1,松茸
00210005033000000,紫丁香蘑,,PQR,溯源農糧產品追溯系統,002005016,紫丁香蘑
00210005032000000,金福菇,,PQR,溯源農糧產品追溯系統,002005024,金福菇
00210005030000000,鴻喜菇,,PSC,農糧產品產銷供應鏈整合服務平台,MK,鴻禧菇
00210005030000000,鴻喜菇,,PSC,農糧產品產銷供應鏈整合服務平台,2020513110018,鴻禧菇
00210005030000000,鴻喜菇,,PQR,溯源農糧產品追溯系統,002005035,鴻喜菇
00210005030000000,鴻喜菇,,MAM,農產品批發市場交易行情站,MK2,鴻禧菇  盒裝
00210005030000000,鴻喜菇,,MAM,農產品批發市場交易行情站,MK1,鴻禧菇
00210005030000000,鴻喜菇,,MAM,農產品批發市場交易行情站,MK0,鴻禧菇  其他
00210005029000000,酒杯菇,,PQR,溯源農糧產品追溯系統,002005023,酒杯菇
00210000999000000,其他菇類,,PSC,農糧產品產銷供應鏈整合服務平台,MX,其他菇類
00210000999000000,其他菇類,,PSC,農糧產品產銷供應鏈整合服務平台,2020513240012,其他菇類
00210000999000000,其他菇類,,PQR,溯源農糧產品追溯系統,002005998,其他菇類
00210000999000000,其他菇類,,PQR,溯源農糧產品追溯系統,002005033,高溫菇
00210000999000000,其他菇類,,PMG,農業產銷班組織體系資料服務系統,352,其他菇類            
00210000999000000,其他菇類,,PFB,農產業天然災害現金救助系統,959,其他菇類
00210000999000000,其他菇類,,PAR,農糧情調查作業資訊系統,250,其他菇類
00210000999000000,其他菇類,,MAM,農產品批發市場交易行情站,MX1,其他菇類
00210000999000000,其他菇類,,FFR,全國糧政跨區即時申辦服務作業平台,959,其他菇類
00210000000000000,菇蕈類,,PSC,農糧產品產銷供應鏈整合服務平台,05,菇類
00210000000000000,菇蕈類,,FFR,全國糧政跨區即時申辦服務作業平台,950,菇類
00209044013000000,綠豆芽,,PSC,農糧產品產銷供應鏈整合服務平台,2020419240017,綠豆芽
00209044013000000,綠豆芽,,PQR,溯源農糧產品追溯系統,002004020,綠豆芽
00209044013000000,綠豆芽,,MAM,農產品批發市場交易行情站,SX1,芽菜類  綠豆芽
00209044012000000,紅豆芽,,PQR,溯源農糧產品追溯系統,002004019,紅豆芽
00209044011000000,蠶豆芽,,PQR,溯源農糧產品追溯系統,002004040,蠶豆芽
00209044010000050,豌豆芽菜進口,,MAM,農產品批發市場交易行情站,FL95,豌豆進口 豌豆苗
00209044010000000,豌豆芽菜,,PSC,農糧產品產銷供應鏈整合服務平台,2020419240031,豌豆芽
00209044010000000,豌豆芽菜,,PSC,農糧產品產銷供應鏈整合服務平台,2020206120058,豌豆苗
00209044010000000,豌豆芽菜,,MAM,農產品批發市場交易行情站,SX3,芽菜類  豌豆芽
00209044010000000,豌豆芽菜,,MAM,農產品批發市場交易行情站,FL5,豌豆    豌豆苗
00209044010000000,豌豆芽菜,,FFR,全國糧政跨區即時申辦服務作業平台,4BD,葉用豌豆
00209044010000000,豌豆芽菜,,FFR,全國糧政跨區即時申辦服務作業平台,4AS,豌豆苗
00209044009000000,苜蓿芽,,PSC,農糧產品產銷供應鏈整合服務平台,2020419240048,苜蓿芽
00209044009000000,苜蓿芽,,PQR,溯源農糧產品追溯系統,002004024,苜宿芽
00209044009000000,苜蓿芽,,MAM,農產品批發市場交易行情站,SX4,芽菜類  苜蓿芽
00209044007000000,黃豆芽,,PSC,農糧產品產銷供應鏈整合服務平台,2020419240024,黃豆芽
00209044007000000,黃豆芽,,PQR,溯源農糧產品追溯系統,002004047,黃豆芽
00209044007000000,黃豆芽,,MAM,農產品批發市場交易行情站,SX2,芽菜類  黃豆芽
00209044006000000,蕎麥芽菜,,PQR,溯源農糧產品追溯系統,002004033,蕎麥芽
00209002004000000,蘿蔔芽菜,,PSC,農糧產品產銷供應鏈整合服務平台,2020419240055,蘿蔔嬰
00209002004000000,蘿蔔芽菜,,PQR,溯源農糧產品追溯系統,002001062,蘿蔔菜芽
00209002004000000,蘿蔔芽菜,,MAM,農產品批發市場交易行情站,SX5,芽菜類  蘿蔔嬰
00209002003000000,青花菜芽菜,,PQR,溯源農糧產品追溯系統,002001061,青花菜芽
00209002002000000,芥藍芽菜,,PSC,農糧產品產銷供應鏈整合服務平台,2020112110037,芥藍芽
00209002002000000,芥藍芽菜,,PQR,溯源農糧產品追溯系統,002001060,芥藍菜芽
00209002002000000,芥藍芽菜,,MAM,農產品批發市場交易行情站,LK3,芥藍菜  芥藍芽
00209002001000000,甘藍芽菜,,SAP,農產品產地價格查詢系統,24031,甘藍芽
00209002001000000,甘藍芽菜,,PSC,農糧產品產銷供應鏈整合服務平台,2020112010061,甘藍芽
00209002001000000,甘藍芽菜,,MAM,農產品批發市場交易行情站,LA6,甘藍    甘藍芽
00209000000000000,芽菜類,,PSC,農糧產品產銷供應鏈整合服務平台,SX,芽菜類
00209000000000000,芽菜類,,MAM,農產品批發市場交易行情站,SX0  ,芽菜類  其他      
00208167011000050,草莓進口,,MAM,農產品批發市場交易行情站,459,草莓    進口
00208167011000000,草莓,,SAP,農產品產地價格查詢系統,26840,草莓
00208167011000000,草莓,,SAC,農產品生產成本調查系統,114,草莓
00208167011000000,草莓,,PSC,農糧產品產銷供應鏈整合服務平台,2020200000455,草莓
00208167011000000,草莓,,PQR,溯源農糧產品追溯系統,003002021,草莓
00208167011000000,草莓,,PMG,農業產銷班組織體系資料服務系統,79,草莓                
00208167011000000,草莓,,PFB,農產業天然災害現金救助系統,414,草莓
00208167011000000,草莓,,PAR,農糧情調查作業資訊系統,68,草莓
00208167011000000,草莓,,MAM,農產品批發市場交易行情站,45,草莓
00208167011000000,草莓,,FFR,全國糧政跨區即時申辦服務作業平台,409,草莓
00208155009000050,黃秋葵進口,,MAM,農產品批發市場交易行情站,IY056,進口黃秋葵
00208155009000000,黃秋葵,,PSC,農糧產品產銷供應鏈整合服務平台,FA1,黃秋葵
00208155009000000,黃秋葵,,PSC,農糧產品產銷供應鏈整合服務平台,2020206010014,黃秋葵
00208155009000000,黃秋葵,,PQR,溯源農糧產品追溯系統,002002039,黃秋葵
00208155009000000,黃秋葵,,PFB,農產業天然災害現金救助系統,489,黃秋葵
00208155009000000,黃秋葵,,PAR,農糧情調查作業資訊系統,128,黃秋葵
00208155009000000,黃秋葵,,MAM,農產品批發市場交易行情站,FY056,黃秋葵
00208155009000000,黃秋葵,,MAM,農產品批發市場交易行情站,FA1,黃秋葵
00208155009000000,黃秋葵,,FFR,全國糧政跨區即時申辦服務作業平台,4BI,秋葵
00208155009000000,黃秋葵,,FFR,全國糧政跨區即時申辦服務作業平台,489,秋葵
00208114007000000,破布子,,PQR,溯源農糧產品追溯系統,002002017,破布子
00208114007000000,破布子,,PFB,農產業天然災害現金救助系統,343,破布子
00208114007000000,破布子,,FFR,全國糧政跨區即時申辦服務作業平台,252,破布子
00208080010000000,麵包果,,PQR,溯源農糧產品追溯系統,002002038,麵包果
00208075006000000,香瓜茄,,PSC,農糧產品產銷供應鏈整合服務平台,2030407000059,香瓜梨
00208075006000000,香瓜茄,,PQR,溯源農糧產品追溯系統,002002036,香瓜茄
00208075006000000,香瓜茄,,MAM,農產品批發市場交易行情站,G5,香瓜梨
00208075006000000,香瓜茄,,FFR,全國糧政跨區即時申辦服務作業平台,4BA,香瓜茄
00208075005999900,茄子-其它品種,,MAM,農產品批發市場交易行情站,FI0,茄子    其他
00208075005000400,茄子-日本圓茄,,MAM,農產品批發市場交易行情站,FI3,茄子    日本種
00208075005000300,茄子-麻芝茄,,PSC,農糧產品產銷供應鏈整合服務平台,2020206090023,麻荸茄
00208075005000300,茄子-麻芝茄,,MAM,農產品批發市場交易行情站,FI2,茄子    麻荸茄
00208075005000100,茄子-胭脂茄,,SAP,農產品產地價格查詢系統,A2047,茄子(胭脂)
00208075005000100,茄子-胭脂茄,,PSC,農糧產品產銷供應鏈整合服務平台,2020206090016,胭脂茄
00208075005000100,茄子-胭脂茄,,MAM,農產品批發市場交易行情站,FI1,茄子    胭脂茄
00208075005000000,茄子,,SAP,農產品產地價格查詢系統,26080,茄子
00208075005000000,茄子,,SAC,農產品生產成本調查系統,200,茄子
00208075005000000,茄子,,PSC,農糧產品產銷供應鏈整合服務平台,FI,茄子
00208075005000000,茄子,,PQR,溯源農糧產品追溯系統,002002023,茄子
00208075005000000,茄子,,PMG,農業產銷班組織體系資料服務系統,67,茄子                
00208075005000000,茄子,,PFB,農產業天然災害現金救助系統,477,茄子
00208075005000000,茄子,,PAR,農糧情調查作業資訊系統,116,茄子
00208075005000000,茄子,,FFR,全國糧政跨區即時申辦服務作業平台,477,茄子
00208075004999900,小果番茄-其它品種,,MAM,農產品批發市場交易行情站,70,小番茄  其他
00208075004000300,小果番茄-嬌女,,PSC,農糧產品產銷供應鏈整合服務平台,2020200000738,嬌女
00208075004000300,小果番茄-嬌女,,MAM,農產品批發市場交易行情站,73,小番茄  嬌女
00208075004000200,小果番茄-聖女,,SAP,農產品產地價格查詢系統,26091,小蕃茄(聖女)
00208075004000200,小果番茄-聖女,,PSC,農糧產品產銷供應鏈整合服務平台,2020200000721,聖女
00208075004000200,小果番茄-聖女,,MAM,農產品批發市場交易行情站,72,小番茄  聖女
00208075004000100,小果番茄-玉女,,SAP,農產品產地價格查詢系統,26092,小番茄(玉女)
00208075004000100,小果番茄-玉女,,SAC,農產品生產成本調查系統,242,設施小番茄(玉女)
00208075004000100,小果番茄-玉女,,PSC,農糧產品產銷供應鏈整合服務平台,2020200000745,玉女
00208075004000100,小果番茄-玉女,,MAM,農產品批發市場交易行情站,74,小番茄  玉女
00208075004000000,小果番茄,,SAC,農產品生產成本調查系統,243,食用小番茄(設施)
00208075004000000,小果番茄,,SAC,農產品生產成本調查系統,102,食用小番茄
00208075004000000,小果番茄,,PSC,農糧產品產銷供應鏈整合服務平台,7,小番茄
00208075004000000,小果番茄,,MAM,農產品批發市場交易行情站,71,小番茄  ㄧ般
00208075003999900,番茄-其它品種,,MAM,農產品批發市場交易行情站,FJ0,番茄    其他
00208075003000500,番茄-牛番茄,,SAP,農產品產地價格查詢系統,26093,牛蕃茄
00208075003000500,番茄-牛番茄,,PSC,農糧產品產銷供應鏈整合服務平台,2020206100036,牛蕃茄
00208075003000500,番茄-牛番茄,,MAM,農產品批發市場交易行情站,FJ3,番茄    牛蕃茄
00208075003000300,番茄-粉柿番茄,,PSC,農糧產品產銷供應鏈整合服務平台,2020206100029,粉柿
00208075003000300,番茄-粉柿番茄,,MAM,農產品批發市場交易行情站,FJ2,番茄    粉柿
00208075003000100,番茄-黑柿番茄,,SAP,農產品產地價格查詢系統,26090,番茄(黑柿)
00208075003000100,番茄-黑柿番茄,,PSC,農糧產品產銷供應鏈整合服務平台,2020206100012,黑柿
00208075003000100,番茄-黑柿番茄,,MAM,農產品批發市場交易行情站,FJ1,番茄    黑柿
00208075003000000,番茄,,SAC,農產品生產成本調查系統,257,食用大番茄
00208075003000000,番茄,,PSC,農糧產品產銷供應鏈整合服務平台,FJ,番茄
00208075003000000,番茄,,PQR,溯源農糧產品追溯系統,002002016,番茄
00208075003000000,番茄,,PMG,農業產銷班組織體系資料服務系統,68,番茄                
00208075003000000,番茄,,PFB,農產業天然災害現金救助系統,425,食用番茄
00208075003000000,番茄,,PAR,農糧情調查作業資訊系統,77,食用番茄
00208075003000000,番茄,,FFR,全國糧政跨區即時申辦服務作業平台,418,食用番茄
00208075002999950,辣椒-其它品種進口,,MAM,農產品批發市場交易行情站,FV90,辣椒進口 其他
00208075002999900,辣椒-其它品種,,MAM,農產品批發市場交易行情站,FV0,辣椒    其他
00208075002000650,辣椒-糯米椒進口,,MAM,農產品批發市場交易行情站,FV96,辣椒進口 糯米椒
00208075002000600,辣椒-糯米椒,,PSC,農糧產品產銷供應鏈整合服務平台,2020206220062,糯米椒
00208075002000600,辣椒-糯米椒,,MAM,農產品批發市場交易行情站,FV6,辣椒    糯米椒
00208075002000550,辣椒-青龍辣椒進口,,MAM,農產品批發市場交易行情站,FV95,辣椒進口 青龍
00208075002000500,辣椒-青龍辣椒,,PSC,農糧產品產銷供應鏈整合服務平台,2020206220055,青龍
00208075002000500,辣椒-青龍辣椒,,MAM,農產品批發市場交易行情站,FV5,辣椒    青龍
00208075002000450,辣椒-朝天椒進口,,MAM,農產品批發市場交易行情站,FV94,辣椒進口 朝天椒
00208075002000400,辣椒-朝天椒,,PSC,農糧產品產銷供應鏈整合服務平台,2020206220048,朝天椒
00208075002000400,辣椒-朝天椒,,MAM,農產品批發市場交易行情站,FV4,辣椒    朝天椒
00208075002000350,辣椒-雞心辣椒進口,,MAM,農產品批發市場交易行情站,FV93,辣椒進口 雞心
00208075002000300,辣椒-雞心辣椒,,PSC,農糧產品產銷供應鏈整合服務平台,2020206220031,雞心
00208075002000300,辣椒-雞心辣椒,,MAM,農產品批發市場交易行情站,FV3,辣椒    雞心
00208075002000250,辣椒-青小進口,,MAM,農產品批發市場交易行情站,FV92,辣椒進口 青小
00208075002000200,辣椒-青小,,PSC,農糧產品產銷供應鏈整合服務平台,2020206220024,青小
00208075002000200,辣椒-青小,,MAM,農產品批發市場交易行情站,FV2,辣椒    青小
00208075002000150,辣椒-紅小進口,,MAM,農產品批發市場交易行情站,FV91,辣椒進口 紅小
00208075002000100,辣椒-紅小,,PSC,農糧產品產銷供應鏈整合服務平台,2020206220017,紅小
00208075002000100,辣椒-紅小,,MAM,農產品批發市場交易行情站,FV1,辣椒    紅小
00208075002000050,辣椒進口,,MAM,農產品批發市場交易行情站,FV9,辣椒    進口
00208075002000000,辣椒,,SAP,農產品產地價格查詢系統,26710,辣椒
00208075002000000,辣椒,,SAC,農產品生產成本調查系統,201,一期作辣椒
00208075002000000,辣椒,,PSC,農糧產品產銷供應鏈整合服務平台,FV,辣椒
00208075002000000,辣椒,,PQR,溯源農糧產品追溯系統,004005030,觀賞辣椒
00208075002000000,辣椒,,PQR,溯源農糧產品追溯系統,002002035,辣椒
00208075002000000,辣椒,,PQR,溯源農糧產品追溯系統,002002015,番椒
00208075002000000,辣椒,,PMG,農業產銷班組織體系資料服務系統,71,辣椒                
00208075002000000,辣椒,,PMG,農業產銷班組織體系資料服務系統,69,番椒                
00208075002000000,辣椒,,PFB,農產業天然災害現金救助系統,482,辣椒
00208075002000000,辣椒,,PAR,農糧情調查作業資訊系統,121,辣椒
00208075002000000,辣椒,,FFR,全國糧政跨區即時申辦服務作業平台,482,辣椒
00208075001999950,甜椒-其它品種進口,,MAM,農產品批發市場交易行情站,FK90,甜椒進口 其他
00208075001999900,甜椒-其它品種,,MAM,農產品批發市場交易行情站,FK0,甜椒    其他
00208075001000400,甜椒-水果彩椒,,MAM,農產品批發市場交易行情站,FK6,甜椒水果彩椒
00208075001000350,甜椒-青椒進口,,MAM,農產品批發市場交易行情站,FK95,甜椒進口 青椒
00208075001000300,甜椒-青椒,,SAP,農產品產地價格查詢系統,26100,甜椒(青椒)
00208075001000300,甜椒-青椒,,PSC,農糧產品產銷供應鏈整合服務平台,2020206110059,青椒
00208075001000300,甜椒-青椒,,MAM,農產品批發市場交易行情站,FK5,甜椒    青椒
00208075001000300,甜椒-青椒,,FFR,全國糧政跨區即時申辦服務作業平台,4B7,青椒
00208075001000250,甜椒-彩色種甜椒進口,,MAM,農產品批發市場交易行情站,FK94,甜椒進口 彩色種
00208075001000200,甜椒-彩色種甜椒,,PSC,農糧產品產銷供應鏈整合服務平台,2020206110042,彩色種
00208075001000200,甜椒-彩色種甜椒,,PFB,農產業天然災害現金救助系統,494,彩色甜椒
00208075001000200,甜椒-彩色種甜椒,,PAR,農糧情調查作業資訊系統,461,彩色甜椒
00208075001000200,甜椒-彩色種甜椒,,MAM,農產品批發市場交易行情站,FK43,甜椒彩色種 橘色
00208075001000200,甜椒-彩色種甜椒,,MAM,農產品批發市場交易行情站,FK42,甜椒彩色種 黃色
00208075001000200,甜椒-彩色種甜椒,,MAM,農產品批發市場交易行情站,FK41,甜椒彩色種 紅色
00208075001000200,甜椒-彩色種甜椒,,MAM,農產品批發市場交易行情站,FK40,甜椒彩色種 其他
00208075001000200,甜椒-彩色種甜椒,,MAM,農產品批發市場交易行情站,FK4,甜椒    彩色種
00208075001000100,甜椒-新香,,PSC,農糧產品產銷供應鏈整合服務平台,2020206110035,新香
00208075001000100,甜椒-新香,,MAM,農產品批發市場交易行情站,FK3,甜椒    新香
00208075001000050,甜椒進口,,MAM,農產品批發市場交易行情站,FK9,甜椒    進口
00208075001000000,甜椒,,SAP,農產品產地價格查詢系統,A2048,甜椒
00208075001000000,甜椒,,SAC,農產品生產成本調查系統,31,二期作甜椒
00208075001000000,甜椒,,SAC,農產品生產成本調查系統,15,一期作甜椒
00208075001000000,甜椒,,PSC,農糧產品產銷供應鏈整合服務平台,FK,甜椒
00208075001000000,甜椒,,PQR,溯源農糧產品追溯系統,002002013,甜椒
00208075001000000,甜椒,,PMG,農業產銷班組織體系資料服務系統,70,甜椒                
00208075001000000,甜椒,,PFB,農產業天然災害現金救助系統,481,甜椒(彩色甜椒除外)
00208075001000000,甜椒,,PAR,農糧情調查作業資訊系統,120,甜椒
00208075001000000,甜椒,,FFR,全國糧政跨區即時申辦服務作業平台,481,甜椒(含青椒)
00208004008000000,菱角,,SAP,農產品產地價格查詢系統,27060,菱角
00208004008000000,菱角,,SAC,農產品生產成本調查系統,132,菱角
00208004008000000,菱角,,PSC,農糧產品產銷供應鏈整合服務平台,SR,菱角
00208004008000000,菱角,,PSC,農糧產品產銷供應鏈整合服務平台,2020219180049,熟菱角
00208004008000000,菱角,,PSC,農糧產品產銷供應鏈整合服務平台,2020219180018,生菱角
00208004008000000,菱角,,PQR,溯源農糧產品追溯系統,002002026,菱角
00208004008000000,菱角,,PMG,農業產銷班組織體系資料服務系統,77,菱角                
00208004008000000,菱角,,PFB,農產業天然災害現金救助系統,492,菱角
00208004008000000,菱角,,PAR,農糧情調查作業資訊系統,131,菱角
00208004008000000,菱角,,MAM,農產品批發市場交易行情站,SR4,菱角    熟菱角
00208004008000000,菱角,,MAM,農產品批發市場交易行情站,SR3,菱角    去殼
00208004008000000,菱角,,MAM,農產品批發市場交易行情站,SR1,菱角    生菱角
00208004008000000,菱角,,FFR,全國糧政跨區即時申辦服務作業平台,492,菱角
00208000999000000,其他果菜,,PQR,溯源農糧產品追溯系統,002002998,其他果菜
00208000999000000,其他果菜,,PMG,農業產銷班組織體系資料服務系統,81,其他果菜            
00208000999000000,其他果菜,,PAR,農糧情調查作業資訊系統,133,其他果菜
00208000999000000,其他果菜,,FFR,全國糧政跨區即時申辦服務作業平台,499,其他果菜類
00208000000000000,果菜類,,PSC,農糧產品產銷供應鏈整合服務平台,02,果菜類
00208000000000000,果菜類,,PMG,農業產銷班組織體系資料服務系統,54,果菜類              
00207132011000000,蛇瓜,,PQR,溯源農糧產品追溯系統,002002029,蛇瓜
00207132010000000,隼人瓜,,PSC,農糧產品產銷供應鏈整合服務平台,FU,隼人瓜
00207132010000000,隼人瓜,,PSC,農糧產品產銷供應鏈整合服務平台,2020206210018,隼人瓜
00207132010000000,隼人瓜,,PQR,溯源農糧產品追溯系統,002006007,隼人瓜(佛手瓜)
00207132010000000,隼人瓜,,PQR,溯源農糧產品追溯系統,002002009,梨瓜
00207132010000000,隼人瓜,,PFB,農產業天然災害現金救助系統,484,佛手瓜
00207132010000000,隼人瓜,,PAR,農糧情調查作業資訊系統,123,佛手瓜
00207132010000000,隼人瓜,,MAM,農產品批發市場交易行情站,FU2,隼人瓜  瓜苗
00207132010000000,隼人瓜,,MAM,農產品批發市場交易行情站,FU1,隼人瓜
00207132010000000,隼人瓜,,FFR,全國糧政跨區即時申辦服務作業平台,484,佛手瓜
00207132009999900,甜瓜-其它品種,,MAM,農產品批發市場交易行情站,V0,甜瓜    其他
00207132009999900,甜瓜-其它品種,,FFR,全國糧政跨區即時申辦服務作業平台,495,其它甜瓜
00207132009001000,甜瓜-阿露斯洋香瓜,,MAM,農產品批發市場交易行情站,W8,洋香瓜阿露斯
00207132009000900,甜瓜-新疆洋香瓜,,PSC,農糧產品產銷供應鏈整合服務平台,2020223000043,新疆
00207132009000900,甜瓜-新疆洋香瓜,,MAM,農產品批發市場交易行情站,W4,洋香瓜  新疆
00207132009000800,甜瓜-網紋綠肉洋香瓜,,SAP,農產品產地價格查詢系統,26310-W2,洋香瓜(網狀青肉)
00207132009000800,甜瓜-網紋綠肉洋香瓜,,MAM,農產品批發市場交易行情站,W2,洋香瓜  網狀綠肉
00207132009000700,甜瓜-網紋紅肉洋香瓜,,SAP,農產品產地價格查詢系統,26310-W1,洋香瓜(網狀紅肉)
00207132009000700,甜瓜-網紋紅肉洋香瓜,,MAM,農產品批發市場交易行情站,W1,洋香瓜  網狀紅肉
00207132009000600,甜瓜-網紋白肉洋香瓜,,MAM,農產品批發市場交易行情站,W3,洋香瓜  網狀白肉
00207132009000500,甜瓜-光面綠肉洋香瓜,,SAP,農產品產地價格查詢系統,26310-W6,洋香瓜(光面青肉)
00207132009000500,甜瓜-光面綠肉洋香瓜,,PSC,農糧產品產銷供應鏈整合服務平台,2020223000067,光面綠肉
00207132009000500,甜瓜-光面綠肉洋香瓜,,MAM,農產品批發市場交易行情站,W6,洋香瓜  光面綠肉
00207132009000400,甜瓜-光面紅肉洋香瓜,,PSC,農糧產品產銷供應鏈整合服務平台,2020223000050,光面紅肉
00207132009000400,甜瓜-光面紅肉洋香瓜,,MAM,農產品批發市場交易行情站,W5,洋香瓜  光面紅肉
00207132009000300,甜瓜-光面白肉洋香瓜,,PSC,農糧產品產銷供應鏈整合服務平台,2020223000074,光面白肉
00207132009000300,甜瓜-光面白肉洋香瓜,,MAM,農產品批發市場交易行情站,W7,洋香瓜  光面白肉
00207132009000250,甜瓜-洋香瓜進口,,MAM,農產品批發市場交易行情站,W9,洋香瓜  進口
00207132009000200,甜瓜-洋香瓜,,SAP,農產品產地價格查詢系統,26310,洋香瓜
00207132009000200,甜瓜-洋香瓜,,SAC,農產品生產成本調查系統,28,二期作洋香瓜
00207132009000200,甜瓜-洋香瓜,,SAC,農產品生產成本調查系統,10,一期作洋香瓜
00207132009000200,甜瓜-洋香瓜,,PSC,農糧產品產銷供應鏈整合服務平台,W,洋香瓜
00207132009000200,甜瓜-洋香瓜,,PQR,溯源農糧產品追溯系統,002002041,洋香瓜(哈蜜瓜)
00207132009000200,甜瓜-洋香瓜,,PMG,農業產銷班組織體系資料服務系統,66,洋香瓜              
00207132009000200,甜瓜-洋香瓜,,PFB,農產業天然災害現金救助系統,411,洋香瓜
00207132009000200,甜瓜-洋香瓜,,PAR,農糧情調查作業資訊系統,65,洋香瓜
00207132009000200,甜瓜-洋香瓜,,MAM,農產品批發市場交易行情站,W0,洋香瓜  其他
00207132009000200,甜瓜-洋香瓜,,FFR,全國糧政跨區即時申辦服務作業平台,406,洋香瓜
00207132009000100,甜瓜-香瓜,,SAP,農產品產地價格查詢系統,26410,香瓜(美濃瓜)
00207132009000100,甜瓜-香瓜,,PSC,農糧產品產銷供應鏈整合服務平台,2020222000013,美濃
00207132009000100,甜瓜-香瓜,,PQR,溯源農糧產品追溯系統,002002040,香瓜(美濃瓜)
00207132009000100,甜瓜-香瓜,,PMG,農業產銷班組織體系資料服務系統,65,香瓜                
00207132009000100,甜瓜-香瓜,,PFB,農產業天然災害現金救助系統,412,香瓜
00207132009000100,甜瓜-香瓜,,PAR,農糧情調查作業資訊系統,66,香瓜
00207132009000100,甜瓜-香瓜,,MAM,農產品批發市場交易行情站,V1,甜瓜    美濃
00207132009000100,甜瓜-香瓜,,FFR,全國糧政跨區即時申辦服務作業平台,407,香瓜
00207132009000000,甜瓜,,PSC,農糧產品產銷供應鏈整合服務平台,V,甜瓜
00207132009000000,甜瓜,,PQR,溯源農糧產品追溯系統,002002014,甜瓜
00207132009000000,甜瓜,,MAM,農產品批發市場交易行情站,V2,甜瓜    溫室吊瓜
00207132008999900,越瓜-其它品種,,MAM,農產品批發市場交易行情站,FS0,越瓜    其他
00207132008000200,越瓜-白色越瓜,,PSC,農糧產品產銷供應鏈整合服務平台,2020206060033,白瓜
00207132008000200,越瓜-白色越瓜,,MAM,農產品批發市場交易行情站,FS2,越瓜    白色
00207132008000100,越瓜-青色越瓜,,MAM,農產品批發市場交易行情站,FS1,越瓜    青色
00207132008000000,越瓜,,SAP,農產品產地價格查詢系統,26010,越瓜
00207132008000000,越瓜,,PSC,農糧產品產銷供應鏈整合服務平台,FS,越瓜
00207132008000000,越瓜,,PQR,溯源農糧產品追溯系統,002006008,越瓜
00207132008000000,越瓜,,PMG,農業產銷班組織體系資料服務系統,62,越瓜(菴瓜)          
00207132008000000,越瓜,,PFB,農產業天然災害現金救助系統,474,越瓜
00207132008000000,越瓜,,PAR,農糧情調查作業資訊系統,113,越瓜
00207132008000000,越瓜,,FFR,全國糧政跨區即時申辦服務作業平台,474,越瓜
00207132007999900,西瓜-其它品種,,MAM,農產品批發市場交易行情站,T0,西瓜    其他
00207132007000900,西瓜-甜美人,,MAM,農產品批發市場交易行情站,T8,西瓜甜美人
00207132007000800,西瓜-瓜子瓜,,PQR,溯源農糧產品追溯系統,002002012,瓜子瓜
00207132007000800,西瓜-瓜子瓜,,PFB,農產業天然災害現金救助系統,413,瓜子瓜
00207132007000800,西瓜-瓜子瓜,,PAR,農糧情調查作業資訊系統,67,瓜子瓜
00207132007000800,西瓜-瓜子瓜,,FFR,全國糧政跨區即時申辦服務作業平台,408,瓜子瓜
00207132007000700,西瓜-秀鈴,,PSC,農糧產品產銷供應鏈整合服務平台,2020220000077,秀鈴
00207132007000700,西瓜-秀鈴,,MAM,農產品批發市場交易行情站,T7,西瓜    秀鈴
00207132007000600,西瓜-紅肉西瓜,,MAM,農產品批發市場交易行情站,T6,西瓜    紅肉
00207132007000500,西瓜-黃肉西瓜,,MAM,農產品批發市場交易行情站,T5,西瓜    黃肉
00207132007000400,西瓜-鳳光,,PSC,農糧產品產銷供應鏈整合服務平台,2020220000046,鳳光英妙
00207132007000400,西瓜-鳳光,,MAM,農產品批發市場交易行情站,T4,西瓜    鳳光英妙
00207132007000300,西瓜-黑美人,,PSC,農糧產品產銷供應鏈整合服務平台,2020220000039,黑美人
00207132007000300,西瓜-黑美人,,MAM,農產品批發市場交易行情站,T3,西瓜    黑美人
00207132007000200,西瓜-無子西瓜,,SAP,農產品產地價格查詢系統,26212,西瓜(無子)
00207132007000200,西瓜-無子西瓜,,SAC,農產品生產成本調查系統,224,一期作無子西瓜
00207132007000200,西瓜-無子西瓜,,SAC,農產品生產成本調查系統,128,無子西瓜
00207132007000200,西瓜-無子西瓜,,PSC,農糧產品產銷供應鏈整合服務平台,2020220000022,無子西瓜
00207132007000200,西瓜-無子西瓜,,MAM,農產品批發市場交易行情站,T2,西瓜    無子西瓜
00207132007000100,西瓜-大西瓜,,SAP,農產品產地價格查詢系統,26210,西瓜(大粒)
00207132007000100,西瓜-大西瓜,,SAC,農產品生產成本調查系統,22,二期作大西瓜
00207132007000100,西瓜-大西瓜,,SAC,農產品生產成本調查系統,1,一期作大西瓜
00207132007000100,西瓜-大西瓜,,PSC,農糧產品產銷供應鏈整合服務平台,2020220000015,大西瓜
00207132007000100,西瓜-大西瓜,,MAM,農產品批發市場交易行情站,T1,西瓜    大西瓜
00207132007000050,西瓜進口,,MAM,農產品批發市場交易行情站,T9,西瓜    進口
00207132007000000,西瓜,,SAP,農產品產地價格查詢系統,26211,西瓜(小粒)
00207132007000000,西瓜,,SAC,農產品生產成本調查系統,278,一期作小西瓜
00207132007000000,西瓜,,SAC,農產品生產成本調查系統,24,二期作小西瓜
00207132007000000,西瓜,,PSC,農糧產品產銷供應鏈整合服務平台,T,西瓜
00207132007000000,西瓜,,PQR,溯源農糧產品追溯系統,002002046,西瓜(嘉寶瓜)
00207132007000000,西瓜,,PQR,溯源農糧產品追溯系統,002002031,西瓜
00207132007000000,西瓜,,PMG,農業產銷班組織體系資料服務系統,64,西瓜                
00207132007000000,西瓜,,PFB,農產業天然災害現金救助系統,410,西瓜
00207132007000000,西瓜,,PAR,農糧情調查作業資訊系統,64,西瓜
00207132007000000,西瓜,,FFR,全國糧政跨區即時申辦服務作業平台,405,西瓜
00207132006999900,苦瓜-其它品種,,MAM,農產品批發市場交易行情站,FG0,苦瓜    其他
00207132006000400,苦瓜-翠綠苦瓜,,PSC,農糧產品產銷供應鏈整合服務平台,2020206070049,翠綠
00207132006000400,苦瓜-翠綠苦瓜,,MAM,農產品批發市場交易行情站,FG4,苦瓜    翠綠
00207132006000300,苦瓜-山苦瓜,,PSC,農糧產品產銷供應鏈整合服務平台,2020206070032,山苦瓜
00207132006000300,苦瓜-山苦瓜,,PQR,溯源農糧產品追溯系統,002006012,山苦瓜
00207132006000300,苦瓜-山苦瓜,,PMG,農業產銷班組織體系資料服務系統,59,山苦瓜              
00207132006000300,苦瓜-山苦瓜,,MAM,農產品批發市場交易行情站,FG3,苦瓜    山苦瓜
00207132006000300,苦瓜-山苦瓜,,FFR,全國糧政跨區即時申辦服務作業平台,4AA,山苦瓜
00207132006000200,苦瓜-青色苦瓜,,PSC,農糧產品產銷供應鏈整合服務平台,2020206070025,青大米
00207132006000200,苦瓜-青色苦瓜,,MAM,農產品批發市場交易行情站,FG2,苦瓜    青大米
00207132006000100,苦瓜-白色苦瓜,,PSC,農糧產品產銷供應鏈整合服務平台,2020206070018,白大米
00207132006000100,苦瓜-白色苦瓜,,MAM,農產品批發市場交易行情站,FG1,苦瓜    白大米
00207132006000050,苦瓜進口,,MAM,農產品批發市場交易行情站,FG9,苦瓜    進口
00207132006000000,苦瓜,,SAP,農產品產地價格查詢系統,A2046,苦瓜
00207132006000000,苦瓜,,SAP,農產品產地價格查詢系統,26050,苦瓜
00207132006000000,苦瓜,,SAC,農產品生產成本調查系統,111,苦瓜
00207132006000000,苦瓜,,SAC,農產品生產成本調查系統,11,一期作苦瓜
00207132006000000,苦瓜,,PSC,農糧產品產銷供應鏈整合服務平台,FG,苦瓜
00207132006000000,苦瓜,,PQR,溯源農糧產品追溯系統,002006003,苦瓜
00207132006000000,苦瓜,,PMG,農業產銷班組織體系資料服務系統,58,苦瓜                
00207132006000000,苦瓜,,PFB,農產業天然災害現金救助系統,476,苦瓜
00207132006000000,苦瓜,,PAR,農糧情調查作業資訊系統,115,苦瓜
00207132006000000,苦瓜,,FFR,全國糧政跨區即時申辦服務作業平台,476,苦瓜
00207132005999900,胡瓜-其它品種,,SAP,農產品產地價格查詢系統,26021,胡瓜(白刺)
00207132005000400,胡瓜-日本種花胡瓜,,PSC,農糧產品產銷供應鏈整合服務平台,2020206090030,日本種
00207132005000350,胡瓜-花胡瓜進口,,MAM,農產品批發市場交易行情站,FD9,花胡瓜進口
00207132005000300,胡瓜-花胡瓜,,SAP,農產品產地價格查詢系統,A2044,花胡瓜
00207132005000300,胡瓜-花胡瓜,,SAP,農產品產地價格查詢系統,26030,花胡瓜
00207132005000300,胡瓜-花胡瓜,,SAC,農產品生產成本調查系統,147,裡作花胡瓜
00207132005000300,胡瓜-花胡瓜,,PSC,農糧產品產銷供應鏈整合服務平台,FD,花胡瓜
00207132005000300,胡瓜-花胡瓜,,PSC,農糧產品產銷供應鏈整合服務平台,2020206040011,花胡瓜
00207132005000300,胡瓜-花胡瓜,,PQR,溯源農糧產品追溯系統,002006002,小黃瓜(花胡瓜)
00207132005000300,胡瓜-花胡瓜,,PMG,農業產銷班組織體系資料服務系統,56,花胡瓜              
00207132005000300,胡瓜-花胡瓜,,MAM,農產品批發市場交易行情站,FD1,花胡瓜
00207132005000300,胡瓜-花胡瓜,,MAM,農產品批發市場交易行情站,FD0,花胡瓜其他
00207132005000200,胡瓜-改良種胡瓜,,MAM,農產品批發市場交易行情站,FC2,胡瓜    改良種
00207132005000100,胡瓜-黑刺,,SAP,農產品產地價格查詢系統,26020,胡瓜(黑刺)
00207132005000100,胡瓜-黑刺,,PSC,農糧產品產銷供應鏈整合服務平台,2020206030012,黑刺
00207132005000100,胡瓜-黑刺,,MAM,農產品批發市場交易行情站,FC1,胡瓜    黑刺
00207132005000000,胡瓜,,SAP,農產品產地價格查詢系統,A2043,胡瓜
00207132005000000,胡瓜,,SAC,農產品生產成本調查系統,96,一期作胡瓜
00207132005000000,胡瓜,,SAC,農產品生產成本調查系統,279,裡作胡瓜
00207132005000000,胡瓜,,PSC,農糧產品產銷供應鏈整合服務平台,FC,胡瓜
00207132005000000,胡瓜,,PQR,溯源農糧產品追溯系統,002006001,胡瓜
00207132005000000,胡瓜,,PMG,農業產銷班組織體系資料服務系統,55,胡瓜(莿瓜)          
00207132005000000,胡瓜,,PFB,農產業天然災害現金救助系統,473,胡瓜
00207132005000000,胡瓜,,PAR,農糧情調查作業資訊系統,112,胡瓜
00207132005000000,胡瓜,,FFR,全國糧政跨區即時申辦服務作業平台,473,胡瓜
00207132004999900,絲瓜-其它品種,,SAP,農產品產地價格查詢系統,A2045,絲瓜(圓瓜)
00207132004999900,絲瓜-其它品種,,MAM,農產品批發市場交易行情站,FF3,絲瓜    白瓜
00207132004999900,絲瓜-其它品種,,MAM,農產品批發市場交易行情站,FF0,絲瓜    其他
00207132004000500,絲瓜-稜角絲瓜,,SAP,農產品產地價格查詢系統,26060,絲瓜(菱角)
00207132004000500,絲瓜-稜角絲瓜,,PSC,農糧產品產銷供應鏈整合服務平台,2020206060026,角瓜
00207132004000500,絲瓜-稜角絲瓜,,PMG,農業產銷班組織體系資料服務系統,61,角瓜                
00207132004000500,絲瓜-稜角絲瓜,,MAM,農產品批發市場交易行情站,FF2,絲瓜    角瓜
00207132004000400,絲瓜-長絲瓜,,PSC,農糧產品產銷供應鏈整合服務平台,2020206060040,長絲瓜
00207132004000400,絲瓜-長絲瓜,,MAM,農產品批發市場交易行情站,FF4,絲瓜    長絲瓜
00207132004000050,絲瓜進口,,MAM,農產品批發市場交易行情站,FF9,絲瓜    進口
00207132004000000,絲瓜,,SAP,農產品產地價格查詢系統,26061,絲瓜
00207132004000000,絲瓜,,SAC,農產品生產成本調查系統,131,絲瓜
00207132004000000,絲瓜,,PSC,農糧產品產銷供應鏈整合服務平台,FF,絲瓜
00207132004000000,絲瓜,,PSC,農糧產品產銷供應鏈整合服務平台,2020206060019,絲瓜
00207132004000000,絲瓜,,PQR,溯源農糧產品追溯系統,002006004,絲瓜
00207132004000000,絲瓜,,PMG,農業產銷班組織體系資料服務系統,60,絲瓜                
00207132004000000,絲瓜,,PFB,農產業天然災害現金救助系統,488,絲瓜
00207132004000000,絲瓜,,PAR,農糧情調查作業資訊系統,127,絲瓜
00207132004000000,絲瓜,,MAM,農產品批發市場交易行情站,FF1,絲瓜
00207132004000000,絲瓜,,FFR,全國糧政跨區即時申辦服務作業平台,488,絲瓜
00207132003999900,扁蒲-其它品種,,MAM,農產品批發市場交易行情站,FH0,扁蒲    其他
00207132003000400,扁蒲-梨子蒲,,PSC,農糧產品產銷供應鏈整合服務平台,2020206080048,梨子蒲
00207132003000400,扁蒲-梨子蒲,,MAM,農產品批發市場交易行情站,FH4,扁蒲    梨子蒲
00207132003000300,扁蒲-花蒲,,PSC,農糧產品產銷供應鏈整合服務平台,2020206080031,花蒲
00207132003000300,扁蒲-花蒲,,MAM,農產品批發市場交易行情站,FH3,扁蒲    花蒲
00207132003000200,扁蒲-圓形扁蒲,,MAM,農產品批發市場交易行情站,FH2,扁蒲    圓形
00207132003000100,扁蒲-長形扁蒲,,PSC,農糧產品產銷供應鏈整合服務平台,2020206080017,長形
00207132003000100,扁蒲-長形扁蒲,,MAM,農產品批發市場交易行情站,FH1,扁蒲    長形
00207132003000000,扁蒲,,SAP,農產品產地價格查詢系統,26070,扁蒲
00207132003000000,扁蒲,,SAC,農產品生產成本調查系統,202,扁蒲
00207132003000000,扁蒲,,PSC,農糧產品產銷供應鏈整合服務平台,FH,扁蒲
00207132003000000,扁蒲,,PQR,溯源農糧產品追溯系統,002006010,扁蒲
00207132003000000,扁蒲,,PQR,溯源農糧產品追溯系統,002002008,蒲瓜
00207132003000000,扁蒲,,PMG,農業產銷班組織體系資料服務系統,78,扁蒲                
00207132003000000,扁蒲,,PFB,農產業天然災害現金救助系統,487,扁蒲
00207132003000000,扁蒲,,PAR,農糧情調查作業資訊系統,126,扁蒲
00207132003000000,扁蒲,,FFR,全國糧政跨區即時申辦服務作業平台,487,扁蒲
00207132002999900,南瓜-其它品種,,MAM,農產品批發市場交易行情站,FT0,南瓜    其他
00207132002000800,南瓜-栗子南瓜,,MAM,農產品批發市場交易行情站,FT7,南瓜    粟子
00207132002000700,南瓜-東昇,,PSC,農糧產品產銷供應鏈整合服務平台,2020206200064,東昇
00207132002000700,南瓜-東昇,,MAM,農產品批發市場交易行情站,FT6,南瓜    東昇
00207132002000600,南瓜-觀賞南瓜,,PQR,溯源農糧產品追溯系統,004005029,觀賞南瓜
00207132002000600,南瓜-觀賞南瓜,,MAM,農產品批發市場交易行情站,FY026,觀賞南瓜
00207132002000600,南瓜-觀賞南瓜,,MAM,農產品批發市場交易行情站,FT4,南瓜    觀賞
00207132002000400,南瓜-青如意,,PSC,農糧產品產銷供應鏈整合服務平台,2020206200057,青如意
00207132002000400,南瓜-青如意,,MAM,農產品批發市場交易行情站,FT5,南瓜    青如意
00207132002000300,南瓜-黃如意,,PSC,農糧產品產銷供應鏈整合服務平台,2020206200033,黃如意
00207132002000300,南瓜-黃如意,,MAM,農產品批發市場交易行情站,FT3,南瓜    黃如意
00207132002000200,南瓜-圓形南瓜,,MAM,農產品批發市場交易行情站,FT2,南瓜    圓形
00207132002000100,南瓜-木瓜形南瓜,,MAM,農產品批發市場交易行情站,FT1,南瓜    木瓜形
00207132002000050,南瓜進口,,MAM,農產品批發市場交易行情站,IY026,進口觀賞南瓜
00207132002000050,南瓜進口,,MAM,農產品批發市場交易行情站,FT9,南瓜    進口
00207132002000000,南瓜,,PSC,農糧產品產銷供應鏈整合服務平台,FT,南瓜
00207132002000000,南瓜,,PQR,溯源農糧產品追溯系統,002006006,南瓜
00207132002000000,南瓜,,PMG,農業產銷班組織體系資料服務系統,63,南瓜                
00207132002000000,南瓜,,PFB,農產業天然災害現金救助系統,483,南瓜
00207132002000000,南瓜,,PAR,農糧情調查作業資訊系統,122,南瓜
00207132002000000,南瓜,,FFR,全國糧政跨區即時申辦服務作業平台,483,南瓜
00207132001999900,冬瓜-其它品種,,MAM,農產品批發市場交易行情站,FE0,冬瓜    其他
00207132001000400,冬瓜-毛瓜,,PSC,農糧產品產銷供應鏈整合服務平台,2020206050034,毛瓜
00207132001000400,冬瓜-毛瓜,,PQR,溯源農糧產品追溯系統,002002018,節瓜
00207132001000400,冬瓜-毛瓜,,PFB,農產業天然災害現金救助系統,485,節瓜(毛瓜)
00207132001000400,冬瓜-毛瓜,,PAR,農糧情調查作業資訊系統,124,節瓜(毛瓜)
00207132001000400,冬瓜-毛瓜,,MAM,農產品批發市場交易行情站,FE3,冬瓜    毛瓜
00207132001000400,冬瓜-毛瓜,,FFR,全國糧政跨區即時申辦服務作業平台,485,櫛瓜
00207132001000200,冬瓜-青皮冬瓜,,MAM,農產品批發市場交易行情站,FE2,冬瓜    青皮
00207132001000100,冬瓜-白皮冬瓜,,PSC,農糧產品產銷供應鏈整合服務平台,2020206050010,白皮
00207132001000100,冬瓜-白皮冬瓜,,MAM,農產品批發市場交易行情站,FE1,冬瓜    白皮
00207132001000050,冬瓜進口,,MAM,農產品批發市場交易行情站,FE9,冬瓜    進口
00207132001000000,冬瓜,,SAP,農產品產地價格查詢系統,26040,冬瓜
00207132001000000,冬瓜,,SAC,農產品生產成本調查系統,49,冬瓜
00207132001000000,冬瓜,,PSC,農糧產品產銷供應鏈整合服務平台,FE,冬瓜
00207132001000000,冬瓜,,PQR,溯源農糧產品追溯系統,002006005,冬瓜
00207132001000000,冬瓜,,PMG,農業產銷班組織體系資料服務系統,57,冬瓜                
00207132001000000,冬瓜,,PFB,農產業天然災害現金救助系統,475,冬瓜
00207132001000000,冬瓜,,PAR,農糧情調查作業資訊系統,114,冬瓜
00207132001000000,冬瓜,,FFR,全國糧政跨區即時申辦服務作業平台,475,冬瓜
00206044010000000,豇豆,,SAP,農產品產地價格查詢系統,A2049,菜豆(豇豆)
00206044010000000,豇豆,,SAP,農產品產地價格查詢系統,26520,豇豆
00206044010000000,豇豆,,SAC,農產品生產成本調查系統,13,一期作豇豆
00206044010000000,豇豆,,PQR,溯源農糧產品追溯系統,002007006,豇豆(八月豆)
00206044010000000,豇豆,,PQR,溯源農糧產品追溯系統,002007005,長豇豆
00206044010000000,豇豆,,PMG,農業產銷班組織體系資料服務系統,74,豇豆                
00206044010000000,豇豆,,PFB,農產業天然災害現金救助系統,478,長豇(菜)豆
00206044010000000,豇豆,,PAR,農糧情調查作業資訊系統,117,菜豆(豇豆)
00206044010000000,豇豆,,FFR,全國糧政跨區即時申辦服務作業平台,478,長(豇)豆
00206044009000000,蠶豆,,PSC,農糧產品產銷供應鏈整合服務平台,FO,蠶豆
00206044009000000,蠶豆,,PQR,溯源農糧產品追溯系統,002007009,蠶豆
00206044009000000,蠶豆,,PFB,農產業天然災害現金救助系統,107,蠶豆
00206044009000000,蠶豆,,PAR,農糧情調查作業資訊系統,17,蠶豆
00206044009000000,蠶豆,,MAM,農產品批發市場交易行情站,FO2,蠶豆    豆仁
00206044009000000,蠶豆,,MAM,農產品批發市場交易行情站,FO1,蠶豆豆莢
00206044009000000,蠶豆,,MAM,農產品批發市場交易行情站,F01,蠶豆    豆莢
00206044009000000,蠶豆,,FFR,全國糧政跨區即時申辦服務作業平台,107,蠶豆
00206044008000000,翼豆,,PSC,農糧產品產銷供應鏈整合服務平台,2020206140049,翼豆
00206044008000000,翼豆,,PQR,溯源農糧產品追溯系統,002007010,翼豆
00206044008000000,翼豆,,MAM,農產品批發市場交易行情站,FN4,敏豆    翼豆
00206044008000000,翼豆,,FFR,全國糧政跨區即時申辦服務作業平台,132,翼豆
00206044007000000,萊豆,,PSC,農糧產品產銷供應鏈整合服務平台,FP,萊豆
00206044007000000,萊豆,,PQR,溯源農糧產品追溯系統,002007008,萊豆(皇帝豆)
00206044007000000,萊豆,,PMG,農業產銷班組織體系資料服務系統,73,萊豆                
00206044007000000,萊豆,,PFB,農產業天然災害現金救助系統,486,皇帝豆
00206044007000000,萊豆,,PAR,農糧情調查作業資訊系統,125,皇帝豆
00206044007000000,萊豆,,MAM,農產品批發市場交易行情站,FP2,萊豆    豆仁
00206044007000000,萊豆,,MAM,農產品批發市場交易行情站,FP1,萊豆    豆莢
00206044007000000,萊豆,,FFR,全國糧政跨區即時申辦服務作業平台,486,萊豆(皇帝豆)
00206044007000000,萊豆,,FFR,全國糧政跨區即時申辦服務作業平台,131,萊豆(皇帝豆)
00206044006000000,富貴豆,,PQR,溯源農糧產品追溯系統,007001005,富貴豆〈虎爪豆〉
00206044006000000,富貴豆,,PQR,溯源農糧產品追溯系統,002002005,富貴豆
00206044006000000,富貴豆,,PAR,農糧情調查作業資訊系統,140,富貴豆
00206044005000000,鵲豆,,PSC,農糧產品產銷供應鏈整合服務平台,FP3,鵲豆
00206044005000000,鵲豆,,PSC,農糧產品產銷供應鏈整合服務平台,2020206160030,肉豆
00206044005000000,鵲豆,,PQR,溯源農糧產品追溯系統,002007013,鵲豆(肉豆)
00206044005000000,鵲豆,,PQR,溯源農糧產品追溯系統,002007004,扁豆
00206044005000000,鵲豆,,PFB,農產業天然災害現金救助系統,490,鵲豆(肉豆)
00206044005000000,鵲豆,,PAR,農糧情調查作業資訊系統,129,鵲豆(肉豆)
00206044005000000,鵲豆,,MAM,農產品批發市場交易行情站,FP3,鵲豆    肉豆
00206044005000000,鵲豆,,FFR,全國糧政跨區即時申辦服務作業平台,490,鵲豆
00206044004000050,毛豆進口,,MAM,農產品批發市場交易行情站,FQ9,毛豆    進口
00206044004000000,毛豆,,SAP,農產品產地價格查詢系統,26540,毛豆(帶莢)
00206044004000000,毛豆,,SAC,農產品生產成本調查系統,5,一期作毛豆
00206044004000000,毛豆,,SAC,農產品生產成本調查系統,253,一期毛豆(台糖農地)
00206044004000000,毛豆,,PSC,農糧產品產銷供應鏈整合服務平台,FQ,毛豆
00206044004000000,毛豆,,PQR,溯源農糧產品追溯系統,002007003,毛豆
00206044004000000,毛豆,,PMG,農業產銷班組織體系資料服務系統,76,毛豆                
00206044004000000,毛豆,,PFB,農產業天然災害現金救助系統,479,毛豆
00206044004000000,毛豆,,PAR,農糧情調查作業資訊系統,118,毛豆
00206044004000000,毛豆,,MAM,農產品批發市場交易行情站,FQ2,毛豆    豆仁
00206044004000000,毛豆,,MAM,農產品批發市場交易行情站,FQ1,毛豆    豆莢
00206044004000000,毛豆,,FFR,全國糧政跨區即時申辦服務作業平台,4AV,毛豆
00206044004000000,毛豆,,FFR,全國糧政跨區即時申辦服務作業平台,479,契作毛豆
00206044003000000,刀豆,,PQR,溯源農糧產品追溯系統,002002002,刀豆
00206044003000000,刀豆,,PFB,農產業天然災害現金救助系統,491,關刀豆
00206044003000000,刀豆,,PAR,農糧情調查作業資訊系統,130,關刀豆
00206044003000000,刀豆,,FFR,全國糧政跨區即時申辦服務作業平台,491,關刀豆
00206044002999900,豌豆-其它品種,,FFR,全國糧政跨區即時申辦服務作業平台,130,荷蘭豆
00206044002000350,豌豆-甜豌豆進口,,MAM,農產品批發市場交易行情站,FL96,豌豆進口 甜豌豆
00206044002000300,豌豆-甜豌豆,,SAP,農產品產地價格查詢系統,26531,甜豌豆
00206044002000300,豌豆-甜豌豆,,PSC,農糧產品產銷供應鏈整合服務平台,2020206120065,甜豌豆
00206044002000300,豌豆-甜豌豆,,MAM,農產品批發市場交易行情站,FL6,豌豆    甜豌豆
00206044002000250,豌豆-紅花豌豆進口,,MAM,農產品批發市場交易行情站,FL92,豌豆進口 紅花
00206044002000200,豌豆-紅花豌豆,,MAM,農產品批發市場交易行情站,FL2,豌豆    紅花
00206044002000150,豌豆-白花豌豆進口,,MAM,農產品批發市場交易行情站,FL91,豌豆進口 白花
00206044002000100,豌豆-白花豌豆,,PSC,農糧產品產銷供應鏈整合服務平台,2020206120010,白花
00206044002000100,豌豆-白花豌豆,,MAM,農產品批發市場交易行情站,FL1,豌豆    白花
00206044002000050,豌豆進口,,MAM,農產品批發市場交易行情站,FL94,豌豆進口 豆仁
00206044002000050,豌豆進口,,MAM,農產品批發市場交易行情站,FL93,豌豆進口 豆筴
00206044002000050,豌豆進口,,MAM,農產品批發市場交易行情站,FL9,豌豆    進口
00206044002000000,豌豆,,SAP,農產品產地價格查詢系統,26530,豌豆
00206044002000000,豌豆,,SAC,農產品生產成本調查系統,155,裡作豌豆
00206044002000000,豌豆,,PSC,農糧產品產銷供應鏈整合服務平台,FL,豌豆
00206044002000000,豌豆,,PQR,溯源農糧產品追溯系統,002007002,豌豆
00206044002000000,豌豆,,PMG,農業產銷班組織體系資料服務系統,75,豌豆                
00206044002000000,豌豆,,PFB,農產業天然災害現金救助系統,480,豌豆(荷蘭豆)
00206044002000000,豌豆,,PAR,農糧情調查作業資訊系統,137,豌豆
00206044002000000,豌豆,,PAR,農糧情調查作業資訊系統,119,豌豆
00206044002000000,豌豆,,MAM,農產品批發市場交易行情站,FL4,豌豆    豆仁
00206044002000000,豌豆,,MAM,農產品批發市場交易行情站,FL3,豌豆    豆莢
00206044002000000,豌豆,,FFR,全國糧政跨區即時申辦服務作業平台,480,豌豆(荷蘭豆)
00206044001999900,菜豆-其它品種,,MAM,農產品批發市場交易行情站,FM0,菜豆    其他
00206044001000700,菜豆-花豆,,SAP,農產品產地價格查詢系統,61050,花豆
00206044001000700,菜豆-花豆,,PSC,農糧產品產銷供應鏈整合服務平台,FX2,虎豆
00206044001000700,菜豆-花豆,,PSC,農糧產品產銷供應鏈整合服務平台,FX1,花豆
00206044001000700,菜豆-花豆,,PSC,農糧產品產銷供應鏈整合服務平台,2020206240015,花豆
00206044001000700,菜豆-花豆,,PQR,溯源農糧產品追溯系統,002007012,花豆
00206044001000700,菜豆-花豆,,PQR,溯源農糧產品追溯系統,002002028,虎豆
00206044001000700,菜豆-花豆,,PFB,農產業天然災害現金救助系統,103,花豆
00206044001000700,菜豆-花豆,,PAR,農糧情調查作業資訊系統,13,花豆
00206044001000700,菜豆-花豆,,MAM,農產品批發市場交易行情站,FX2,虎豆    福豆
00206044001000700,菜豆-花豆,,MAM,農產品批發市場交易行情站,FX1  ,花豆    　        
00206044001000700,菜豆-花豆,,FFR,全國糧政跨區即時申辦服務作業平台,4A4,虎豆
00206044001000700,菜豆-花豆,,FFR,全國糧政跨區即時申辦服務作業平台,103,花豆
00206044001000600,菜豆-大福豆,,PSC,農糧產品產銷供應鏈整合服務平台,2020206240022,福豆
00206044001000600,菜豆-大福豆,,FFR,全國糧政跨區即時申辦服務作業平台,494,大福豆
00206044001000500,菜豆-海軍豆,,PQR,溯源農糧產品追溯系統,002007011,海軍豆
00206044001000400,菜豆-醜豆,,PSC,農糧產品產銷供應鏈整合服務平台,2020206140056,醜豆
00206044001000400,菜豆-醜豆,,MAM,農產品批發市場交易行情站,FN5,敏豆    醜豆
00206044001000300,菜豆-紅色菜豆,,MAM,農產品批發市場交易行情站,FM3,菜豆    紅色
00206044001000200,菜豆-青色菜豆,,PSC,農糧產品產銷供應鏈整合服務平台,2020206140025,青豆
00206044001000200,菜豆-青色菜豆,,MAM,農產品批發市場交易行情站,FN2,敏豆    青豆
00206044001000200,菜豆-青色菜豆,,MAM,農產品批發市場交易行情站,FM2,菜豆    青色
00206044001000100,菜豆-白色菜豆,,PSC,農糧產品產銷供應鏈整合服務平台,2020206140018,白豆
00206044001000100,菜豆-白色菜豆,,MAM,農產品批發市場交易行情站,FN1,敏豆    白豆
00206044001000100,菜豆-白色菜豆,,MAM,農產品批發市場交易行情站,FM1,菜豆    白色
00206044001000050,菜豆進口,,MAM,農產品批發市場交易行情站,FN9,敏豆    進口
00206044001000050,菜豆進口,,MAM,農產品批發市場交易行情站,FM9,菜豆    進口
00206044001000000,菜豆,,SAP,農產品產地價格查詢系統,A2050,敏豆
00206044001000000,菜豆,,SAP,農產品產地價格查詢系統,26550,菜豆
00206044001000000,菜豆,,SAP,農產品產地價格查詢系統,26510,敏豆(四季豆)
00206044001000000,菜豆,,PSC,農糧產品產銷供應鏈整合服務平台,FN,敏豆
00206044001000000,菜豆,,PSC,農糧產品產銷供應鏈整合服務平台,FM,菜豆
00206044001000000,菜豆,,PSC,農糧產品產銷供應鏈整合服務平台,2020206140032,粉豆
00206044001000000,菜豆,,PQR,溯源農糧產品追溯系統,002007007,敏豆(粉豆)
00206044001000000,菜豆,,PQR,溯源農糧產品追溯系統,002007001,菜豆
00206044001000000,菜豆,,PMG,農業產銷班組織體系資料服務系統,72,菜豆                
00206044001000000,菜豆,,PFB,農產業天然災害現金救助系統,493,四季豆
00206044001000000,菜豆,,PAR,農糧情調查作業資訊系統,132,四季豆
00206044001000000,菜豆,,MAM,農產品批發市場交易行情站,FN3,敏豆    粉豆
00206044001000000,菜豆,,MAM,農產品批發市場交易行情站,FN0,敏豆    其他
00206044001000000,菜豆,,FFR,全國糧政跨區即時申辦服務作業平台,4BK,契作矮性菜豆
00206044001000000,菜豆,,FFR,全國糧政跨區即時申辦服務作業平台,493,四季豆
00206044001000000,菜豆,,FFR,全國糧政跨區即時申辦服務作業平台,133,蔓性菜豆(四季豆、醜豆)
00206044001000000,菜豆,,FFR,全國糧政跨區即時申辦服務作業平台,108,菜豆(四季豆，敏豆)
00205118003000000,朝鮮薊,,PQR,溯源農糧產品追溯系統,002001012,朝鮮薊
00205118003000000,朝鮮薊,,FFR,全國糧政跨區即時申辦服務作業平台,4BU,菜薊(朝鮮薊)
00205105004000000,石蓮花,,PSC,農糧產品產銷供應鏈整合服務平台,FU3,*石蓮花
00205105004000000,石蓮花,,PSC,農糧產品產銷供應鏈整合服務平台,2050106210030,石蓮花
00205105004000000,石蓮花,,PQR,溯源農糧產品追溯系統,005001045,石蓮花
00205105004000000,石蓮花,,PMG,農業產銷班組織體系資料服務系統,318,石蓮花              
00205105004000000,石蓮花,,MAM,農產品批發市場交易行情站,FU3,石蓮花
00205105004000000,石蓮花,,FFR,全國糧政跨區即時申辦服務作業平台,4AK,石蓮
00205035005000050,金針花進口,,MAM,農產品批發市場交易行情站,FW9,金針花  進口
00205035005000000,金針花,,SAC,農產品生產成本調查系統,75,金針(高山)
00205035005000000,金針花,,PSC,農糧產品產銷供應鏈整合服務平台,FW,金針花
00205035005000000,金針花,,PSC,農糧產品產銷供應鏈整合服務平台,2020306230015,金針花
00205035005000000,金針花,,PQR,溯源農糧產品追溯系統,002003008,金針
00205035005000000,金針花,,PMG,農業產銷班組織體系資料服務系統,85,金針菜              
00205035005000000,金針花,,PFB,農產業天然災害現金救助系統,404,金針菜
00205035005000000,金針花,,PAR,農糧情調查作業資訊系統,61,金針菜
00205035005000000,金針花,,MAM,農產品批發市場交易行情站,FW1,金針花
00205035005000000,金針花,,FFR,全國糧政跨區即時申辦服務作業平台,404,金針菜
00205002002000200,青花菜-青花筍,,PSC,農糧產品產銷供應鏈整合服務平台,2020306180020,青花筍
00205002002000200,青花菜-青花筍,,MAM,農產品批發市場交易行情站,FR2,青花苔  青花筍
00205002002000200,青花菜-青花筍,,FFR,全國糧政跨區即時申辦服務作業平台,4A7,青花筍
00205002002000150,青花菜-青花苔進口,,MAM,農產品批發市場交易行情站,FR9,青花苔  進口
00205002002000100,青花菜-青花苔,,SAP,農產品產地價格查詢系統,25020,青花苔
00205002002000100,青花菜-青花苔,,SAC,農產品生產成本調查系統,791,青花菜(鮮食)
00205002002000100,青花菜-青花苔,,PSC,農糧產品產銷供應鏈整合服務平台,FR,青花苔
00205002002000100,青花菜-青花苔,,PSC,農糧產品產銷供應鏈整合服務平台,2020306180013,青花苔
00205002002000100,青花菜-青花苔,,MAM,農產品批發市場交易行情站,FR1,青花苔
00205002002000000,青花菜,,SAC,農產品生產成本調查系統,79,青花菜
00205002002000000,青花菜,,PQR,溯源農糧產品追溯系統,002003006,青花菜
00205002002000000,青花菜,,PMG,農業產銷班組織體系資料服務系統,84,青花菜              
00205002002000000,青花菜,,PFB,農產業天然災害現金救助系統,472,青花菜
00205002002000000,青花菜,,PAR,農糧情調查作業資訊系統,111,青花菜
00205002002000000,青花菜,,FFR,全國糧政跨區即時申辦服務作業平台,472,青花菜
00205002002000000,青花菜,,FFR,全國糧政跨區即時申辦服務作業平台,446,青花菜(契作)(非採種)
00205002001000200,花椰菜-白梗花椰菜,,SAP,農產品產地價格查詢系統,25010,花椰菜(白)
00205002001000200,花椰菜-白梗花椰菜,,MAM,農產品批發市場交易行情站,FB22,花椰菜  白梗
00205002001000200,花椰菜-白梗花椰菜,,MAM,農產品批發市場交易行情站,FB21,花椰菜  白梗
00205002001000200,花椰菜-白梗花椰菜,,MAM,農產品批發市場交易行情站,FB2,花椰菜  白梗
00205002001000100,花椰菜-青梗花椰菜,,MAM,農產品批發市場交易行情站,FB12,花椰菜  青梗
00205002001000100,花椰菜-青梗花椰菜,,MAM,農產品批發市場交易行情站,FB11,花椰菜  青梗
00205002001000100,花椰菜-青梗花椰菜,,MAM,農產品批發市場交易行情站,FB1,花椰菜  青梗
00205002001000050,花椰菜進口,,MAM,農產品批發市場交易行情站,FB9,花椰菜  進口
00205002001000000,花椰菜,,SAP,農產品產地價格查詢系統,A2052,花椰菜
00205002001000000,花椰菜,,SAC,農產品生產成本調查系統,27,二期作花椰菜
00205002001000000,花椰菜,,SAC,農產品生產成本調查系統,148,裡作花椰菜
00205002001000000,花椰菜,,PSC,農糧產品產銷供應鏈整合服務平台,FB,花椰菜
00205002001000000,花椰菜,,PQR,溯源農糧產品追溯系統,002003004,花椰菜
00205002001000000,花椰菜,,PMG,農業產銷班組織體系資料服務系統,83,花椰菜              
00205002001000000,花椰菜,,PFB,農產業天然災害現金救助系統,471,花椰菜
00205002001000000,花椰菜,,PAR,農糧情調查作業資訊系統,110,花椰菜
00205002001000000,花椰菜,,MAM,農產品批發市場交易行情站,FB0,花椰菜  其他
00205002001000000,花椰菜,,FFR,全國糧政跨區即時申辦服務作業平台,471,花椰菜
00205002001000000,花椰菜,,CMV,敏感性蔬菜種植登記暨預警資訊系統,3,花椰菜
00205000000000000,花菜類,,PSC,農糧產品產銷供應鏈整合服務平台,03,花菜類
00205000000000000,花菜類,,PQR,溯源農糧產品追溯系統,002003999,花菜類未分類
00205000000000000,花菜類,,PMG,農業產銷班組織體系資料服務系統,82,花菜類              
00204170009999900,胡蘿蔔-其它品種,,MAM,農產品批發市場交易行情站,SB0,胡蘿蔔  其他
00204170009000050,胡蘿蔔進口,,MAM,農產品批發市場交易行情站,SB9,胡蘿蔔  進口
00204170009000000,胡蘿蔔,,SAP,農產品產地價格查詢系統,21011,胡蘿蔔
00204170009000000,胡蘿蔔,,SAC,農產品生產成本調查系統,150,裡作胡蘿蔔
00204170009000000,胡蘿蔔,,PSC,農糧產品產銷供應鏈整合服務平台,SB,胡蘿蔔
00204170009000000,胡蘿蔔,,PQR,溯源農糧產品追溯系統,002004021,胡蘿蔔
00204170009000000,胡蘿蔔,,PMG,農業產銷班組織體系資料服務系統,3,胡蘿蔔              
00204170009000000,胡蘿蔔,,PFB,農產業天然災害現金救助系統,417,胡蘿蔔
00204170009000000,胡蘿蔔,,PAR,農糧情調查作業資訊系統,71,胡蘿蔔
00204170009000000,胡蘿蔔,,MAM,農產品批發市場交易行情站,SB2,胡蘿蔔  清洗
00204170009000000,胡蘿蔔,,MAM,農產品批發市場交易行情站,SB1,胡蘿蔔  未洗
00204170009000000,胡蘿蔔,,FFR,全國糧政跨區即時申辦服務作業平台,412,胡蘿蔔
00204170009000000,胡蘿蔔,,FFR,全國糧政跨區即時申辦服務作業平台,014,契作胡蘿蔔
00204118005000000,雪蓮薯,,PSC,農糧產品產銷供應鏈整合服務平台,2020419120029,雪蓮薯
00204118004000050,牛蒡進口,,MAM,農產品批發市場交易行情站,SM9,牛蒡    進口
00204118004000000,牛蒡,,SAP,農產品產地價格查詢系統,21030,牛蒡
00204118004000000,牛蒡,,SAC,農產品生產成本調查系統,47,牛蒡
00204118004000000,牛蒡,,PSC,農糧產品產銷供應鏈整合服務平台,SM,牛蒡
00204118004000000,牛蒡,,PSC,農糧產品產銷供應鏈整合服務平台,2020419130011,牛蒡
00204118004000000,牛蒡,,PQR,溯源農糧產品追溯系統,002004013,牛蒡
00204118004000000,牛蒡,,PMG,農業產銷班組織體系資料服務系統,4,牛蒡                
00204118004000000,牛蒡,,PFB,農產業天然災害現金救助系統,431,牛蒡
00204118004000000,牛蒡,,PAR,農糧情調查作業資訊系統,81,波羅門蔘
00204118004000000,牛蒡,,PAR,農糧情調查作業資訊系統,80,牛蒡
00204118004000000,牛蒡,,MAM,農產品批發市場交易行情站,SM1,牛蒡
00204118004000000,牛蒡,,FFR,全國糧政跨區即時申辦服務作業平台,421,牛蒡
00204098008000000,甜菜根,,PQR,溯源農糧產品追溯系統,002004060,甜菜根
00204098008000000,甜菜根,,PQR,溯源農糧產品追溯系統,002001074,甜菜根葉
00204098008000000,甜菜根,,FFR,全國糧政跨區即時申辦服務作業平台,4A6,甜菜根
00204044006000000,豆薯,,PSC,農糧產品產銷供應鏈整合服務平台,SL1,豆薯
00204044006000000,豆薯,,PSC,農糧產品產銷供應鏈整合服務平台,2020419120012,豆薯
00204044006000000,豆薯,,PQR,溯源農糧產品追溯系統,002004042,豆薯
00204044006000000,豆薯,,PMG,農業產銷班組織體系資料服務系統,5,豆薯                
00204044006000000,豆薯,,PFB,農產業天然災害現金救助系統,430,豆薯
00204044006000000,豆薯,,PAR,農糧情調查作業資訊系統,79,豆薯
00204044006000000,豆薯,,MAM,農產品批發市場交易行情站,SL1,豆薯
00204044006000000,豆薯,,FFR,全國糧政跨區即時申辦服務作業平台,420,豆薯
00204002003000000,辣根,,PQR,溯源農糧產品追溯系統,002004043,辣根
00204002003000000,辣根,,FFR,全國糧政跨區即時申辦服務作業平台,356,辣根
00204002002000000,瑞典蕪菁,,PQR,溯源農糧產品追溯系統,002004035,蕪菁
00204002002000000,瑞典蕪菁,,PQR,溯源農糧產品追溯系統,002004016,瑞典蕪菁
00204002001999950,蘿蔔-其它品種進口,,MAM,農產品批發市場交易行情站,SA9,蘿蔔    進口
00204002001999900,蘿蔔-其它品種,,MAM,農產品批發市場交易行情站,SA0,蘿蔔    其他
00204002001000600,蘿蔔-櫻桃蘿蔔,,MAM,農產品批發市場交易行情站,SA42,蘿蔔    櫻桃
00204002001000600,蘿蔔-櫻桃蘿蔔,,MAM,農產品批發市場交易行情站,SA41,蘿蔔    櫻桃
00204002001000600,蘿蔔-櫻桃蘿蔔,,MAM,農產品批發市場交易行情站,SA4,蘿蔔    櫻桃
00204002001000500,蘿蔔-白玉,,SAP,農產品產地價格查詢系統,21010-00,白玉蘿蔔
00204002001000500,蘿蔔-白玉,,PSC,農糧產品產銷供應鏈整合服務平台,2020419010061,白玉蘿蔔
00204002001000500,蘿蔔-白玉,,MAM,農產品批發市場交易行情站,SA6,蘿蔔    白玉蘿蔔
00204002001000400,蘿蔔-梅花,,MAM,農產品批發市場交易行情站,SA12,蘿蔔    梅花
00204002001000400,蘿蔔-梅花,,MAM,農產品批發市場交易行情站,SA11,蘿蔔    梅花
00204002001000400,蘿蔔-梅花,,MAM,農產品批發市場交易行情站,SA1,蘿蔔    梅花
00204002001000300,蘿蔔-青色,,MAM,農產品批發市場交易行情站,SA52,蘿蔔    青色
00204002001000300,蘿蔔-青色,,MAM,農產品批發市場交易行情站,SA51,蘿蔔    青色
00204002001000300,蘿蔔-青色,,MAM,農產品批發市場交易行情站,SA5,蘿蔔    青色
00204002001000200,蘿蔔-矸仔,,PSC,農糧產品產銷供應鏈整合服務平台,2020419010320,矸仔
00204002001000200,蘿蔔-矸仔,,PSC,農糧產品產銷供應鏈整合服務平台,2020419010313,矸仔
00204002001000200,蘿蔔-矸仔,,PSC,農糧產品產銷供應鏈整合服務平台,2020419010030,矸仔
00204002001000200,蘿蔔-矸仔,,MAM,農產品批發市場交易行情站,SA32,蘿蔔    矸仔
00204002001000200,蘿蔔-矸仔,,MAM,農產品批發市場交易行情站,SA31,蘿蔔    矸仔
00204002001000200,蘿蔔-矸仔,,MAM,農產品批發市場交易行情站,SA3,蘿蔔    矸仔
00204002001000100,蘿蔔-椿仔,,PSC,農糧產品產銷供應鏈整合服務平台,2020419010221,椿仔
00204002001000100,蘿蔔-椿仔,,PSC,農糧產品產銷供應鏈整合服務平台,2020419010214,椿仔
00204002001000100,蘿蔔-椿仔,,PSC,農糧產品產銷供應鏈整合服務平台,2020419010023,椿仔
00204002001000100,蘿蔔-椿仔,,MAM,農產品批發市場交易行情站,SA22,蘿蔔    椿仔
00204002001000100,蘿蔔-椿仔,,MAM,農產品批發市場交易行情站,SA21,蘿蔔    椿仔
00204002001000100,蘿蔔-椿仔,,MAM,農產品批發市場交易行情站,SA2,蘿蔔    椿仔
00204002001000000,蘿蔔,,SAP,農產品產地價格查詢系統,A2035,蘿蔔
00204002001000000,蘿蔔,,SAP,農產品產地價格查詢系統,21010,蘿蔔
00204002001000000,蘿蔔,,SAC,農產品生產成本調查系統,241,二期作蘿蔔
00204002001000000,蘿蔔,,SAC,農產品生產成本調查系統,157,裡作蘿蔔
00204002001000000,蘿蔔,,PSC,農糧產品產銷供應鏈整合服務平台,SA,蘿蔔
00204002001000000,蘿蔔,,PQR,溯源農糧產品追溯系統,002004039,蘿蔔
00204002001000000,蘿蔔,,PMG,農業產銷班組織體系資料服務系統,2,蘿蔔                
00204002001000000,蘿蔔,,PFB,農產業天然災害現金救助系統,416,蘿蔔
00204002001000000,蘿蔔,,PAR,農糧情調查作業資訊系統,70,蘿蔔
00204002001000000,蘿蔔,,FFR,全國糧政跨區即時申辦服務作業平台,411,蘿蔔
00204000999000000,其他根菜,,PMG,農業產銷班組織體系資料服務系統,6,其他根菜            
00204000999000000,其他根菜,,PAR,農糧情調查作業資訊系統,82,其他根菜
00204000999000000,其他根菜,,FFR,全國糧政跨區即時申辦服務作業平台,430,其他根菜類
00204000000000000,根菜類,,PMG,農業產銷班組織體系資料服務系統,1,根菜類
00203168021999900,薯蕷-其他品種,,MAM,農產品批發市場交易行情站,SU0,薯蕷    其他
00203168021000200,薯蕷-紅薯蕷,,PSC,農糧產品產銷供應鏈整合服務平台,2020419210010,紅薯蕷
00203168021000200,薯蕷-紅薯蕷,,MAM,農產品批發市場交易行情站,SU1,薯蕷    紅薯蕷
00203168021000100,薯蕷-白薯蕷,,PSC,農糧產品產銷供應鏈整合服務平台,2020419210027,白薯蕷
00203168021000100,薯蕷-白薯蕷,,MAM,農產品批發市場交易行情站,SU21,薯蕷白薯蕷 人參
00203168021000100,薯蕷-白薯蕷,,MAM,農產品批發市場交易行情站,SU2,薯蕷    白薯蕷
00203168021000050,薯蕷進口,,MAM,農產品批發市場交易行情站,SU9,薯蕷    進口
00203168021000000,薯蕷,,SAP,農產品產地價格查詢系統,21012,山藥
00203168021000000,薯蕷,,SAC,農產品生產成本調查系統,38,山藥(大汕種)
00203168021000000,薯蕷,,SAC,農產品生產成本調查系統,220,山藥(其他品種)
00203168021000000,薯蕷,,PSC,農糧產品產銷供應鏈整合服務平台,SU,薯蕷
00203168021000000,薯蕷,,PQR,溯源農糧產品追溯系統,005002005,薯蕷
00203168021000000,薯蕷,,PQR,溯源農糧產品追溯系統,005001025,山藥
00203168021000000,薯蕷,,PMG,農業產銷班組織體系資料服務系統,317,山藥                
00203168021000000,薯蕷,,PFB,農產業天然災害現金救助系統,496,山藥
00203168021000000,薯蕷,,PAR,農糧情調查作業資訊系統,211,山藥
00203168021000000,薯蕷,,FFR,全國糧政跨區即時申辦服務作業平台,802,山藥
00203166009000000,蘘荷,,PQR,溯源農糧產品追溯系統,002004038,蘘荷
00203166008999900,薑-其它品種,,MAM,農產品批發市場交易行情站,SP0,薑      其他
00203166008000400,薑-竹薑,,MAM,農產品批發市場交易行情站,SP4,薑竹薑
00203166008000300,薑-粉薑,,PSC,農糧產品產銷供應鏈整合服務平台,2020419160032,粉薑
00203166008000300,薑-粉薑,,MAM,農產品批發市場交易行情站,SP3,薑      粉薑
00203166008000200,薑-嫩薑,,SAP,農產品產地價格查詢系統,22010,生薑(嫩薑)
00203166008000200,薑-嫩薑,,PSC,農糧產品產銷供應鏈整合服務平台,2020419160025,嫩薑
00203166008000200,薑-嫩薑,,MAM,農產品批發市場交易行情站,SP2,薑      嫩薑
00203166008000100,薑-老薑,,SAC,農產品生產成本調查系統,305,老薑
00203166008000100,薑-老薑,,PSC,農糧產品產銷供應鏈整合服務平台,2020419160018,老薑
00203166008000100,薑-老薑,,MAM,農產品批發市場交易行情站,SP1,薑      老薑
00203166008000050,薑進口,,MAM,農產品批發市場交易行情站,SP9,薑      進口
00203166008000000,薑,,SAP,農產品產地價格查詢系統,22011,生薑(老薑粉薑)
00203166008000000,薑,,SAC,農產品生產成本調查系統,58,生薑
00203166008000000,薑,,PSC,農糧產品產銷供應鏈整合服務平台,SP,薑
00203166008000000,薑,,PQR,溯源農糧產品追溯系統,002004036,薑
00203166008000000,薑,,PMG,農業產銷班組織體系資料服務系統,23,薑                  
00203166008000000,薑,,PFB,農產業天然災害現金救助系統,441,薑
00203166008000000,薑,,PAR,農糧情調查作業資訊系統,88,薑
00203166008000000,薑,,FFR,全國糧政跨區即時申辦服務作業平台,436,薑
00203152017000000,慈菇,,PSC,農糧產品產銷供應鏈整合服務平台,SY,慈菇
00203152017000000,慈菇,,PSC,農糧產品產銷供應鏈整合服務平台,2020419250016,慈菇
00203152017000000,慈菇,,PQR,溯源農糧產品追溯系統,002004008,慈菇
00203152017000000,慈菇,,PFB,農產業天然災害現金救助系統,448,慈菇
00203152017000000,慈菇,,PAR,農糧情調查作業資訊系統,95,慈菇
00203152017000000,慈菇,,MAM,農產品批發市場交易行情站,SY1,慈菇
00203152017000000,慈菇,,FFR,全國糧政跨區即時申辦服務作業平台,443,慈菇
00203148023000000,食用大黃,,PQR,溯源農糧產品追溯系統,002004044,食用大黃
00203146006000200,蓮-蓮子,,SAP,農產品產地價格查詢系統,62310,蓮子(脫殼)
00203146006000200,蓮-蓮子,,SAC,農產品生產成本調查系統,170,蓮子
00203146006000200,蓮-蓮子,,PSC,農糧產品產銷供應鏈整合服務平台,2020419140027,蓮子
00203146006000200,蓮-蓮子,,PQR,溯源農糧產品追溯系統,002002044,蓮蓬(含蓮子等)
00203146006000200,蓮-蓮子,,PMG,農業產銷班組織體系資料服務系統,21,蓮子                
00203146006000200,蓮-蓮子,,PFB,農產業天然災害現金救助系統,443,蓮藕(蓮子)
00203146006000200,蓮-蓮子,,MAM,農產品批發市場交易行情站,SN2,蓮藕    蓮子
00203146006000150,蓮-蓮藕進口,,MAM,農產品批發市場交易行情站,SN9,蓮藕    進口
00203146006000100,蓮-蓮藕,,SAP,農產品產地價格查詢系統,26830,蓮藕
00203146006000100,蓮-蓮藕,,SAC,農產品生產成本調查系統,171,蓮藕
00203146006000100,蓮-蓮藕,,PSC,農糧產品產銷供應鏈整合服務平台,SN,蓮藕
00203146006000100,蓮-蓮藕,,PSC,農糧產品產銷供應鏈整合服務平台,2020419140010,蓮藕
00203146006000100,蓮-蓮藕,,PQR,溯源農糧產品追溯系統,002004063,蓮藕
00203146006000100,蓮-蓮藕,,PMG,農業產銷班組織體系資料服務系統,20,蓮藕                
00203146006000100,蓮-蓮藕,,PAR,農糧情調查作業資訊系統,90,蓮藕
00203146006000100,蓮-蓮藕,,MAM,農產品批發市場交易行情站,SN1,蓮藕
00203146006000100,蓮-蓮藕,,FFR,全國糧政跨區即時申辦服務作業平台,438,蓮藕(子)
00203146006000000,蓮,,PQR,溯源農糧產品追溯系統,002004030,蓮
00203135022000000,水蓮,,PSC,農糧產品產銷供應鏈整合服務平台,2020112200035,水蓮
00203135022000000,水蓮,,MAM,農產品批發市場交易行情站,LT3,水蓮
00203135022000000,水蓮,,FFR,全國糧政跨區即時申辦服務作業平台,4AJ,野蓮(水蓮菜)
00203118016000000,萵苣莖,,PSC,農糧產品產銷供應鏈整合服務平台,SI,萵苣莖
00203118016000000,萵苣莖,,PSC,農糧產品產銷供應鏈整合服務平台,2020419090018,萵苣莖
00203118016000000,萵苣莖,,PQR,溯源農糧產品追溯系統,002004005,萵苣莖
00203118016000000,萵苣莖,,PQR,溯源農糧產品追溯系統,002001006,嫩莖萵苣
00203118016000000,萵苣莖,,MAM,農產品批發市場交易行情站,SI1,萵苣莖
00203118016000000,萵苣莖,,FFR,全國糧政跨區即時申辦服務作業平台,4AT,嫩莖萵苣
00203118015000000,菊芋,,PSC,農糧產品產銷供應鏈整合服務平台,SL2,菊芋
00203118015000000,菊芋,,PQR,溯源農糧產品追溯系統,002004029,菊芋
00203106014000000,黃藤心,,PQR,溯源農糧產品追溯系統,002004046,黃藤心
00203106013000000,半天筍,,PSC,農糧產品產銷供應鏈整合服務平台,SZ6,*半天花
00203106013000000,半天筍,,PSC,農糧產品產銷供應鏈整合服務平台,SZ1,半天筍
00203106013000000,半天筍,,PSC,農糧產品產銷供應鏈整合服務平台,2020419260015,半天筍
00203106013000000,半天筍,,PSC,農糧產品產銷供應鏈整合服務平台,2020319260061,半天花
00203106013000000,半天筍,,PQR,溯源農糧產品追溯系統,002004003,半天筍
00203106013000000,半天筍,,PQR,溯源農糧產品追溯系統,002003001,半天花
00203106013000000,半天筍,,MAM,農產品批發市場交易行情站,SZ6,半天花
00203106013000000,半天筍,,MAM,農產品批發市場交易行情站,SZ1  ,半天筍  　        
00203097020000000,荸薺,,SAP,農產品產地價格查詢系統,23041,荸薺
00203097020000000,荸薺,,PSC,農糧產品產銷供應鏈整合服務平台,SK,荸薺
00203097020000000,荸薺,,PSC,農糧產品產銷供應鏈整合服務平台,2020419110013,荸薺
00203097020000000,荸薺,,PQR,溯源農糧產品追溯系統,002004027,荸薺
00203097020000000,荸薺,,PFB,農產業天然災害現金救助系統,442,荸薺
00203097020000000,荸薺,,PAR,農糧情調查作業資訊系統,89,荸薺
00203097020000000,荸薺,,MAM,農產品批發市場交易行情站,SK2,荸薺    加工
00203097020000000,荸薺,,MAM,農產品批發市場交易行情站,SK1,荸薺
00203097020000000,荸薺,,FFR,全國糧政跨區即時申辦服務作業平台,437,荸薺
00203075018000050,馬鈴薯進口,,MAM,農產品批發市場交易行情站,SC9,馬鈴薯  進口
00203075018000000,馬鈴薯,,SAP,農產品產地價格查詢系統,22080,馬鈴薯(食用)
00203075018000000,馬鈴薯,,SAC,農產品生產成本調查系統,115,裡作馬鈴薯
00203075018000000,馬鈴薯,,PSC,農糧產品產銷供應鏈整合服務平台,SC,馬鈴薯
00203075018000000,馬鈴薯,,PQR,溯源農糧產品追溯系統,002004045,馬鈴薯
00203075018000000,馬鈴薯,,PMG,農業產銷班組織體系資料服務系統,8,馬鈴薯              
00203075018000000,馬鈴薯,,PFB,農產業天然災害現金救助系統,203,馬鈴薯
00203075018000000,馬鈴薯,,PAR,農糧情調查作業資訊系統,21,馬鈴薯
00203075018000000,馬鈴薯,,MAM,農產品批發市場交易行情站,SC12,馬鈴薯  本產
00203075018000000,馬鈴薯,,MAM,農產品批發市場交易行情站,SC11,馬鈴薯  本產
00203075018000000,馬鈴薯,,MAM,農產品批發市場交易行情站,SC1,馬鈴薯  本產
00203075018000000,馬鈴薯,,FFR,全國糧政跨區即時申辦服務作業平台,203,馬鈴薯
00203035025000000,碧玉筍,,PSC,農糧產品產銷供應鏈整合服務平台,SZ3,金針筍
00203035025000000,碧玉筍,,PSC,農糧產品產銷供應鏈整合服務平台,2020419260039,金針筍
00203035025000000,碧玉筍,,PQR,溯源農糧產品追溯系統,002004056,金針筍
00203035025000000,碧玉筍,,MAM,農產品批發市場交易行情站,SZ3,金針筍
00203035025000000,碧玉筍,,FFR,全國糧政跨區即時申辦服務作業平台,4AO,碧玉筍(食用金針心)
00203030005000050,茭白筍進口,,MAM,農產品批發市場交易行情站,SQ9,茭白筍  進口
00203030005000000,茭白筍,,SAP,農產品產地價格查詢系統,A2037,茭白荀(帶殼)
00203030005000000,茭白筍,,SAP,農產品產地價格查詢系統,22060,茭白筍(帶殼)
00203030005000000,茭白筍,,SAC,農產品生產成本調查系統,116,茭白筍
00203030005000000,茭白筍,,PSC,農糧產品產銷供應鏈整合服務平台,SQ,茭白筍
00203030005000000,茭白筍,,PQR,溯源農糧產品追溯系統,002004057,筊白筍
00203030005000000,茭白筍,,PQR,溯源農糧產品追溯系統,002004025,茭白筍
00203030005000000,茭白筍,,PMG,農業產銷班組織體系資料服務系統,11,茭白筍              
00203030005000000,茭白筍,,PFB,農產業天然災害現金救助系統,418,茭白筍
00203030005000000,茭白筍,,PAR,農糧情調查作業資訊系統,72,茭白筍
00203030005000000,茭白筍,,MAM,農產品批發市場交易行情站,SQ3,茭白筍  去殼
00203030005000000,茭白筍,,MAM,農產品批發市場交易行情站,SQ1,茭白筍  帶殼
00203030005000000,茭白筍,,FFR,全國糧政跨區即時申辦服務作業平台,413,茭白筍
00203030004000050,玉米筍進口,,MAM,農產品批發市場交易行情站,FY94,玉米進口 玉米筍
00203030004000000,玉米筍,,SAP,農產品產地價格查詢系統,26810,玉米筍
00203030004000000,玉米筍,,PSC,農糧產品產銷供應鏈整合服務平台,2050206250042,玉米筍
00203030004000000,玉米筍,,MAM,農產品批發市場交易行情站,FY41,玉米玉米筍 帶殼
00203030004000000,玉米筍,,MAM,農產品批發市場交易行情站,FY4,玉米    玉米筍
00203030004000000,玉米筍,,FFR,全國糧政跨區即時申辦服務作業平台,4BL,玉米筍
00203030003000000,甘蔗筍,,PSC,農糧產品產銷供應鏈整合服務平台,SZ2,甘蔗筍
00203030003000000,甘蔗筍,,PSC,農糧產品產銷供應鏈整合服務平台,2020419260022,甘蔗筍
00203030003000000,甘蔗筍,,PQR,溯源農糧產品追溯系統,002004017,甘蔗筍
00203030003000000,甘蔗筍,,MAM,農產品批發市場交易行情站,SZ2,甘蔗筍
00203030002000000,牧草筍,,PQR,溯源農糧產品追溯系統,002004014,牧草筍
00203030001000700,竹筍-箭竹筍,,PSC,農糧產品產銷供應鏈整合服務平台,2020615080042,箭竹筍
00203030001000700,竹筍-箭竹筍,,PSC,農糧產品產銷供應鏈整合服務平台,2020615070029,箭竹筍
00203030001000700,竹筍-箭竹筍,,PSC,農糧產品產銷供應鏈整合服務平台,2020419080064,箭竹筍
00203030001000700,竹筍-箭竹筍,,PMG,農業產銷班組織體系資料服務系統,16,箭竹筍              
00203030001000700,竹筍-箭竹筍,,MAM,農產品批發市場交易行情站,SH6,竹筍    箭竹筍
00203030001000600,竹筍-桂竹筍,,SAP,農產品產地價格查詢系統,22041,桂竹筍(生筍)
00203030001000600,竹筍-桂竹筍,,SAC,農產品生產成本調查系統,109,桂竹筍(加工)
00203030001000600,竹筍-桂竹筍,,PSC,農糧產品產銷供應鏈整合服務平台,2020615080035,桂竹筍
00203030001000600,竹筍-桂竹筍,,PSC,農糧產品產銷供應鏈整合服務平台,2020615070012,桂竹筍
00203030001000600,竹筍-桂竹筍,,PSC,農糧產品產銷供應鏈整合服務平台,2020419080033,桂竹筍
00203030001000600,竹筍-桂竹筍,,PQR,溯源農糧產品追溯系統,002004066,竹筍(桂竹筍)
00203030001000600,竹筍-桂竹筍,,PMG,農業產銷班組織體系資料服務系統,17,桂竹筍              
00203030001000600,竹筍-桂竹筍,,MAM,農產品批發市場交易行情站,SH3,竹筍    桂竹筍
00203030001000500,竹筍-轎篙筍,,SAP,農產品產地價格查詢系統,22042,轎篙筍
00203030001000500,竹筍-轎篙筍,,SAC,農產品生產成本調查系統,109-1,石竹(轎篙)筍
00203030001000400,竹筍-孟宗筍,,PSC,農糧產品產銷供應鏈整合服務平台,2020419080040,孟宗筍
00203030001000400,竹筍-孟宗筍,,MAM,農產品批發市場交易行情站,SH4,竹筍    孟宗筍
00203030001000300,竹筍-麻竹筍,,SAP,農產品產地價格查詢系統,A2051 ,麻竹筍
00203030001000300,竹筍-麻竹筍,,SAP,農產品產地價格查詢系統,2250,加工麻竹筍
00203030001000300,竹筍-麻竹筍,,SAP,農產品產地價格查詢系統,22040,麻竹筍
00203030001000300,竹筍-麻竹筍,,SAC,農產品生產成本調查系統,226,麻竹筍(加工)
00203030001000300,竹筍-麻竹筍,,SAC,農產品生產成本調查系統,126,麻竹筍(鮮食)
00203030001000300,竹筍-麻竹筍,,PSC,農糧產品產銷供應鏈整合服務平台,2020615080011,麻竹筍
00203030001000300,竹筍-麻竹筍,,PSC,農糧產品產銷供應鏈整合服務平台,2020419080019,麻竹筍
00203030001000300,竹筍-麻竹筍,,PMG,農業產銷班組織體系資料服務系統,15,麻竹筍              
00203030001000300,竹筍-麻竹筍,,MAM,農產品批發市場交易行情站,SH1,竹筍    麻竹筍
00203030001000200,竹筍-綠竹筍,,SAP,農產品產地價格查詢系統,22030,綠竹筍
00203030001000200,竹筍-綠竹筍,,SAC,農產品生產成本調查系統,160,綠竹筍
00203030001000200,竹筍-綠竹筍,,PSC,農糧產品產銷供應鏈整合服務平台,2020615080028,綠竹筍
00203030001000200,竹筍-綠竹筍,,PSC,農糧產品產銷供應鏈整合服務平台,2020419080026,綠竹筍
00203030001000200,竹筍-綠竹筍,,PQR,溯源農糧產品追溯系統,002004067,竹筍(綠竹筍)
00203030001000200,竹筍-綠竹筍,,PMG,農業產銷班組織體系資料服務系統,14,綠竹筍              
00203030001000200,竹筍-綠竹筍,,MAM,農產品批發市場交易行情站,SH2,竹筍    綠竹筍
00203030001000100,竹筍-烏殼綠,,SAP,農產品產地價格查詢系統,22031,烏殼；綠竹筍
00203030001000100,竹筍-烏殼綠,,PSC,農糧產品產銷供應鏈整合服務平台,2020419080057,烏殼綠
00203030001000100,竹筍-烏殼綠,,MAM,農產品批發市場交易行情站,SH5,竹筍    烏殼綠
00203030001000050,竹筍進口,,MAM,農產品批發市場交易行情站,SH9,竹筍    進口
00203030001000000,竹筍,,PSC,農糧產品產銷供應鏈整合服務平台,SH,竹筍
00203030001000000,竹筍,,PQR,溯源農糧產品追溯系統,002004018,竹筍
00203030001000000,竹筍,,PMG,農業產銷班組織體系資料服務系統,13,竹筍                
00203030001000000,竹筍,,PFB,農產業天然災害現金救助系統,403,竹筍
00203030001000000,竹筍,,PAR,農糧情調查作業資訊系統,60,竹筍
00203030001000000,竹筍,,MAM,農產品批發市場交易行情站,SH7,竹筍    去殼
00203030001000000,竹筍,,FFR,全國糧政跨區即時申辦服務作業平台,403,竹筍
00203029024000000,晚香玉筍,,PSC,農糧產品產銷供應鏈整合服務平台,2020419260077,晚香玉筍
00203029024000000,晚香玉筍,,PQR,溯源農糧產品追溯系統,002004068,晚香玉筍
00203029024000000,晚香玉筍,,MAM,農產品批發市場交易行情站,SZ7,晚香玉筍
00203029024000000,晚香玉筍,,FFR,全國糧政跨區即時申辦服務作業平台,4BC,山翡翠
00203029024000000,晚香玉筍,,FFR,全國糧政跨區即時申辦服務作業平台,444,晚香玉筍
00203014007000400,芋-芋葉柄,,PSC,農糧產品產銷供應鏈整合服務平台,2020419100045,芋莖
00203014007000400,芋-芋葉柄,,MAM,農產品批發市場交易行情站,SJ4,芋      芋莖
00203014007000300,芋-里芋,,PSC,農糧產品產銷供應鏈整合服務平台,2020419100038,里芋
00203014007000300,芋-里芋,,MAM,農產品批發市場交易行情站,SJ3,芋      里芋
00203014007000200,芋-檳榔心芋,,PSC,農糧產品產銷供應鏈整合服務平台,2020419100021,檳榔心芋
00203014007000200,芋-檳榔心芋,,MAM,農產品批發市場交易行情站,SJ2,芋      檳榔心芋
00203014007000100,芋-麵芋,,PSC,農糧產品產銷供應鏈整合服務平台,2020419100014,麵芋
00203014007000100,芋-麵芋,,MAM,農產品批發市場交易行情站,SJ1,芋      麵芋
00203014007000050,芋進口,,MAM,農產品批發市場交易行情站,SJ9,芋      進口
00203014007000000,芋,,SAP,農產品產地價格查詢系統,22020,芋頭
00203014007000000,芋,,SAC,農產品生產成本調查系統,66,芋
00203014007000000,芋,,PSC,農糧產品產銷供應鏈整合服務平台,SJ,芋
00203014007000000,芋,,PQR,溯源農糧產品追溯系統,002004058,芋頭
00203014007000000,芋,,PQR,溯源農糧產品追溯系統,002004022,芋
00203014007000000,芋,,PMG,農業產銷班組織體系資料服務系統,22,芋頭                
00203014007000000,芋,,PFB,農產業天然災害現金救助系統,440,芋
00203014007000000,芋,,PAR,農糧情調查作業資訊系統,87,芋
00203014007000000,芋,,FFR,全國糧政跨區即時申辦服務作業平台,435,芋
00203013010000400,蘆筍-蘆筍花,,PSC,農糧產品產銷供應鏈整合服務平台,2020419220033,蘆筍花
00203013010000400,蘆筍-蘆筍花,,MAM,農產品批發市場交易行情站,SV3,蘆筍    蘆筍花
00203013010000200,蘆筍-綠蘆筍,,SAP,農產品產地價格查詢系統,A2021,綠蘆筍
00203013010000200,蘆筍-綠蘆筍,,SAP,農產品產地價格查詢系統,22051,綠蘆筍
00203013010000200,蘆筍-綠蘆筍,,SAC,農產品生產成本調查系統,162,綠蘆筍
00203013010000200,蘆筍-綠蘆筍,,PSC,農糧產品產銷供應鏈整合服務平台,2020419220026,綠蘆筍
00203013010000200,蘆筍-綠蘆筍,,MAM,農產品批發市場交易行情站,SV2,蘆筍    綠蘆筍
00203013010000100,蘆筍-白蘆筍,,SAP,農產品產地價格查詢系統,A2020,白蘆筍
00203013010000100,蘆筍-白蘆筍,,SAP,農產品產地價格查詢系統,22050,白蘆筍
00203013010000100,蘆筍-白蘆筍,,PSC,農糧產品產銷供應鏈整合服務平台,2020419220019,白蘆筍
00203013010000100,蘆筍-白蘆筍,,MAM,農產品批發市場交易行情站,SV1,蘆筍    白蘆筍
00203013010000050,蘆筍進口,,MAM,農產品批發市場交易行情站,SV9,蘆筍    進口
00203013010000000,蘆筍,,PSC,農糧產品產銷供應鏈整合服務平台,SV,蘆筍
00203013010000000,蘆筍,,PQR,溯源農糧產品追溯系統,002004037,蘆筍
00203013010000000,蘆筍,,PMG,農業產銷班組織體系資料服務系統,18,蘆筍                
00203013010000000,蘆筍,,PFB,農產業天然災害現金救助系統,401,蘆筍
00203013010000000,蘆筍,,PAR,農糧情調查作業資訊系統,58,蘆筍
00203013010000000,蘆筍,,FFR,全國糧政跨區即時申辦服務作業平台,401,蘆筍
00203002012000000,山葵,,PQR,溯源農糧產品追溯系統,002004007,山葵
00203002012000000,山葵,,PFB,農產業天然災害現金救助系統,334,山葵
00203002012000000,山葵,,PAR,農糧情調查作業資訊系統,49,山葵
00203002012000000,山葵,,FFR,全國糧政跨區即時申辦服務作業平台,351,平地山葵
00203002012000000,山葵,,FFR,全國糧政跨區即時申辦服務作業平台,334,山葵
00203002011000000,球莖甘藍,,SAC,農產品生產成本調查系統,274,球莖甘藍
00203002011000000,球莖甘藍,,PSC,農糧產品產銷供應鏈整合服務平台,SW,球莖甘藍
00203002011000000,球莖甘藍,,PSC,農糧產品產銷供應鏈整合服務平台,2020419230018,球莖甘藍
00203002011000000,球莖甘藍,,PQR,溯源農糧產品追溯系統,002004015,球莖甘藍
00203002011000000,球莖甘藍,,PMG,農業產銷班組織體系資料服務系統,19,球莖甘藍            
00203002011000000,球莖甘藍,,PFB,農產業天然災害現金救助系統,444,結頭菜
00203002011000000,球莖甘藍,,PAR,農糧情調查作業資訊系統,91,結頭菜
00203002011000000,球莖甘藍,,MAM,農產品批發市場交易行情站,SW1,球莖甘藍
00203002011000000,球莖甘藍,,FFR,全國糧政跨區即時申辦服務作業平台,439,球莖甘藍(結頭菜)
00203000999000000,其他莖菜,,PMG,農業產銷班組織體系資料服務系統,24,其他莖菜            
00203000999000000,其他莖菜,,PAR,農糧情調查作業資訊系統,96,其他莖菜
00203000999000000,其他莖菜,,FFR,全國糧政跨區即時申辦服務作業平台,455,其他莖菜類
00203000000000000,莖菜類,,PMG,農業產銷班組織體系資料服務系統,7,莖菜類              
00202035009000000,食用百合,,PQR,溯源農糧產品追溯系統,002004062,食用百合
00202035009000000,食用百合,,MAM,農產品批發市場交易行情站,SZ4,百合
00202029008000000,蝦夷蔥,,PQR,溯源農糧產品追溯系統,002004048,細香蔥
00202029007000000,蕎頭,,PSC,農糧產品產銷供應鏈整合服務平台,ST,蕎頭
00202029007000000,蕎頭,,PSC,農糧產品產銷供應鏈整合服務平台,2020419200011,露蕎
00202029007000000,蕎頭,,PQR,溯源農糧產品追溯系統,002004034,蕗蕎
00202029007000000,蕎頭,,PFB,農產業天然災害現金救助系統,445,蕗蕎
00202029007000000,蕎頭,,PAR,農糧情調查作業資訊系統,92,蕗蕎
00202029007000000,蕎頭,,MAM,農產品批發市場交易行情站,ST1,蕎頭    露蕎
00202029007000000,蕎頭,,FFR,全國糧政跨區即時申辦服務作業平台,440,薤(蕗蕎)
00202029006000050,洋蔥-進口,,MAM,農產品批發市場交易行情站,SD9,洋蔥    進口
00202029006000000,洋蔥,,SAP,農產品產地價格查詢系統,A2030,洋蔥(外銷)-保證價格
00202029006000000,洋蔥,,SAP,農產品產地價格查詢系統,23021,洋蔥(外銷)-中等
00202029006000000,洋蔥,,SAP,農產品產地價格查詢系統,23020,洋蔥(內銷)
00202029006000000,洋蔥,,SAC,農產品生產成本調查系統,92,裡作洋蔥
00202029006000000,洋蔥,,PSC,農糧產品產銷供應鏈整合服務平台,SD,洋蔥
00202029006000000,洋蔥,,PQR,溯源農糧產品追溯系統,002004012,洋蔥
00202029006000000,洋蔥,,PMG,農業產銷班組織體系資料服務系統,9,洋蔥                
00202029006000000,洋蔥,,PFB,農產業天然災害現金救助系統,415,洋蔥
00202029006000000,洋蔥,,PAR,農糧情調查作業資訊系統,69,洋蔥
00202029006000000,洋蔥,,MAM,農產品批發市場交易行情站,SD1,洋蔥    本產
00202029006000000,洋蔥,,FFR,全國糧政跨區即時申辦服務作業平台,717,洋蔥(契作)
00202029006000000,洋蔥,,FFR,全國糧政跨區即時申辦服務作業平台,410,洋蔥
00202029005000000,韭蔥,,PSC,農糧產品產銷供應鏈整合服務平台,2020419070041,蔥蒜
00202029005000000,韭蔥,,PQR,溯源農糧產品追溯系統,002004049,韭蔥
00202029005000000,韭蔥,,MAM,農產品批發市場交易行情站,SG4,大蒜    蔥蒜
00202029004000000,分蔥,,SAP,農產品產地價格查詢系統,23011,蔥頭
00202029004000000,分蔥,,PSC,農糧產品產銷供應鏈整合服務平台,2020419050050,紅蔥頭
00202029004000000,分蔥,,PSC,農糧產品產銷供應鏈整合服務平台,2020419050043,珠蔥
00202029004000000,分蔥,,PQR,溯源農糧產品追溯系統,002004061,珠蔥
00202029004000000,分蔥,,PQR,溯源農糧產品追溯系統,002004032,蔥頭
00202029004000000,分蔥,,PQR,溯源農糧產品追溯系統,002004002,分蔥(紅蔥頭)
00202029004000000,分蔥,,PFB,農產業天然災害現金救助系統,439,蔥頭(珠蔥)
00202029004000000,分蔥,,PAR,農糧情調查作業資訊系統,86,蔥頭
00202029004000000,分蔥,,MAM,農產品批發市場交易行情站,SE5,青蔥    紅蔥頭
00202029004000000,分蔥,,MAM,農產品批發市場交易行情站,SE4,青蔥    珠蔥
00202029004000000,分蔥,,FFR,全國糧政跨區即時申辦服務作業平台,4B3,珠蔥
00202029004000000,分蔥,,FFR,全國糧政跨區即時申辦服務作業平台,434,蔥頭
00202029003000400,蔥-粉蔥,,PSC,農糧產品產銷供應鏈整合服務平台,2020419050067,粉蔥
00202029003000400,蔥-粉蔥,,MAM,農產品批發市場交易行情站,SE6,青蔥    粉蔥
00202029003000300,蔥-大蔥,,PSC,農糧產品產銷供應鏈整合服務平台,2020419050036,大蔥
00202029003000300,蔥-大蔥,,MAM,農產品批發市場交易行情站,SE3,青蔥    大蔥
00202029003000200,蔥-北蔥,,SAP,農產品產地價格查詢系統,A2056,青蔥(北蔥)
00202029003000200,蔥-北蔥,,SAP,農產品產地價格查詢系統,23010-SE2,青蔥(北蔥)
00202029003000200,蔥-北蔥,,PSC,農糧產品產銷供應鏈整合服務平台,2020419050029,北蔥
00202029003000200,蔥-北蔥,,MAM,農產品批發市場交易行情站,SE2,青蔥    北蔥
00202029003000100,蔥-日蔥,,SAP,農產品產地價格查詢系統,A2036,青蔥(日蔥)
00202029003000100,蔥-日蔥,,SAC,農產品生產成本調查系統,84,裡作青蔥(日蔥)
00202029003000100,蔥-日蔥,,PSC,農糧產品產銷供應鏈整合服務平台,2020419050012,日蔥
00202029003000100,蔥-日蔥,,MAM,農產品批發市場交易行情站,SE1,青蔥    日蔥
00202029003000050,蔥進口,,MAM,農產品批發市場交易行情站,SE9,青蔥    進口
00202029003000000,蔥,,SAP,農產品產地價格查詢系統,23010,青蔥
00202029003000000,蔥,,SAC,農產品生產成本調查系統,85,裡作青蔥
00202029003000000,蔥,,SAC,農產品生產成本調查系統,265,一期作青蔥
00202029003000000,蔥,,SAC,農產品生產成本調查系統,246,二期作青蔥
00202029003000000,蔥,,PSC,農糧產品產銷供應鏈整合服務平台,SE,青蔥
00202029003000000,蔥,,PQR,溯源農糧產品追溯系統,002004031,蔥
00202029003000000,蔥,,PMG,農業產銷班組織體系資料服務系統,32,青蔥                
00202029003000000,蔥,,PMG,農業產銷班組織體系資料服務系統,12,蔥                  
00202029003000000,蔥,,PFB,農產業天然災害現金救助系統,438,青蔥
00202029003000000,蔥,,PAR,農糧情調查作業資訊系統,85,蔥
00202029003000000,蔥,,FFR,全國糧政跨區即時申辦服務作業平台,433,蔥
00202029002000200,蒜頭-蒜瓣,,PSC,農糧產品產銷供應鏈整合服務平台,2020419070072,蒜瓣
00202029002000200,蒜頭-蒜瓣,,MAM,農產品批發市場交易行情站,SG7,大蒜    蒜瓣
00202029002000100,蒜頭-蒜仁,,PSC,農糧產品產銷供應鏈整合服務平台,2020419070065,蒜仁
00202029002000100,蒜頭-蒜仁,,MAM,農產品批發市場交易行情站,SG6,大蒜    蒜仁
00202029002000000,蒜頭,,SAP,農產品產地價格查詢系統,23040,蒜頭(蒜球)
00202029002000000,蒜頭,,PSC,農糧產品產銷供應鏈整合服務平台,2020419070058,蒜頭
00202029002000000,蒜頭,,PQR,溯源農糧產品追溯系統,002004064,蒜頭
00202029002000000,蒜頭,,PMG,農業產銷班組織體系資料服務系統,10,蒜頭                
00202029002000000,蒜頭,,PFB,農產業天然災害現金救助系統,437,蒜頭
00202029002000000,蒜頭,,PAR,農糧情調查作業資訊系統,84,蒜頭
00202029002000000,蒜頭,,MAM,農產品批發市場交易行情站,SG5,大蒜    蒜頭
00202029002000000,蒜頭,,FFR,全國糧政跨區即時申辦服務作業平台,432,蒜頭
00202029002000000,蒜頭,,CMV,敏感性蔬菜種植登記暨預警資訊系統,81,大蒜
00202029001000400,大蒜-白蒜,,PMG,農業產銷班組織體系資料服務系統,35,白蒜                
00202029001000300,大蒜-蒜苔,,PSC,農糧產品產銷供應鏈整合服務平台,2020419070034,蒜苔
00202029001000300,大蒜-蒜苔,,MAM,農產品批發市場交易行情站,SG3,大蒜    蒜苔
00202029001000200,大蒜-軟骨大蒜,,PSC,農糧產品產銷供應鏈整合服務平台,2020419070027,軟梗
00202029001000200,大蒜-軟骨大蒜,,MAM,農產品批發市場交易行情站,SG2,大蒜    軟梗
00202029001000100,大蒜-硬骨大蒜,,PSC,農糧產品產銷供應鏈整合服務平台,2020419070010,硬梗
00202029001000100,大蒜-硬骨大蒜,,MAM,農產品批發市場交易行情站,SG1,大蒜    硬梗
00202029001000050,大蒜進口,,MAM,農產品批發市場交易行情站,SG9,大蒜    進口
00202029001000000,大蒜,,SAP,農產品產地價格查詢系統,23030,青蒜
00202029001000000,大蒜,,SAC,農產品生產成本調查系統,82,青蒜蒜種
00202029001000000,大蒜,,SAC,農產品生產成本調查系統,81,裡作青蒜
00202029001000000,大蒜,,SAC,農產品生產成本調查系統,238,種蒜
00202029001000000,大蒜,,SAC,農產品生產成本調查系統,154,裡作蒜球
00202029001000000,大蒜,,PSC,農糧產品產銷供應鏈整合服務平台,SG,大蒜
00202029001000000,大蒜,,PQR,溯源農糧產品追溯系統,002004004,大蒜
00202029001000000,大蒜,,PMG,農業產銷班組織體系資料服務系統,34,青蒜                
00202029001000000,大蒜,,PFB,農產業天然災害現金救助系統,436,青蒜
00202029001000000,大蒜,,PAR,農糧情調查作業資訊系統,83,青蒜
00202029001000000,大蒜,,FFR,全國糧政跨區即時申辦服務作業平台,431,青蒜
00201181052000000,山蘇,,SAC,農產品生產成本調查系統,223,山蘇
00201181052000000,山蘇,,PSC,農糧產品產銷供應鏈整合服務平台,2020112240024,山蘇
00201181052000000,山蘇,,PQR,溯源農糧產品追溯系統,002001010,山蘇
00201181052000000,山蘇,,PMG,農業產銷班組織體系資料服務系統,484,山蘇                
00201181052000000,山蘇,,PFB,農產業天然災害現金救助系統,495,山蘇
00201181052000000,山蘇,,PAR,農糧情調查作業資訊系統,521,山蘇
00201181052000000,山蘇,,MAM,農產品批發市場交易行情站,LX2,蕨菜    山蘇
00201181052000000,山蘇,,FFR,全國糧政跨區即時申辦服務作業平台,4A1,山蘇
00201170035000050,香芹菜進口,,MAM,農產品批發市場交易行情站,LV9,巴西利  進口
00201170035000000,香芹菜,,PSC,農糧產品產銷供應鏈整合服務平台,LV,*巴西利
00201170035000000,香芹菜,,PSC,農糧產品產銷供應鏈整合服務平台,2020112220019,巴西利
00201170035000000,香芹菜,,PQR,溯源農糧產品追溯系統,002001050,歐芹
00201170035000000,香芹菜,,PFB,農產業天然災害現金救助系統,463,香芹菜
00201170035000000,香芹菜,,PAR,農糧情調查作業資訊系統,104,香芹菜
00201170035000000,香芹菜,,MAM,農產品批發市場交易行情站,LV1,巴西利
00201170035000000,香芹菜,,FFR,全國糧政跨區即時申辦服務作業平台,463,香芹菜(角菜)
00201170034000000,水芹,,PQR,溯源農糧產品追溯系統,002001013,水芹
00201170033000000,茴香,,PSC,農糧產品產銷供應鏈整合服務平台,LS,茴香
00201170033000000,茴香,,PSC,農糧產品產銷供應鏈整合服務平台,2020112190015,茴香
00201170033000000,茴香,,PQR,溯源農糧產品追溯系統,002001026,茴香
00201170033000000,茴香,,PFB,農產業天然災害現金救助系統,466,茴香
00201170033000000,茴香,,PAR,農糧情調查作業資訊系統,107,茴香
00201170033000000,茴香,,MAM,農產品批發市場交易行情站,LS1,茴香
00201170033000000,茴香,,FFR,全國糧政跨區即時申辦服務作業平台,9AX,茴香(籽)
00201170033000000,茴香,,FFR,全國糧政跨區即時申辦服務作業平台,466,茴香
00201170032000000,刺芹,,PQR,溯源農糧產品追溯系統,002001002,刺芹
00201170031000050,芫荽進口,,MAM,農產品批發市場交易行情站,LP9,芫荽    進口
00201170031000000,芫荽,,SAC,農產品生產成本調查系統,239,二期作芫荽
00201170031000000,芫荽,,PSC,農糧產品產銷供應鏈整合服務平台,LP,芫荽
00201170031000000,芫荽,,PSC,農糧產品產銷供應鏈整合服務平台,2020112160018,芫荽
00201170031000000,芫荽,,PQR,溯源農糧產品追溯系統,002001023,芫荽
00201170031000000,芫荽,,PMG,農業產銷班組織體系資料服務系統,47,芫荽                
00201170031000000,芫荽,,PFB,農產業天然災害現金救助系統,464,芫荽
00201170031000000,芫荽,,PAR,農糧情調查作業資訊系統,105,芫荽
00201170031000000,芫荽,,MAM,農產品批發市場交易行情站,LP1,芫荽
00201170031000000,芫荽,,FFR,全國糧政跨區即時申辦服務作業平台,464,芫荽
00201170030000400,芹菜-西洋芹菜,,PSC,農糧產品產銷供應鏈整合服務平台,2020112070034,西洋芹菜
00201170030000400,芹菜-西洋芹菜,,MAM,農產品批發市場交易行情站,LG3,芹菜    西洋芹菜
00201170030000400,芹菜-西洋芹菜,,FFR,全國糧政跨區即時申辦服務作業平台,4A5,西洋芹
00201170030000300,芹菜-山芹菜,,PSC,農糧產品產銷供應鏈整合服務平台,2020112070041,山芹菜
00201170030000300,芹菜-山芹菜,,MAM,農產品批發市場交易行情站,LG4,芹菜    山芹菜
00201170030000200,芹菜-白梗芹菜,,MAM,農產品批發市場交易行情站,LG2,芹菜    白梗
00201170030000100,芹菜-青梗芹菜,,PSC,農糧產品產銷供應鏈整合服務平台,2020112070058,芹菜管
00201170030000100,芹菜-青梗芹菜,,MAM,農產品批發市場交易行情站,LG5,芹菜    芹菜管
00201170030000100,芹菜-青梗芹菜,,MAM,農產品批發市場交易行情站,LG1,芹菜    青梗
00201170030000050,芹菜進口,,MAM,農產品批發市場交易行情站,LG9,芹菜    進口
00201170030000000,芹菜,,SAP,農產品產地價格查詢系統,24020,芹菜(土芹菜)
00201170030000000,芹菜,,SAC,農產品生產成本調查系統,458,芹菜
00201170030000000,芹菜,,PSC,農糧產品產銷供應鏈整合服務平台,LG,芹菜
00201170030000000,芹菜,,PQR,溯源農糧產品追溯系統,002001024,芹菜
00201170030000000,芹菜,,PMG,農業產銷班組織體系資料服務系統,36,芹菜                
00201170030000000,芹菜,,PFB,農產業天然災害現金救助系統,458,芹菜
00201170030000000,芹菜,,PAR,農糧情調查作業資訊系統,99,芹菜
00201170030000000,芹菜,,MAM,農產品批發市場交易行情站,LG8,芹菜    水耕
00201170030000000,芹菜,,FFR,全國糧政跨區即時申辦服務作業平台,458,芹菜
00201161050000000,龍鳳草,,FFR,全國糧政跨區即時申辦服務作業平台,4B6,貴妃菜(赤道櫻草)
00201154053000000,過溝菜蕨,,PSC,農糧產品產銷供應鏈整合服務平台,LX,蕨菜
00201154053000000,過溝菜蕨,,PSC,農糧產品產銷供應鏈整合服務平台,2020112240017,過貓
00201154053000000,過溝菜蕨,,PQR,溯源農糧產品追溯系統,002001072,過溝菜蕨
00201154053000000,過溝菜蕨,,PQR,溯源農糧產品追溯系統,002001035,蕨菜(過溝菜蕨)
00201154053000000,過溝菜蕨,,PQR,溯源農糧產品追溯系統,002001009,山蕨
00201154053000000,過溝菜蕨,,PMG,農業產銷班組織體系資料服務系統,37,山蕨                
00201154053000000,過溝菜蕨,,PFB,農產業天然災害現金救助系統,405,山蕨
00201154053000000,過溝菜蕨,,PAR,農糧情調查作業資訊系統,62,山蕨
00201154053000000,過溝菜蕨,,MAM,農產品批發市場交易行情站,LX1,蕨菜    過貓
00201154053000000,過溝菜蕨,,FFR,全國糧政跨區即時申辦服務作業平台,4AF,過溝山蕨
00201154053000000,過溝菜蕨,,FFR,全國糧政跨區即時申辦服務作業平台,468,過溝菜蕨(山蕨)
00201153058000000,糯米糰,,PQR,溯源農糧產品追溯系統,002001075,糯米團
00201153058000000,糯米糰,,FFR,全國糧政跨區即時申辦服務作業平台,4BN,糯米糰
00201132051000000,龍鬚菜,,PSC,農糧產品產銷供應鏈整合服務平台,2020112200011,龍鬚菜
00201132051000000,龍鬚菜,,PQR,溯源農糧產品追溯系統,002001052,龍鬚菜
00201132051000000,龍鬚菜,,PMG,農業產銷班組織體系資料服務系統,38,龍鬚菜              
00201132051000000,龍鬚菜,,PFB,農產業天然災害現金救助系統,406,龍鬚菜
00201132051000000,龍鬚菜,,PAR,農糧情調查作業資訊系統,63,龍鬚菜
00201132051000000,龍鬚菜,,MAM,農產品批發市場交易行情站,LT1,海菜    龍鬚菜
00201132051000000,龍鬚菜,,FFR,全國糧政跨區即時申辦服務作業平台,469,龍鬚菜
00201129041000000,藤三七,,PSC,農糧產品產銷供應鏈整合服務平台,2020112260022,川七葉
00201129041000000,藤三七,,PQR,溯源農糧產品追溯系統,002001039,藤川七
00201129041000000,藤三七,,MAM,農產品批發市場交易行情站,LZ2,藤川七  川七葉
00201129041000000,藤三七,,FFR,全國糧政跨區即時申辦服務作業平台,815,川七
00201129040000200,落葵-大葉落葵,,MAM,農產品批發市場交易行情站,LE2,皇宮菜  大葉
00201129040000100,落葵-小葉落葵,,MAM,農產品批發市場交易行情站,LE1,皇宮菜  小葉
00201129040000000,落葵,,PSC,農糧產品產銷供應鏈整合服務平台,LE,皇宮菜(落葵)
00201129040000000,落葵,,PQR,溯源農糧產品追溯系統,002001032,落葵
00201129040000000,落葵,,PMG,農業產銷班組織體系資料服務系統,48,落葵                
00201129040000000,落葵,,FFR,全國糧政跨區即時申辦服務作業平台,4AN,落葵
00201129040000000,落葵,,FFR,全國糧政跨區即時申辦服務作業平台,4A2,洛葵(皇宮菜)
00201118028000000,白鳳菜,,PSC,農糧產品產銷供應鏈整合服務平台,2020112170024,白鳳菜
00201118028000000,白鳳菜,,PQR,溯源農糧產品追溯系統,002001018,白鳳菜
00201118028000000,白鳳菜,,MAM,農產品批發市場交易行情站,LQ2,紅鳳菜  白鳳菜
00201118028000000,白鳳菜,,FFR,全國糧政跨區即時申辦服務作業平台,4AQ,白鳳菜
00201118027000000,紅鳳菜,,PSC,農糧產品產銷供應鏈整合服務平台,LQ,紅鳳菜
00201118027000000,紅鳳菜,,PSC,農糧產品產銷供應鏈整合服務平台,2020112170017,紅鳳菜
00201118027000000,紅鳳菜,,PQR,溯源農糧產品追溯系統,002001019,紅鳳菜
00201118027000000,紅鳳菜,,PMG,農業產銷班組織體系資料服務系統,44,紅鳳菜              
00201118027000000,紅鳳菜,,MAM,農產品批發市場交易行情站,LQ1,紅鳳菜  紅鳳菜
00201118027000000,紅鳳菜,,FFR,全國糧政跨區即時申辦服務作業平台,4A3,紅鳳菜
00201118026000000,茼蒿,,SAP,農產品產地價格查詢系統,24100,茼萵
00201118026000000,茼蒿,,PSC,農糧產品產銷供應鏈整合服務平台,LL,茼萵
00201118026000000,茼蒿,,PSC,農糧產品產銷供應鏈整合服務平台,2020112120012,茼蒿
00201118026000000,茼蒿,,PQR,溯源農糧產品追溯系統,002001027,茼蒿
00201118026000000,茼蒿,,PMG,農業產銷班組織體系資料服務系統,43,茼蒿                
00201118026000000,茼蒿,,PFB,農產業天然災害現金救助系統,462,茼蒿
00201118026000000,茼蒿,,PAR,農糧情調查作業資訊系統,103,茼蒿
00201118026000000,茼蒿,,MAM,農產品批發市場交易行情站,LL8,茼蒿    水耕
00201118026000000,茼蒿,,MAM,農產品批發市場交易行情站,LL1,茼蒿
00201118026000000,茼蒿,,MAM,農產品批發市場交易行情站,LL0,茼蒿    其他
00201118026000000,茼蒿,,FFR,全國糧政跨區即時申辦服務作業平台,462,茼蒿
00201118025000000,食用薊,,PQR,溯源農糧產品追溯系統,002001044,食用薊
00201118024000000,山茼蒿,,PQR,溯源農糧產品追溯系統,002001065,山茼蒿(昭和菜)
00201118024000000,山茼蒿,,FFR,全國糧政跨區即時申辦服務作業平台,4AB,昭和草
00201118023000000,吉康菜,,PQR,溯源農糧產品追溯系統,002001041,野苦苣
00201118023000000,吉康菜,,PQR,溯源農糧產品追溯系統,002001004,吉康菜
00201118023000000,吉康菜,,PFB,農產業天然災害現金救助系統,467,吉康菜
00201118023000000,吉康菜,,PAR,農糧情調查作業資訊系統,108,吉康菜
00201118023000000,吉康菜,,FFR,全國糧政跨區即時申辦服務作業平台,4AP,菊苣
00201118023000000,吉康菜,,FFR,全國糧政跨區即時申辦服務作業平台,467,吉康菜
00201118022000000,苦苣,,PQR,溯源農糧產品追溯系統,002001025,苦苣
00201118021000000,珍珠菜,,PSC,農糧產品產銷供應鏈整合服務平台,LY5,珍珠菜
00201118021000000,珍珠菜,,PSC,農糧產品產銷供應鏈整合服務平台,2020112250054,珍珠菜
00201118021000000,珍珠菜,,PQR,溯源農糧產品追溯系統,002001015,珍珠菜(角菜)
00201118021000000,珍珠菜,,MAM,農產品批發市場交易行情站,LY5,珍珠菜
00201118020999950,萵苣-其它品種進口,,MAM,農產品批發市場交易行情站,LI90,萵苣菜進口 其他
00201118020999900,萵苣-其它品種,,SAP,農產品產地價格查詢系統,24090,本島萵苣
00201118020999900,萵苣-其它品種,,MAM,農產品批發市場交易行情站,LI0,萵苣菜  其他
00201118020000900,萵苣-紅捲綠捲,,MAM,農產品批發市場交易行情站,LI72,萵苣菜綠捲
00201118020000900,萵苣-紅捲綠捲,,MAM,農產品批發市場交易行情站,LI71,萵苣菜紅捲
00201118020000900,萵苣-紅捲綠捲,,MAM,農產品批發市場交易行情站,LI7,萵苣菜紅捲綠捲
00201118020000850,萵苣-油麥菜進口,,MAM,農產品批發市場交易行情站,LI95,萵苣菜進口 油麥菜 
00201118020000800,萵苣-油麥菜,,SAP,農產品產地價格查詢系統,24091,萵苣(油麥菜)
00201118020000800,萵苣-油麥菜,,PSC,農糧產品產銷供應鏈整合服務平台,2020112090056,油麥菜
00201118020000800,萵苣-油麥菜,,MAM,農產品批發市場交易行情站,LI5,萵苣菜  油麥菜
00201118020000750,萵苣-本島尖葉萵苣進口,,MAM,農產品批發市場交易行情站,LI94,萵苣菜進口 本島尖
00201118020000700,萵苣-本島尖葉萵苣,,PSC,農糧產品產銷供應鏈整合服務平台,2020112090049,本島尖葉
00201118020000700,萵苣-本島尖葉萵苣,,MAM,農產品批發市場交易行情站,LI4,萵苣菜  本島尖葉
00201118020000650,萵苣-本島圓葉萵苣進口,,MAM,農產品批發市場交易行情站,LI93,萵苣菜進口 本島圓
00201118020000600,萵苣-本島圓葉萵苣,,PSC,農糧產品產銷供應鏈整合服務平台,2020112090032,本島圓葉
00201118020000600,萵苣-本島圓葉萵苣,,MAM,農產品批發市場交易行情站,LI3,萵苣菜  本島圓葉
00201118020000550,萵苣-廣東菜進口,,MAM,農產品批發市場交易行情站,LI91,萵苣菜進口 廣東萵
00201118020000500,萵苣-廣東菜,,PSC,農糧產品產銷供應鏈整合服務平台,2020112090018,廣東菜
00201118020000500,萵苣-廣東菜,,MAM,農產品批發市場交易行情站,LI1,萵苣菜  廣東菜
00201118020000400,萵苣-不結球萵苣,,PQR,溯源農糧產品追溯系統,002001063,不結球萵苣(A菜，大陸妹)
00201118020000400,萵苣-不結球萵苣,,FFR,全國糧政跨區即時申辦服務作業平台,4AH,A菜
00201118020000350,萵苣-蘿美進口,,MAM,農產品批發市場交易行情站,LI96,萵苣菜進口 蘿美
00201118020000300,萵苣-蘿美,,PSC,農糧產品產銷供應鏈整合服務平台,2020112090063,蘿美
00201118020000300,萵苣-蘿美,,MAM,農產品批發市場交易行情站,LI6,萵苣菜  蘿美
00201118020000300,萵苣-蘿美,,FFR,全國糧政跨區即時申辦服務作業平台,4BY,蘿蔓萵苣
00201118020000200,萵苣-半結球萵苣,,PQR,溯源農糧產品追溯系統,002001064,半結球萵苣
00201118020000200,萵苣-半結球萵苣,,PMG,農業產銷班組織體系資料服務系統,41,大陸萵              
00201118020000150,萵苣-結球萵苣進口,,MAM,農產品批發市場交易行情站,LI92,萵苣菜進口 結球萵
00201118020000100,萵苣-結球萵苣,,SAC,農產品生產成本調查系統,271,結球萵苣
00201118020000100,萵苣-結球萵苣,,PSC,農糧產品產銷供應鏈整合服務平台,2020112090025,結球萵
00201118020000100,萵苣-結球萵苣,,PQR,溯源農糧產品追溯系統,002001055,結球萵苣
00201118020000100,萵苣-結球萵苣,,MAM,農產品批發市場交易行情站,LI2,萵苣菜  結球萵
00201118020000100,萵苣-結球萵苣,,FFR,全國糧政跨區即時申辦服務作業平台,496,結球萵苣
00201118020000100,萵苣-結球萵苣,,FFR,全國糧政跨區即時申辦服務作業平台,013,契作結球萵苣
00201118020000050,萵苣進口,,MAM,農產品批發市場交易行情站,LI9,萵苣菜  進口
00201118020000000,萵苣,,SAC,農產品生產成本調查系統,301,萵苣(有機)
00201118020000000,萵苣,,PSC,農糧產品產銷供應鏈整合服務平台,LI,萵苣菜
00201118020000000,萵苣,,PQR,溯源農糧產品追溯系統,002001031,萵苣
00201118020000000,萵苣,,PMG,農業產銷班組織體系資料服務系統,40,萵苣                
00201118020000000,萵苣,,PFB,農產業天然災害現金救助系統,460,萵苣
00201118020000000,萵苣,,PAR,農糧情調查作業資訊系統,101,萵苣
00201118020000000,萵苣,,MAM,農產品批發市場交易行情站,LI8,萵苣菜水耕
00201118020000000,萵苣,,FFR,全國糧政跨區即時申辦服務作業平台,460,萵苣
00201111047000000,番杏,,PQR,溯源農糧產品追溯系統,002001017,番杏
00201111047000000,番杏,,FFR,全國糧政跨區即時申辦服務作業平台,4AC,番杏
00201111046000000,冰花,,PQR,溯源農糧產品追溯系統,002001076,冰花
00201098038000000,菾菜,,PSC,農糧產品產銷供應鏈整合服務平台,LU,菾菜
00201098038000000,菾菜,,PSC,農糧產品產銷供應鏈整合服務平台,2020112210010,茄茉菜
00201098038000000,菾菜,,PQR,溯源農糧產品追溯系統,002001030,菾菜
00201098038000000,菾菜,,MAM,農產品批發市場交易行情站,LU1,菾菜    茄茉菜
00201098038000000,菾菜,,FFR,全國糧政跨區即時申辦服務作業平台,4B4,菾菜
00201098038000000,菾菜,,FFR,全國糧政跨區即時申辦服務作業平台,4B1,甜菜
00201098037000200,菠菜-角葉菠菜,,PSC,農糧產品產銷供應鏈整合服務平台,2020112080026,角葉
00201098037000200,菠菜-角葉菠菜,,MAM,農產品批發市場交易行情站,LH2,菠菜    角葉
00201098037000100,菠菜-圓葉菠菜,,MAM,農產品批發市場交易行情站,LH1,菠菜    圓葉
00201098037000050,菠菜進口,,MAM,農產品批發市場交易行情站,LH9,菠菜    進口
00201098037000000,菠菜,,SAP,農產品產地價格查詢系統,24060,菠菜
00201098037000000,菠菜,,SAC,農產品生產成本調查系統,277,菠菜( 設施)
00201098037000000,菠菜,,SAC,農產品生產成本調查系統,215,菠菜
00201098037000000,菠菜,,PSC,農糧產品產銷供應鏈整合服務平台,LH,菠菜(菠菱菜)
00201098037000000,菠菜,,PQR,溯源農糧產品追溯系統,002001029,菠菜
00201098037000000,菠菜,,PMG,農業產銷班組織體系資料服務系統,39,菠菜                
00201098037000000,菠菜,,PFB,農產業天然災害現金救助系統,459,菠菜
00201098037000000,菠菜,,PAR,農糧情調查作業資訊系統,100,菠菜
00201098037000000,菠菜,,FFR,全國糧政跨區即時申辦服務作業平台,459,菠菜
00201098036000200,莧菜-白莧菜,,PSC,農糧產品產銷供應鏈整合服務平台,2020112130028,白莧菜
00201098036000200,莧菜-白莧菜,,MAM,農產品批發市場交易行情站,LM2,莧菜    白莧菜
00201098036000150,莧菜-紅莧菜進口,,MAM,農產品批發市場交易行情站,IY055,進口紅莧菜
00201098036000100,莧菜-紅莧菜,,PSC,農糧產品產銷供應鏈整合服務平台,2020112130011,紅莧菜
00201098036000100,莧菜-紅莧菜,,MAM,農產品批發市場交易行情站,LM1,莧菜    紅莧菜
00201098036000100,莧菜-紅莧菜,,MAM,農產品批發市場交易行情站,FY055,紅莧菜
00201098036000000,莧菜,,SAP,農產品產地價格查詢系統,A2055,莧菜
00201098036000000,莧菜,,SAP,農產品產地價格查詢系統,24080,莧菜
00201098036000000,莧菜,,PSC,農糧產品產銷供應鏈整合服務平台,LM,莧菜
00201098036000000,莧菜,,PQR,溯源農糧產品追溯系統,002001028,莧菜
00201098036000000,莧菜,,PMG,農業產銷班組織體系資料服務系統,51,杏菜                
00201098036000000,莧菜,,PMG,農業產銷班組織體系資料服務系統,42,莧菜                
00201098036000000,莧菜,,PFB,農產業天然災害現金救助系統,461,莧菜
00201098036000000,莧菜,,PAR,農糧情調查作業資訊系統,102,莧菜
00201098036000000,莧菜,,MAM,農產品批發市場交易行情站,LM8,莧菜    水耕
00201098036000000,莧菜,,FFR,全國糧政跨區即時申辦服務作業平台,461,莧菜
00201092043000000,葉用甘藷,,PSC,農糧產品產銷供應鏈整合服務平台,LO,甘藷葉
00201092043000000,葉用甘藷,,PSC,農糧產品產銷供應鏈整合服務平台,2020112150019,甘薯葉
00201092043000000,葉用甘藷,,PQR,溯源農糧產品追溯系統,002001070,葉用甘藷
00201092043000000,葉用甘藷,,PQR,溯源農糧產品追溯系統,002001033,葉菜甘藷
00201092043000000,葉用甘藷,,PMG,農業產銷班組織體系資料服務系統,45,甘薯葉              
00201092043000000,葉用甘藷,,MAM,農產品批發市場交易行情站,LO1,甘薯葉
00201092043000000,葉用甘藷,,FFR,全國糧政跨區即時申辦服務作業平台,4B8,甘藷葉
00201092043000000,葉用甘藷,,FFR,全國糧政跨區即時申辦服務作業平台,4AG,葉用甘藷(地瓜葉)
00201092043000000,葉用甘藷,,FFR,全國糧政跨區即時申辦服務作業平台,206,葉用甘藷
00201092042999900,蕹菜-其它品種,,MAM,農產品批發市場交易行情站,LF0,蕹菜    其他
00201092042000400,蕹菜-水蕹菜,,PSC,農糧產品產銷供應鏈整合服務平台,2020112060035,水蕹菜
00201092042000400,蕹菜-水蕹菜,,MAM,農產品批發市場交易行情站,LF3,蕹菜    水蕹菜
00201092042000200,蕹菜-小葉蕹菜,,MAM,農產品批發市場交易行情站,LF2,蕹菜    小葉
00201092042000100,蕹菜-大葉蕹菜,,MAM,農產品批發市場交易行情站,LF1,蕹菜    大葉
00201092042000000,蕹菜,,SAP,農產品產地價格查詢系統,A2042,蕹菜
00201092042000000,蕹菜,,SAP,農產品產地價格查詢系統,24010,蕹菜(空心菜)
00201092042000000,蕹菜,,SAC,農產品生產成本調查系統,181,蕹菜(設施)
00201092042000000,蕹菜,,SAC,農產品生產成本調查系統,180,蕹菜
00201092042000000,蕹菜,,PSC,農糧產品產銷供應鏈整合服務平台,LF,蕹菜
00201092042000000,蕹菜,,PQR,溯源農糧產品追溯系統,002001036,蕹菜
00201092042000000,蕹菜,,PMG,農業產銷班組織體系資料服務系統,33,甕菜                
00201092042000000,蕹菜,,PFB,農產業天然災害現金救助系統,457,蕹菜
00201092042000000,蕹菜,,PAR,農糧情調查作業資訊系統,98,蕹菜
00201092042000000,蕹菜,,MAM,農產品批發市場交易行情站,LF8,蕹菜    水耕
00201092042000000,蕹菜,,FFR,全國糧政跨區即時申辦服務作業平台,457,蕹菜(空心菜)
00201087049000000,人蔘菜,,PSC,農糧產品產銷供應鏈整合服務平台,LY4,人參葉
00201087049000000,人蔘菜,,PSC,農糧產品產銷供應鏈整合服務平台,2020112250047,人參葉
00201087049000000,人蔘菜,,PQR,溯源農糧產品追溯系統,005001084,人蔘葉
00201087049000000,人蔘菜,,PQR,溯源農糧產品追溯系統,002001049,巴蔘
00201087049000000,人蔘菜,,MAM,農產品批發市場交易行情站,LY4,人參葉
00201087049000000,人蔘菜,,FFR,全國糧政跨區即時申辦服務作業平台,832,土人蔘
00201087048000000,馬齒莧,,PSC,農糧產品產銷供應鏈整合服務平台,LY3,豬母菜
00201087048000000,馬齒莧,,PSC,農糧產品產銷供應鏈整合服務平台,2020112250030,豬母菜
00201087048000000,馬齒莧,,PQR,溯源農糧產品追溯系統,002001040,豬母菜
00201087048000000,馬齒莧,,MAM,農產品批發市場交易行情站,LY3,豬母菜
00201087048000000,馬齒莧,,FFR,全國糧政跨區即時申辦服務作業平台,4A8,馬齒莧
00201077045000000,羅勒,,PSC,農糧產品產銷供應鏈整合服務平台,LP2,九層塔
00201077045000000,羅勒,,PSC,農糧產品產銷供應鏈整合服務平台,2020112160025,九層塔
00201077045000000,羅勒,,PQR,溯源農糧產品追溯系統,002001071,羅勒
00201077045000000,羅勒,,PQR,溯源農糧產品追溯系統,002001001,九層塔
00201077045000000,羅勒,,PFB,農產業天然災害現金救助系統,333,羅勒
00201077045000000,羅勒,,PAR,農糧情調查作業資訊系統,48,羅勒
00201077045000000,羅勒,,MAM,農產品批發市場交易行情站,LP2 ,九層塔
00201077045000000,羅勒,,FFR,全國糧政跨區即時申辦服務作業平台,333,羅勒(九層塔)
00201077045000000,羅勒,,FFR,全國糧政跨區即時申辦服務作業平台,240,羅勒(九層塔)
00201075057000000,龍葵,,PSC,農糧產品產銷供應鏈整合服務平台,LY2,黑甜仔菜
00201075057000000,龍葵,,PSC,農糧產品產銷供應鏈整合服務平台,2020112250023,黑甜仔菜
00201075057000000,龍葵,,PQR,溯源農糧產品追溯系統,002001047,龍葵
00201075057000000,龍葵,,MAM,農產品批發市場交易行情站,LY2  ,黑甜仔菜　        
00201075057000000,龍葵,,FFR,全國糧政跨區即時申辦服務作業平台,4A9,龍葵
00201059055000000,學菜,,PQR,溯源農糧產品追溯系統,002001007,學菜
00201053056000000,食茱萸,,PQR,溯源農糧產品追溯系統,002001046,食茱萸
00201053056000000,食茱萸,,FFR,全國糧政跨區即時申辦服務作業平台,4BT,食茱萸(刺蔥)
00201044054000000,水合歡,,FFR,全國糧政跨區即時申辦服務作業平台,4AX,水合歡
00201029039000400,韭菜-韭黃,,SAP,農產品產地價格查詢系統,23051,韭黃
00201029039000400,韭菜-韭黃,,PSC,農糧產品產銷供應鏈整合服務平台,2020119060021,韭菜黃
00201029039000400,韭菜-韭黃,,PQR,溯源農糧產品追溯系統,002001068,韭黃
00201029039000400,韭菜-韭黃,,PMG,農業產銷班組織體系資料服務系統,31,韭黃
00201029039000400,韭菜-韭黃,,MAM,農產品批發市場交易行情站,SF2,韭菜    韭菜黃
00201029039000300,韭菜-韭菜花,,SAC,農產品生產成本調查系統,101,韭菜花
00201029039000300,韭菜-韭菜花,,PSC,農糧產品產銷供應鏈整合服務平台,2020119060038,韭菜花
00201029039000300,韭菜-韭菜花,,PQR,溯源農糧產品追溯系統,002001069,韭菜花
00201029039000300,韭菜-韭菜花,,PMG,農業產銷班組織體系資料服務系統,30,韭菜花
00201029039000300,韭菜-韭菜花,,MAM,農產品批發市場交易行情站,SF3,韭菜    韭菜花
00201029039000300,韭菜-韭菜花,,FFR,全國糧政跨區即時申辦服務作業平台,4AI,韭菜花
00201029039000200,韭菜-青頭韭菜,,PSC,農糧產品產銷供應鏈整合服務平台,2020119060045,青頭
00201029039000200,韭菜-青頭韭菜,,MAM,農產品批發市場交易行情站,SF4,韭菜    青頭
00201029039000100,韭菜-白頭韭菜,,PSC,農糧產品產銷供應鏈整合服務平台,2020119060014,白頭
00201029039000100,韭菜-白頭韭菜,,MAM,農產品批發市場交易行情站,SF1,韭菜    白頭
00201029039000000,韭菜,,SAP,農產品產地價格查詢系統,23050,韭菜
00201029039000000,韭菜,,SAC,農產品生產成本調查系統,100,韭菜
00201029039000000,韭菜,,PSC,農糧產品產銷供應鏈整合服務平台,SF,韭菜
00201029039000000,韭菜,,PQR,溯源農糧產品追溯系統,002004006,寬葉韭
00201029039000000,韭菜,,PQR,溯源農糧產品追溯系統,002001043,韭菜
00201029039000000,韭菜,,PMG,農業產銷班組織體系資料服務系統,29,韭菜
00201029039000000,韭菜,,PFB,農產業天然災害現金救助系統,402,韭菜
00201029039000000,韭菜,,PAR,農糧情調查作業資訊系統,59,韭菜
00201029039000000,韭菜,,FFR,全國糧政跨區即時申辦服務作業平台,402,韭菜
00201026059000000,麻意,,FFR,全國糧政跨區即時申辦服務作業平台,4B9,麻薏(黃麻)
00201002019000000,葉用蘿蔔,,PQR,溯源農糧產品追溯系統,002001058,葉用蘿蔔
00201002018000000,西洋菜,,PSC,農糧產品產銷供應鏈整合服務平台,LY1,西洋菜
00201002018000000,西洋菜,,PSC,農糧產品產銷供應鏈整合服務平台,2020112250016,西洋菜
00201002018000000,西洋菜,,PQR,溯源農糧產品追溯系統,002004041,豆瓣菜
00201002018000000,西洋菜,,MAM,農產品批發市場交易行情站,LY1,西洋菜
00201002018000000,西洋菜,,FFR,全國糧政跨區即時申辦服務作業平台,4BS,豆瓣菜(西洋菜)
00201002017000000,芝麻菜,,FFR,全國糧政跨區即時申辦服務作業平台,4AR,芝麻菜
00201002016000000,薺菜,,PSC,農糧產品產銷供應鏈整合服務平台,LZ,薺菜
00201002016000000,薺菜,,PSC,農糧產品產銷供應鏈整合服務平台,2020112260015,薺菜
00201002016000000,薺菜,,PQR,溯源農糧產品追溯系統,002001038,薺菜
00201002016000000,薺菜,,MAM,農產品批發市場交易行情站,LZ1,薺菜
00201002016000000,薺菜,,FFR,全國糧政跨區即時申辦服務作業平台,4BP,薺菜
00201002016000000,薺菜,,FFR,全國糧政跨區即時申辦服務作業平台,4BO,巴蔘菜
00201002008000000,塌棵菜,,PSC,農糧產品產銷供應鏈整合服務平台,LR,塌棵菜
00201002008000000,塌棵菜,,PSC,農糧產品產銷供應鏈整合服務平台,2020112180016,塌棵菜
00201002008000000,塌棵菜,,PQR,溯源農糧產品追溯系統,002001005,塌棵菜
00201002008000000,塌棵菜,,MAM,農產品批發市場交易行情站,LR1 ,塌棵菜
00201002007000000,油菜,,PSC,農糧產品產銷供應鏈整合服務平台,LN,油菜
00201002007000000,油菜,,PSC,農糧產品產銷供應鏈整合服務平台,2020112140010,油菜
00201002007000000,油菜,,PQR,溯源農糧產品追溯系統,009002003,能源油菜
00201002007000000,油菜,,PQR,溯源農糧產品追溯系統,002001014,油菜
00201002007000000,油菜,,PMG,農業產銷班組織體系資料服務系統,50,油菜                
00201002007000000,油菜,,PAR,農糧情調查作業資訊系統,142,油菜
00201002007000000,油菜,,MAM,農產品批發市場交易行情站,LN1,油菜
00201002007000000,油菜,,FFR,全國糧政跨區即時申辦服務作業平台,543,能源油菜
00201002007000000,油菜,,FFR,全國糧政跨區即時申辦服務作業平台,509,油菜(綠肥)
00201002007000000,油菜,,FFR,全國糧政跨區即時申辦服務作業平台,4BR,油菜
00201002006000400,不結球白菜-青梗白菜,,SAP,農產品產地價格查詢系統,A2041,青江白菜
00201002006000400,不結球白菜-青梗白菜,,SAP,農產品產地價格查詢系統,24041,青江白菜
00201002006000400,不結球白菜-青梗白菜,,SAC,農產品生產成本調查系統,78,青江白菜
00201002006000400,不結球白菜-青梗白菜,,SAC,農產品生產成本調查系統,303,青江白菜(桃園八德)
00201002006000400,不結球白菜-青梗白菜,,SAC,農產品生產成本調查系統,262,青江菜
00201002006000400,不結球白菜-青梗白菜,,PSC,農糧產品產銷供應鏈整合服務平台,LD,青江白菜
00201002006000400,不結球白菜-青梗白菜,,PQR,溯源農糧產品追溯系統,002001042,青江菜
00201002006000400,不結球白菜-青梗白菜,,PMG,農業產銷班組織體系資料服務系統,49,青江菜              
00201002006000400,不結球白菜-青梗白菜,,MAM,農產品批發市場交易行情站,LD8,青江白菜水耕
00201002006000400,不結球白菜-青梗白菜,,MAM,農產品批發市場交易行情站,LD2,青江白菜大梗
00201002006000400,不結球白菜-青梗白菜,,MAM,農產品批發市場交易行情站,LD1,青江白菜小梗
00201002006000400,不結球白菜-青梗白菜,,FFR,全國糧政跨區即時申辦服務作業平台,4AM,青江菜
00201002006000300,不結球白菜-土白菜,,PSC,農糧產品產銷供應鏈整合服務平台,2020112020121,土白菜
00201002006000300,不結球白菜-土白菜,,PSC,農糧產品產銷供應鏈整合服務平台,2020112020114,土白菜
00201002006000300,不結球白菜-土白菜,,PSC,農糧產品產銷供應鏈整合服務平台,2020112020015,土白菜
00201002006000300,不結球白菜-土白菜,,MAM,農產品批發市場交易行情站,LB12,小白菜  土白菜
00201002006000300,不結球白菜-土白菜,,MAM,農產品批發市場交易行情站,LB11,小白菜  土白菜
00201002006000300,不結球白菜-土白菜,,MAM,農產品批發市場交易行情站,LB1,小白菜  土白菜
00201002006000200,不結球白菜-蚵仔白,,PSC,農糧產品產銷供應鏈整合服務平台,2020112020220,蚵仔白
00201002006000200,不結球白菜-蚵仔白,,PSC,農糧產品產銷供應鏈整合服務平台,2020112020213,蚵仔白
00201002006000200,不結球白菜-蚵仔白,,PSC,農糧產品產銷供應鏈整合服務平台,2020112020022,蚵仔白
00201002006000200,不結球白菜-蚵仔白,,MAM,農產品批發市場交易行情站,LB22,小白菜  蚵仔白
00201002006000200,不結球白菜-蚵仔白,,MAM,農產品批發市場交易行情站,LB21,小白菜  蚵仔白
00201002006000200,不結球白菜-蚵仔白,,MAM,農產品批發市場交易行情站,LB2,小白菜  蚵仔白
00201002006000100,不結球白菜-小白菜,,SAP,農產品產地價格查詢系統,A2039,小白菜
00201002006000100,不結球白菜-小白菜,,SAP,農產品產地價格查詢系統,24040,小白菜
00201002006000100,不結球白菜-小白菜,,SAC,農產品生產成本調查系統,263,小白菜
00201002006000100,不結球白菜-小白菜,,SAC,農產品生產成本調查系統,125,設施小白菜
00201002006000100,不結球白菜-小白菜,,PSC,農糧產品產銷供應鏈整合服務平台,LB,小白菜
00201002006000100,不結球白菜-小白菜,,PQR,溯源農糧產品追溯系統,002001056,小白菜
00201002006000100,不結球白菜-小白菜,,MAM,農產品批發市場交易行情站,LB8,小白菜  水耕
00201002006000100,不結球白菜-小白菜,,MAM,農產品批發市場交易行情站,LB0,小白菜  其他
00201002006000100,不結球白菜-小白菜,,FFR,全國糧政跨區即時申辦服務作業平台,426,小白菜
00201002006000000,不結球白菜,,PQR,溯源農糧產品追溯系統,002001008,不結球白菜
00201002006000000,不結球白菜,,PMG,農業產銷班組織體系資料服務系統,28,不結球白菜          
00201002006000000,不結球白菜,,PFB,農產業天然災害現金救助系統,422,不結球白菜
00201002006000000,不結球白菜,,PAR,農糧情調查作業資訊系統,76,不結球白菜
00201002006000000,不結球白菜,,FFR,全國糧政跨區即時申辦服務作業平台,417,不結球白菜
00201002005999900,芥菜-其它品種,,PQR,溯源農糧產品追溯系統,002001053,包心芥菜
00201002005999900,芥菜-其它品種,,MAM,農產品批發市場交易行情站,SS0,大心菜  其他
00201002005000600,芥菜-大心芥菜,,PSC,農糧產品產銷供應鏈整合服務平台,SS,大心菜
00201002005000600,芥菜-大心芥菜,,PQR,溯源農糧產品追溯系統,002001054,大心芥菜
00201002005000600,芥菜-大心芥菜,,PFB,農產業天然災害現金救助系統,447,大心芥菜
00201002005000600,芥菜-大心芥菜,,PAR,農糧情調查作業資訊系統,94,大心芥菜
00201002005000600,芥菜-大心芥菜,,MAM,農產品批發市場交易行情站,SS1,大心菜  帶葉
00201002005000600,芥菜-大心芥菜,,FFR,全國糧政跨區即時申辦服務作業平台,442,大心芥菜
00201002005000500,芥菜-翡翠娃娃菜,,PSC,農糧產品產銷供應鏈整合服務平台,2020112100052,翡翠娃娃菜
00201002005000500,芥菜-翡翠娃娃菜,,MAM,農產品批發市場交易行情站,LJ5,芥菜    翡翠娃娃菜
00201002005000400,芥菜-皺葉芥菜,,PSC,農糧產品產銷供應鏈整合服務平台,OB,雪裡紅
00201002005000400,芥菜-皺葉芥菜,,PSC,農糧產品產銷供應鏈整合服務平台,2020615020017,雪里紅
00201002005000400,芥菜-皺葉芥菜,,PQR,溯源農糧產品追溯系統,002006011,雪里紅
00201002005000400,芥菜-皺葉芥菜,,MAM,農產品批發市場交易行情站,OB1  ,雪里紅  　        
00201002005000300,芥菜-小葉芥菜,,PSC,農糧產品產銷供應鏈整合服務平台,2020112100045,小芥菜
00201002005000300,芥菜-小葉芥菜,,MAM,農產品批發市場交易行情站,LJ4,芥菜    小芥菜
00201002005000200,芥菜-大葉芥菜,,SAP,農產品產地價格查詢系統,22070,大芥菜(鮮食)
00201002005000200,芥菜-大葉芥菜,,PSC,農糧產品產銷供應鏈整合服務平台,OL,朴菜
00201002005000200,芥菜-大葉芥菜,,PSC,農糧產品產銷供應鏈整合服務平台,2020615120014,朴菜
00201002005000200,芥菜-大葉芥菜,,PSC,農糧產品產銷供應鏈整合服務平台,2020112100038,大芥菜
00201002005000200,芥菜-大葉芥菜,,PFB,農產業天然災害現金救助系統,456,大芥菜
00201002005000200,芥菜-大葉芥菜,,PAR,農糧情調查作業資訊系統,97,大芥菜
00201002005000200,芥菜-大葉芥菜,,MAM,農產品批發市場交易行情站,OL1  ,朴菜    　        
00201002005000200,芥菜-大葉芥菜,,MAM,農產品批發市場交易行情站,LJ3,芥菜    大芥菜
00201002005000200,芥菜-大葉芥菜,,FFR,全國糧政跨區即時申辦服務作業平台,456,大芥菜
00201002005000100,芥菜-芥菜心,,PSC,農糧產品產銷供應鏈整合服務平台,2020112100014,芥菜仁
00201002005000100,芥菜-芥菜心,,MAM,農產品批發市場交易行情站,LJ1,芥菜    芥菜仁
00201002005000000,芥菜,,PSC,農糧產品產銷供應鏈整合服務平台,LJ,芥菜
00201002005000000,芥菜,,PQR,溯源農糧產品追溯系統,002001021,芥菜
00201002005000000,芥菜,,PMG,農業產銷班組織體系資料服務系統,46,芥菜                
00201002005000000,芥菜,,MAM,農產品批發市場交易行情站,LJ8,芥菜水耕
00201002004999900,結球白菜-其它品種,,MAM,農產品批發市場交易行情站,LC0,包心白  其他
00201002004000600,結球白菜-大土,,PSC,農糧產品產銷供應鏈整合服務平台,2020112030076,大土
00201002004000600,結球白菜-大土,,MAM,農產品批發市場交易行情站,LC7,包心白  大土
00201002004000500,結球白菜-冬白芽,,PSC,農糧產品產銷供應鏈整合服務平台,2020112030069,冬白芽
00201002004000500,結球白菜-冬白芽,,MAM,農產品批發市場交易行情站,LC6,包心白  冬白芽
00201002004000400,結球白菜-天津白,,PSC,農糧產品產銷供應鏈整合服務平台,2020112030052,天津白
00201002004000400,結球白菜-天津白,,MAM,農產品批發市場交易行情站,LC5,包心白  天津白
00201002004000300,結球白菜-包頭蓮,,PSC,農糧產品產銷供應鏈整合服務平台,2020112030038,包頭蓮
00201002004000300,結球白菜-包頭蓮,,MAM,農產品批發市場交易行情站,LC3,包心白  包頭蓮
00201002004000200,結球白菜-成功白,,SAP,農產品產地價格查詢系統,24051,結球白菜(成功白)
00201002004000200,結球白菜-成功白,,PSC,農糧產品產銷供應鏈整合服務平台,2020112030021,成功白
00201002004000200,結球白菜-成功白,,MAM,農產品批發市場交易行情站,LC2,包心白  成功白
00201002004000100,結球白菜-包白,,PSC,農糧產品產銷供應鏈整合服務平台,LC,包心白菜
00201002004000100,結球白菜-包白,,PSC,農糧產品產銷供應鏈整合服務平台,2020112030014,包白
00201002004000100,結球白菜-包白,,MAM,農產品批發市場交易行情站,LC1,包心白  包白
00201002004000050,結球白菜進口,,MAM,農產品批發市場交易行情站,LC9,包心白  進口
00201002004000000,結球白菜,,SAP,農產品產地價格查詢系統,A2040,結球白菜
00201002004000000,結球白菜,,SAP,農產品產地價格查詢系統,24050,結球白菜
00201002004000000,結球白菜,,SAC,農產品生產成本調查系統,32,二期作結球白菜
00201002004000000,結球白菜,,SAC,農產品生產成本調查系統,153,裡作結球白菜
00201002004000000,結球白菜,,PQR,溯源農糧產品追溯系統,002001020,結球白菜
00201002004000000,結球白菜,,PMG,農業產銷班組織體系資料服務系統,27,結球白菜            
00201002004000000,結球白菜,,PFB,農產業天然災害現金救助系統,421,結球白菜
00201002004000000,結球白菜,,PAR,農糧情調查作業資訊系統,75,結球白菜
00201002004000000,結球白菜,,FFR,全國糧政跨區即時申辦服務作業平台,416,結球白菜
00201002004000000,結球白菜,,CMV,敏感性蔬菜種植登記暨預警資訊系統,2,結球白菜
00201002003000000,羽衣甘藍,,PQR,溯源農糧產品追溯系統,002001059,羽衣甘藍
00201002002999900,芥藍-其它品種,,MAM,農產品批發市場交易行情站,LK0,芥藍菜  其他
00201002002000300,芥藍-蒲公芥藍,,PSC,農糧產品產銷供應鏈整合服務平台,2020112110013,蒲公
00201002002000300,芥藍-蒲公芥藍,,MAM,農產品批發市場交易行情站,LK1,芥藍菜  蒲公
00201002002000200,芥藍-芥藍苔,,FFR,全國糧政跨區即時申辦服務作業平台,4AD,格蘭芽
00201002002000100,芥藍-芥藍菜,,PSC,農糧產品產銷供應鏈整合服務平台,LK,芥藍菜
00201002002000100,芥藍-芥藍菜,,PSC,農糧產品產銷供應鏈整合服務平台,2020112110020,芥藍菜
00201002002000050,芥藍進口,,MAM,農產品批發市場交易行情站,LK9,芥藍菜  進口
00201002002000000,芥藍,,SAP,農產品產地價格查詢系統,A2054,格藍菜(芥藍)
00201002002000000,芥藍,,SAP,農產品產地價格查詢系統,24070,芥藍
00201002002000000,芥藍,,SAC,農產品生產成本調查系統,72,芥藍
00201002002000000,芥藍,,PQR,溯源農糧產品追溯系統,002001022,芥藍
00201002002000000,芥藍,,PFB,農產業天然災害現金救助系統,465,芥藍
00201002002000000,芥藍,,PAR,農糧情調查作業資訊系統,106,芥藍
00201002002000000,芥藍,,MAM,農產品批發市場交易行情站,LK8,芥藍菜  水耕
00201002002000000,芥藍,,MAM,農產品批發市場交易行情站,LK2,芥藍菜
00201002002000000,芥藍,,FFR,全國糧政跨區即時申辦服務作業平台,465,芥藍
00201002001999900,甘藍-其它品種,,PQR,溯源農糧產品追溯系統,002001011,抱子甘藍
00201002001999900,甘藍-其它品種,,PFB,農產業天然災害現金救助系統,420,抱子甘藍
00201002001999900,甘藍-其它品種,,PAR,農糧情調查作業資訊系統,74,抱子甘藍
00201002001999900,甘藍-其它品種,,MAM,農產品批發市場交易行情站,LA3,甘藍    甜甘藍
00201002001999900,甘藍-其它品種,,MAM,農產品批發市場交易行情站,LA0,甘藍    其他
00201002001999900,甘藍-其它品種,,FFR,全國糧政跨區即時申辦服務作業平台,415,抱子甘藍
00201002001000500,甘藍-改良尖,,MAM,農產品批發市場交易行情站,LA7,甘藍 改良尖
00201002001000400,甘藍-甘藍心(芽),,PSC,農糧產品產銷供應鏈整合服務平台,2020112010054,甘藍心
00201002001000400,甘藍-甘藍心(芽),,MAM,農產品批發市場交易行情站,LA5,甘藍    甘藍心
00201002001000300,甘藍-紫色甘藍,,MAM,農產品批發市場交易行情站,LA4,甘藍    紫色
00201002001000200,甘藍-改良種甘藍,,MAM,農產品批發市場交易行情站,LA2,甘藍    改良種
00201002001000100,甘藍-初秋,,PSC,農糧產品產銷供應鏈整合服務平台,2020112010016,初秋
00201002001000100,甘藍-初秋,,MAM,農產品批發市場交易行情站,LA1,甘藍    初秋
00201002001000050,甘藍進口,,MAM,農產品批發市場交易行情站,LA9,甘藍    進口
00201002001000000,甘藍,,SAP,農產品產地價格查詢系統,A2038,甘藍
00201002001000000,甘藍,,SAP,農產品產地價格查詢系統,24030,甘藍
00201002001000000,甘藍,,SAC,農產品生產成本調查系統,26,二期作甘藍(平地)
00201002001000000,甘藍,,SAC,農產品生產成本調查系統,25,二期作甘藍
00201002001000000,甘藍,,SAC,農產品生產成本調查系統,146,裡作甘藍
00201002001000000,甘藍,,PSC,農糧產品產銷供應鏈整合服務平台,LA,甘藍
00201002001000000,甘藍,,PSC,農糧產品產銷供應鏈整合服務平台,2020112010030,甜甘藍
00201002001000000,甘藍,,PQR,溯源農糧產品追溯系統,002001016,甘藍(高麗菜)
00201002001000000,甘藍,,PMG,農業產銷班組織體系資料服務系統,26,甘藍                
00201002001000000,甘藍,,PFB,農產業天然災害現金救助系統,419,甘藍
00201002001000000,甘藍,,PAR,農糧情調查作業資訊系統,73,甘藍
00201002001000000,甘藍,,FFR,全國糧政跨區即時申辦服務作業平台,414,甘藍
00201002001000000,甘藍,,CMV,敏感性蔬菜種植登記暨預警資訊系統,1,甘藍
00201000999000000,其他葉菜,,PQR,溯源農糧產品追溯系統,002001998,其他葉菜
00201000999000000,其他葉菜,,PMG,農業產銷班組織體系資料服務系統,53,其他葉菜            
00201000999000000,其他葉菜,,PAR,農糧情調查作業資訊系統,391,其他葉菜
00201000999000000,其他葉菜,,PAR,農糧情調查作業資訊系統,109,其他葉菜
00201000999000000,其他葉菜,,FFR,全國糧政跨區即時申辦服務作業平台,470,其他葉菜類
00201000000000000,葉菜類,,PSC,農糧產品產銷供應鏈整合服務平台,01,葉菜類
00201000000000000,葉菜類,,PQR,溯源農糧產品追溯系統,002001999,葉菜類未分類
00201000000000000,葉菜類,,PMG,農業產銷班組織體系資料服務系統,25,葉菜類
00200000000000000,蔬菜類,,PSC,農糧產品產銷供應鏈整合服務平台,02,蔬菜
00199030999000000,其他稻米,,PMG,農業產銷班組織體系資料服務系統,308,其它米類            
00102030000000000,陸稻,,PAR,農糧情調查作業資訊系統,256,陸稻
00101030005100210,秈糯-糙米,,PQR,溯源農糧產品追溯系統,001001010,秈糯稻(糙米)
00101030005100110,秈糯-白米,,PQR,溯源農糧產品追溯系統,001001009,秈糯稻(白米)
00101030005000000,秈糯,,PAR,農糧情調查作業資訊系統,255,秈糯稻
00101030004100210,稉糯-糙米,,PQR,溯源農糧產品追溯系統,001001008,稉糯稻(糙米)
00101030004100110,稉糯-白米,,PQR,溯源農糧產品追溯系統,001001007,稉糯稻(白米)
00101030004000000,稉糯,,PAR,農糧情調查作業資訊系統,254,梗糯稻
00101030003100310,軟秈-胚芽米,,PQR,溯源農糧產品追溯系統,001001006,軟秈稻(胚芽米)
00101030003100210,軟秈-糙米,,PQR,溯源農糧產品追溯系統,001001005,軟秈稻(糙米)
00101030003100110,軟秈-白米,,PQR,溯源農糧產品追溯系統,001001004,軟秈稻(白米)
00101030003000000,軟秈,,PAR,農糧情調查作業資訊系統,253,軟秈稻
00101030002100110,硬秈-白米,,SAP,農產品產地價格查詢系統,11020,在來白米
00101030002100010,硬秈-稻穀,,SAP,農產品產地價格查詢系統,A1010,在來稻穀
00101030002100010,硬秈-稻穀,,SAP,農產品產地價格查詢系統,11010,在來稻穀
00101030002000000,硬秈,,PAR,農糧情調查作業資訊系統,252,硬秈稻
00101030001100310,稉稻-胚芽米,,PQR,溯源農糧產品追溯系統,001001003,稉稻(胚芽米)
00101030001100210,稉稻-糙米,,PQR,溯源農糧產品追溯系統,001001002,稉稻(糙米)
00101030001100110,稉稻-白米,,SAP,農產品產地價格查詢系統,12020,蓬萊白米
00101030001100110,稉稻-白米,,PQR,溯源農糧產品追溯系統,001001001,稉稻(白米)
00101030001100010,稉稻-稻穀,,SAP,農產品產地價格查詢系統,A1020,蓬萊稻穀
00101030001100010,稉稻-稻穀,,SAP,農產品產地價格查詢系統,12010,蓬萊稻穀
00101030001000000,稉稻,,PAR,農糧情調查作業資訊系統,251,梗稻
00101030000000000,水稻,,SAC,農產品生產成本調查系統,304,二期作水稻(有機)
00101030000000000,水稻,,SAC,農產品生產成本調查系統,298,一期作水稻(有機)
00101030000000000,水稻,,PSC,農糧產品產銷供應鏈整合服務平台,2030410000039,糯米
00101030000000000,水稻,,PMG,農業產銷班組織體系資料服務系統,304,良質米              
00101030000000000,水稻,,PMG,農業產銷班組織體系資料服務系統,303,有機胚芽米          
00101030000000000,水稻,,PMG,農業產銷班組織體系資料服務系統,302,有機糙米            
00101030000000000,水稻,,PMG,農業產銷班組織體系資料服務系統,301,有機白米            
00101030000000000,水稻,,PMG,農業產銷班組織體系資料服務系統,300,有機米              
00101030000000000,水稻,,PMG,農業產銷班組織體系資料服務系統,299,香米                
00101030000000000,水稻,,PMG,農業產銷班組織體系資料服務系統,298,糙米                
00101030000000000,水稻,,PMG,農業產銷班組織體系資料服務系統,297,胚芽米              
00101030000000000,水稻,,PMG,農業產銷班組織體系資料服務系統,296,白米                
00101030000000000,水稻,,PFB,農產業天然災害現金救助系統,099,水稻二期作
00101030000000000,水稻,,PFB,農產業天然災害現金救助系統,098,水稻一期作
00101030000000000,水稻,,PAR,農糧情調查作業資訊系統,385,二期水稻
00101030000000000,水稻,,PAR,農糧情調查作業資訊系統,384,一期水稻
00101030000000000,水稻,,PAR,農糧情調查作業資訊系統,382,二期水稻(初期)
00101030000000000,水稻,,PAR,農糧情調查作業資訊系統,381,一期水稻(初期)
00101030000000000,水稻,,PAR,農糧情調查作業資訊系統,302,水稻
00101030000000000,水稻,,FFR,全國糧政跨區即時申辦服務作業平台,012,多納黑米
00101030000000000,水稻,,FFR,全國糧政跨區即時申辦服務作業平台,010,水稻(再生稻)
00101030000000000,水稻,,FFR,全國糧政跨區即時申辦服務作業平台,00A,水稻(直接給付)
00101030000000000,水稻,,FFR,全國糧政跨區即時申辦服務作業平台,001,水稻
00100000000000000,稻米類,,PSC,農糧產品產銷供應鏈整合服務平台,01,稻米類
00100000000000000,稻米類,,PMG,農業產銷班組織體系資料服務系統,295,稻米                

