交易日期,種類代碼,作物代號,作物名稱,市場代號,市場名稱,上價,中價,下價,平均價,交易量
115.05.23,N05,rest,休市,400,台中市,0,0,0,0,0
115.05.23,N05,rest,休市,514,溪湖鎮,0,0,0,0,0
115.05.23,N05,rest,休市,700,台南市場,0,0,0,0,0
115.05.23,N05,rest,休市,800,高雄市,0,0,0,0,0
115.05.22,N05,11,椰子,104,台北二,21.4,18.5,14.6,18.3,2650
115.05.22,N05,41,梅,104,台北二,60,60,60,60,360
115.05.22,N05,43,桑椹,104,台北二,68,68,68,68,96
115.05.22,N05,459,草莓-進口,104,台北二,222.2,222.2,222.2,222.2,21
115.05.22,N05,469,藍莓-進口,104,台北二,333.3,235.1,95,226.7,262
115.05.22,N05,50,百香果-其他,104,台北二,200,196.1,180,193.7,342
115.05.22,N05,51,百香果-改良種,104,台北二,197.7,74.7,33.7,91.1,2293
115.05.22,N05,70,小番茄-其他,104,台北二,113.2,52.8,46.7,63.7,642
115.05.22,N05,72,小番茄-聖女,104,台北二,74.9,58.8,36.4,57.5,5575
115.05.22,N05,74,小番茄-玉女,104,台北二,299.5,115,52.4,139.4,1944
115.05.22,N05,811,紅龍果-白肉,104,台北二,145,145,145,145,8
115.05.22,N05,812,紅龍果-紅肉,104,台北二,154.2,115.7,71.1,114.5,2023
115.05.22,N05,813,紅龍果-雙色紅龍果,104,台北二,134.5,88.1,65,92.8,104
115.05.22,N05,839,櫻桃-進口,104,台北二,293.3,293.3,293.3,293.3,50
115.05.22,N05,859,榴槤-進口,104,台北二,141.7,82,80,93.5,4850
115.05.22,N05,91,其他,104,台北二,67.4,40.3,28,43.3,361
115.05.22,N05,919,其他-進口,104,台北二,373.3,373.3,373.3,373.3,100
115.05.22,N05,A0,香蕉-其他,104,台北二,7,5.3,5,5.6,66
115.05.22,N05,A1,香蕉,104,台北二,39.5,25,16.9,26.3,16136
115.05.22,N05,A2,香蕉-芭蕉紅芭蕉,104,台北二,61.5,43.3,22.8,42.8,4391
115.05.22,N05,A3,香蕉-旦蕉,104,台北二,43.9,28.6,24.5,30.8,152
115.05.22,N05,A4,香蕉-越旦,104,台北二,41.6,22,18.3,25.2,1150
115.05.22,N05,B2,鳳梨-金鑽鳳梨,104,台北二,34.8,24.6,18.6,25.5,36342
115.05.22,N05,B6,鳳梨-甜蜜蜜,104,台北二,45,26.2,18.6,28.4,3746
115.05.22,N05,C2,茂谷柑,104,台北二,46.3,44.9,31.8,42.6,1160
115.05.22,N05,C9,柑橘-進口,104,台北二,566.7,566.7,559.1,565.2,44
115.05.22,N05,E9,甜橙-進口,104,台北二,65.4,54.8,53.3,56.6,2380
115.05.22,N05,F0,雜柑-其他,104,台北二,45,45,45,45,12
115.05.22,N05,F1,雜柑-檸檬,104,台北二,72.2,57.8,54,59.9,1185
115.05.22,N05,F4,雜柑-桔子,104,台北二,178.4,105.5,70,113,167
115.05.22,N05,F5,雜柑-無子檸檬,104,台北二,115.4,75.6,46.2,77.7,1916
115.05.22,N05,F6,雜柑-黃金檸檬,104,台北二,90,89.2,80,87.6,53
115.05.22,N05,F9,雜柑-進口,104,台北二,866.8,866.8,866.8,866.8,4
115.05.22,N04,FA1,黃秋葵,104,台北二,83.5,42.8,10.7,44.5,3104
115.05.22,N04,FB1,花椰菜-青梗,104,台北二,58.7,30.9,12.8,32.8,4008
115.05.22,N04,FC1,胡瓜-黑刺,104,台北二,26.4,13.6,7.4,14.9,9534
115.05.22,N04,FD0,花胡瓜-其他,104,台北二,56.6,34.8,11.2,34.4,1690
115.05.22,N04,FD1,花胡瓜,104,台北二,32.9,21.4,10.2,21.4,21477
115.05.22,N04,FE1,冬瓜-白皮,104,台北二,14.7,10.8,5.9,10.6,4573
115.05.22,N04,FF0,絲瓜-其他,104,台北二,39.6,24.2,13.8,25.2,4330
115.05.22,N04,FF1,絲瓜,104,台北二,40,23.5,9.2,23.9,14431
115.05.22,N04,FF2,絲瓜-角瓜,104,台北二,26.7,23.7,16.9,23,967
115.05.22,N04,FG0,苦瓜-其他,104,台北二,52.4,29.5,16.5,31.5,2376
115.05.22,N04,FG1,苦瓜-白大米,104,台北二,40.5,27.1,14.5,27.2,10820
115.05.22,N04,FG3,苦瓜-山苦瓜,104,台北二,110,110,110,110,13
115.05.22,N04,FG4,苦瓜-翠綠,104,台北二,31.3,21.7,11.6,21.6,775
115.05.22,N04,FH1,扁蒲-長形,104,台北二,5,4.9,4,4.8,320
115.05.22,N04,FH3,扁蒲-花蒲,104,台北二,20,10.2,4.4,11,4691
115.05.22,N04,FH4,扁蒲-梨子蒲,104,台北二,22.8,14.5,7.9,14.8,4607
115.05.22,N04,FI0,茄子-其他,104,台北二,44.2,24.7,12.8,26.2,448
115.05.22,N04,FI2,茄子-麻荸茄,104,台北二,28.9,15.4,8.4,16.7,11930
115.05.22,N04,FI3,茄子-日本種,104,台北二,30.3,10.2,7.2,13.6,321
115.05.22,N04,FJ1,番茄-黑柿,104,台北二,60.6,33.2,17,35.4,289
115.05.22,N04,FJ2,番茄-粉柿,104,台北二,32,31,30,31,23
115.05.22,N04,FJ3,番茄-牛番茄,104,台北二,69.3,60.3,43.9,58.8,13629
115.05.22,N04,FK3,甜椒-新香,104,台北二,10,10,10,10,24
115.05.22,N04,FK40,甜椒-彩色種 其他,104,台北二,71.9,27,20,34.6,195
115.05.22,N04,FK41,甜椒-彩色種 紅色,104,台北二,95.8,41,19.1,47.6,1013
115.05.22,N04,FK42,甜椒-彩色種 黃色,104,台北二,100.8,56.1,23,58.4,678
115.05.22,N04,FK5,甜椒-青椒,104,台北二,55,37.8,18.7,37.4,3179
115.05.22,N04,FK6,甜椒-水果彩椒,104,台北二,170.1,90.3,47.1,97.6,455
115.05.22,N04,FK9,甜椒-進口,104,台北二,90,90,90,90,205
115.05.22,N04,FK94,甜椒-進口 彩色種,104,台北二,75.9,22.4,18,32.2,190
115.05.22,N04,FL5,豌豆-豌豆苗,104,台北二,200,200,200,200,12
115.05.22,N04,FL6,豌豆-甜豌豆,104,台北二,150,140.7,130,140.4,50
115.05.22,N04,FL9,豌豆-進口,104,台北二,150,146.9,130,144.2,480
115.05.22,N04,FL92,豌豆-進口 紅花,104,台北二,150,141.4,130,140.9,140
115.05.22,N04,FL96,豌豆-進口 甜豌豆,104,台北二,150,150,150,150,200
115.05.22,N04,FM1,菜豆-白色,104,台北二,50.9,46.8,32,44.6,115
115.05.22,N04,FM2,菜豆-青色,104,台北二,38.3,24.4,13.2,24.9,6870
115.05.22,N04,FM3,菜豆-紅色,104,台北二,38,38,38,38,60
115.05.22,N04,FN1,敏豆-白豆,104,台北二,120.7,65.4,23.4,68,4592
115.05.22,N04,FN5,敏豆-醜豆,104,台北二,94.9,63.1,28.5,62.5,889
115.05.22,N04,FP1,萊豆-豆莢,104,台北二,90,80,70,80,200
115.05.22,N04,FP2,萊豆-豆仁,104,台北二,150,145,140,145,20
115.05.22,N04,FP3,鵲豆-肉豆,104,台北二,45,45,45,45,6
115.05.22,N04,FQ1,毛豆-豆莢,104,台北二,75,69.4,34.6,63.6,330
115.05.22,N04,FQ2,毛豆-豆仁,104,台北二,145.8,118.5,83.5,116.9,613
115.05.22,N04,FR1,青花苔,104,台北二,70,53.8,23.1,50.9,1308
115.05.22,N04,FR2,青花苔-青花筍,104,台北二,70,70,70,70,40
115.05.22,N04,FR9,青花苔-進口,104,台北二,77.3,66,56,66.2,8582
115.05.22,N04,FT0,南瓜-其他,104,台北二,24.4,19.2,10,18.4,428
115.05.22,N04,FT11,南瓜-木瓜型 阿成,104,台北二,27.1,20.7,15.1,20.8,5495
115.05.22,N04,FT12,南瓜-木瓜型 阿嬌,104,台北二,20,18.8,18,18.9,220
115.05.22,N04,FT2,南瓜-圓形,104,台北二,31.6,18,15.8,20.3,1783
115.05.22,N04,FT5,南瓜-青如意,104,台北二,57,29.9,12,31.7,6742
115.05.22,N04,FT6,南瓜-東昇,104,台北二,25,25,25,25,40
115.05.22,N04,FT7,南瓜-栗子,104,台北二,35,32.9,25,31.7,119
115.05.22,N04,FT72,南瓜-栗子 小黑,104,台北二,40,36.3,36,37,80
115.05.22,N04,FT91,南瓜-進口 木瓜型,104,台北二,22.1,12.7,10,14.1,515
115.05.22,N04,FT96,南瓜-進口 東昇,104,台北二,20,18.4,18,18.7,60
115.05.22,N04,FT97,南瓜-進口 栗子,104,台北二,42.9,37.3,17.1,34.4,2274
115.05.22,N04,FU1,隼人瓜,104,台北二,13.9,9.9,6.4,10,3069
115.05.22,N04,FU2,隼人瓜-瓜苗,104,台北二,72.2,57.1,42.2,57.1,3084
115.05.22,N04,FV0,辣椒-其他,104,台北二,44.6,33.9,26,34.5,68
115.05.22,N04,FV1,辣椒-紅小,104,台北二,154.1,84.2,23.9,86.1,377
115.05.22,N04,FV2,辣椒-青小,104,台北二,58.5,37.4,25,39.2,106
115.05.22,N04,FV4,辣椒-朝天椒,104,台北二,58.7,37.6,14.3,37.2,1807
115.05.22,N04,FV5,辣椒-青龍,104,台北二,60,52.9,50,53.8,20
115.05.22,N04,FV6,辣椒-糯米椒,104,台北二,120.8,102.4,61.8,97.9,313
115.05.22,N04,FV9,辣椒-進口,104,台北二,120,120,120,120,70
115.05.22,N04,FW1,金針花,104,台北二,162.4,126.4,80,124.3,503
115.05.22,N04,FX2,虎豆-福豆,104,台北二,150,150,150,150,3
115.05.22,N04,FY0,玉米-其他,104,台北二,38,24.6,7.5,23.9,360
115.05.22,N04,FY4,玉米-玉米筍,104,台北二,165,67.6,20.7,77.7,246
115.05.22,N04,FY41,玉米-玉米筍 帶殼,104,台北二,15.7,7.3,4,8.3,4014
115.05.22,N04,FY5,玉米-糯米黑,104,台北二,39.3,29.7,18.1,29.3,2999
115.05.22,N04,FY6,玉米-甜軟殼,104,台北二,30,20,9.2,19.8,13060
115.05.22,N04,FY8,玉米-白龍王,104,台北二,37.4,27.1,15.8,26.9,2980
115.05.22,N04,FY9,玉米-進口,104,台北二,230,227.1,210,224.3,84
115.05.22,N04,FY94,玉米-進口 玉米筍,104,台北二,235,203.5,178.4,204.8,500
115.05.22,N04,FZ1,落花生-生,104,台北二,85,77.3,75,78.4,59
115.05.22,N04,FZ2,落花生-熟,104,台北二,100,100,100,100,30
115.05.22,N05,G1,蛋黃果-仙桃,104,台北二,17,10.4,10,11.7,21
115.05.22,N05,G3,酪梨,104,台北二,150.4,104.3,78.3,108.3,1668
115.05.22,N05,G39,酪梨-進口,104,台北二,210,210,210,210,30
115.05.22,N05,G49,奇異果-進口,104,台北二,192.8,106.3,60.1,114.4,1508
115.05.22,N05,G7,橄欖,104,台北二,15,13.4,12,13.5,45
115.05.22,N05,G9,波蘿蜜,104,台北二,23.7,13.2,10,14.7,319
115.05.22,N05,G91,榴槤蜜,104,台北二,35,31.8,27.4,31.6,225
115.05.22,N05,H49,葡萄柚-紅肉進口,104,台北二,26.7,26.7,26.7,26.7,400
115.05.22,N05,I1,木瓜-網室紅肉,104,台北二,56.9,33.4,24,36.2,21707
115.05.22,N05,I3,木瓜-日昇種,104,台北二,194.5,64.4,40.4,85.6,702
115.05.22,N05,I4,木瓜-青木瓜,104,台北二,65.6,22.2,7.6,28,637
115.05.22,N05,J0,荔枝-其他,104,台北二,83.2,60.4,45,61.9,288
115.05.22,N05,J1,荔枝-玉荷包,104,台北二,183.5,128.6,90.1,131.9,7519
115.05.22,N05,L9,枇杷-進口,104,台北二,400,400,400,400,5
115.05.22,N04,LA0,甘藍-其他,104,台北二,12,12,12,12,600
115.05.22,N04,LA1,甘藍-初秋,104,台北二,25,20.6,14.3,20.2,63568
115.05.22,N04,LA2,甘藍-改良種,104,台北二,20.2,17.2,16.8,17.8,16170
115.05.22,N04,LA4,甘藍-紫色,104,台北二,28,15.2,10,16.8,120
115.05.22,N04,LA5,甘藍-甘藍心,104,台北二,50,47.8,45,47.7,174
115.05.22,N04,LA6,甘藍-甘藍芽,104,台北二,46,39.3,35,39.8,256
115.05.22,N04,LA92,甘藍-進口 改良種,104,台北二,15,15,15,15,1620
115.05.22,N04,LB1,小白菜-土白菜,104,台北二,25.8,11.4,5.4,13.1,1170
115.05.22,N04,LB2,小白菜-蚵仔白,104,台北二,16.7,9.3,5.4,10,13759
115.05.22,N04,LB3,小白菜-奶油白,104,台北二,24.1,11.8,4.9,12.9,1275
115.05.22,N04,LB8,小白菜-水耕,104,台北二,54,46.7,40,46.8,185
115.05.22,N04,LC0,包心白-其他,104,台北二,100,93.8,31,82.5,236
115.05.22,N04,LC1,包心白-包白,104,台北二,11,7.6,5,7.7,15295
115.05.22,N04,LC90,包心白菜-進口 其他,104,台北二,76.3,66.5,46,64.4,1727
115.05.22,N04,LC93,包心白菜-進口 包頭蓮 ,104,台北二,23,21.5,15.7,20.6,8785
115.05.22,N04,LD1,青江白菜-小梗,104,台北二,20.7,9.6,4.6,10.8,9060
115.05.22,N04,LE1,皇宮菜-小葉,104,台北二,70.8,35,19,38.9,1259
115.05.22,N04,LE2,皇宮菜-大葉,104,台北二,39,23.8,15.8,25.3,136
115.05.22,N04,LF2,蕹菜-小葉,104,台北二,23.4,13.2,6.1,13.8,11793
115.05.22,N04,LF3,蕹菜-水蕹菜,104,台北二,82.8,70.6,39.6,66.8,927
115.05.22,N04,LG2,芹菜-白梗,104,台北二,81.2,64.4,33.2,61.5,2855
115.05.22,N04,LG3,芹菜-西洋芹菜,104,台北二,30,30,30,30,180
115.05.22,N04,LG9,芹菜-進口,104,台北二,44.2,42.4,32.6,40.8,610
115.05.22,N04,LH1,菠菜-圓葉,104,台北二,20,20,20,20,36
115.05.22,N04,LH2,菠菜-角葉,104,台北二,49.6,25.7,9.8,27.3,4214
115.05.22,N04,LI0,萵苣菜-其他,104,台北二,168.5,101.5,26.7,99.9,447
115.05.22,N04,LI1,萵苣菜-廣東菜,104,台北二,7,7,7,7,30
115.05.22,N04,LI2,萵苣菜-結球萵,104,台北二,54.6,34.5,11.3,33.9,2648
115.05.22,N04,LI3,萵苣菜-本島圓葉,104,台北二,39.5,22.5,11,23.6,3405
115.05.22,N04,LI5,萵苣菜-油麥菜,104,台北二,21.2,10.8,4.8,11.7,11433
115.05.22,N04,LI6,萵苣菜-蘿美,104,台北二,67,23.9,11.3,30,560
115.05.22,N04,LI72,萵苣菜-綠捲,104,台北二,40,40,40,40,14
115.05.22,N04,LI8,萵苣菜-水耕,104,台北二,61.4,51.6,37.4,50.7,1875
115.05.22,N04,LI9,萵苣菜-進口,104,台北二,60,60,60,60,40
115.05.22,N04,LI91,萵苣菜-進口 廣東萵,104,台北二,42,42,42,42,96
115.05.22,N04,LI92,萵苣菜-進口 結球萵,104,台北二,57.3,31.2,12.4,32.7,2278
115.05.22,N04,LI96,萵苣菜-進口 蘿美,104,台北二,94.7,69.6,25,65.7,315
115.05.22,N04,LJ1,芥菜-芥菜仁,104,台北二,23,23,23,23,60
115.05.22,N04,LJ3,芥菜-大芥菜,104,台北二,14,5.4,4,6.8,912
115.05.22,N04,LJ4,芥菜-小芥菜,104,台北二,17.1,9.3,6.4,10.3,522
115.05.22,N04,LK2,芥藍菜,104,台北二,13.9,6.6,4,7.6,2172
115.05.22,N04,LK3,芥藍菜-芥藍芽,104,台北二,127.5,53.1,14.1,60.2,2794
115.05.22,N04,LM1,莧菜-紅莧菜,104,台北二,30,26.5,22.1,26.3,632
115.05.22,N04,LM2,莧菜-白莧菜,104,台北二,33.1,21,8.6,20.9,5217
115.05.22,N04,LN1,油菜,104,台北二,14.1,9.9,5.1,9.8,3897
115.05.22,N04,LN2,油菜-小松菜,104,台北二,24.8,20.2,15.3,20.1,405
115.05.22,N04,LO1,甘薯葉,104,台北二,51.6,18,7.2,22.6,10656
115.05.22,N04,LP1,芫荽,104,台北二,109.2,42.1,17.3,50.6,1998
115.05.22,N04,LP2,九層塔,104,台北二,73.2,37.1,13.2,39.5,1517
115.05.22,N04,LQ1,紅鳳菜-紅鳳菜,104,台北二,45.9,38.7,21.8,36.7,862
115.05.22,N04,LS1,茴香,104,台北二,60,60,60,60,5
115.05.22,N04,LT2,海菜-海帶,104,台北二,50,50,41.7,48.4,109
115.05.22,N04,LT3,海菜-水蓮,104,台北二,118.9,98.1,76.6,98,1539
115.05.22,N04,LV1,巴西利,104,台北二,10,10,10,10,15
115.05.22,N04,LX1,蕨菜-過貓,104,台北二,41.7,36,30,36,217
115.05.22,N04,LX2,蕨菜-山蘇,104,台北二,190,190,190,190,30
115.05.22,N04,LZ2,藤川七-川七葉,104,台北二,59,39.2,30,41.3,45
115.05.22,N04,MA0,洋菇-其他,104,台北二,130,130,130,130,2
115.05.22,N04,MA1,洋菇,104,台北二,259,208.5,167,210.3,34
115.05.22,N04,MA2,洋菇-盒裝,104,台北二,342.1,147.2,65,169.7,450
115.05.22,N04,MB1,草菇,104,台北二,130,130,130,130,7
115.05.22,N04,MC1,濕木耳,104,台北二,122.3,81.2,23.1,77.8,1097
115.05.22,N04,MD1,濕香菇,104,台北二,152.6,84.6,41.7,89.6,1698
115.05.22,N04,ME1,金絲菇-金針菇,104,台北二,42.7,28.7,16,29,1035
115.05.22,N04,ME2,金絲菇-盒裝,104,台北二,26,25.3,23.5,25.1,1200
115.05.22,N04,MF1,蠔菇-鮑魚菇,104,台北二,92,92,92,92,12
115.05.22,N04,MI1,秀珍菇,104,台北二,97,97,60.8,89.8,276
115.05.22,N04,MJ1,杏鮑菇,104,台北二,87.6,69.2,36.5,66.4,4368
115.05.22,N04,MJ2,杏鮑菇-盒裝,104,台北二,130,130,130,130,14
115.05.22,N04,MK1,鴻喜菇,104,台北二,191,91.1,74.2,107.7,111
115.05.22,N04,MK2,鴻喜菇-盒裝,104,台北二,165,158.4,150,158,174
115.05.22,N04,ML1,珊瑚菇,104,台北二,120,120,120,120,9
115.05.22,N04,MN1,柳松菇,104,台北二,122,115,115,116.4,25
115.05.22,N04,MX1,其他菇類,104,台北二,171.6,119.6,55.5,117.2,637
115.05.22,N05,N0,李-其他,104,台北二,37,23.4,12.9,24,495
115.05.22,N05,N2,李-桃接李,104,台北二,31.6,24.1,14.2,23.6,640
115.05.22,N05,N3,李-紅肉李,104,台北二,61,34.5,18.9,36.7,3864
115.05.22,N05,N4,李-黃肉李,104,台北二,45.7,22.3,13.2,25.2,312
115.05.22,N05,N9,李-進口,104,台北二,29.6,29.6,29.6,29.6,270
115.05.22,N05,O2,梨-秋水梨,104,台北二,168,118.2,54.6,115.4,952
115.05.22,N05,O6,梨-幸水梨,104,台北二,130,130,130,130,20
115.05.22,N05,O99,梨-西洋梨進口,104,台北二,44.4,40.7,37,40.7,1440
115.05.22,N04,OA2,鹹菜-帶葉,104,台北二,35,35,35,35,600
115.05.22,N04,OB1,雪里紅,104,台北二,30,30,30,30,180
115.05.22,N04,OD1,蘿蔔乾,104,台北二,65,42.4,30,44.4,68
115.05.22,N04,OE2,醃瓜-漬,104,台北二,40,40,40,40,72
115.05.22,N04,OG1,熟筍-桂竹筍,104,台北二,95,93.9,90,93.3,204
115.05.22,N04,OG2,熟筍-箭竹筍,104,台北二,80,80,80,80,100
115.05.22,N04,OX1,其他,104,台北二,63.5,30.3,18.9,34.6,3722
115.05.22,N05,P1,番石榴-珍珠芭,104,台北二,87.1,63,39.2,63,16187
115.05.22,N05,P2,番石榴-紅心,104,台北二,75.8,65.1,41.4,62.5,402
115.05.22,N05,P3,番石榴-帝王芭,104,台北二,145.5,96.8,47,96.6,1017
115.05.22,N05,Q0,蓮霧-其他,104,台北二,242.4,64,55,97.8,190
115.05.22,N05,Q1,蓮霧-紅蓮霧,104,台北二,93.9,44.9,16.8,49.1,1363
115.05.22,N05,Q2,蓮霧-子彈型,104,台北二,119.3,69.2,19.3,69.2,1306
115.05.22,N05,Q4,蓮霧-巴掌蓮霧,104,台北二,359.4,76.8,45,126.9,111
115.05.22,N05,Q5,蓮霧-黑糖芭比,104,台北二,325,106,51.2,138.9,1975
115.05.22,N05,R0,芒果-其他,104,台北二,193.9,114.2,51.8,117.7,302
115.05.22,N05,R1,芒果-愛文,104,台北二,111.1,63.4,37.4,67.7,46940
115.05.22,N05,R2,芒果-玉文,104,台北二,63.1,46.7,30.6,46.8,626
115.05.22,N05,R3,芒果-本島,104,台北二,79.6,35.8,15.3,40.5,5445
115.05.22,N05,R31,芒果-夏雪,104,台北二,121.3,76.5,32.6,76.7,143
115.05.22,N05,R5,芒果-黑香金興,104,台北二,83.3,61.1,43.6,62,270
115.05.22,N05,R6,芒果-金煌,104,台北二,82,53.2,28.5,54,2785
115.05.22,N05,R8,芒果-芒果青,104,台北二,33.3,19.9,9.9,20.6,2587
115.05.22,N05,S0,葡萄-其他,104,台北二,340,340,340,340,5
115.05.22,N05,S1,葡萄-巨峰,104,台北二,205.6,116.1,70.3,124.8,2844
115.05.22,N05,S9,葡萄-進口,104,台北二,1749.5,884.7,545.8,989.8,95
115.05.22,N04,SA3,蘿蔔-矸仔,104,台北二,9.8,5.6,5,6.3,6534
115.05.22,N04,SA4,蘿蔔-櫻桃,104,台北二,115,104.2,85,102.5,40
115.05.22,N04,SA7,蘿蔔-甜菜根,104,台北二,30,27.9,25,27.7,326
115.05.22,N04,SA9,蘿蔔-進口,104,台北二,16.7,13.6,11.1,13.7,17293
115.05.22,N04,SB1,胡蘿蔔-未洗,104,台北二,20,18.4,11.4,17.3,1452
115.05.22,N04,SB2,胡蘿蔔-清洗,104,台北二,30.1,17.8,11.5,19,10648
115.05.22,N04,SC1,馬鈴薯-本產,104,台北二,28.9,22.2,9.2,20.9,6066
115.05.22,N04,SC9,馬鈴薯-進口,104,台北二,38,31.8,17.4,30.2,1110
115.05.22,N04,SD1,洋蔥-本產,104,台北二,23.7,18.1,15.6,18.7,10122
115.05.22,N04,SD9,洋蔥-進口,104,台北二,33.6,21.2,19,23.2,2004
115.05.22,N04,SE1,青蔥-日蔥,104,台北二,99.8,80.9,69.7,82.4,1264
115.05.22,N04,SE3,青蔥-大蔥,104,台北二,60,57.5,55,57.5,22
115.05.22,N04,SE5,青蔥-紅蔥頭,104,台北二,70,65.2,44.8,62.1,431
115.05.22,N04,SE6,青蔥-粉蔥,104,台北二,70.4,53.4,37.8,53.7,9930
115.05.22,N04,SF1,韭菜-白頭,104,台北二,88,77.4,69.2,77.9,592
115.05.22,N04,SF2,韭菜-韭菜黃,104,台北二,142.5,114.8,86.2,114.6,240
115.05.22,N04,SF3,韭菜-韭菜花,104,台北二,111.8,69,25.8,68.9,381
115.05.22,N04,SF4,韭菜-青頭,104,台北二,61.5,49.1,20.6,45.8,1566
115.05.22,N04,SG2,大蒜-軟梗,104,台北二,81.3,54.3,21.3,53.1,1080
115.05.22,N04,SG4,大蒜-蔥蒜,104,台北二,10,8.6,8,8.8,160
115.05.22,N04,SG5,大蒜-蒜頭,104,台北二,109,63,31,65.8,652
115.05.22,N04,SG6,大蒜-蒜仁,104,台北二,102.2,93.8,84.1,93.5,1378
115.05.22,N04,SG7,大蒜-蒜瓣,104,台北二,184.6,71.2,27.8,85.2,847
115.05.22,N04,SH2,竹筍-綠竹筍,104,台北二,207.4,142.6,88.8,144.8,2911
115.05.22,N04,SH5,竹筍-烏殼綠,104,台北二,52.4,42.2,20.8,40,9691
115.05.22,N04,SH7,竹筍-去殼,104,台北二,26,17.5,10.1,17.7,174
115.05.22,N04,SJ2,芋-檳榔心芋,104,台北二,55,36.5,25.3,37.9,1780
115.05.22,N04,SJ3,芋-里芋,104,台北二,89.2,55,10,52.8,146
115.05.22,N04,SJ4,芋-芋莖,104,台北二,13,13,13,13,30
115.05.22,N04,SK2,荸薺-加工,104,台北二,70,70,70,70,70
115.05.22,N04,SL1,豆薯,104,台北二,21.4,14,8,14.3,610
115.05.22,N04,SM9,牛蒡-進口,104,台北二,32,29.7,25,29.2,250
115.05.22,N04,SN1,蓮藕,104,台北二,20,20,20,20,30
115.05.22,N04,SN2,蓮藕-蓮子,104,台北二,450,217.9,75,235.7,35
115.05.22,N04,SO0,甘薯-其他,104,台北二,22.2,13.6,10.2,14.6,1125
115.05.22,N04,SO1,甘薯-臺農57號,104,台北二,24,12.6,6.2,13.6,7090
115.05.22,N04,SO2,甘薯-芋仔甘薯,104,台北二,21.6,10,7.4,11.8,1150
115.05.22,N04,SO3,甘薯-臺農66號,104,台北二,21.4,12.6,8.4,13.5,5946
115.05.22,N04,SP0,薑-其他,104,台北二,76.7,60,32.2,57.8,54
115.05.22,N04,SP1,薑-老薑,104,台北二,146.5,125.4,105.8,125.7,649
115.05.22,N04,SP2,薑-嫩薑,104,台北二,127.6,105.8,100,109,1134
115.05.22,N04,SP4,薑-竹薑,104,台北二,90,90,90,90,24
115.05.22,N04,SP5,薑-薑黃,104,台北二,100,100,100,100,22
115.05.22,N04,SQ1,茭白筍-帶殼,104,台北二,75.4,60.8,42.7,60.1,3508
115.05.22,N04,SQ3,茭白筍-去殼,104,台北二,176.8,136.9,94,136.3,1410
115.05.22,N04,SR3,菱角-去殼,104,台北二,100,100,100,100,6
115.05.22,N04,ST1,蕎頭-露蕎,104,台北二,80,80,80,80,8
115.05.22,N04,SU2,薯蕷-白薯蕷,104,台北二,140,112.8,22,100.1,160
115.05.22,N04,SU21,薯蕷-白薯蕷 人參,104,台北二,64.3,52.1,38.8,51.9,822
115.05.22,N04,SU3,薯蕷-樹薯,104,台北二,32,25.6,7,23.1,31
115.05.22,N04,SU9,薯蕷-進口,104,台北二,160,64,25,75.4,402
115.05.22,N04,SV1,蘆筍-白蘆筍,104,台北二,293.8,127.8,83.8,152.2,81
115.05.22,N04,SV2,蘆筍-綠蘆筍,104,台北二,205.5,132,86.5,137.6,882
115.05.22,N04,SV3,蘆筍-蘆筍花,104,台北二,160,126.2,100,127.7,13
115.05.22,N04,SV9,蘆筍-進口,104,台北二,365,365,292.2,350.4,134
115.05.22,N04,SV92,蘆筍-進口 綠蘆筍,104,台北二,200,144.4,84.9,143.6,961
115.05.22,N04,SW1,球莖甘藍,104,台北二,17.9,7.7,4,9,975
115.05.22,N04,SX0,芽菜類-其他,104,台北二,20,20,20,20,6
115.05.22,N04,SX1,芽菜類-綠豆芽,104,台北二,12,12,12,12,2383
115.05.22,N04,SX2,芽菜類-黃豆芽,104,台北二,20,20,20,20,313
115.05.22,N04,SX3,芽菜類-豌豆芽,104,台北二,95,89.5,85,89.7,102
115.05.22,N04,SX4,芽菜類-苜蓿芽,104,台北二,50,50,50,50,48
115.05.22,N04,SZ1,半天筍,104,台北二,90,90,90,90,2
115.05.22,N04,SZ7,晚香玉筍,104,台北二,155,154.3,150,153.6,14
115.05.22,N04,SZ8,香茅,104,台北二,43.7,35.6,21.8,34.4,336
115.05.22,N05,T0,西瓜-其他,104,台北二,35.6,14,9.2,17.4,2113
115.05.22,N05,T1,西瓜-大西瓜,104,台北二,23,17.2,14,17.7,4940
115.05.22,N05,T2,西瓜-無子西瓜,104,台北二,13,11.4,11,11.6,358
115.05.22,N05,T4,西瓜-鳳光英妙,104,台北二,5,5,5,5,236
115.05.22,N05,T5,西瓜-黃肉,104,台北二,17.7,9.6,7.5,10.8,11222
115.05.22,N05,T8,西瓜-甜美人,104,台北二,17.6,11,7.1,11.5,6424
115.05.22,N05,V1,甜瓜-美濃,104,台北二,48.1,19.8,11.4,23.8,3248
115.05.22,N05,V2,甜瓜-溫室吊瓜,104,台北二,198.4,140.2,49.4,133.7,740
115.05.22,N05,W1,洋香瓜-網狀紅肉,104,台北二,104.8,34,18.1,45,1876
115.05.22,N05,W2,洋香瓜-網狀綠肉,104,台北二,34.7,18,10.9,20,546
115.05.22,N05,W4,洋香瓜-新疆,104,台北二,106.4,56.8,21.3,59.6,2334
115.05.22,N05,W5,洋香瓜-光面紅肉,104,台北二,30.4,25.5,17,24.8,1338
115.05.22,N05,W7,洋香瓜-光面白肉,104,台北二,44.9,35.8,22.8,35,1103
115.05.22,N05,W8,洋香瓜-阿露斯,104,台北二,137.4,106,49.2,101,784
115.05.22,N05,W9,洋香瓜-進口,104,台北二,73.4,73.4,73.4,73.4,20
115.05.22,N05,X69,蘋果-富士進口,104,台北二,80.7,35.5,4.3,38.3,34498
115.05.22,N05,Y0,桃子-其他,104,台北二,45,45,7.3,37.5,154
115.05.22,N05,Y1,桃子-水蜜桃,104,台北二,167.6,91.9,37.8,96.2,2341
115.05.22,N05,Y19,桃子-水蜜桃進口,104,台北二,216.8,157.2,140,165.7,220
115.05.22,N05,Y3,桃子-甜桃,104,台北二,54.7,31.4,25.5,34.9,190
115.05.22,N05,Y9,桃子-進口,104,台北二,676.7,275.8,186,338,1501
115.05.22,N05,Z9,柿子-進口,104,台北二,173.3,173.3,173.3,173.3,50
115.05.22,N06,FA100,康乃馨-紅,105,台北市場,20,20,20,20,23
115.05.22,N06,FA401,康乃馨-深粉,105,台北市場,35,35,35,35,24
115.05.22,N06,FA700,康乃馨-紫,105,台北市場,20,20,20,20,20
115.05.22,N06,FA800,康乃馨-多朵(混色),105,台北市場,25,21,20,21.8,228
115.05.22,N06,FA810,康乃馨-多朵紅,105,台北市場,21,21,21,21,36
115.05.22,N06,FA812,康乃馨-波斯桃紅,105,台北市場,24,24,24,24,60
115.05.22,N06,FA840,康乃馨-多朵粉,105,台北市場,31,31,31,31,30
115.05.22,N06,FA872,康乃馨-史波特,105,台北市場,21,21,21,21,25
115.05.22,N06,FA985,繡球撫子-綠石竹,105,台北市場,97,97,97,97,36
115.05.22,N06,FB000,火鶴花,105,台北市場,15,13,8,12,225
115.05.22,N06,FB100,火鶴花-紅色,105,台北市場,9,6,6,6.8,180
115.05.22,N06,FB105,火鶴花-紅綠邊,105,台北市場,6,5,5,5.3,120
115.05.22,N06,FB106,火鶴花-丘比特,105,台北市場,14,7,5,8.1,1232
115.05.22,N06,FB108,火鶴花-千里達,105,台北市場,12,11,8,10.8,115
115.05.22,N06,FB111,火鶴花-月光,105,台北市場,7,6,5,6.2,1271
115.05.22,N06,FB113,火鶴花-紅鈴,105,台北市場,13,7,5,7.6,2212
115.05.22,N06,FB400,火鶴花-粉色,105,台北市場,12,9,5,8.9,395
115.05.22,N06,FB405,火鶴花-粉綠邊,105,台北市場,7,7,5,6.4,180
115.05.22,N06,FB407,火鶴花-夢幻,105,台北市場,9,7,6,7.3,555
115.05.22,N06,FB415,火鶴花-羅莎,105,台北市場,14,11,6,10.7,1249
115.05.22,N06,FB419,火鶴花-太極,105,台北市場,15,8,5,8.9,1727
115.05.22,N06,FB500,火鶴花-翠綠,105,台北市場,9,8,6,7.6,850
115.05.22,N06,FB505,火鶴花-香檳,105,台北市場,10,7,5,7.4,380
115.05.22,N06,FB600,火鶴花-白色,105,台北市場,11,11,11,11,70
115.05.22,N06,FB607,火鶴花-月亮女神,105,台北市場,13,9,6,9.3,245
115.05.22,N06,FB700,火鶴花-紫色,105,台北市場,13,10,6,10,564
115.05.22,N06,FB802,火鶴花-大地,105,台北市場,15,12,6,11.3,135
115.05.22,N06,FC316,大菊-黃精競,105,台北市場,58,36,23,37.8,369
115.05.22,N06,FC410,大菊-羅莎諾粉,105,台北市場,70,60,55,61,90
115.05.22,N06,FC601,大菊-日本白,105,台北市場,233,225,198,221.3,90
115.05.22,N06,FC613,大菊-白天星,105,台北市場,142,89,40,90,961
115.05.22,N06,FC800,大菊-染色大菊,105,台北市場,74,73,70,72.7,60
115.05.22,N06,FC801,染大菊-國王,105,台北市場,103,103,103,103,21
115.05.22,N06,FD000,小菊,105,台北市場,69,69,69,69,24
115.05.22,N06,FD001,小菊-混合色,105,台北市場,115,100,89,100.6,72
115.05.22,N06,FD124,小菊-龍鳳紫,105,台北市場,20,20,20,20,22
115.05.22,N06,FD127,小菊-雙色紅,105,台北市場,50,50,50,50,80
115.05.22,N06,FD131,小菊-小紅娘,105,台北市場,20,20,20,20,30
115.05.22,N06,FD136,小菊-法國小紅,105,台北市場,66,66,66,66,25
115.05.22,N06,FD138,小菊-卡洛琳,105,台北市場,109,63,25,64.9,210
115.05.22,N06,FD200,小菊-金,105,台北市場,37,34,30,34.1,119
115.05.22,N06,FD300,小菊-黃,105,台北市場,47,39,28,38.3,296
115.05.22,N06,FD308,小菊-黃丁字菊,105,台北市場,42,41,40,40.9,198
115.05.22,N06,FD309,小菊-日本黃,105,台北市場,49,29,21,31.2,286
115.05.22,N06,FD422,小菊-吉祥小粉,105,台北市場,117,100,38,91,595
115.05.22,N06,FD423,小菊-粉日記,105,台北市場,60,60,58,59.6,125
115.05.22,N06,FD433,小菊-芬蘭小粉,105,台北市場,61,53,45,52.8,163
115.05.22,N06,FD453,小菊-棒棒糖-粉,105,台北市場,108,102,101,103.2,73
115.05.22,N06,FD456,小菊-卡洛粉,105,台北市場,75,68,41,64.2,219
115.05.22,N06,FD457,小菊-西維亞粉,105,台北市場,36,36,36,36,20
115.05.22,N06,FD600,小菊-白,105,台北市場,38,29,25,30.3,49
115.05.22,N06,FD625,小菊-白瑪格麗特,105,台北市場,110,101,91,100.5,40
115.05.22,N06,FD635,小菊-林克小白,105,台北市場,88,52,31,54.9,293
115.05.22,N06,FD645,小菊-白斯不列,105,台北市場,158,136,75,127.9,1093
115.05.22,N06,FD800,小菊-染色小菊,105,台北市場,35,30,26,30.3,60
115.05.22,N06,FD801,染小菊-芬蘭,105,台北市場,88,85,82,85,50
115.05.22,N06,FD802,染小菊-白鑽石,105,台北市場,58,48,34,47,173
115.05.22,N06,FE000,非洲菊,105,台北市場,40,39,37,38.8,136
115.05.22,N06,FE001,非洲菊-混合色,105,台北市場,104,62,44,66.6,954
115.05.22,N06,FE100,非洲菊-紅,105,台北市場,40,40,40,40,60
115.05.22,N06,FE110,非洲菊-卡布,105,台北市場,54,47,31,45.4,210
115.05.22,N06,FE205,非洲菊-哈利熊,105,台北市場,49,43,41,43.7,90
115.05.22,N06,FE302,非洲菊-金爵,105,台北市場,65,48,40,50.2,88
115.05.22,N06,FE400,非洲菊-粉,105,台北市場,36,36,36,36,30
115.05.22,N06,FE409,非洲菊-粉紅魅力,105,台北市場,71,47,46,51.7,96
115.05.22,N06,FE416,非洲菊-熱情粉,105,台北市場,73,64,43,61.7,705
115.05.22,N06,FE600,非洲菊-白,105,台北市場,44,36,20,34.5,336
115.05.22,N06,FE700,非洲菊-紫,105,台北市場,50,50,50,50,30
115.05.22,N06,FE704,非洲菊-女王,105,台北市場,40,40,40,40,30
115.05.22,N06,FE900,非洲菊-迷你混色,105,台北市場,72,46,28,47.8,871
115.05.22,N06,FE940,非洲菊-迷你粉,105,台北市場,62,60,51,58.3,55
115.05.22,N06,FE960,非洲菊-迷你白,105,台北市場,23,23,23,23,20
115.05.22,N06,FG100,劍蘭-紅,105,台北市場,100,100,100,100,20
115.05.22,N06,FG113,劍蘭-新種紅,105,台北市場,15,15,15,15,40
115.05.22,N06,FG116,劍蘭-雙色金紅,105,台北市場,80,77,73,76.5,40
115.05.22,N06,FG121,劍蘭-２６５號,105,台北市場,102,84,28,76.4,76
115.05.22,N06,FH000,其它花卉,105,台北市場,189,89,18,94.6,904
115.05.22,N06,FH004,八卦草(黃河),105,台北市場,38,38,38,38,30
115.05.22,N06,FH005,金鎚花,105,台北市場,75,70,66,70.4,220
115.05.22,N06,FH006,黃梔花,105,台北市場,67,37,27,41.1,1126
115.05.22,N06,FH007,松蟲草,105,台北市場,22,22,21,21.5,180
115.05.22,N06,FH008,洋甘菊,105,台北市場,183,147,104,145.5,227
115.05.22,N06,FH009,萬壽菊,105,台北市場,80,66,32,61.8,75
115.05.22,N06,FH050,水仙百合-混色,105,台北市場,130,130,130,130,22
115.05.22,N06,FH101,天堂鳥,105,台北市場,152,130,86,126.1,233
115.05.22,N06,FH112,小天堂鳥-桔帶紅,105,台北市場,62,62,62,62,18
115.05.22,N06,FH114,小天堂鳥-粉紅,105,台北市場,90,75,54,74.1,43
115.05.22,N06,FH125,翠珠花,105,台北市場,250,221,173,217.4,80
115.05.22,N06,FH135,垂焦,105,台北市場,13,13,13,13,110
115.05.22,N06,FH137,觀音蓮,105,台北市場,5,5,5,5,70
115.05.22,N06,FH139,石玫瑰,105,台北市場,50,45,40,45,70
115.05.22,N06,FH158,紅薑花,105,台北市場,136,89,46,89.4,175
115.05.22,N06,FH185,嘉蘭(火焰百合),105,台北市場,102,88,55,84.7,168
115.05.22,N06,FH231,夜來香-單瓣,105,台北市場,83,83,65,79.3,82
115.05.22,N06,FH232,夜來香-重瓣,105,台北市場,98,81,43,76.2,57
115.05.22,N06,FH245,初雪草,105,台北市場,60,58,55,57.5,24
115.05.22,N06,FH251,秀線,105,台北市場,80,71,61,70.9,175
115.05.22,N06,FH270,千日紅,105,台北市場,95,92,90,92.4,88
115.05.22,N06,FH293,向日葵-單瓣,105,台北市場,150,115,49,109.2,968
115.05.22,N06,FH294,向日葵-重瓣,105,台北市場,289,264,192,254.9,86
115.05.22,N06,FH301,波斯菊,105,台北市場,130,64,30,70.2,106
115.05.22,N06,FH306,白日草,105,台北市場,66,64,49,61.2,61
115.05.22,N06,FH310,大理花-混色,105,台北市場,85,66,44,64.7,27
115.05.22,N06,FH311,大理花-紅色,105,台北市場,75,75,75,75,7
115.05.22,N06,FH316,大理花-白色,105,台北市場,195,173,145,171.7,15
115.05.22,N06,FH318,大理花-雙色,105,台北市場,72,68,60,67.3,23
115.05.22,N06,FH320,薊花(紅花),105,台北市場,70,70,70,70,12
115.05.22,N06,FH330,雞冠花,105,台北市場,108,94,70,92.3,70
115.05.22,N06,FH331,雞冠花-清紅,105,台北市場,86,85,63,80.8,123
115.05.22,N06,FH339,雞冠花-粉,105,台北市場,105,85,34,78.7,54
115.05.22,N06,FH357,觀花鳳梨花,105,台北市場,5,5,5,5,120
115.05.22,N06,FH360,金魚草-混色,105,台北市場,125,125,125,125,21
115.05.22,N06,FH363,金魚草-黃色,105,台北市場,95,95,95,95,17
115.05.22,N06,FH375,大飛燕草,105,台北市場,18,18,18,18,109
115.05.22,N06,FH381,麒麟草,105,台北市場,61,34,25,37.5,727
115.05.22,N06,FH460,繡球花,105,台北市場,92,20,12,32.9,200
115.05.22,N06,FH465,繡球花-綠色,105,台北市場,75,66,64,67.7,60
115.05.22,N06,FH466,繡球花-白,105,台北市場,60,56,50,55.5,220
115.05.22,N06,FH467,繡球花-藍,105,台北市場,40,40,40,40,50
115.05.22,N06,FH468,繡球花-水藍,105,台北市場,60,52,32,49.4,86
115.05.22,N06,FH522,迥香-白,105,台北市場,98,95,94,95.4,243
115.05.22,N06,FH633,海芋-黃,105,台北市場,150,150,150,150,5
115.05.22,N06,FH640,睡蓮,105,台北市場,55,55,55,55,14
115.05.22,N06,FH660,天鵝絨,105,台北市場,101,75,50,74.9,86
115.05.22,N06,FH661,伯利恆之星,105,台北市場,90,90,90,90,11
115.05.22,N06,FH670,茉莉花,105,台北市場,15,14,14,14.1,780
115.05.22,N06,FH710,深山櫻,105,台北市場,112,90,55,87.5,432
115.05.22,N06,FH730,黑種草,105,台北市場,165,165,165,165,12
115.05.22,N06,FH750,百子蓮(愛情花),105,台北市場,41,30,21,30.4,1332
115.05.22,N06,FM012,重瓣百合-紅雙朵,105,台北市場,280,280,280,280,12
115.05.22,N06,FM013,重瓣百合-紅三朵,105,台北市場,358,358,358,358,10
115.05.22,N06,FM019,重瓣百合-紅多朵,105,台北市場,365,365,365,365,24
115.05.22,N06,FM062,重瓣百合-白雙朵,105,台北市場,300,300,300,300,12
115.05.22,N06,FM063,重瓣百合-白三朵,105,台北市場,357,354,350,353.7,21
115.05.22,N06,FM119,重瓣百合-達琳達多朵,105,台北市場,367,363,304,352.5,63
115.05.22,N06,FM189,重瓣百合-安諾斯卡多朵,105,台北市場,368,361,355,361.5,48
115.05.22,N06,FM283,重瓣百合-莎曼莎三朵,105,台北市場,351,351,351,351,10
115.05.22,N06,FM289,重瓣百合-莎曼莎多朵,105,台北市場,373,366,362,366.9,96
115.05.22,N06,FO000,蘭花,105,台北市場,257,84,33,108.5,111
115.05.22,N06,FO003,腎藥蘭-曼谷火焰,105,台北市場,133,101,69,101,199
115.05.22,N06,FO007,千代蘭,105,台北市場,135,94,49,93.4,254
115.05.22,N06,FO009,萬代蘭,105,台北市場,166,122,83,122.5,92
115.05.22,N06,FO011,拖鞋蘭,105,台北市場,90,90,90,90,33
115.05.22,N06,FO020,萬代蘭-巨輪混色,105,台北市場,33,33,33,33,24
115.05.22,N06,FO024,萬代蘭-巨輪粉,105,台北市場,50,50,50,50,27
115.05.22,N06,FO027,萬代蘭-巨輪紫,105,台北市場,27,20,13,19.8,657
115.05.22,N06,FO029,萬代蘭-巨輪棕,105,台北市場,45,40,35,39.8,25
115.05.22,N06,FO331,大文心蘭,105,台北市場,138,138,138,138,10
115.05.22,N06,FO335,檸檬綠文心蘭,105,台北市場,194,142,94,142.7,1002
115.05.22,N06,FO336,文心蘭-太陽之子,105,台北市場,131,131,130,130.7,45
115.05.22,N06,FO338,文心蘭-黃金天使,105,台北市場,180,180,180,180,20
115.05.22,N06,FO340,文心蘭-愛琳娜,105,台北市場,254,163,121,172.6,45
115.05.22,N06,FO341,文心蘭-月光旋律,105,台北市場,236,204,200,209.4,65
115.05.22,N06,FO342,文心蘭-馥蘭朵,105,台北市場,155,123,91,123,30
115.05.22,N06,FO600,蝴蝶蘭-混色,105,台北市場,45,41,23,38.4,45
115.05.22,N06,FO602,蝴蝶蘭-線條,105,台北市場,32,29,26,29.1,53
115.05.22,N06,FO610,蝴蝶蘭-紅色,105,台北市場,26,24,22,24,48
115.05.22,N06,FO630,蝴蝶蘭-黃色,105,台北市場,45,44,33,42.1,73
115.05.22,N06,FO640,蝴蝶蘭-粉色,105,台北市場,53,34,25,36.2,69
115.05.22,N06,FO663,蝴蝶蘭-白黃心,105,台北市場,88,60,21,58,618
115.05.22,N06,FR000,玫瑰,105,台北市場,415,88,58,148.8,133
115.05.22,N06,FR001,玫瑰-混合色,105,台北市場,559,284,136,310,54
115.05.22,N06,FR100,玫瑰-紅,105,台北市場,269,210,83,195.5,122
115.05.22,N06,FR116,玫瑰-翡翠紅,105,台北市場,724,460,210,461.5,262
115.05.22,N06,FR117,玫瑰-萬年紅,105,台北市場,140,100,47,97.4,259
115.05.22,N06,FR120,玫瑰-埔里之星,105,台北市場,300,243,120,229.3,54
115.05.22,N06,FR122,玫瑰-卡門,105,台北市場,114,82,49,81.2,117
115.05.22,N06,FR200,玫瑰-橙,105,台北市場,138,122,78,116.2,81
115.05.22,N06,FR208,玫瑰-香吉士,105,台北市場,382,189,87,207.3,69
115.05.22,N06,FR210,玫瑰-牡丹桔,105,台北市場,775,775,775,775,5
115.05.22,N06,FR211,玫瑰-馬卡龍,105,台北市場,310,310,310,310,4
115.05.22,N06,FR300,玫瑰-黃,105,台北市場,260,128,105,149.3,97
115.05.22,N06,FR400,玫瑰-粉,105,台北市場,322,244,205,250.9,62
115.05.22,N06,FR408,玫瑰-黛安娜粉,105,台北市場,138,89,52,91.7,140
115.05.22,N06,FR431,玫瑰-東方之星,105,台北市場,83,74,67,74.4,26
115.05.22,N06,FR434,玫瑰-卡蜜拉,105,台北市場,182,159,137,160.3,23
115.05.22,N06,FR436,玫瑰-翡翠粉,105,台北市場,422,152,57,187.4,340
115.05.22,N06,FR438,玫瑰-維納斯,105,台北市場,436,380,340,383.5,68
115.05.22,N06,FR439,玫瑰-翡翠香檳,105,台北市場,462,239,150,266.2,170
115.05.22,N06,FR451,玫瑰-翡翠佳人,105,台北市場,250,243,230,242.3,13
115.05.22,N06,FR452,玫瑰-珍愛你,105,台北市場,272,220,152,218.4,33
115.05.22,N06,FR455,玫瑰-翡翠珍珠,105,台北市場,201,183,150,180.3,30
115.05.22,N06,FR457,玫瑰-寶貝粉,105,台北市場,421,301,174,301.7,68
115.05.22,N06,FR458,玫瑰-粉紅珠,105,台北市場,56,39,33,41.5,24
115.05.22,N06,FR461,玫瑰-新娘粉,105,台北市場,250,227,170,220,20
115.05.22,N06,FR600,玫瑰-白,105,台北市場,162,154,117,148.1,66
115.05.22,N06,FR607,玫瑰-翡翠白,105,台北市場,259,135,64,145.4,521
115.05.22,N06,FR700,玫瑰-紫,105,台北市場,430,430,430,430,4
115.05.22,N06,FR705,玫瑰-紫天王,105,台北市場,158,132,52,121.7,118
115.05.22,N06,FR708,玫瑰-紫愛你,105,台北市場,240,240,240,240,15
115.05.22,N06,FR711,玫瑰-天堂紫,105,台北市場,243,175,90,171.6,51
115.05.22,N06,FR712,玫瑰-拿鐵,105,台北市場,160,137,120,138.2,11
115.05.22,N06,FR713,玫瑰-蒙馬特,105,台北市場,380,346,310,345.3,15
115.05.22,N06,FR715,玫瑰-紫霧,105,台北市場,400,268,180,278.8,53
115.05.22,N06,FR814,玫瑰-山中傳奇,105,台北市場,460,460,460,460,4
115.05.22,N06,FR816,玫瑰-愛麗絲,105,台北市場,329,226,78,216.7,66
115.05.22,N06,FR818,玫瑰-潘朵拉,105,台北市場,340,309,272,308,16
115.05.22,N06,FR900,玫瑰-多朵混合,105,台北市場,663,358,250,399.5,19
115.05.22,N06,FR922,玫瑰-心動果汁,105,台北市場,860,845,800,834.3,7
115.05.22,N06,FR923,玫瑰-甜心琳娜,105,台北市場,1000,1000,1000,1000,2
115.05.22,N06,FR930,玫瑰-多朵黃,105,台北市場,260,223,115,211.8,28
115.05.22,N06,FR933,玫瑰-香草琳娜,105,台北市場,860,860,860,860,2
115.05.22,N06,FR934,玫瑰-卡特琳娜,105,台北市場,1100,1100,1100,1100,2
115.05.22,N06,FR940,玫瑰-多朵粉,105,台北市場,326,192,135,207.6,79
115.05.22,N06,FR941,玫瑰-泡泡粉(銀粉),105,台北市場,600,600,600,600,4
115.05.22,N06,FR942,玫瑰-心動雙粉,105,台北市場,460,431,360,423.2,16
115.05.22,N06,FR980,玫瑰-多朵雙色,105,台北市場,267,195,100,190.5,60
115.05.22,N06,FS012,香水百合-紅雙朵,105,台北市場,121,119,95,114.4,77
115.05.22,N06,FS013,香水百合-紅三朵,105,台北市場,160,133,121,136.2,99
115.05.22,N06,FS019,香水百合-紅多朵,105,台北市場,138,126,121,127.2,41
115.05.22,N06,FS042,香水百合-粉雙朵,105,台北市場,115,115,115,115,16
115.05.22,N06,FS352,香水百合-索邦妮雙朵,105,台北市場,116,116,116,116,13
115.05.22,N06,FS353,香水百合-索邦妮三朵,105,台北市場,117,117,117,117,14
115.05.22,N06,FS359,香水百合-索邦妮多朵,105,台北市場,121,118,116,118.5,274
115.05.22,N06,FS441,香水百合-馬可波羅粉單朵,105,台北市場,115,115,115,115,16
115.05.22,N06,FS442,香水百合-馬可波羅粉雙朵,105,台北市場,225,225,225,225,18
115.05.22,N06,FS443,香水百合-馬可波羅粉三朵,105,台北市場,230,230,230,230,15
115.05.22,N06,FS470,水晶香水,105,台北市場,250,205,150,203.2,41
115.05.22,N06,FS471,水晶香水-單朵,105,台北市場,80,80,80,80,20
115.05.22,N06,FS472,水晶香水-雙朵,105,台北市場,258,176,127,182.8,125
115.05.22,N06,FS473,水晶香水-三朵,105,台北市場,368,332,223,317.4,362
115.05.22,N06,FS479,水晶香水-多朵,105,台北市場,349,281,218,282.1,268
115.05.22,N06,FS603,OT康卡多-三朵,105,台北市場,231,209,192,210.2,60
115.05.22,N06,FS609,OT康卡多-多朵,105,台北市場,241,222,210,223.6,186
115.05.22,N06,FS630,OT曼尼薩,105,台北市場,165,165,165,165,10
115.05.22,N06,FS632,OT曼尼薩-雙朵,105,台北市場,138,121,112,122.3,180
115.05.22,N06,FS633,OT曼尼薩-三朵,105,台北市場,285,246,114,227.2,186
115.05.22,N06,FS639,OT曼尼薩-多朵,105,台北市場,291,288,255,282,60
115.05.22,N06,FS773,OT百合-節奏舞者三朵,105,台北市場,161,151,130,148.8,56
115.05.22,N06,FS779,OT百合-節奏舞者多朵,105,台北市場,189,162,124,159.7,526
115.05.22,N06,FS799,OT百合-維尼多朵,105,台北市場,179,179,179,179,12
115.05.22,N06,FS852,OT瑪丹娜-雙朵,105,台北市場,93,93,93,93,30
115.05.22,N06,FS853,OT瑪丹娜-三朵,105,台北市場,127,127,127,127,48
115.05.22,N06,FS859,OT瑪丹娜-多朵,105,台北市場,136,133,132,133.3,30
115.05.22,N06,FS870,OT大連,105,台北市場,157,133,80,126.9,39
115.05.22,N06,FS871,OT大連-單朵,105,台北市場,73,73,73,73,44
115.05.22,N06,FS872,OT大連-雙朵,105,台北市場,143,102,65,102.7,254
115.05.22,N06,FS873,OT大連-三朵,105,台北市場,254,180,103,179.2,509
115.05.22,N06,FS879,OT大連-多朵,105,台北市場,265,197,127,196.9,466
115.05.22,N06,FS892,OT帕雷諾-雙朵,105,台北市場,120,119,117,118.6,27
115.05.22,N06,FS893,OT帕雷諾-三朵,105,台北市場,158,155,128,150.6,58
115.05.22,N06,FS899,OT帕雷諾-多朵,105,台北市場,171,171,171,171,40
115.05.22,N06,FS960,OT試金石,105,台北市場,87,87,87,87,17
115.05.22,N06,FS962,OT試金石-雙朵,105,台北市場,91,91,91,91,12
115.05.22,N06,FS963,OT試金石-三朵,105,台北市場,152,94,80,102.4,106
115.05.22,N06,FS969,OT試金石-多朵,105,台北市場,185,133,91,134.9,439
115.05.22,N06,FS970,OT紅福特,105,台北市場,150,150,150,150,1
115.05.22,N06,FS972,OT紅福特-雙朵,105,台北市場,100,75,66,78.5,74
115.05.22,N06,FS973,OT紅福特-三朵,105,台北市場,188,142,80,138.5,225
115.05.22,N06,FS979,OT紅福特-多朵,105,台北市場,263,215,177,216.9,394
115.05.22,N06,FT061,鐵砲百合-白單朵,105,台北市場,51,51,51,51,50
115.05.22,N06,FT660,鐵砲百合-雷山一號,105,台北市場,120,118,115,117.7,31
115.05.22,N06,FT661,鐵砲百合-雷山一號單朵,105,台北市場,31,31,31,31,47
115.05.22,N06,FT663,鐵砲百合-雷山一號三朵,105,台北市場,78,78,78,78,13
115.05.22,N06,FU000,洋桔梗,105,台北市場,297,185,105,191.3,176
115.05.22,N06,FU101,洋桔梗-單瓣(混色),105,台北市場,80,80,80,80,12
115.05.22,N06,FU141,洋桔梗-單瓣粉,105,台北市場,188,181,166,179.2,89
115.05.22,N06,FU151,洋吉梗-單瓣彩藍,105,台北市場,218,214,205,213,63
115.05.22,N06,FU152,洋桔梗-單瓣綠,105,台北市場,172,170,168,169.9,23
115.05.22,N06,FU161,洋桔梗-單瓣白,105,台北市場,218,218,218,218,72
115.05.22,N06,FU171,洋桔梗-單瓣紫,105,台北市場,129,99,78,100.5,134
115.05.22,N06,FU211,洋桔梗-單瓣白紅邊,105,台北市場,218,218,218,218,12
115.05.22,N06,FU271,洋桔梗-單瓣白紫邊,105,台北市場,200,190,180,190,24
115.05.22,N06,FU402,洋桔梗-雙瓣(混色),105,台北市場,139,81,64,89.5,69
115.05.22,N06,FU412,洋桔梗-雙瓣紅,105,台北市場,267,160,112,171.9,110
115.05.22,N06,FU421,洋桔梗-小夏橘,105,台北市場,128,99,56,96,155
115.05.22,N06,FU432,洋桔梗-雙瓣黃,105,台北市場,130,115,65,107.7,44
115.05.22,N06,FU441,洋桔梗-順風粉,105,台北市場,288,129,126,160.3,40
115.05.22,N06,FU442,洋桔梗-雙瓣粉,105,台北市場,247,162,95,165.9,491
115.05.22,N06,FU445,洋桔梗-可羅淺粉,105,台北市場,100,100,100,100,12
115.05.22,N06,FU449,洋桔梗-艾瑞娜彩粉,105,台北市場,247,166,78,164.3,231
115.05.22,N06,FU451,洋桔梗-順風杏粉,105,台北市場,320,311,300,310,12
115.05.22,N06,FU452,洋吉梗-雙瓣彩藍,105,台北市場,115,99,80,98.4,19
115.05.22,N06,FU453,洋桔梗-雙瓣綠,105,台北市場,75,60,55,61.7,36
115.05.22,N06,FU457,洋桔梗-順風綠,105,台北市場,175,175,175,175,8
115.05.22,N06,FU458,洋桔梗-艾瑞娜綠,105,台北市場,130,130,130,130,18
115.05.22,N06,FU459,洋桔梗-琥珀綠,105,台北市場,154,113,64,111.2,155
115.05.22,N06,FU462,洋桔梗-雙瓣白,105,台北市場,249,160,115,169.4,228
115.05.22,N06,FU465,洋桔梗-名人華麗白,105,台北市場,278,204,100,198.6,178
115.05.22,N06,FU469,洋桔梗-皇后白,105,台北市場,205,155,87,151.5,357
115.05.22,N06,FU471,洋桔梗-重瓣淺紫,105,台北市場,127,64,36,70.7,241
115.05.22,N06,FU472,洋桔梗-重瓣紫,105,台北市場,226,143,118,155.1,78
115.05.22,N06,FU478,洋桔梗-羅西娜紫,105,台北市場,170,105,58,108.8,115
115.05.22,N06,FU480,洋桔梗-順風紫,105,台北市場,152,105,72,107,37
115.05.22,N06,FU483,洋桔梗-新禧亮紫,105,台北市場,163,155,148,154.8,22
115.05.22,N06,FU484,洋桔梗-N系列淺紫,105,台北市場,358,290,221,289.7,69
115.05.22,N06,FU562,洋桔梗-珍妮白,105,台北市場,289,152,87,166.4,165
115.05.22,N06,FU564,洋桔梗-斐諾白,105,台北市場,90,90,90,90,7
115.05.22,N06,FU572,洋桔梗-雙瓣白紫邊,105,台北市場,170,170,170,170,9
115.05.22,N06,FU641,洋桔梗-女王３彩粉,105,台北市場,290,202,102,199.6,231
115.05.22,N06,FU642,洋桔梗-斐諾淺粉,105,台北市場,256,184,119,185,227
115.05.22,N06,FU643,洋桔梗-順風淺粉,105,台北市場,138,138,138,138,15
115.05.22,N06,FU651,洋桔梗-典雅綠,105,台北市場,182,182,182,182,13
115.05.22,N06,FW172,補血草,105,台北市場,55,54,42,51.8,100
115.05.22,N06,FW240,粉孔雀,105,台北市場,31,31,29,30.4,175
115.05.22,N06,FW270,紫孔雀,105,台北市場,240,240,240,240,17
115.05.22,N06,FW271,紫孔雀-春天,105,台北市場,28,25,22,25,40
115.05.22,N06,FW471,卡斯比亞-帶葉,105,台北市場,61,61,61,61,100
115.05.22,N06,FW472,卡斯比亞-無葉,105,台北市場,78,76,59,73.1,172
115.05.22,N06,FW560,滿天星-白,105,台北市場,122,111,76,106.3,152
115.05.22,N06,FW600,水晶花-混合,105,台北市場,85,72,66,73.6,100
115.05.22,N06,FY000,切葉類,105,台北市場,69,27,16,33.2,169
115.05.22,N06,FY001,尤加利葉,105,台北市場,83,65,40,63.5,838
115.05.22,N06,FY003,唐棉,105,台北市場,60,50,27,47.2,238
115.05.22,N06,FY004,黃椰心葉,105,台北市場,133,104,49,98.6,171
115.05.22,N06,FY009,電信蘭葉,105,台北市場,83,53,19,52.4,563
115.05.22,N06,FY017,八角金盤,105,台北市場,39,33,20,31.5,365
115.05.22,N06,FY018,蓮蓬,105,台北市場,105,100,73,95.3,69
115.05.22,N06,FY021,扁柏,105,台北市場,51,47,38,46.2,630
115.05.22,N06,FY030,新文竹,105,台北市場,75,75,75,75,30
115.05.22,N06,FY031,牛頭茄,105,台北市場,70,56,33,54.1,35
115.05.22,N06,FY050,山蘇葉,105,台北市場,25,13,10,14.9,200
115.05.22,N06,FY057,百合竹,105,台北市場,12,10,9,10,530
115.05.22,N06,FY071,雪松,105,台北市場,60,60,60,60,60
115.05.22,N06,FY083,紐西蘭麻,105,台北市場,100,100,100,100,36
115.05.22,N06,FY084,火龍果,105,台北市場,188,124,87,129.6,394
115.05.22,N06,FY086,綠春蘭葉,105,台北市場,11,10,10,10.4,136
115.05.22,N06,FY093,水燭葉,105,台北市場,18,13,11,13.7,245
115.05.22,N06,FY100,山防風,105,台北市場,120,120,120,120,21
115.05.22,N06,FY991,青竹,105,台北市場,89,89,89,89,16
115.05.22,N06,FY992,紅竹,105,台北市場,70,66,62,66,40
115.05.22,N06,FY993,白竹,105,台北市場,97,72,45,71.4,782
115.05.22,N06,FY994,花竹,105,台北市場,64,64,64,64,20
115.05.22,N06,FY996,蓮花竹,105,台北市場,23,16,8,15.4,490
115.05.22,N06,IA001,進口康乃馨-混合色,105,台北市場,57,57,57,57,10
115.05.22,N06,IH000,進口其它花卉,105,台北市場,300,300,300,300,20
115.05.22,N06,IH260,進口丹頂(蔥花),105,台北市場,299,299,299,299,5
115.05.22,N06,IH309,進口牡丹花,105,台北市場,624,521,431,523.8,208
115.05.22,N06,IH390,進口泡盛草,105,台北市場,240,221,210,222.4,29
115.05.22,N06,IH443,進口小蒼蘭-黃色,105,台北市場,300,300,300,300,15
115.05.22,N06,IH444,進口小蒼蘭-粉色,105,台北市場,305,305,305,305,10
115.05.22,N06,IH446,進口小蒼蘭-白色,105,台北市場,280,280,280,280,10
115.05.22,N06,IH447,進口小蒼蘭-紫色,105,台北市場,305,305,305,305,10
115.05.22,N06,IH460,進口繡球花,105,台北市場,76,76,76,76,12
115.05.22,N06,IH611,進口鬱金香-紅色,105,台北市場,385,368,360,370,15
115.05.22,N06,IH612,進口鬱金香-橙色,105,台北市場,428,416,400,415.3,48
115.05.22,N06,IH613,進口鬱金香-黃色,105,台北市場,435,435,435,435,5
115.05.22,N06,IH614,進口鬱金香-粉色,105,台北市場,430,405,380,405.4,78
115.05.22,N06,IH616,進口鬱金香-白色,105,台北市場,420,420,420,420,5
115.05.22,N06,IH617,進口鬱金香-紫色,105,台北市場,350,350,350,350,10
115.05.22,N06,IH618,進口鬱金香-雙色,105,台北市場,450,411,400,416.7,30
115.05.22,N06,IO519,進口石斛蘭-深紅,105,台北市場,127,125,120,124.6,210
115.05.22,N06,IR001,進口玫瑰-混合色,105,台北市場,250,250,250,250,5
115.05.22,N06,IR700,進口玫瑰-紫,105,台北市場,246,246,246,246,6
115.05.22,N06,IR900,進口玫瑰-多朵混合,105,台北市場,380,380,380,380,10
115.05.22,N06,IW560,進口滿天星-白,105,台北市場,314,306,297,306,294
115.05.22,N05,11,椰子,109,台北一,20.2,12.8,10,13.7,1977
115.05.22,N05,12,椰子-剝殼,109,台北一,18,16.2,15,16.3,92
115.05.22,N05,42,楊梅,109,台北一,90,53.8,25,55.2,118
115.05.22,N05,459,草莓-進口,109,台北一,200,200,200,200,16
115.05.22,N05,469,藍莓-進口,109,台北一,311.1,311.1,311.1,311.1,135
115.05.22,N05,50,百香果-其他,109,台北一,90,77.2,44.2,73.2,114
115.05.22,N05,51,百香果-改良種,109,台北一,138.8,72.9,43.1,80.2,6442
115.05.22,N05,61,甘蔗-帶皮,109,台北一,13,10.5,8,10.5,4770
115.05.22,N05,70,小番茄-其他,109,台北一,56.3,40.8,27.7,41.3,764
115.05.22,N05,72,小番茄-聖女,109,台北一,72.6,62.9,42.5,60.8,13724
115.05.22,N05,74,小番茄-玉女,109,台北一,294.5,143.7,44.1,153.9,3417
115.05.22,N05,811,紅龍果-白肉,109,台北一,250,232,148.1,218.8,78
115.05.22,N05,812,紅龍果-紅肉,109,台北一,119.8,106,78.6,103.3,2873
115.05.22,N05,813,紅龍果-雙色紅龍果,109,台北一,179.3,150.8,110,148.3,126
115.05.22,N05,839,櫻桃-進口,109,台北一,266.7,266.7,266.7,266.7,150
115.05.22,N05,859,榴槤-進口,109,台北一,97.3,66.7,66.7,72.8,4100
115.05.22,N05,88,樹葡萄,109,台北一,10,10,10,10,48
115.05.22,N05,91,其他,109,台北一,106.3,78.8,43.5,77.2,422
115.05.22,N05,919,其他-進口,109,台北一,88.9,88.9,88.9,88.9,405
115.05.22,N05,A0,香蕉-其他,109,台北一,7,6.4,5,6.2,129
115.05.22,N05,A1,香蕉,109,台北一,36.1,22.9,16.3,24.2,24887
115.05.22,N05,A2,香蕉-芭蕉紅芭蕉,109,台北一,75.8,33.3,21.2,39.4,3320
115.05.22,N05,A3,香蕉-旦蕉,109,台北一,40,36,26.7,35,144
115.05.22,N05,A4,香蕉-越旦,109,台北一,24.4,20.6,16.4,20.5,1542
115.05.22,N05,B2,鳳梨-金鑽鳳梨,109,台北一,35.4,25.5,18,26,48507
115.05.22,N05,B6,鳳梨-甜蜜蜜,109,台北一,40,23.2,15,24.9,863
115.05.22,N05,C2,茂谷柑,109,台北一,53,49.8,40.6,48.6,2104
115.05.22,N05,C9,柑橘-進口,109,台北一,157.7,44.4,44.4,67.1,470
115.05.22,N05,D1,桶柑,109,台北一,40,35.4,35,36.2,720
115.05.22,N05,E9,甜橙-進口,109,台北一,53.3,53.3,53.3,53.3,3720
115.05.22,N05,F0,雜柑-其他,109,台北一,15,15,15,15,7
115.05.22,N05,F1,雜柑-檸檬,109,台北一,67.6,59.5,45.7,58.4,3268
115.05.22,N05,F4,雜柑-桔子,109,台北一,114.5,67.3,53.4,74,508
115.05.22,N05,F5,雜柑-無子檸檬,109,台北一,106.9,73.6,44.8,74.5,4345
115.05.22,N04,FA0,其他花類,109,台北一,90,90,90,90,15
115.05.22,N04,FA1,黃秋葵,109,台北一,91.5,51.7,24.8,54.3,4518
115.05.22,N04,FB1,花椰菜-青梗,109,台北一,67.7,39.4,20.4,41.2,10361
115.05.22,N04,FC1,胡瓜-黑刺,109,台北一,27.6,17.4,9.9,18,17211
115.05.22,N04,FD0,花胡瓜-其他,109,台北一,49.7,26.9,11.3,28.4,2714
115.05.22,N04,FD1,花胡瓜,109,台北一,44.3,22.9,10.4,24.7,41248
115.05.22,N04,FE1,冬瓜-白皮,109,台北一,19.2,15.2,7.8,14.5,13542
115.05.22,N04,FF0,絲瓜-其他,109,台北一,36.5,24.6,18.4,25.7,5458
115.05.22,N04,FF1,絲瓜,109,台北一,45.6,25,13.3,26.8,38848
115.05.22,N04,FF2,絲瓜-角瓜,109,台北一,31,21.5,9.5,21,2310
115.05.22,N04,FG0,苦瓜-其他,109,台北一,58.6,34.6,13.6,35.2,6867
115.05.22,N04,FG1,苦瓜-白大米,109,台北一,48.8,28.3,14.3,29.6,31170
115.05.22,N04,FG3,苦瓜-山苦瓜,109,台北一,75,64.6,55,64.8,47
115.05.22,N04,FG4,苦瓜-翠綠,109,台北一,30.1,21.8,12.8,21.7,2009
115.05.22,N04,FH1,扁蒲-長形,109,台北一,8,6.1,3,5.9,52
115.05.22,N04,FH3,扁蒲-花蒲,109,台北一,17.9,9.6,5,10.3,14593
115.05.22,N04,FH4,扁蒲-梨子蒲,109,台北一,17.8,12.9,5.4,12.4,5573
115.05.22,N04,FI0,茄子-其他,109,台北一,53.2,21.2,10,25.4,281
115.05.22,N04,FI2,茄子-麻荸茄,109,台北一,39.3,19.7,7.3,21.2,28444
115.05.22,N04,FI3,茄子-日本種,109,台北一,23.1,12,7.2,13.3,1045
115.05.22,N04,FJ1,番茄-黑柿,109,台北一,100.9,55.2,27,58.7,3801
115.05.22,N04,FJ3,番茄-牛番茄,109,台北一,64.6,53.7,32.8,51.7,35043
115.05.22,N04,FK0,甜椒-其他,109,台北一,50,43.1,32,42.3,28
115.05.22,N04,FK3,甜椒-新香,109,台北一,65,36,23.9,39.4,242
115.05.22,N04,FK40,甜椒-彩色種 其他,109,台北一,85.8,46.9,19.2,49.2,60
115.05.22,N04,FK41,甜椒-彩色種 紅色,109,台北一,127.8,67.9,38.5,74,3509
115.05.22,N04,FK42,甜椒-彩色種 黃色,109,台北一,153.4,92.9,20.7,90.5,1837
115.05.22,N04,FK5,甜椒-青椒,109,台北一,65.5,42,18.4,42,6723
115.05.22,N04,FK6,甜椒-水果彩椒,109,台北一,170.5,95.3,34,98.1,860
115.05.22,N04,FK94,甜椒-進口 彩色種,109,台北一,100,54.7,35,59.8,315
115.05.22,N04,FL5,豌豆-豌豆苗,109,台北一,180,180,123,168.6,284
115.05.22,N04,FL92,豌豆-進口 紅花,109,台北一,170,156.5,140,155.9,340
115.05.22,N04,FL96,豌豆-進口 甜豌豆,109,台北一,170,163.7,95.8,151.4,626
115.05.22,N04,FM1,菜豆-白色,109,台北一,35,27.7,10.6,25.8,839
115.05.22,N04,FM2,菜豆-青色,109,台北一,48,28.2,10.1,28.5,12477
115.05.22,N04,FM3,菜豆-紅色,109,台北一,41,33.6,30,34.4,267
115.05.22,N04,FN1,敏豆-白豆,109,台北一,144.5,74.4,35.3,80.6,10738
115.05.22,N04,FN4,敏豆-翼豆,109,台北一,300,300,300,300,3
115.05.22,N04,FN5,敏豆-醜豆,109,台北一,102.1,60.4,26.9,62.1,1689
115.05.22,N04,FP1,萊豆-豆莢,109,台北一,100,95.2,67.7,90.7,297
115.05.22,N04,FP2,萊豆-豆仁,109,台北一,205,154.7,75,148.8,26
115.05.22,N04,FQ1,毛豆-豆莢,109,台北一,75,66.6,24.2,59.8,370
115.05.22,N04,FQ2,毛豆-豆仁,109,台北一,124.9,110.3,96.9,110.6,1060
115.05.22,N04,FR1,青花苔,109,台北一,66.5,44.2,16.6,43.2,585
115.05.22,N04,FR2,青花苔-青花筍,109,台北一,274.9,207.1,110.6,201.3,82
115.05.22,N04,FR9,青花苔-進口,109,台北一,75,68.1,58.3,67.5,13264
115.05.22,N04,FT0,南瓜-其他,109,台北一,20,20,17,19.4,526
115.05.22,N04,FT11,南瓜-木瓜型 阿成,109,台北一,26.5,21.1,13.2,20.6,12187
115.05.22,N04,FT12,南瓜-木瓜型 阿嬌,109,台北一,20.6,18.2,15,18.1,1060
115.05.22,N04,FT2,南瓜-圓形,109,台北一,25,23.4,19.5,23,3810
115.05.22,N04,FT3,南瓜-黃如意,109,台北一,57.8,38.4,22,39,835
115.05.22,N04,FT5,南瓜-青如意,109,台北一,51.2,24.6,4.8,26,17372
115.05.22,N04,FT6,南瓜-東昇,109,台北一,35,26.1,15,25.6,252
115.05.22,N04,FT7,南瓜-栗子,109,台北一,29.5,26.5,20.6,25.9,226
115.05.22,N04,FT72,南瓜-栗子 小黑,109,台北一,75,59.6,55,61.8,74
115.05.22,N04,FT9,南瓜-進口,109,台北一,30,26.2,20,25.7,35
115.05.22,N04,FT90,南瓜-進口 其他,109,台北一,12,11.1,10,11.1,300
115.05.22,N04,FT91,南瓜-進口 木瓜型,109,台北一,20,20,20,20,60
115.05.22,N04,FT96,南瓜-進口 東昇,109,台北一,20,16.9,16,17.3,60
115.05.22,N04,FT97,南瓜-進口 栗子,109,台北一,35.8,27,19.9,27.4,3304
115.05.22,N04,FU1,隼人瓜,109,台北一,10,7.6,3.9,7.3,4110
115.05.22,N04,FU2,隼人瓜-瓜苗,109,台北一,51.4,43.2,23.7,40.9,8711
115.05.22,N04,FV0,辣椒-其他,109,台北一,112,51.9,12.8,56.1,100
115.05.22,N04,FV1,辣椒-紅小,109,台北一,158.8,87.3,16.8,87.5,1913
115.05.22,N04,FV2,辣椒-青小,109,台北一,102.6,62.8,13.4,60.9,496
115.05.22,N04,FV3,辣椒-雞心,109,台北一,190,135,120,143,10
115.05.22,N04,FV4,辣椒-朝天椒,109,台北一,63.1,34.3,16.2,36.4,3678
115.05.22,N04,FV6,辣椒-糯米椒,109,台北一,165.2,98.6,28.5,97.9,1487
115.05.22,N04,FV9,辣椒-進口,109,台北一,50,50,50,50,21
115.05.22,N04,FV91,辣椒-進口 紅小,109,台北一,45,45,45,45,70
115.05.22,N04,FW1,金針花,109,台北一,203.5,168.8,110.4,164.1,877
115.05.22,N04,FY0,玉米-其他,109,台北一,55.5,28.3,14.7,31,3460
115.05.22,N04,FY4,玉米-玉米筍,109,台北一,184,67.4,38.8,85,708
115.05.22,N04,FY41,玉米-玉米筍 帶殼,109,台北一,16.2,9.5,6.2,10.2,7557
115.05.22,N04,FY5,玉米-糯米黑,109,台北一,27.9,19.9,6.5,18.8,18858
115.05.22,N04,FY6,玉米-甜軟殼,109,台北一,25.2,18.1,10.4,18,28117
115.05.22,N04,FY7,玉米-糯米白,109,台北一,5,3,3,3.4,100
115.05.22,N04,FY8,玉米-白龍王,109,台北一,37.1,22.7,9.6,22.9,8340
115.05.22,N04,FY9,玉米-進口,109,台北一,220,220,220,220,120
115.05.22,N04,FY90,玉米-進口 其他,109,台北一,80,62.4,60,65.4,143
115.05.22,N04,FY94,玉米-進口 玉米筍,109,台北一,180.2,163.4,151.3,164.3,2002
115.05.22,N04,FZ1,落花生-生,109,台北一,90,77.4,60,76.4,146
115.05.22,N04,FZ2,落花生-熟,109,台北一,70,70,70,70,81
115.05.22,N05,G2,黃金果,109,台北一,70,70,70,70,4
115.05.22,N05,G3,酪梨,109,台北一,136.1,94.2,74.3,98.6,2641
115.05.22,N05,G39,酪梨-進口,109,台北一,166.7,154.9,133.3,152.9,850
115.05.22,N05,G49,奇異果-進口,109,台北一,111.1,106.6,90.2,104.2,3678
115.05.22,N05,G7,橄欖,109,台北一,25,17.5,10,17.5,44
115.05.22,N05,G9,波蘿蜜,109,台北一,49.4,20.1,8.8,23.7,2319
115.05.22,N05,G91,榴槤蜜,109,台北一,30,30,27.6,29.5,92
115.05.22,N05,H41,葡萄柚-紅寶石,109,台北一,43,32.2,21.5,32.2,285
115.05.22,N05,H49,葡萄柚-紅肉進口,109,台北一,44.4,44.4,41,43.8,960
115.05.22,N05,I1,木瓜-網室紅肉,109,台北一,46,27.9,17.9,29.5,39400
115.05.22,N05,I3,木瓜-日昇種,109,台北一,83.6,43.6,26.3,48.2,2956
115.05.22,N05,I4,木瓜-青木瓜,109,台北一,68.4,39.8,17.9,41.1,1852
115.05.22,N05,J0,荔枝-其他,109,台北一,85,70.6,62.8,71.9,620
115.05.22,N05,J1,荔枝-玉荷包,109,台北一,206.7,140.4,104.9,146.5,13364
115.05.22,N05,J2,荔枝-黑葉,109,台北一,76.9,64.8,60,66.3,216
115.05.22,N05,J3,荔枝-糯米,109,台北一,80,80,80,80,12
115.05.22,N05,L9,枇杷-進口,109,台北一,933.3,933.3,933.3,933.3,10
115.05.22,N04,LA1,甘藍-初秋,109,台北一,24.7,20.4,11.5,19.4,148754
115.05.22,N04,LA2,甘藍-改良種,109,台北一,24,21.2,19.8,21.5,38870
115.05.22,N04,LA4,甘藍-紫色,109,台北一,20,20,20,20,75
115.05.22,N04,LA5,甘藍-甘藍心,109,台北一,53.5,40.2,40,42.8,494
115.05.22,N04,LA6,甘藍-甘藍芽,109,台北一,74.6,50.6,29.4,51.2,396
115.05.22,N04,LA7,甘藍-改良尖,109,台北一,17,16.2,10,15.1,220
115.05.22,N04,LA92,甘藍-進口 改良種,109,台北一,15,14.2,13.4,14.2,4140
115.05.22,N04,LB1,小白菜-土白菜,109,台北一,25.1,12.2,4.2,13.2,5692
115.05.22,N04,LB2,小白菜-蚵仔白,109,台北一,20.4,11.2,5.1,11.8,28821
115.05.22,N04,LB3,小白菜-奶油白,109,台北一,30.9,13.6,4.2,15.2,2130
115.05.22,N04,LC0,包心白-其他,109,台北一,30,28.9,25,28.3,33
115.05.22,N04,LC1,包心白-包白,109,台北一,16.1,8.2,4.1,9,40232
115.05.22,N04,LC3,包心白-包頭蓮,109,台北一,10,8,8,8.4,1260
115.05.22,N04,LC90,包心白菜-進口 其他,109,台北一,97,66,39.3,66.8,2090
115.05.22,N04,LC93,包心白菜-進口 包頭蓮 ,109,台北一,24.8,22.2,19.5,22.2,13895
115.05.22,N04,LD1,青江白菜-小梗,109,台北一,22.3,9.3,4,10.8,26403
115.05.22,N04,LE1,皇宮菜-小葉,109,台北一,95.4,40.4,16.1,46.6,1374
115.05.22,N04,LE2,皇宮菜-大葉,109,台北一,34.4,14.8,10,17.8,820
115.05.22,N04,LF2,蕹菜-小葉,109,台北一,30.9,13.5,6.6,15.6,25834
115.05.22,N04,LF3,蕹菜-水蕹菜,109,台北一,79.3,68.5,28,62.6,1746
115.05.22,N04,LG2,芹菜-白梗,109,台北一,88.5,60.7,30.7,60.3,6325
115.05.22,N04,LG3,芹菜-西洋芹菜,109,台北一,28,18.7,10,18.8,450
115.05.22,N04,LG9,芹菜-進口,109,台北一,45.2,44.3,22.8,40.2,1350
115.05.22,N04,LH1,菠菜-圓葉,109,台北一,74.7,60.1,29.7,56.9,402
115.05.22,N04,LH2,菠菜-角葉,109,台北一,61,38.3,16.5,38.5,8660
115.05.22,N04,LI0,萵苣菜-其他,109,台北一,128,68.2,19.3,70.4,619
115.05.22,N04,LI1,萵苣菜-廣東菜,109,台北一,50,34.7,18,34.4,200
115.05.22,N04,LI2,萵苣菜-結球萵,109,台北一,55,39.3,13.8,37.3,2685
115.05.22,N04,LI3,萵苣菜-本島圓葉,109,台北一,47,23.4,11.5,25.7,5933
115.05.22,N04,LI4,萵苣菜-本島尖葉,109,台北一,14,7.7,3,8,200
115.05.22,N04,LI5,萵苣菜-油麥菜,109,台北一,19.9,12,5.2,12.2,23930
115.05.22,N04,LI6,萵苣菜-蘿美,109,台北一,100,51.7,9.8,53,1127
115.05.22,N04,LI71,萵苣菜-紅捲,109,台北一,150,125.2,16.7,108.5,52
115.05.22,N04,LI72,萵苣菜-綠捲,109,台北一,130,123.9,89.2,118.2,93
115.05.22,N04,LI8,萵苣菜-水耕,109,台北一,52.4,44.2,34.8,44,3270
115.05.22,N04,LI91,萵苣菜-進口 廣東萵,109,台北一,40,36.2,35,36.8,96
115.05.22,N04,LI92,萵苣菜-進口 結球萵,109,台北一,82,36,10.9,40.2,3005
115.05.22,N04,LI96,萵苣菜-進口 蘿美,109,台北一,110,85,32.4,79.5,705
115.05.22,N04,LJ1,芥菜-芥菜仁,109,台北一,18,18,18,18,40
115.05.22,N04,LJ3,芥菜-大芥菜,109,台北一,8,5.3,3,5.4,2540
115.05.22,N04,LJ4,芥菜-小芥菜,109,台北一,28.6,11.1,4.6,13.3,1754
115.05.22,N04,LK2,芥藍菜,109,台北一,59.2,7.8,3.4,17.2,3422
115.05.22,N04,LK3,芥藍菜-芥藍芽,109,台北一,90.9,26.3,10.9,36.2,7969
115.05.22,N04,LM1,莧菜-紅莧菜,109,台北一,42.2,21.4,14.7,24.2,1846
115.05.22,N04,LM2,莧菜-白莧菜,109,台北一,38.4,15.5,6.9,18.4,13098
115.05.22,N04,LN1,油菜,109,台北一,22,9.9,4.6,11.2,10141
115.05.22,N04,LN2,油菜-小松菜,109,台北一,34.7,19.4,9.4,20.4,1805
115.05.22,N04,LO1,甘薯葉,109,台北一,38.4,17.1,12,20.4,20093
115.05.22,N04,LP1,芫荽,109,台北一,75.4,36.5,19.6,40.9,4055
115.05.22,N04,LP2,九層塔,109,台北一,50,35.7,13.4,34.1,2780
115.05.22,N04,LQ1,紅鳳菜-紅鳳菜,109,台北一,44.7,36,17.8,34.1,2370
115.05.22,N04,LT2,海菜-海帶,109,台北一,50,47.6,30,44.6,99
115.05.22,N04,LT3,海菜-水蓮,109,台北一,131.8,115.8,64,108.6,1941
115.05.22,N04,LV1,巴西利,109,台北一,115.8,26,16.8,42.1,245
115.05.22,N04,LX1,蕨菜-過貓,109,台北一,89.9,51.2,34.7,55.7,689
115.05.22,N04,LX2,蕨菜-山蘇,109,台北一,421.7,345.5,258.1,343.2,166
115.05.22,N04,LY2,黑甜仔菜,109,台北一,12,12,12,12,12
115.05.22,N04,LY4,人參葉,109,台北一,10,10,10,10,8
115.05.22,N04,LZ2,藤川七-川七葉,109,台北一,44,34.5,20.1,33.5,224
115.05.22,N04,MA1,洋菇,109,台北一,180,180,135.2,171,216
115.05.22,N04,MA2,洋菇-盒裝,109,台北一,348.9,265.4,122.2,253.5,460
115.05.22,N04,MB1,草菇,109,台北一,130,130,130,130,29
115.05.22,N04,MC0,濕木耳-其他,109,台北一,350,350,350,350,10
115.05.22,N04,MC1,濕木耳,109,台北一,102.9,59.8,32.4,62.9,1920
115.05.22,N04,MD1,濕香菇,109,台北一,140.8,88.4,33.8,87.9,2235
115.05.22,N04,ME0,金絲菇-其他,109,台北一,43,43,43,43,3
115.05.22,N04,ME1,金絲菇-金針菇,109,台北一,43,24.3,14,26,962
115.05.22,N04,ME2,金絲菇-盒裝,109,台北一,38,29.5,22.8,29.9,1444
115.05.22,N04,MF1,蠔菇-鮑魚菇,109,台北一,79.8,75,58.9,72.7,93
115.05.22,N04,MF2,蠔菇-盒裝,109,台北一,100,100,100,100,24
115.05.22,N04,MG1,巴西蘑菇,109,台北一,3,3,3,3,15
115.05.22,N04,MI1,秀珍菇,109,台北一,98.2,80.2,43.4,76.4,327
115.05.22,N04,MJ1,杏鮑菇,109,台北一,88.5,62.7,27.3,60.8,7440
115.05.22,N04,MJ2,杏鮑菇-盒裝,109,台北一,130,130,130,130,32
115.05.22,N04,MK0,鴻喜菇-其他,109,台北一,220,167.8,121.6,169,112
115.05.22,N04,MK1,鴻喜菇,109,台北一,85,85,85,85,24
115.05.22,N04,MK2,鴻喜菇-盒裝,109,台北一,220,195.5,135.8,188.5,195
115.05.22,N04,ML1,珊瑚菇,109,台北一,3,3,3,3,17
115.05.22,N04,ML2,珊瑚菇-盒裝,109,台北一,155,155,155,155,5
115.05.22,N04,MX1,其他菇類,109,台北一,193.7,123.3,68.8,126.5,534
115.05.22,N05,N0,李-其他,109,台北一,32.7,23.5,7.8,22.2,530
115.05.22,N05,N2,李-桃接李,109,台北一,43,28.1,11.2,27.7,2436
115.05.22,N05,N3,李-紅肉李,109,台北一,62.2,26.6,11.1,30.6,5208
115.05.22,N05,N4,李-黃肉李,109,台北一,57,31.8,12.1,32.9,1056
115.05.22,N05,O2,梨-秋水梨,109,台北一,89.8,64.8,41.5,65.2,2043
115.05.22,N05,O9,梨-其他進口,109,台北一,48.9,48.9,48.9,48.9,360
115.05.22,N04,OA2,鹹菜-帶葉,109,台北一,35,35,35,35,180
115.05.22,N04,OB1,雪里紅,109,台北一,16.2,14,14,14.4,1720
115.05.22,N04,OC1,榨菜,109,台北一,33,33,33,33,36
115.05.22,N04,OD1,蘿蔔乾,109,台北一,33,33,33,33,168
115.05.22,N04,OE2,醃瓜-漬,109,台北一,38,38,38,38,309
115.05.22,N04,OG1,熟筍-桂竹筍,109,台北一,90,85.4,30.7,75.4,597
115.05.22,N04,OI4,筍茸,109,台北一,28,28,28,28,504
115.05.22,N04,OL1,朴菜,109,台北一,30,30,30,30,72
115.05.22,N04,OX1,其他,109,台北一,147.2,18.8,17.1,44.2,4966
115.05.22,N05,P0,番石榴-其他,109,台北一,49,30.3,18,31.6,32
115.05.22,N05,P1,番石榴-珍珠芭,109,台北一,87.5,74,45.7,71,30481
115.05.22,N05,P2,番石榴-紅心,109,台北一,110.7,72.2,28.4,71.1,1123
115.05.22,N05,P3,番石榴-帝王芭,109,台北一,145,84.8,46.8,89.3,3654
115.05.22,N05,P5,番石榴-水晶無子,109,台北一,114.7,81.8,46.2,81.3,402
115.05.22,N05,Q0,蓮霧-其他,109,台北一,312.4,134.9,110,165.4,103
115.05.22,N05,Q1,蓮霧-紅蓮霧,109,台北一,160.6,55.4,27.1,70.8,2482
115.05.22,N05,Q2,蓮霧-子彈型,109,台北一,110.6,74.4,37.1,74.2,1622
115.05.22,N05,Q4,蓮霧-巴掌蓮霧,109,台北一,258,140.7,72.3,150.5,936
115.05.22,N05,Q5,蓮霧-黑糖芭比,109,台北一,321.8,124.4,54.9,150,2630
115.05.22,N05,R0,芒果-其他,109,台北一,123.5,60.9,25.1,66.3,1055
115.05.22,N05,R1,芒果-愛文,109,台北一,117.2,64.9,37.3,69.9,56035
115.05.22,N05,R10,芒果-西施,109,台北一,55,54.3,46.3,52.8,72
115.05.22,N05,R2,芒果-玉文,109,台北一,65.4,46.9,35.9,48.4,1304
115.05.22,N05,R3,芒果-本島,109,台北一,81.8,43.6,18.9,46.3,7079
115.05.22,N05,R31,芒果-夏雪,109,台北一,135.1,86.1,39.2,86.5,148
115.05.22,N05,R5,芒果-黑香金興,109,台北一,80.5,52.8,25.5,52.9,336
115.05.22,N05,R6,芒果-金煌,109,台北一,71.2,48.1,19.4,47,2130
115.05.22,N05,R8,芒果-芒果青,109,台北一,35.5,19.6,7.5,20.4,3727
115.05.22,N05,S1,葡萄-巨峰,109,台北一,236.1,124.5,89.8,139.8,4072
115.05.22,N05,S9,葡萄-進口,109,台北一,485.2,111.9,83.3,180.8,651
115.05.22,N04,SA3,蘿蔔-矸仔,109,台北一,15,7.6,4.7,8.5,18425
115.05.22,N04,SA4,蘿蔔-櫻桃,109,台北一,120,100,50,94,100
115.05.22,N04,SA7,蘿蔔-甜菜根,109,台北一,45,31.8,22.6,32.6,256
115.05.22,N04,SA9,蘿蔔-進口,109,台北一,15.4,12.7,10.7,12.9,31090
115.05.22,N04,SB1,胡蘿蔔-未洗,109,台北一,19.7,17,11.8,16.5,1900
115.05.22,N04,SB2,胡蘿蔔-清洗,109,台北一,19.1,13.4,8.9,13.7,28186
115.05.22,N04,SC1,馬鈴薯-本產,109,台北一,29.7,21.4,10.8,20.9,9030
115.05.22,N04,SC9,馬鈴薯-進口,109,台北一,21.3,12,8,13,536
115.05.22,N04,SD1,洋蔥-本產,109,台北一,26,20.3,16,20.6,3729
115.05.22,N04,SD9,洋蔥-進口,109,台北一,31,24.2,19.5,24.6,2960
115.05.22,N04,SE1,青蔥-日蔥,109,台北一,91.8,70.2,52.4,71,2962
115.05.22,N04,SE2,青蔥-北蔥,109,台北一,30,30,30,30,60
115.05.22,N04,SE3,青蔥-大蔥,109,台北一,75,67.5,45,64.5,73
115.05.22,N04,SE5,青蔥-紅蔥頭,109,台北一,83.6,72.2,41,68.2,262
115.05.22,N04,SE6,青蔥-粉蔥,109,台北一,93.4,61.2,29,61.2,17740
115.05.22,N04,SF1,韭菜-白頭,109,台北一,103.1,59.1,40.5,64.2,651
115.05.22,N04,SF2,韭菜-韭菜黃,109,台北一,145.2,94.9,67.6,99.5,1347
115.05.22,N04,SF3,韭菜-韭菜花,109,台北一,86.1,85.7,72.5,83.1,1274
115.05.22,N04,SF4,韭菜-青頭,109,台北一,44.5,30,13.4,29.6,4649
115.05.22,N04,SG2,大蒜-軟梗,109,台北一,70,53.9,19.1,50.2,2247
115.05.22,N04,SG4,大蒜-蔥蒜,109,台北一,58,32,12.1,33.2,660
115.05.22,N04,SG5,大蒜-蒜頭,109,台北一,134.6,77.4,33.8,80.1,822
115.05.22,N04,SG6,大蒜-蒜仁,109,台北一,90,80.1,40.6,74.2,2410
115.05.22,N04,SG7,大蒜-蒜瓣,109,台北一,198.1,79.1,25.1,92.1,742
115.05.22,N04,SG9,大蒜-進口,109,台北一,85,76.8,61.3,75.4,162
115.05.22,N04,SH1,竹筍-麻竹筍,109,台北一,38,38,38,38,14
115.05.22,N04,SH2,竹筍-綠竹筍,109,台北一,204,146.2,86.6,145.8,6195
115.05.22,N04,SH5,竹筍-烏殼綠,109,台北一,63.9,39.7,27.3,42.1,18273
115.05.22,N04,SH7,竹筍-去殼,109,台北一,44.6,35.4,15,33.2,434
115.05.22,N04,SJ2,芋-檳榔心芋,109,台北一,59,39.4,23.6,40.2,4969
115.05.22,N04,SJ3,芋-里芋,109,台北一,94.9,79.4,51.2,76.8,205
115.05.22,N04,SJ4,芋-芋莖,109,台北一,15,15,15,15,60
115.05.22,N04,SJ5,芋-芋角,109,台北一,50,50,50,50,24
115.05.22,N04,SK1,荸薺,109,台北一,65,65,65,65,36
115.05.22,N04,SK2,荸薺-加工,109,台北一,65,65,65,65,274
115.05.22,N04,SL1,豆薯,109,台北一,28.4,18.2,14.4,19.5,1995
115.05.22,N04,SM1,牛蒡,109,台北一,45,45,45,45,150
115.05.22,N04,SM9,牛蒡-進口,109,台北一,32,32,32,32,100
115.05.22,N04,SN1,蓮藕,109,台北一,60,52.9,31,49.9,750
115.05.22,N04,SO0,甘薯-其他,109,台北一,35.9,6.9,5.8,12.5,2380
115.05.22,N04,SO1,甘薯-臺農57號,109,台北一,26.5,12.1,6.8,13.9,11570
115.05.22,N04,SO2,甘薯-芋仔甘薯,109,台北一,19.5,9.6,5.8,10.8,2456
115.05.22,N04,SO3,甘薯-臺農66號,109,台北一,27.2,14.5,5.6,15.3,7457
115.05.22,N04,SP0,薑-其他,109,台北一,83.7,54.8,30.9,55.8,122
115.05.22,N04,SP1,薑-老薑,109,台北一,147.7,117.9,77.2,115.7,1486
115.05.22,N04,SP2,薑-嫩薑,109,台北一,118.6,108,82.4,105,2534
115.05.22,N04,SP3,薑-粉薑,109,台北一,110,97.7,90,98.6,1560
115.05.22,N04,SP4,薑-竹薑,109,台北一,130,130,130,130,20
115.05.22,N04,SP5,薑-薑黃,109,台北一,150,150,150,150,19
115.05.22,N04,SQ1,茭白筍-帶殼,109,台北一,95,71.5,52.8,72.4,7835
115.05.22,N04,SQ3,茭白筍-去殼,109,台北一,165.1,122.1,74.4,121.2,3606
115.05.22,N04,SR1,菱角-生菱角,109,台北一,100,100,100,100,36
115.05.22,N04,SR3,菱角-去殼,109,台北一,120,120,120,120,17
115.05.22,N04,ST1,蕎頭-露蕎,109,台北一,110,98,80,96.8,47
115.05.22,N04,SU1,薯蕷-紅薯蕷,109,台北一,180,154.1,114.8,151.4,265
115.05.22,N04,SU2,薯蕷-白薯蕷,109,台北一,125,114,36.1,100.6,442
115.05.22,N04,SU21,薯蕷-白薯蕷 人參,109,台北一,78.9,60.4,38.6,59.7,2343
115.05.22,N04,SU3,薯蕷-樹薯,109,台北一,47,47,47,47,88
115.05.22,N04,SU9,薯蕷-進口,109,台北一,172.1,100.3,39.9,102.6,1452
115.05.22,N04,SV1,蘆筍-白蘆筍,109,台北一,379.2,257.3,138.6,258,167
115.05.22,N04,SV2,蘆筍-綠蘆筍,109,台北一,236.4,148.7,96.8,155.9,2635
115.05.22,N04,SV3,蘆筍-蘆筍花,109,台北一,130,130,130,130,2
115.05.22,N04,SV9,蘆筍-進口,109,台北一,350,325,200,305,200
115.05.22,N04,SV92,蘆筍-進口 綠蘆筍,109,台北一,237.6,168.7,125.1,173.8,1576
115.05.22,N04,SW1,球莖甘藍,109,台北一,20,16.1,7.8,15.2,1748
115.05.22,N04,SX1,芽菜類-綠豆芽,109,台北一,13.8,13,13,13.2,8032
115.05.22,N04,SX2,芽菜類-黃豆芽,109,台北一,20,20,20,20,660
115.05.22,N04,SX3,芽菜類-豌豆芽,109,台北一,80,80,80,80,170
115.05.22,N04,SX4,芽菜類-苜蓿芽,109,台北一,80,80,80,80,116
115.05.22,N04,SZ1,半天筍,109,台北一,70,70,70,70,120
115.05.22,N04,SZ3,金針筍,109,台北一,80,80,80,80,4
115.05.22,N04,SZ5,草石蠶,109,台北一,200,200,200,200,4
115.05.22,N04,SZ7,晚香玉筍,109,台北一,500,363.2,164.9,350.9,57
115.05.22,N04,SZ8,香茅,109,台北一,53.3,32.4,25,35.1,329
115.05.22,N05,T0,西瓜-其他,109,台北一,76.4,30.7,15.6,36.8,2087
115.05.22,N05,T1,西瓜-大西瓜,109,台北一,18.5,13,13,14.1,116360
115.05.22,N05,T2,西瓜-無子西瓜,109,台北一,10,8.9,7,8.7,471
115.05.22,N05,T4,西瓜-鳳光英妙,109,台北一,9.1,6,6,6.6,586
115.05.22,N05,T5,西瓜-黃肉,109,台北一,16.3,8.9,5.2,9.6,29030
115.05.22,N05,T8,西瓜-甜美人,109,台北一,12.8,10.3,7.6,10.2,5758
115.05.22,N05,V0,甜瓜-其他,109,台北一,70,70,70,70,192
115.05.22,N05,V1,甜瓜-美濃,109,台北一,42.1,22.6,7.4,23.5,9330
115.05.22,N05,V2,甜瓜-溫室吊瓜,109,台北一,224.7,101.8,40.9,114.2,1026
115.05.22,N05,W1,洋香瓜-網狀紅肉,109,台北一,67.4,34.8,29.4,40.2,3707
115.05.22,N05,W2,洋香瓜-網狀綠肉,109,台北一,37.3,25.3,10.1,24.6,7255
115.05.22,N05,W4,洋香瓜-新疆,109,台北一,87.1,36.7,23,44,3919
115.05.22,N05,W5,洋香瓜-光面紅肉,109,台北一,33.6,32,28.9,31.7,712
115.05.22,N05,W6,洋香瓜-光面綠肉,109,台北一,23,23,23,23,180
115.05.22,N05,W7,洋香瓜-光面白肉,109,台北一,35,30.8,21.4,29.8,679
115.05.22,N05,W8,洋香瓜-阿露斯,109,台北一,157.2,99.3,68.1,104.7,1160
115.05.22,N05,W9,洋香瓜-進口,109,台北一,416.7,416.7,416.7,416.7,12
115.05.22,N05,X59,蘋果-紅玉進口,109,台北一,73.3,73.3,73.3,73.3,10
115.05.22,N05,X69,蘋果-富士進口,109,台北一,89.2,42.1,4,43.9,31643
115.05.22,N05,Y0,桃子-其他,109,台北一,89.5,85,79.7,84.8,795
115.05.22,N05,Y1,桃子-水蜜桃,109,台北一,144.2,73.8,40.4,81.2,3510
115.05.22,N05,Y3,桃子-甜桃,109,台北一,68.9,54.7,39.4,54.5,2625
115.05.22,N05,Y4,桃子-早桃,109,台北一,45,41.9,40,42.2,888
115.05.22,N05,Y5,桃子-福壽桃,109,台北一,60,52.1,34.6,50.2,262
115.05.22,N05,Y9,桃子-進口,109,台北一,698.3,275.1,196.3,344,2186
115.05.22,N05,11,椰子,220,板橋區,8.1,7,7,7.2,814
115.05.22,N05,42,楊梅,220,板橋區,45,45,45,45,16
115.05.22,N05,459,草莓-進口,220,板橋區,444.4,444.4,444.4,444.4,18
115.05.22,N05,469,藍莓-進口,220,板橋區,500,500,500,500,500
115.05.22,N05,50,百香果-其他,220,板橋區,90,90,90,90,18
115.05.22,N05,51,百香果-改良種,220,板橋區,76,57.6,42,58.2,1007
115.05.22,N05,61,甘蔗-帶皮,220,板橋區,9,9,9,9,1696
115.05.22,N05,72,小番茄-聖女,220,板橋區,48.6,33.2,26,34.8,994
115.05.22,N05,74,小番茄-玉女,220,板橋區,121.4,86.8,64,89.2,548
115.05.22,N05,812,紅龍果-紅肉,220,板橋區,45,42.8,36.3,41.9,642
115.05.22,N05,859,榴槤-進口,220,板橋區,270,219.4,180,221.7,2700
115.05.22,N05,869,山竹-進口,220,板橋區,625,625,625,625,16
115.05.22,N05,91,其他,220,板橋區,10,10,10,10,72
115.05.22,N05,A0,香蕉-其他,220,板橋區,10,10,10,10,609
115.05.22,N05,A1,香蕉,220,板橋區,25.3,24.9,17.9,23.6,10140
115.05.22,N05,A2,香蕉-芭蕉紅芭蕉,220,板橋區,55,41.2,28.3,41.4,210
115.05.22,N05,A4,香蕉-越旦,220,板橋區,25.8,22,20,22.3,448
115.05.22,N05,B2,鳳梨-金鑽鳳梨,220,板橋區,27,20.9,17.1,21.4,14356
115.05.22,N05,B6,鳳梨-甜蜜蜜,220,板橋區,22,21.2,20,21.1,125
115.05.22,N05,C2,茂谷柑,220,板橋區,48.1,33.4,25,34.7,774
115.05.22,N05,E9,甜橙-進口,220,板橋區,61.1,61.1,61.1,61.1,936
115.05.22,N05,F0,雜柑-其他,220,板橋區,30,30,30,30,216
115.05.22,N05,F1,雜柑-檸檬,220,板橋區,60,44.6,44,47.6,162
115.05.22,N05,F4,雜柑-桔子,220,板橋區,65,65,65,65,18
115.05.22,N05,F5,雜柑-無子檸檬,220,板橋區,90,86.7,75,85,60
115.05.22,N05,F6,雜柑-黃金檸檬,220,板橋區,112,88.4,47.7,85,140
115.05.22,N04,FA1,黃秋葵,220,板橋區,44.3,28.5,10.3,28,1700
115.05.22,N04,FB1,花椰菜-青梗,220,板橋區,33.8,25.9,15.3,25.3,4714
115.05.22,N04,FC1,胡瓜-黑刺,220,板橋區,26.9,18.1,10.8,18.4,5074
115.05.22,N04,FD0,花胡瓜-其他,220,板橋區,58,22.4,10,27.1,320.2
115.05.22,N04,FD1,花胡瓜,220,板橋區,36.9,22.5,9.6,22.8,8573.2
115.05.22,N04,FE1,冬瓜-白皮,220,板橋區,10.1,7.8,4.5,7.6,1746
115.05.22,N04,FF0,絲瓜-其他,220,板橋區,39.1,18.4,14,21.7,2677
115.05.22,N04,FF1,絲瓜,220,板橋區,35.7,22.7,15.1,23.8,10887
115.05.22,N04,FF2,絲瓜-角瓜,220,板橋區,33,28.5,27,29.1,66
115.05.22,N04,FG0,苦瓜-其他,220,板橋區,32.8,23.5,16.2,23.9,1105
115.05.22,N04,FG1,苦瓜-白大米,220,板橋區,34.8,24.1,14.6,24.3,7939
115.05.22,N04,FG3,苦瓜-山苦瓜,220,板橋區,65,62.6,60,62.6,53
115.05.22,N04,FG4,苦瓜-翠綠,220,板橋區,22.9,20.7,18.3,20.6,318
115.05.22,N04,FH1,扁蒲-長形,220,板橋區,3,3,3,3,140
115.05.22,N04,FH2,扁蒲-圓形,220,板橋區,7,7,7,7,80
115.05.22,N04,FH3,扁蒲-花蒲,220,板橋區,15.3,10.1,5.5,10.2,4968
115.05.22,N04,FH4,扁蒲-梨子蒲,220,板橋區,20,16.9,3,14.8,189
115.05.22,N04,FI0,茄子-其他,220,板橋區,13,12.5,12,12.5,80
115.05.22,N04,FI2,茄子-麻荸茄,220,板橋區,29.4,17.6,9,18.2,5426
115.05.22,N04,FI3,茄子-日本種,220,板橋區,22,6.7,5,9.4,73
115.05.22,N04,FJ1,番茄-黑柿,220,板橋區,45,45,45,45,135
115.05.22,N04,FJ3,番茄-牛番茄,220,板橋區,73.4,63.9,44.1,61.8,6550
115.05.22,N04,FK3,甜椒-新香,220,板橋區,30,30,30,30,24
115.05.22,N04,FK40,甜椒-彩色種 其他,220,板橋區,92,53.4,25,55.4,94
115.05.22,N04,FK41,甜椒-彩色種 紅色,220,板橋區,42.2,28.4,20.7,29.7,129
115.05.22,N04,FK42,甜椒-彩色種 黃色,220,板橋區,35.2,17.1,5,18.3,137
115.05.22,N04,FK5,甜椒-青椒,220,板橋區,58.5,28.8,15.9,32.2,1468
115.05.22,N04,FK6,甜椒-水果彩椒,220,板橋區,97.9,72.5,40,71.1,170
115.05.22,N04,FK94,甜椒-進口 彩色種,220,板橋區,100,100,23.1,84.6,130
115.05.22,N04,FL6,豌豆-甜豌豆,220,板橋區,145,145,145,145,20
115.05.22,N04,FL9,豌豆-進口,220,板橋區,250,250,250,250,404
115.05.22,N04,FM1,菜豆-白色,220,板橋區,35,17.3,10,19.4,48
115.05.22,N04,FM2,菜豆-青色,220,板橋區,34.1,24.9,15.3,24.8,3701
115.05.22,N04,FN1,敏豆-白豆,220,板橋區,95.4,58.1,29.9,59.9,2369
115.05.22,N04,FN3,敏豆-粉豆,220,板橋區,30,30,30,30,75
115.05.22,N04,FN5,敏豆-醜豆,220,板橋區,59.3,49.5,13.1,44.2,599
115.05.22,N04,FP3,鵲豆-肉豆,220,板橋區,35,35,35,35,6
115.05.22,N04,FQ1,毛豆-豆莢,220,板橋區,52,50.1,15,43.5,78
115.05.22,N04,FQ2,毛豆-豆仁,220,板橋區,119.6,99.3,39.7,91.4,253
115.05.22,N04,FR1,青花苔,220,板橋區,38.6,27.1,10,26,210
115.05.22,N04,FR9,青花苔-進口,220,板橋區,112.5,111.3,60.7,101.4,5284
115.05.22,N04,FS1,越瓜-青色,220,板橋區,10,10,10,10,36
115.05.22,N04,FT1,南瓜-木瓜形,220,板橋區,18,17.6,17,17.6,345
115.05.22,N04,FT11,南瓜-木瓜型 阿成,220,板橋區,24.5,19.1,10.1,18.4,2085
115.05.22,N04,FT2,南瓜-圓形,220,板橋區,23.4,21.7,18.1,21.3,848
115.05.22,N04,FT5,南瓜-青如意,220,板橋區,41.5,26.5,8.4,25.9,4776
115.05.22,N04,FT9,南瓜-進口,220,板橋區,55,55,53.7,54.7,760
115.05.22,N04,FT97,南瓜-進口 栗子,220,板橋區,33.5,31.1,22.3,29.8,1383
115.05.22,N04,FU1,隼人瓜,220,板橋區,9.3,6.8,3.1,6.6,1579
115.05.22,N04,FU2,隼人瓜-瓜苗,220,板橋區,55.7,43.5,35.6,44.4,1470
115.05.22,N04,FV1,辣椒-紅小,220,板橋區,57.3,37.7,20.5,38.2,314
115.05.22,N04,FV4,辣椒-朝天椒,220,板橋區,35.4,25.1,15.7,25.3,551
115.05.22,N04,FV5,辣椒-青龍,220,板橋區,40,40,40,40,20
115.05.22,N04,FV6,辣椒-糯米椒,220,板橋區,113.9,56.7,45.7,65.9,286
115.05.22,N04,FV9,辣椒-進口,220,板橋區,100,100,100,100,21
115.05.22,N04,FW1,金針花,220,板橋區,167.3,140,140,145.5,22
115.05.22,N04,FX1,花豆,220,板橋區,30,30,30,30,15
115.05.22,N04,FY0,玉米-其他,220,板橋區,30,25.6,10.9,23.5,560
115.05.22,N04,FY4,玉米-玉米筍,220,板橋區,148.9,28.6,10,48.9,92
115.05.22,N04,FY41,玉米-玉米筍 帶殼,220,板橋區,31.3,12.7,4.5,14.8,1472
115.05.22,N04,FY5,玉米-糯米黑,220,板橋區,22.3,15,10.2,15.5,3569
115.05.22,N04,FY6,玉米-甜軟殼,220,板橋區,22,14.6,5.6,14.2,5658
115.05.22,N04,FY8,玉米-白龍王,220,板橋區,35.8,19.7,7.1,20.4,490
115.05.22,N04,FY9,玉米-進口,220,板橋區,350,350,350,350,10
115.05.22,N04,FY94,玉米-進口 玉米筍,220,板橋區,241.7,241.7,241.7,241.7,144
115.05.22,N04,FZ1,落花生-生,220,板橋區,53.9,35,35,38.8,370
115.05.22,N05,G3,酪梨,220,板橋區,125.8,91.8,70.8,94.4,614
115.05.22,N05,G49,奇異果-進口,220,板橋區,233.3,150.7,133.3,163.8,690
115.05.22,N05,G9,波蘿蜜,220,板橋區,16,15.1,15,15.3,67
115.05.22,N05,I1,木瓜-網室紅肉,220,板橋區,43.3,30.8,23,31.7,5580
115.05.22,N05,I3,木瓜-日昇種,220,板橋區,47.5,32.7,28,34.7,496
115.05.22,N05,I4,木瓜-青木瓜,220,板橋區,26.1,18.5,14.6,19.2,929
115.05.22,N05,J0,荔枝-其他,220,板橋區,80,62.1,55,64.2,700
115.05.22,N05,J1,荔枝-玉荷包,220,板橋區,148.4,122.7,118.2,127,2992
115.05.22,N05,J3,荔枝-糯米,220,板橋區,80,80,80,80,46
115.05.22,N04,LA1,甘藍-初秋,220,板橋區,24.1,20.3,13.6,19.7,48047
115.05.22,N04,LA2,甘藍-改良種,220,板橋區,29.5,18.7,15.6,20.2,8835
115.05.22,N04,LA6,甘藍-甘藍芽,220,板橋區,30,30,30,30,69
115.05.22,N04,LA9,甘藍-進口,220,板橋區,24.2,20.3,20,21.1,3100
115.05.22,N04,LA92,甘藍-進口 改良種,220,板橋區,14.4,13.6,12,13.4,2160
115.05.22,N04,LB1,小白菜-土白菜,220,板橋區,43.5,14.2,10.1,19.3,2423
115.05.22,N04,LB2,小白菜-蚵仔白,220,板橋區,29.2,12.2,5.7,14.3,5136
115.05.22,N04,LB3,小白菜-奶油白,220,板橋區,15.4,12.2,6.2,11.6,516
115.05.22,N04,LC0,包心白-其他,220,板橋區,100,35.3,27,46.6,82
115.05.22,N04,LC1,包心白-包白,220,板橋區,12.6,8.4,4.9,8.6,8435
115.05.22,N04,LC9,包心白-進口,220,板橋區,93.9,70.4,62.5,73.5,830
115.05.22,N04,LC90,包心白菜-進口 其他,220,板橋區,21.6,20.4,12.2,19,2085
115.05.22,N04,LC91,包心白菜-進口 包白,220,板橋區,46.7,46.7,46.7,46.7,1965
115.05.22,N04,LC93,包心白菜-進口 包頭蓮 ,220,板橋區,20.7,19.2,14,18.4,3005
115.05.22,N04,LD1,青江白菜-小梗,220,板橋區,26.7,11.5,6.1,13.5,4567
115.05.22,N04,LE1,皇宮菜-小葉,220,板橋區,48.3,29.3,17.4,30.7,306
115.05.22,N04,LE2,皇宮菜-大葉,220,板橋區,33.4,19.2,3.5,18.9,327
115.05.22,N04,LF1,蕹菜-大葉,220,板橋區,13,13,13,13,25
115.05.22,N04,LF2,蕹菜-小葉,220,板橋區,19.7,15.7,11.6,15.7,5265.5
115.05.22,N04,LF3,蕹菜-水蕹菜,220,板橋區,18,18,18,18,48
115.05.22,N04,LG2,芹菜-白梗,220,板橋區,68,51.1,36.4,51.5,1283
115.05.22,N04,LG9,芹菜-進口,220,板橋區,60,60,33.2,54.6,788
115.05.22,N04,LH1,菠菜-圓葉,220,板橋區,40,40,40,40,112
115.05.22,N04,LH2,菠菜-角葉,220,板橋區,42.9,26.1,14,27.1,3256
115.05.22,N04,LI1,萵苣菜-廣東菜,220,板橋區,36,23,10,23,20
115.05.22,N04,LI2,萵苣菜-結球萵,220,板橋區,35,21.2,15.6,22.8,715
115.05.22,N04,LI3,萵苣菜-本島圓葉,220,板橋區,38,25.7,14.1,25.8,2159
115.05.22,N04,LI5,萵苣菜-油麥菜,220,板橋區,16.1,9.8,4.7,10,5535
115.05.22,N04,LI6,萵苣菜-蘿美,220,板橋區,20,20,20,20,48
115.05.22,N04,LI72,萵苣菜-綠捲,220,板橋區,25,25,25,25,5
115.05.22,N04,LI8,萵苣菜-水耕,220,板橋區,65,62.9,50,60.7,105
115.05.22,N04,LI9,萵苣菜-進口,220,板橋區,138.6,137.5,137.5,137.7,883
115.05.22,N04,LI92,萵苣菜-進口 結球萵,220,板橋區,154,46.4,3,59.3,268
115.05.22,N04,LJ3,芥菜-大芥菜,220,板橋區,15.2,10,2.7,9.5,1840
115.05.22,N04,LJ4,芥菜-小芥菜,220,板橋區,17.5,11.1,3.8,10.9,493
115.05.22,N04,LK2,芥藍菜,220,板橋區,12,6.1,2.8,6.6,949
115.05.22,N04,LK3,芥藍菜-芥藍芽,220,板橋區,38,20.1,8.7,21.4,946
115.05.22,N04,LM1,莧菜-紅莧菜,220,板橋區,20,19,18,19,150
115.05.22,N04,LM2,莧菜-白莧菜,220,板橋區,28.8,22.4,17.4,22.7,2075
115.05.22,N04,LN1,油菜,220,板橋區,13.7,10.3,7.4,10.4,2873
115.05.22,N04,LN2,油菜-小松菜,220,板橋區,80,73.4,63,72.6,631
115.05.22,N04,LO1,甘薯葉,220,板橋區,34.2,18.4,11.6,20.2,3103
115.05.22,N04,LP1,芫荽,220,板橋區,53.4,41.4,26.3,40.8,402
115.05.22,N04,LP2,九層塔,220,板橋區,43.7,35.6,15.9,33.3,521
115.05.22,N04,LQ1,紅鳳菜-紅鳳菜,220,板橋區,40,37.6,25,35.6,557
115.05.22,N04,LS1,茴香,220,板橋區,53,49.5,48,49.9,40
115.05.22,N04,LT2,海菜-海帶,220,板橋區,25,25,25,25,9
115.05.22,N04,LT3,海菜-水蓮,220,板橋區,105.9,89.6,58.4,86.6,846
115.05.22,N04,LV1,巴西利,220,板橋區,15,10.3,10,11.2,65
115.05.22,N04,LX1,蕨菜-過貓,220,板橋區,30,30,30,30,10
115.05.22,N04,MA1,洋菇,220,板橋區,57,57,57,57,52
115.05.22,N04,MA2,洋菇-盒裝,220,板橋區,57.9,57,52.2,56.2,66
115.05.22,N04,MC0,濕木耳-其他,220,板橋區,55,55,55,55,45
115.05.22,N04,MC1,濕木耳,220,板橋區,49.5,41.3,31.1,40.9,521
115.05.22,N04,MD1,濕香菇,220,板橋區,56.5,44.4,42.1,46.4,717
115.05.22,N04,ME1,金絲菇-金針菇,220,板橋區,22.3,20.9,18.2,20.7,3076
115.05.22,N04,ME2,金絲菇-盒裝,220,板橋區,21,21,21,21,20
115.05.22,N04,MF1,蠔菇-鮑魚菇,220,板橋區,42,37.1,37,38,24
115.05.22,N04,MI1,秀珍菇,220,板橋區,45.8,42.3,40,42.5,334
115.05.22,N04,MJ1,杏鮑菇,220,板橋區,50.4,38.6,35,40.3,1530
115.05.22,N04,MK1,鴻喜菇,220,板橋區,55,53.8,38.7,51,359
115.05.22,N04,MN1,柳松菇,220,板橋區,45,45,45,45,3
115.05.22,N04,MX1,其他菇類,220,板橋區,75.9,49.7,49,54.8,383
115.05.22,N05,N0,李-其他,220,板橋區,30,30,30,30,252
115.05.22,N05,N3,李-紅肉李,220,板橋區,50.4,35.2,25.1,36.2,1474
115.05.22,N05,O2,梨-秋水梨,220,板橋區,58.4,50,45.4,50.8,586
115.05.22,N05,O99,梨-西洋梨進口,220,板橋區,88.9,77.5,66.7,77.6,2052
115.05.22,N04,OB1,雪里紅,220,板橋區,23,23,23,23,80
115.05.22,N04,OE2,醃瓜-漬,220,板橋區,39,39,39,39,108
115.05.22,N04,OX1,其他,220,板橋區,52.7,19.7,11.9,24.7,1233
115.05.22,N05,P1,番石榴-珍珠芭,220,板橋區,72.3,48,34.1,50.1,5912
115.05.22,N05,P2,番石榴-紅心,220,板橋區,40,39.3,35.5,38.7,122
115.05.22,N05,P3,番石榴-帝王芭,220,板橋區,100,85.8,60,83.5,156
115.05.22,N05,Q1,蓮霧-紅蓮霧,220,板橋區,75.9,45.7,37.2,50.1,715
115.05.22,N05,R0,芒果-其他,220,板橋區,62.7,46.1,40,48.2,1004
115.05.22,N05,R1,芒果-愛文,220,板橋區,75.6,54.9,45.2,57.1,10678
115.05.22,N05,R10,芒果-西施,220,板橋區,45,43.6,35,42.1,49
115.05.22,N05,R2,芒果-玉文,220,板橋區,63.7,49.7,39.6,50.5,956
115.05.22,N05,R3,芒果-本島,220,板橋區,46.5,35.6,24,35.5,1397
115.05.22,N05,R31,芒果-夏雪,220,板橋區,60,60,60,60,30
115.05.22,N05,R5,芒果-黑香金興,220,板橋區,56.9,50,50,51.4,130
115.05.22,N05,R6,芒果-金煌,220,板橋區,52.2,46.6,35.2,45.5,550
115.05.22,N05,R8,芒果-芒果青,220,板橋區,15,12.5,8.7,12.2,218
115.05.22,N05,S1,葡萄-巨峰,220,板橋區,80,71.2,61.4,71,626
115.05.22,N05,S9,葡萄-進口,220,板橋區,2000,2000,2000,2000,21
115.05.22,N04,SA3,蘿蔔-矸仔,220,板橋區,9.4,6.8,3.7,6.7,5650
115.05.22,N04,SA7,蘿蔔-甜菜根,220,板橋區,32,24.8,15,24.3,55
115.05.22,N04,SA9,蘿蔔-進口,220,板橋區,25,16.3,9.6,16.7,8440
115.05.22,N04,SB1,胡蘿蔔-未洗,220,板橋區,18,16.4,9.6,15.4,1929
115.05.22,N04,SB2,胡蘿蔔-清洗,220,板橋區,17.9,14.1,10.9,14.2,7408
115.05.22,N04,SC1,馬鈴薯-本產,220,板橋區,22.3,17.2,8.5,16.5,4598
115.05.22,N04,SC9,馬鈴薯-進口,220,板橋區,10,7.3,5,7.4,260
115.05.22,N04,SD1,洋蔥-本產,220,板橋區,15,13.5,11.8,13.5,10383
115.05.22,N04,SD9,洋蔥-進口,220,板橋區,35.2,25.7,13.8,25.3,2480
115.05.22,N04,SE2,青蔥-北蔥,220,板橋區,34,32.3,32,32.6,254
115.05.22,N04,SE5,青蔥-紅蔥頭,220,板橋區,72.1,60,54,61.2,416
115.05.22,N04,SE6,青蔥-粉蔥,220,板橋區,64.6,45.3,35.2,47.2,3532
115.05.22,N04,SF1,韭菜-白頭,220,板橋區,35,35,35,35,32
115.05.22,N04,SF2,韭菜-韭菜黃,220,板橋區,108.4,85,82.2,89.1,104
115.05.22,N04,SF3,韭菜-韭菜花,220,板橋區,67.9,46,20,45.2,231.2
115.05.22,N04,SF4,韭菜-青頭,220,板橋區,32.7,28.8,14.7,26.8,1363
115.05.22,N04,SG2,大蒜-軟梗,220,板橋區,50.7,30.9,12.6,31.2,742
115.05.22,N04,SG5,大蒜-蒜頭,220,板橋區,97.5,49.2,23.6,53.8,303
115.05.22,N04,SG6,大蒜-蒜仁,220,板橋區,84.7,71.9,57.6,71.6,578
115.05.22,N04,SG7,大蒜-蒜瓣,220,板橋區,156.6,88.2,76.7,99.6,181
115.05.22,N04,SG9,大蒜-進口,220,板橋區,177.8,175.1,175,175.6,234
115.05.22,N04,SH2,竹筍-綠竹筍,220,板橋區,85,85,84.3,84.9,1260
115.05.22,N04,SH5,竹筍-烏殼綠,220,板橋區,46.6,35.7,29.1,36.5,4196
115.05.22,N04,SJ2,芋-檳榔心芋,220,板橋區,41.4,32.3,24.9,32.7,1869
115.05.22,N04,SJ3,芋-里芋,220,板橋區,30,30,30,30,22
115.05.22,N04,SJ4,芋-芋莖,220,板橋區,16,16,16,16,12
115.05.22,N04,SK2,荸薺-加工,220,板橋區,66,66,66,66,20
115.05.22,N04,SL1,豆薯,220,板橋區,21,15.3,15,16.4,600
115.05.22,N04,SM9,牛蒡-進口,220,板橋區,50,50,50,50,1270
115.05.22,N04,SN1,蓮藕,220,板橋區,45,45,45,45,100
115.05.22,N04,SN2,蓮藕-蓮子,220,板橋區,240,240,240,240,5
115.05.22,N04,SO0,甘薯-其他,220,板橋區,95.9,20.9,19,35.5,182
115.05.22,N04,SO1,甘薯-臺農57號,220,板橋區,13.5,11.5,8.3,11.3,6999
115.05.22,N04,SO2,甘薯-芋仔甘薯,220,板橋區,21.4,8.5,5,10.4,598
115.05.22,N04,SO3,甘薯-臺農66號,220,板橋區,16.5,11.4,7.1,11.5,1703
115.05.22,N04,SP1,薑-老薑,220,板橋區,94,90.9,81.6,89.7,426
115.05.22,N04,SP2,薑-嫩薑,220,板橋區,85.6,77.2,70,77.5,545
115.05.22,N04,SQ1,茭白筍-帶殼,220,板橋區,52.4,35.8,26.3,37.2,1110
115.05.22,N04,SQ3,茭白筍-去殼,220,板橋區,126.4,105.8,88.6,106.5,376
115.05.22,N04,SU2,薯蕷-白薯蕷,220,板橋區,72,72,72,72,120
115.05.22,N04,SU21,薯蕷-白薯蕷 人參,220,板橋區,70.7,44.2,18,44.3,533
115.05.22,N04,SU9,薯蕷-進口,220,板橋區,182,180,180,180.4,510
115.05.22,N04,SV1,蘆筍-白蘆筍,220,板橋區,97.8,85.2,75,85.7,71
115.05.22,N04,SV2,蘆筍-綠蘆筍,220,板橋區,179.2,132.7,95.1,134.5,217
115.05.22,N04,SV3,蘆筍-蘆筍花,220,板橋區,95,83.3,75,84,10
115.05.22,N04,SV9,蘆筍-進口,220,板橋區,369.6,356.6,355.6,359,178
115.05.22,N04,SW1,球莖甘藍,220,板橋區,13,9.1,8,9.7,120
115.05.22,N04,SX1,芽菜類-綠豆芽,220,板橋區,13,12.7,12,12.6,3927
115.05.22,N04,SX2,芽菜類-黃豆芽,220,板橋區,20,20,20,20,3
115.05.22,N04,SX3,芽菜類-豌豆芽,220,板橋區,75,75,75,75,60
115.05.22,N04,SX4,芽菜類-苜蓿芽,220,板橋區,73,73,73,73,102
115.05.22,N04,SZ3,金針筍,220,板橋區,81,81,81,81,3
115.05.22,N04,SZ8,香茅,220,板橋區,27,18,10,18.2,32
115.05.22,N05,T0,西瓜-其他,220,板橋區,50,42.4,30,41.5,290
115.05.22,N05,T1,西瓜-大西瓜,220,板橋區,20,18.4,15,18,10510
115.05.22,N05,T2,西瓜-無子西瓜,220,板橋區,10,10,10,10,99
115.05.22,N05,T4,西瓜-鳳光英妙,220,板橋區,9,7.2,6,7.3,128
115.05.22,N05,T5,西瓜-黃肉,220,板橋區,10,8.1,7,8.2,2160
115.05.22,N05,T8,西瓜-甜美人,220,板橋區,13.8,11.6,4.8,10.6,1416
115.05.22,N05,V1,甜瓜-美濃,220,板橋區,23.3,15.7,8.2,15.7,1933
115.05.22,N05,W8,洋香瓜-阿露斯,220,板橋區,100,80,60,80,102.5
115.05.22,N05,X69,蘋果-富士進口,220,板橋區,108.4,81.6,70,84.6,10960
115.05.22,N05,Y0,桃子-其他,220,板橋區,30,26.1,25,26.6,858
115.05.22,N05,Y1,桃子-水蜜桃,220,板橋區,80,80,80,80,23
115.05.22,N05,Y19,桃子-水蜜桃進口,220,板橋區,600,400,400,440,225
115.05.22,N05,Y3,桃子-甜桃,220,板橋區,141.7,61.8,22.3,69.9,605
115.05.22,N05,Y4,桃子-早桃,220,板橋區,40,40,40,40,908
115.05.22,N05,Z9,柿子-進口,220,板橋區,300,300,300,300,48
115.05.22,N05,11,椰子,241,三重區,9.3,8,7.5,8.2,6110
115.05.22,N05,12,椰子-剝殼,241,三重區,18,18,18,18,360
115.05.22,N05,42,楊梅,241,三重區,85,65.5,46,65.5,64
115.05.22,N05,469,藍莓-進口,241,三重區,500,500,463.5,492.7,1368
115.05.22,N05,50,百香果-其他,241,三重區,110,67.1,30,68.2,119
115.05.22,N05,51,百香果-改良種,241,三重區,117.6,54,30.2,62,6638
115.05.22,N05,61,甘蔗-帶皮,241,三重區,9,9,9,9,2688
115.05.22,N05,71,小番茄-ㄧ般,241,三重區,29,29,29,29,35
115.05.22,N05,72,小番茄-聖女,241,三重區,46,33.3,25.6,34.3,12360
115.05.22,N05,74,小番茄-玉女,241,三重區,131.5,78.6,40.8,81.6,2947
115.05.22,N05,812,紅龍果-紅肉,241,三重區,109.8,86.6,60.7,86.1,3796.8
115.05.22,N05,813,紅龍果-雙色紅龍果,241,三重區,97,77.9,60.4,78.2,125
115.05.22,N05,839,櫻桃-進口,241,三重區,500,500,500,500,345
115.05.22,N05,859,榴槤-進口,241,三重區,237.1,148.2,138.7,164,30200
115.05.22,N05,869,山竹-進口,241,三重區,600,600,600,600,66
115.05.22,N05,91,其他,241,三重區,50,50,50,50,90
115.05.22,N05,A0,香蕉-其他,241,三重區,10,10,10,10,195
115.05.22,N05,A1,香蕉,241,三重區,26.3,22.8,14.9,21.9,18885
115.05.22,N05,A2,香蕉-芭蕉紅芭蕉,241,三重區,74.3,49.5,26,49.8,4073
115.05.22,N05,A3,香蕉-旦蕉,241,三重區,40,29,20,29.4,17
115.05.22,N05,A4,香蕉-越旦,241,三重區,36.6,30.2,20.6,29.6,579
115.05.22,N05,B2,鳳梨-金鑽鳳梨,241,三重區,30.5,20,15.7,21.2,63560
115.05.22,N05,B6,鳳梨-甜蜜蜜,241,三重區,35,35,35,35,2363
115.05.22,N05,C2,茂谷柑,241,三重區,24.8,18,18,19.4,2394
115.05.22,N05,C9,柑橘-進口,241,三重區,153.3,100,89,108.5,816
115.05.22,N05,E9,甜橙-進口,241,三重區,60,60,60,60,1940
115.05.22,N05,F1,雜柑-檸檬,241,三重區,72.9,60.3,51.4,61.1,3664
115.05.22,N05,F4,雜柑-桔子,241,三重區,90,38.7,27,46.7,150
115.05.22,N05,F5,雜柑-無子檸檬,241,三重區,111.2,69.2,41.9,72.2,1785
115.05.22,N05,F6,雜柑-黃金檸檬,241,三重區,82,69.3,65,71,31
115.05.22,N05,F9,雜柑-進口,241,三重區,100,100,100,100,20
115.05.22,N04,FA1,黃秋葵,241,三重區,81.5,23.9,10.8,32.8,1730
115.05.22,N04,FB1,花椰菜-青梗,241,三重區,29.4,18.7,8.8,18.9,4944
115.05.22,N04,FC1,胡瓜-黑刺,241,三重區,20.3,14.9,5.3,14,2651
115.05.22,N04,FD0,花胡瓜-其他,241,三重區,31,21.4,15,22.1,114
115.05.22,N04,FD1,花胡瓜,241,三重區,32.8,21.1,9.2,21.1,7489
115.05.22,N04,FE1,冬瓜-白皮,241,三重區,8.2,6.1,3.4,6,1718
115.05.22,N04,FF0,絲瓜-其他,241,三重區,34.7,16.6,8.2,18.5,1423
115.05.22,N04,FF1,絲瓜,241,三重區,34.3,19.6,10.6,20.7,9972
115.05.22,N04,FF2,絲瓜-角瓜,241,三重區,24.3,18.9,15,19.2,121
115.05.22,N04,FG0,苦瓜-其他,241,三重區,39,23.1,11.2,23.9,1152
115.05.22,N04,FG1,苦瓜-白大米,241,三重區,41.8,30.3,18.1,30.2,5433
115.05.22,N04,FG3,苦瓜-山苦瓜,241,三重區,81.3,72.7,70,73.8,103
115.05.22,N04,FG4,苦瓜-翠綠,241,三重區,33.5,25.9,17.5,25.7,395
115.05.22,N04,FH1,扁蒲-長形,241,三重區,3,3,3,3,200
115.05.22,N04,FH3,扁蒲-花蒲,241,三重區,18.7,9.7,6.2,10.8,3768
115.05.22,N04,FH4,扁蒲-梨子蒲,241,三重區,12,10.8,10,10.9,376
115.05.22,N04,FI0,茄子-其他,241,三重區,32.4,14.2,8.6,16.7,328
115.05.22,N04,FI2,茄子-麻荸茄,241,三重區,28.8,17.1,7.4,17.5,4443
115.05.22,N04,FI3,茄子-日本種,241,三重區,15,13,7.3,12.2,162
115.05.22,N04,FJ1,番茄-黑柿,241,三重區,70,65.8,62,65.9,50
115.05.22,N04,FJ3,番茄-牛番茄,241,三重區,61.5,51.2,30.5,49.1,7070
115.05.22,N04,FK3,甜椒-新香,241,三重區,32,21.3,12,21.6,61
115.05.22,N04,FK40,甜椒-彩色種 其他,241,三重區,97.8,47.6,24.8,53.1,418
115.05.22,N04,FK41,甜椒-彩色種 紅色,241,三重區,33.5,25.1,13.6,24.5,350
115.05.22,N04,FK42,甜椒-彩色種 黃色,241,三重區,50.4,20.1,14,24.9,156
115.05.22,N04,FK5,甜椒-青椒,241,三重區,47.2,24.3,4.6,24.9,1219
115.05.22,N04,FK6,甜椒-水果彩椒,241,三重區,122.5,74.5,25,74.2,264
115.05.22,N04,FL2,豌豆-紅花,241,三重區,53,53,53,53,12
115.05.22,N04,FL6,豌豆-甜豌豆,241,三重區,151,151,151,151,8
115.05.22,N04,FM1,菜豆-白色,241,三重區,33.9,21.5,20,23.7,127
115.05.22,N04,FM2,菜豆-青色,241,三重區,31.2,17.5,10.6,18.9,2641
115.05.22,N04,FM3,菜豆-紅色,241,三重區,30,30,30,30,20
115.05.22,N04,FN1,敏豆-白豆,241,三重區,116.6,51.1,21.8,58.3,1683
115.05.22,N04,FN5,敏豆-醜豆,241,三重區,88.1,34.9,27,43.9,313
115.05.22,N04,FP1,萊豆-豆莢,241,三重區,72,72,72,72,25
115.05.22,N04,FP2,萊豆-豆仁,241,三重區,100,100,100,100,10.5
115.05.22,N04,FQ1,毛豆-豆莢,241,三重區,52,51.1,34.7,48,142
115.05.22,N04,FQ2,毛豆-豆仁,241,三重區,114,108.9,90,106.1,300
115.05.22,N04,FR1,青花苔,241,三重區,44,43.4,10,36.8,1092
115.05.22,N04,FR9,青花苔-進口,241,三重區,63,58.9,36.8,55.3,990
115.05.22,N04,FT11,南瓜-木瓜型 阿成,241,三重區,24.4,18.1,13.9,18.5,2639
115.05.22,N04,FT2,南瓜-圓形,241,三重區,26.1,22.5,16.7,22.1,2089
115.05.22,N04,FT3,南瓜-黃如意,241,三重區,3,3,3,3,50
115.05.22,N04,FT5,南瓜-青如意,241,三重區,45.4,33.7,19.7,33.2,2844
115.05.22,N04,FT9,南瓜-進口,241,三重區,25.7,24.6,13,22.5,450
115.05.22,N04,FT96,南瓜-進口 東昇,241,三重區,16,16,16,16,60
115.05.22,N04,FT97,南瓜-進口 栗子,241,三重區,61.3,26.8,24.2,33.2,1934
115.05.22,N04,FU1,隼人瓜,241,三重區,12.3,8.5,6.3,8.8,1319
115.05.22,N04,FU2,隼人瓜-瓜苗,241,三重區,64.3,43.4,26,44.1,672
115.05.22,N04,FV0,辣椒-其他,241,三重區,74.3,50.5,35,52.1,54
115.05.22,N04,FV1,辣椒-紅小,241,三重區,75.9,40.9,24,44.5,122
115.05.22,N04,FV2,辣椒-青小,241,三重區,25,25,25,25,21
115.05.22,N04,FV4,辣椒-朝天椒,241,三重區,44.2,28.6,19.6,29.9,644
115.05.22,N04,FV6,辣椒-糯米椒,241,三重區,147.8,89.7,53.1,94,108
115.05.22,N04,FW1,金針花,241,三重區,120,120,112.3,118.5,78
115.05.22,N04,FY0,玉米-其他,241,三重區,65,65,49.4,61.9,90
115.05.22,N04,FY4,玉米-玉米筍,241,三重區,80,80,80,80,10
115.05.22,N04,FY41,玉米-玉米筍 帶殼,241,三重區,11.2,8.7,5.5,8.6,1374
115.05.22,N04,FY5,玉米-糯米黑,241,三重區,28.2,17.1,7.2,17.3,1824
115.05.22,N04,FY6,玉米-甜軟殼,241,三重區,26.4,18,6.4,17.4,1850
115.05.22,N04,FY7,玉米-糯米白,241,三重區,12,12,12,12,180
115.05.22,N04,FY8,玉米-白龍王,241,三重區,28.5,12,7.5,14.4,820
115.05.22,N04,FZ1,落花生-生,241,三重區,63.3,50,43.9,51.4,975
115.05.22,N05,G2,黃金果,241,三重區,110,93.8,73.8,93,201
115.05.22,N05,G3,酪梨,241,三重區,153.3,99,69.9,104,1934
115.05.22,N05,G39,酪梨-進口,241,三重區,200,200,200,200,390
115.05.22,N05,G49,奇異果-進口,241,三重區,126.6,95.7,78.6,98.4,8618.5
115.05.22,N05,G7,橄欖,241,三重區,15,15,15,15,45
115.05.22,N05,G9,波蘿蜜,241,三重區,31.5,15,8.2,16.9,1327
115.05.22,N05,G91,榴槤蜜,241,三重區,50,50,50,50,20
115.05.22,N05,H49,葡萄柚-紅肉進口,241,三重區,50,50,50,50,820
115.05.22,N05,I1,木瓜-網室紅肉,241,三重區,40.2,29.1,20.3,29.5,39077
115.05.22,N05,I3,木瓜-日昇種,241,三重區,30.8,30,26.4,29.4,4072
115.05.22,N05,I4,木瓜-青木瓜,241,三重區,27,24.3,20,24,30
115.05.22,N05,J0,荔枝-其他,241,三重區,61.1,61,60.1,60.8,2824
115.05.22,N05,J1,荔枝-玉荷包,241,三重區,113.6,95,91.3,98,19999
115.05.22,N05,K41,龍眼-龍眼肉,241,三重區,220,220,220,220,15
115.05.22,N04,LA1,甘藍-初秋,241,三重區,27.3,20.8,10.8,20.1,24761
115.05.22,N04,LA2,甘藍-改良種,241,三重區,20,20,20,20,1500
115.05.22,N04,LA4,甘藍-紫色,241,三重區,21,20.3,20,20.4,75
115.05.22,N04,LA7,甘藍-改良尖,241,三重區,32.8,21.3,10.4,21.4,1370
115.05.22,N04,LA9,甘藍-進口,241,三重區,13.7,12,12,12.3,1620
115.05.22,N04,LB1,小白菜-土白菜,241,三重區,15.9,5,5,7.2,275
115.05.22,N04,LB2,小白菜-蚵仔白,241,三重區,16.1,9.2,4.7,9.7,3529
115.05.22,N04,LB3,小白菜-奶油白,241,三重區,23.8,11,6.7,12.7,306
115.05.22,N04,LC0,包心白-其他,241,三重區,95,45.9,8,48.1,334
115.05.22,N04,LC1,包心白-包白,241,三重區,11.5,7.2,3,7.2,11242
115.05.22,N04,LC9,包心白-進口,241,三重區,37.3,26.9,22,28,485
115.05.22,N04,LC90,包心白菜-進口 其他,241,三重區,18.5,14.1,11.6,14.5,2961
115.05.22,N04,LC93,包心白菜-進口 包頭蓮 ,241,三重區,17.3,15,12.5,15,2085
115.05.22,N04,LD1,青江白菜-小梗,241,三重區,17.4,10.4,5,10.7,2141
115.05.22,N04,LE1,皇宮菜-小葉,241,三重區,40,32,16.4,30.5,416
115.05.22,N04,LE2,皇宮菜-大葉,241,三重區,20,11.5,10,12.9,50
115.05.22,N04,LF2,蕹菜-小葉,241,三重區,19.6,13.3,9.9,13.9,3496
115.05.22,N04,LF3,蕹菜-水蕹菜,241,三重區,7,7,7,7,80
115.05.22,N04,LG2,芹菜-白梗,241,三重區,78.4,39,8,40.7,536
115.05.22,N04,LG3,芹菜-西洋芹菜,241,三重區,20,16.7,15,17,90
115.05.22,N04,LH1,菠菜-圓葉,241,三重區,27,27,27,27,36
115.05.22,N04,LH2,菠菜-角葉,241,三重區,47.3,33.2,20,33.4,1080
115.05.22,N04,LI2,萵苣菜-結球萵,241,三重區,31.6,16.2,5.9,17.2,560
115.05.22,N04,LI3,萵苣菜-本島圓葉,241,三重區,34.6,29.3,21.1,28.7,1053
115.05.22,N04,LI5,萵苣菜-油麥菜,241,三重區,18.6,13.8,4.4,12.9,4010
115.05.22,N04,LI6,萵苣菜-蘿美,241,三重區,25,22.5,15.2,21.5,312
115.05.22,N04,LI8,萵苣菜-水耕,241,三重區,40,36.6,35,36.9,270
115.05.22,N04,LI92,萵苣菜-進口 結球萵,241,三重區,35.9,15.2,5.5,17.4,443
115.05.22,N04,LJ3,芥菜-大芥菜,241,三重區,5,4.6,3,4.3,600
115.05.22,N04,LJ4,芥菜-小芥菜,241,三重區,30.5,19.7,11.8,20.3,311
115.05.22,N04,LK2,芥藍菜,241,三重區,4.3,3,3,3.3,692
115.05.22,N04,LK3,芥藍菜-芥藍芽,241,三重區,48.3,27.6,7.9,27.8,752
115.05.22,N04,LM1,莧菜-紅莧菜,241,三重區,30,25.4,20,25.2,583
115.05.22,N04,LM2,莧菜-白莧菜,241,三重區,41.7,22.9,16.7,25.4,2170
115.05.22,N04,LN1,油菜,241,三重區,11.6,9.4,6.2,9.2,770
115.05.22,N04,LN2,油菜-小松菜,241,三重區,15,13.5,12,13.5,150
115.05.22,N04,LO1,甘薯葉,241,三重區,22.3,10.3,5.2,11.7,3599
115.05.22,N04,LP1,芫荽,241,三重區,95.2,48.2,26.5,53.3,535
115.05.22,N04,LP2,九層塔,241,三重區,67.1,37.2,16.5,39,353
115.05.22,N04,LQ1,紅鳳菜-紅鳳菜,241,三重區,44,31.2,18.9,31.3,371
115.05.22,N04,LT2,海菜-海帶,241,三重區,30,30,30,30,9
115.05.22,N04,LT3,海菜-水蓮,241,三重區,114.6,105.3,97.6,105.6,198
115.05.22,N04,MB1,草菇,241,三重區,10,10,10,10,6
115.05.22,N04,MC1,濕木耳,241,三重區,95,63.6,8,58.8,108
115.05.22,N04,MD1,濕香菇,241,三重區,95,95,95,95,24
115.05.22,N04,ME1,金絲菇-金針菇,241,三重區,26,21.7,5,19.2,310
115.05.22,N04,MJ1,杏鮑菇,241,三重區,85,76.1,55.3,73.7,474
115.05.22,N04,MK1,鴻喜菇,241,三重區,134,134,134,134,22.8
115.05.22,N04,MX1,其他菇類,241,三重區,120,120,120,120,49.8
115.05.22,N05,N0,李-其他,241,三重區,40,28.2,10,26.9,263
115.05.22,N05,N2,李-桃接李,241,三重區,22.1,16,15.6,17.2,4271
115.05.22,N05,N3,李-紅肉李,241,三重區,41.5,22.5,13.4,24.5,6383
115.05.22,N05,N4,李-黃肉李,241,三重區,37.1,25.8,21,27.1,156
115.05.22,N05,N9,李-進口,241,三重區,80,80,80,80,50
115.05.22,N05,O2,梨-秋水梨,241,三重區,56.4,56,55.9,56.1,4088
115.05.22,N05,O99,梨-西洋梨進口,241,三重區,92.6,75,75,78.5,3120
115.05.22,N04,OX1,其他,241,三重區,40,27.9,10,26.7,120
115.05.22,N05,P1,番石榴-珍珠芭,241,三重區,79.4,49.8,42.7,54.3,27252
115.05.22,N05,P2,番石榴-紅心,241,三重區,100,87.6,42.7,81.1,761
115.05.22,N05,P3,番石榴-帝王芭,241,三重區,73.2,41.3,36.7,46.8,1014
115.05.22,N05,P5,番石榴-水晶無子,241,三重區,90,86.7,75,85,36
115.05.22,N05,Q1,蓮霧-紅蓮霧,241,三重區,60.6,56,46.2,55,7017.5
115.05.22,N05,Q2,蓮霧-子彈型,241,三重區,73,73,69.8,72.4,3918
115.05.22,N05,Q4,蓮霧-巴掌蓮霧,241,三重區,78,63.7,40.7,61.9,307
115.05.22,N05,Q5,蓮霧-黑糖芭比,241,三重區,70,70,66.5,69.3,144
115.05.22,N05,R0,芒果-其他,241,三重區,52.3,49,38.4,47.5,4571
115.05.22,N05,R1,芒果-愛文,241,三重區,79.5,48,32.6,51.2,96422.5
115.05.22,N05,R10,芒果-西施,241,三重區,86.6,59.1,35.2,59.8,602
115.05.22,N05,R2,芒果-玉文,241,三重區,57.1,43,24.7,42.2,732
115.05.22,N05,R3,芒果-本島,241,三重區,42.7,22.5,12.8,24.6,7303
115.05.22,N05,R31,芒果-夏雪,241,三重區,84.3,49,26.2,51.5,206
115.05.22,N05,R5,芒果-黑香金興,241,三重區,146,64.3,36.7,75.1,424
115.05.22,N05,R6,芒果-金煌,241,三重區,53.7,39,31.4,40.4,9536
115.05.22,N05,R8,芒果-芒果青,241,三重區,35.6,17.5,11.1,19.8,3373
115.05.22,N05,S1,葡萄-巨峰,241,三重區,90,70.5,60,72.3,10826
115.05.22,N05,S9,葡萄-進口,241,三重區,160.2,80,80,96,2418
115.05.22,N04,SA3,蘿蔔-矸仔,241,三重區,12.7,7.8,3.4,7.9,6866
115.05.22,N04,SA7,蘿蔔-甜菜根,241,三重區,22,22,22,22,80
115.05.22,N04,SA9,蘿蔔-進口,241,三重區,17.8,13.2,12,13.9,3880
115.05.22,N04,SB1,胡蘿蔔-未洗,241,三重區,19.1,14.8,11.7,15,1591
115.05.22,N04,SB2,胡蘿蔔-清洗,241,三重區,25.2,15.6,7.9,16,3820
115.05.22,N04,SC1,馬鈴薯-本產,241,三重區,23.2,17.5,10.7,17.3,2778
115.05.22,N04,SC9,馬鈴薯-進口,241,三重區,22,16,6.7,15.3,300
115.05.22,N04,SD1,洋蔥-本產,241,三重區,25,17.8,13.2,18.3,1164
115.05.22,N04,SD9,洋蔥-進口,241,三重區,48,28.6,16.8,30.1,2544
115.05.22,N04,SE5,青蔥-紅蔥頭,241,三重區,85,85,48.3,77.7,120
115.05.22,N04,SE6,青蔥-粉蔥,241,三重區,71.8,53.6,35.1,53.5,2321
115.05.22,N04,SF3,韭菜-韭菜花,241,三重區,63.8,57.2,29.8,53,128
115.05.22,N04,SF4,韭菜-青頭,241,三重區,38.8,23.4,11.4,24.1,612
115.05.22,N04,SG2,大蒜-軟梗,241,三重區,82,44.9,15.8,46.5,560
115.05.22,N04,SG4,大蒜-蔥蒜,241,三重區,12,11.4,8,10.9,140
115.05.22,N04,SG5,大蒜-蒜頭,241,三重區,83.6,53.2,29.8,54.6,359
115.05.22,N04,SG7,大蒜-蒜瓣,241,三重區,124.7,38.3,14.3,50.8,225
115.05.22,N04,SH2,竹筍-綠竹筍,241,三重區,154,71.4,10.3,75.7,200
115.05.22,N04,SH5,竹筍-烏殼綠,241,三重區,49.7,36.5,18.5,35.6,3900
115.05.22,N04,SJ2,芋-檳榔心芋,241,三重區,44.7,16.7,11.8,21.3,1953
115.05.22,N04,SJ3,芋-里芋,241,三重區,15,15,15,15,48
115.05.22,N04,SJ4,芋-芋莖,241,三重區,15,15,15,15,30
115.05.22,N04,SL1,豆薯,241,三重區,25,23,15.4,21.9,480
115.05.22,N04,SM9,牛蒡-進口,241,三重區,25,25,25,25,100
115.05.22,N04,SO0,甘薯-其他,241,三重區,15,12.2,10.3,12.4,857
115.05.22,N04,SO1,甘薯-臺農57號,241,三重區,14.5,13.2,6.2,12.1,7230
115.05.22,N04,SO2,甘薯-芋仔甘薯,241,三重區,14.2,8.8,8,9.7,575
115.05.22,N04,SO3,甘薯-臺農66號,241,三重區,15.2,9,5.2,9.5,2167
115.05.22,N04,SP1,薑-老薑,241,三重區,150,135.3,96.8,130.5,531
115.05.22,N04,SP2,薑-嫩薑,241,三重區,108.3,103.3,84.7,100.6,270
115.05.22,N04,SP3,薑-粉薑,241,三重區,97,97,97,97,108
115.05.22,N04,SP5,薑-薑黃,241,三重區,75,75,75,75,22
115.05.22,N04,SQ1,茭白筍-帶殼,241,三重區,83.1,50.6,20.3,51.1,930
115.05.22,N04,SQ3,茭白筍-去殼,241,三重區,140,128.5,86.8,122.5,250
115.05.22,N04,ST1,蕎頭-露蕎,241,三重區,120,120,120,120,11
115.05.22,N04,SU2,薯蕷-白薯蕷,241,三重區,40,32,30,33.2,113
115.05.22,N04,SU21,薯蕷-白薯蕷 人參,241,三重區,62.6,41.8,27.2,43.1,1166
115.05.22,N04,SU9,薯蕷-進口,241,三重區,250,250,250,250,20
115.05.22,N04,SV1,蘆筍-白蘆筍,241,三重區,120.2,64.6,50.9,73,61
115.05.22,N04,SV2,蘆筍-綠蘆筍,241,三重區,175.5,131.5,84.6,130.9,249
115.05.22,N04,SV92,蘆筍-進口 綠蘆筍,241,三重區,150,150,150,150,112
115.05.22,N04,SW1,球莖甘藍,241,三重區,14.7,10.9,7.7,11,300
115.05.22,N04,SZ8,香茅,241,三重區,55,42.2,10,38.3,74
115.05.22,N05,T0,西瓜-其他,241,三重區,68.1,32.7,7.9,34.8,1888.5
115.05.22,N05,T1,西瓜-大西瓜,241,三重區,20,15.4,12.9,15.8,144391
115.05.22,N05,T4,西瓜-鳳光英妙,241,三重區,6.3,5.2,5,5.4,1511
115.05.22,N05,T5,西瓜-黃肉,241,三重區,9.6,7.7,5.5,7.7,23903
115.05.22,N05,T8,西瓜-甜美人,241,三重區,11.6,8.5,5.5,8.5,6178
115.05.22,N05,V0,甜瓜-其他,241,三重區,35,35,35,35,1170
115.05.22,N05,V1,甜瓜-美濃,241,三重區,21.1,16,12.5,16.3,5388
115.05.22,N05,V2,甜瓜-溫室吊瓜,241,三重區,57.2,34.6,20,36.2,176
115.05.22,N05,W1,洋香瓜-網狀紅肉,241,三重區,36.9,27.8,24,28.9,5744
115.05.22,N05,W2,洋香瓜-網狀綠肉,241,三重區,65.8,36.1,9.7,36.8,3771
115.05.22,N05,W4,洋香瓜-新疆,241,三重區,84.1,44.7,34.6,50.6,4214
115.05.22,N05,W7,洋香瓜-光面白肉,241,三重區,57.1,44.4,40,46,586
115.05.22,N05,W8,洋香瓜-阿露斯,241,三重區,149.1,100.5,62.5,102.6,577
115.05.22,N05,X49,蘋果-金冠進口,241,三重區,180,180,180,180,10
115.05.22,N05,X69,蘋果-富士進口,241,三重區,100.7,67.8,60,72.8,30540
115.05.22,N05,Y0,桃子-其他,241,三重區,35,35,35,35,13
115.05.22,N05,Y1,桃子-水蜜桃,241,三重區,81.5,59,59,63.5,667
115.05.22,N05,Y19,桃子-水蜜桃進口,241,三重區,656.9,371.5,300,414.3,4890
115.05.22,N05,Y3,桃子-甜桃,241,三重區,71.3,54,49.4,56.5,8379
115.05.22,N05,Y39,桃子-甜桃進口,241,三重區,320,320,320,320,5
115.05.22,N05,Y4,桃子-早桃,241,三重區,20,20,20,20,878
115.05.22,N05,Y5,桃子-福壽桃,241,三重區,50,50,50,50,132
115.05.22,N05,Y9,桃子-進口,241,三重區,140,140,140,140,20
115.05.22,N05,Z9,柿子-進口,241,三重區,400,400,400,400,104
115.05.22,N05,51,百香果-改良種,260,宜蘭市,160,70,30,70,2450
115.05.22,N05,72,小番茄-聖女,260,宜蘭市,70,50,35,50,3650
115.05.22,N05,74,小番茄-玉女,260,宜蘭市,250,100,50,100,3450
115.05.22,N05,812,紅龍果-紅肉,260,宜蘭市,140,100,70,100,2250
115.05.22,N05,859,榴槤-進口,260,宜蘭市,130,80,75,80,2450
115.05.22,N05,A1,香蕉,260,宜蘭市,35,22,15,22,4250
115.05.22,N05,A2,香蕉-芭蕉紅芭蕉,260,宜蘭市,50,40,25,40,3450
115.05.22,N05,B2,鳳梨-金鑽鳳梨,260,宜蘭市,30,20,15,20,4250
115.05.22,N05,B6,鳳梨-甜蜜蜜,260,宜蘭市,45,25,15,25,3650
115.05.22,N05,C2,茂谷柑,260,宜蘭市,45,40,30,40,2250
115.05.22,N05,F5,雜柑-無子檸檬,260,宜蘭市,100,70,40,70,1350
115.05.22,N04,FC1,胡瓜-黑刺,260,宜蘭市,25,12,6,12,3450
115.05.22,N04,FD1,花胡瓜,260,宜蘭市,30,20,12,20,3450
115.05.22,N04,FF1,絲瓜,260,宜蘭市,40,20,10,20,3450
115.05.22,N04,FG1,苦瓜-白大米,260,宜蘭市,40,25,15,25,3650
115.05.22,N04,FH3,扁蒲-花蒲,260,宜蘭市,20,12,5,12,3450
115.05.22,N04,FH4,扁蒲-梨子蒲,260,宜蘭市,20,12,6,12,3450
115.05.22,N04,FI2,茄子-麻荸茄,260,宜蘭市,25,12,8,12,3450
115.05.22,N04,FJ3,番茄-牛番茄,260,宜蘭市,60,55,40,55,3450
115.05.22,N04,FK5,甜椒-青椒,260,宜蘭市,50,35,20,35,2650
115.05.22,N04,FM2,菜豆-青色,260,宜蘭市,35,25,12,25,2650
115.05.22,N04,FN1,敏豆-白豆,260,宜蘭市,110,60,25,60,1650
115.05.22,N04,FR9,青花苔-進口,260,宜蘭市,70,60,50,60,2750
115.05.22,N04,FU1,隼人瓜,260,宜蘭市,12,8,6,8,2650
115.05.22,N04,FY6,玉米-甜軟殼,260,宜蘭市,30,16,8,16,3450
115.05.22,N05,I1,木瓜-網室紅肉,260,宜蘭市,50,30,20,30,4250
115.05.22,N05,J1,荔枝-玉荷包,260,宜蘭市,160,100,80,100,3850
115.05.22,N04,LA1,甘藍-初秋,260,宜蘭市,22,16,12,16,17500
115.05.22,N04,LA2,甘藍-改良種,260,宜蘭市,20,18,15,18,2450
115.05.22,N04,LB2,小白菜-蚵仔白,260,宜蘭市,15,8,5,8,3450
115.05.22,N04,LC1,包心白-包白,260,宜蘭市,12,8,5,8,4250
115.05.22,N04,LF2,蕹菜-小葉,260,宜蘭市,22,12,6,12,3450
115.05.22,N04,LG2,芹菜-白梗,260,宜蘭市,80,60,30,60,2450
115.05.22,N04,LH2,菠菜-角葉,260,宜蘭市,45,23,10,23,2450
115.05.22,N04,LI5,萵苣菜-油麥菜,260,宜蘭市,20,10,5,10,2450
115.05.22,N04,LK3,芥藍菜-芥藍芽,260,宜蘭市,115,50,15,50,2450
115.05.22,N04,LM2,莧菜-白莧菜,260,宜蘭市,30,18,8,18,2450
115.05.22,N04,LO1,甘薯葉,260,宜蘭市,50,20,10,20,2650
115.05.22,N04,LP2,九層塔,260,宜蘭市,70,35,15,35,2450
115.05.22,N04,LT3,海菜-水蓮,260,宜蘭市,110,90,70,90,3450
115.05.22,N05,N3,李-紅肉李,260,宜蘭市,55,30,18,30,3750
115.05.22,N05,P1,番石榴-珍珠芭,260,宜蘭市,80,55,35,55,3950
115.05.22,N05,P3,番石榴-帝王芭,260,宜蘭市,130,90,45,90,2450
115.05.22,N05,Q1,蓮霧-紅蓮霧,260,宜蘭市,90,40,15,40,2450
115.05.22,N05,R1,芒果-愛文,260,宜蘭市,110,60,35,60,3850
115.05.22,N05,R3,芒果-本島,260,宜蘭市,75,30,15,30,4250
115.05.22,N05,R6,芒果-金煌,260,宜蘭市,80,50,25,50,2450
115.05.22,N05,R8,芒果-芒果青,260,宜蘭市,30,20,10,20,3450
115.05.22,N05,S1,葡萄-巨峰,260,宜蘭市,200,110,70,110,2650
115.05.22,N04,SA1,蘿蔔-梅花,260,宜蘭市,20,15,12,15,3450
115.05.22,N04,SA3,蘿蔔-矸仔,260,宜蘭市,10,7,5,7,3450
115.05.22,N04,SB2,胡蘿蔔-清洗,260,宜蘭市,30,15,10,15,2650
115.05.22,N04,SE1,青蔥-日蔥,260,宜蘭市,90,80,60,80,2450
115.05.22,N04,SE6,青蔥-粉蔥,260,宜蘭市,70,50,35,50,2650
115.05.22,N04,SG2,大蒜-軟梗,260,宜蘭市,80,50,20,50,2650
115.05.22,N04,SH5,竹筍-烏殼綠,260,宜蘭市,50,40,20,40,2650
115.05.22,N04,SO1,甘薯-臺農57號,260,宜蘭市,25,12,6,12,3450
115.05.22,N04,SO3,甘薯-臺農66號,260,宜蘭市,20,12,8,12,2850
115.05.22,N04,SQ1,茭白筍-帶殼,260,宜蘭市,70,55,40,55,2850
115.05.22,N05,T1,西瓜-大西瓜,260,宜蘭市,20,15,12,15,4250
115.05.22,N05,T5,西瓜-黃肉,260,宜蘭市,16,10,8,10,3650
115.05.22,N05,V1,甜瓜-美濃,260,宜蘭市,40,20,12,20,3650
115.05.22,N05,W4,洋香瓜-新疆,260,宜蘭市,100,50,20,50,2650
115.05.22,N05,X69,蘋果-富士進口,260,宜蘭市,80,35,8,35,2250
115.05.22,N05,Y1,桃子-水蜜桃,260,宜蘭市,150,80,35,80,2650
115.05.22,N05,11,椰子,338,桃農,15,14.8,14,14.7,76
115.05.22,N05,42,楊梅,338,桃農,50,50,50,50,20
115.05.22,N05,50,百香果-其他,338,桃農,85.8,59.8,50,63.1,108
115.05.22,N05,A1,香蕉,338,桃農,32.3,21.8,18.1,23.1,1530
115.05.22,N05,A3,香蕉-旦蕉,338,桃農,31,28.1,25,28,93
115.05.22,N05,B2,鳳梨-金鑽鳳梨,338,桃農,28,21.7,11.5,20.9,1841
115.05.22,N05,F5,雜柑-無子檸檬,338,桃農,85.4,61.8,36.1,61.4,1196
115.05.22,N04,FA1,黃秋葵,338,桃農,66.5,43.4,23.3,44,828
115.05.22,N04,FB1,花椰菜-青梗,338,桃農,32.3,24.1,18.6,24.7,3750
115.05.22,N04,FC1,胡瓜-黑刺,338,桃農,26.1,17.5,6.6,17,4358
115.05.22,N04,FD0,花胡瓜-其他,338,桃農,41.1,25.7,17.1,27,830
115.05.22,N04,FD1,花胡瓜,338,桃農,35.3,23.6,12.6,23.7,8382
115.05.22,N04,FE1,冬瓜-白皮,338,桃農,14.9,9,2.4,8.9,5341.6
115.05.22,N04,FF0,絲瓜-其他,338,桃農,27.8,18.6,9.3,18.5,4170
115.05.22,N04,FF1,絲瓜,338,桃農,22.9,17.5,12.1,17.5,15759
115.05.22,N04,FF4,絲瓜-長絲瓜,338,桃農,3,3,3,3,13
115.05.22,N04,FG0,苦瓜-其他,338,桃農,26,25.9,25,25.7,220
115.05.22,N04,FG1,苦瓜-白大米,338,桃農,36.6,27.3,14.1,26.5,7583
115.05.22,N04,FG2,苦瓜-青大米,338,桃農,37.3,30.2,12.7,28.1,2417
115.05.22,N04,FG3,苦瓜-山苦瓜,338,桃農,80,64.1,50,64.5,27
115.05.22,N04,FG4,苦瓜-翠綠,338,桃農,27.8,23.3,12,22,396
115.05.22,N04,FH1,扁蒲-長形,338,桃農,4,3.4,3,3.4,69
115.05.22,N04,FH3,扁蒲-花蒲,338,桃農,18.6,8.4,4.2,9.6,4185
115.05.22,N04,FH4,扁蒲-梨子蒲,338,桃農,19.3,9.7,4.9,10.7,2278
115.05.22,N04,FI0,茄子-其他,338,桃農,26.8,12,6.6,13.9,504
115.05.22,N04,FI2,茄子-麻荸茄,338,桃農,36.8,21.9,9.8,22.5,3521
115.05.22,N04,FI3,茄子-日本種,338,桃農,10,7,5,7.2,79
115.05.22,N04,FJ3,番茄-牛番茄,338,桃農,65.6,54.8,39.1,53.8,13920
115.05.22,N04,FK3,甜椒-新香,338,桃農,25,23.3,20,23,88
115.05.22,N04,FK4,甜椒-彩色種,338,桃農,102.9,73,33.7,71.1,245
115.05.22,N04,FK41,甜椒-彩色種 紅色,338,桃農,55.7,29.8,16.8,32.4,610
115.05.22,N04,FK42,甜椒-彩色種 黃色,338,桃農,70.7,39.8,18.6,41.8,281
115.05.22,N04,FK5,甜椒-青椒,338,桃農,60.6,33.5,9.8,34.2,928
115.05.22,N04,FK6,甜椒-水果彩椒,338,桃農,123.3,72.1,12,70.3,150
115.05.22,N04,FL92,豌豆-進口 紅花,338,桃農,163,160,157,160,60
115.05.22,N04,FL96,豌豆-進口 甜豌豆,338,桃農,145,143.2,142,143.3,60
115.05.22,N04,FM1,菜豆-白色,338,桃農,38.5,30,14.6,28.6,357
115.05.22,N04,FM2,菜豆-青色,338,桃農,40.1,28.7,16.4,28.5,3683
115.05.22,N04,FM3,菜豆-紅色,338,桃農,51,38.2,33.4,39.8,152
115.05.22,N04,FN1,敏豆-白豆,338,桃農,91.9,57.5,26.4,58.2,1473
115.05.22,N04,FN3,敏豆-粉豆,338,桃農,18,18,18,18,45
115.05.22,N04,FN5,敏豆-醜豆,338,桃農,78.1,46.3,9.3,45.3,422
115.05.22,N04,FQ2,毛豆-豆仁,338,桃農,150,145.6,113.3,140,180
115.05.22,N04,FR9,青花苔-進口,338,桃農,67.8,64.7,53,63,3276
115.05.22,N04,FT0,南瓜-其他,338,桃農,35,26.7,25,28,200
115.05.22,N04,FT11,南瓜-木瓜型 阿成,338,桃農,25.5,18,11.8,18.3,3399
115.05.22,N04,FT12,南瓜-木瓜型 阿嬌,338,桃農,12,12,12,12,40
115.05.22,N04,FT2,南瓜-圓形,338,桃農,26.8,24,15.4,22.9,1061
115.05.22,N04,FT5,南瓜-青如意,338,桃農,45.1,28,11.1,28,2613
115.05.22,N04,FT7,南瓜-栗子,338,桃農,15,15,11.7,14.4,138
115.05.22,N04,FT72,南瓜-栗子 小黑,338,桃農,37,28.9,24,29.5,616
115.05.22,N04,FT9,南瓜-進口,338,桃農,30,30,30,30,60
115.05.22,N04,FT91,南瓜-進口 木瓜型,338,桃農,12,12,12,12,300
115.05.22,N04,FT97,南瓜-進口 栗子,338,桃農,33.5,31,30,31.3,925
115.05.22,N04,FU1,隼人瓜,338,桃農,14.6,6.4,4.9,7.7,1294
115.05.22,N04,FU2,隼人瓜-瓜苗,338,桃農,63.7,47.4,33.2,47.8,1640
115.05.22,N04,FV0,辣椒-其他,338,桃農,12,12,12,12,14
115.05.22,N04,FV1,辣椒-紅小,338,桃農,69.7,42.5,28,45.1,85
115.05.22,N04,FV2,辣椒-青小,338,桃農,52,52,52,52,7
115.05.22,N04,FV4,辣椒-朝天椒,338,桃農,47.6,35.1,21.5,34.9,975
115.05.22,N04,FV5,辣椒-青龍,338,桃農,30,30,30,30,5
115.05.22,N04,FV6,辣椒-糯米椒,338,桃農,116.1,90.4,23.3,82.1,204
115.05.22,N04,FW1,金針花,338,桃農,188.7,139.5,90,139.5,63
115.05.22,N04,FY0,玉米-其他,338,桃農,57,29.7,3.3,29.9,296
115.05.22,N04,FY4,玉米-玉米筍,338,桃農,10,10,10,10,276
115.05.22,N04,FY41,玉米-玉米筍 帶殼,338,桃農,17.1,9.8,5.6,10.4,877
115.05.22,N04,FY5,玉米-糯米黑,338,桃農,21.4,16.5,5.8,15.3,1935
115.05.22,N04,FY6,玉米-甜軟殼,338,桃農,29.4,21.2,9.4,20.5,5357
115.05.22,N04,FY8,玉米-白龍王,338,桃農,33.1,28.9,18.8,27.7,820
115.05.22,N04,FY94,玉米-進口 玉米筍,338,桃農,22.7,20.3,20,20.8,6600
115.05.22,N04,FZ1,落花生-生,338,桃農,88,77.6,60.2,76.2,103
115.05.22,N05,G9,波蘿蜜,338,桃農,40,34.3,30,34.6,83
115.05.22,N05,I1,木瓜-網室紅肉,338,桃農,30.9,29.5,26.1,29.1,158
115.05.22,N05,I4,木瓜-青木瓜,338,桃農,34.9,21.7,8,21.6,991
115.05.22,N05,J1,荔枝-玉荷包,338,桃農,100,100,100,100,20
115.05.22,N04,LA0,甘藍-其他,338,桃農,9,7,7,7.4,2030
115.05.22,N04,LA1,甘藍-初秋,338,桃農,28,21,9.1,20,29050
115.05.22,N04,LA2,甘藍-改良種,338,桃農,21.3,18.9,17.8,19.2,5698
115.05.22,N04,LA7,甘藍-改良尖,338,桃農,8,3.4,3,4.3,88
115.05.22,N04,LA92,甘藍-進口 改良種,338,桃農,16,14.7,13,14.6,900
115.05.22,N04,LB1,小白菜-土白菜,338,桃農,19.2,6.6,3,8.4,526
115.05.22,N04,LB2,小白菜-蚵仔白,338,桃農,20.7,10.6,4,11.3,2574
115.05.22,N04,LB3,小白菜-奶油白,338,桃農,25.2,12.4,8.2,14.1,422
115.05.22,N04,LC0,包心白-其他,338,桃農,15,12.9,10,12.8,475
115.05.22,N04,LC1,包心白-包白,338,桃農,8.9,3.7,2.7,4.6,9160
115.05.22,N04,LC3,包心白-包頭蓮,338,桃農,10,10,10,10,1200
115.05.22,N04,LC90,包心白菜-進口 其他,338,桃農,20.4,13,7.9,13.4,4325
115.05.22,N04,LC93,包心白菜-進口 包頭蓮 ,338,桃農,22,20,16,19.6,4612
115.05.22,N04,LD1,青江白菜-小梗,338,桃農,27.3,10.7,4.7,12.8,2294
115.05.22,N04,LE1,皇宮菜-小葉,338,桃農,41.9,33.7,8.5,30.3,687
115.05.22,N04,LF2,蕹菜-小葉,338,桃農,21.9,12.6,7.7,13.5,4565
115.05.22,N04,LF3,蕹菜-水蕹菜,338,桃農,68,53.2,50,55.5,717
115.05.22,N04,LG2,芹菜-白梗,338,桃農,62.4,52.6,33.7,50.8,2035
115.05.22,N04,LG3,芹菜-西洋芹菜,338,桃農,10,10,7.5,9.5,108
115.05.22,N04,LG9,芹菜-進口,338,桃農,45,45,45,45,180
115.05.22,N04,LH2,菠菜-角葉,338,桃農,37,16.4,8.5,19,2460
115.05.22,N04,LI2,萵苣菜-結球萵,338,桃農,27.1,18.7,5.2,17.7,1017
115.05.22,N04,LI3,萵苣菜-本島圓葉,338,桃農,25,19.2,8.4,18.2,838
115.05.22,N04,LI4,萵苣菜-本島尖葉,338,桃農,8,8,8,8,80
115.05.22,N04,LI5,萵苣菜-油麥菜,338,桃農,17.8,11.6,4.4,11.4,9536
115.05.22,N04,LI6,萵苣菜-蘿美,338,桃農,15,15,15,15,36
115.05.22,N04,LI8,萵苣菜-水耕,338,桃農,71,46.5,30,48.1,420
115.05.22,N04,LI92,萵苣菜-進口 結球萵,338,桃農,36,30.7,6.3,26.9,747
115.05.22,N04,LJ3,芥菜-大芥菜,338,桃農,10,10,10,10,1000
115.05.22,N04,LJ4,芥菜-小芥菜,338,桃農,12,4.3,2,5.4,350
115.05.22,N04,LK2,芥藍菜,338,桃農,7.9,2.3,1.8,3.3,1054
115.05.22,N04,LK3,芥藍菜-芥藍芽,338,桃農,41.5,16.3,8.8,19.9,1770
115.05.22,N04,LM1,莧菜-紅莧菜,338,桃農,20,15.4,15,16.3,300
115.05.22,N04,LM2,莧菜-白莧菜,338,桃農,20,16,8.8,15.4,1510
115.05.22,N04,LN1,油菜,338,桃農,11.8,5.7,3.9,6.6,720
115.05.22,N04,LO1,甘薯葉,338,桃農,23.5,11.6,5.5,12.8,4135
115.05.22,N04,LP1,芫荽,338,桃農,134.4,73.6,39.2,78.8,814
115.05.22,N04,LP2,九層塔,338,桃農,78.6,46.8,29,49.6,776
115.05.22,N04,LQ1,紅鳳菜-紅鳳菜,338,桃農,47.3,32.1,23.7,33.5,579
115.05.22,N04,LT2,海菜-海帶,338,桃農,5,5,5,5,18
115.05.22,N04,LT3,海菜-水蓮,338,桃農,125,123.8,120,123.3,138
115.05.22,N04,LV1,巴西利,338,桃農,20,20,20,20,15
115.05.22,N04,LX1,蕨菜-過貓,338,桃農,60,41.8,35,44.1,242
115.05.22,N04,LZ2,藤川七-川七葉,338,桃農,18,18,18,18,15
115.05.22,N04,MA2,洋菇-盒裝,338,桃農,62,62,62,62,100
115.05.22,N04,MC1,濕木耳,338,桃農,60,21.8,10,27.1,186
115.05.22,N04,MD1,濕香菇,338,桃農,140,114.1,77.7,112,78
115.05.22,N04,ME1,金絲菇-金針菇,338,桃農,9,7.5,6,7.5,500
115.05.22,N04,MJ1,杏鮑菇,338,桃農,100,63.8,25,63.3,521
115.05.22,N04,MK1,鴻喜菇,338,桃農,22,22,22,22,450
115.05.22,N04,MX1,其他菇類,338,桃農,40.6,21.8,21,25.4,786
115.05.22,N05,N3,李-紅肉李,338,桃農,49.6,24.5,15,27.6,331
115.05.22,N04,OX1,其他,338,桃農,54.4,32.8,12.2,33,153
115.05.22,N05,P1,番石榴-珍珠芭,338,桃農,45.9,35.6,8,32.1,712
115.05.22,N05,P2,番石榴-紅心,338,桃農,46,46,46,46,10
115.05.22,N05,P3,番石榴-帝王芭,338,桃農,35,33.6,30,33.2,57
115.05.22,N05,R8,芒果-芒果青,338,桃農,41,29.7,20,30,42
115.05.22,N05,S1,葡萄-巨峰,338,桃農,70,70,70,70,24
115.05.22,N04,SA3,蘿蔔-矸仔,338,桃農,6.5,4.3,4,4.7,2750
115.05.22,N04,SA7,蘿蔔-甜菜根,338,桃農,52,51,50,51,50
115.05.22,N04,SA9,蘿蔔-進口,338,桃農,16.4,13.4,10.1,13.3,7500
115.05.22,N04,SB1,胡蘿蔔-未洗,338,桃農,19,16.6,7.7,15.3,499
115.05.22,N04,SB2,胡蘿蔔-清洗,338,桃農,19.3,13.6,7.4,13.5,6470
115.05.22,N04,SC1,馬鈴薯-本產,338,桃農,24.4,15.8,7.6,15.9,3666
115.05.22,N04,SC9,馬鈴薯-進口,338,桃農,6,6,6,6,80
115.05.22,N04,SD1,洋蔥-本產,338,桃農,22,18.3,17,18.8,2220
115.05.22,N04,SD9,洋蔥-進口,338,桃農,23,20.9,20,21.1,960
115.05.22,N04,SE6,青蔥-粉蔥,338,桃農,67.6,53.1,34.6,52.3,3329
115.05.22,N04,SF1,韭菜-白頭,338,桃農,37,31.1,25,31.1,77
115.05.22,N04,SF2,韭菜-韭菜黃,338,桃農,120,120,120,120,90
115.05.22,N04,SF3,韭菜-韭菜花,338,桃農,80,51,29.1,52.4,359
115.05.22,N04,SF4,韭菜-青頭,338,桃農,39,24.6,13.9,25.3,940
115.05.22,N04,SG2,大蒜-軟梗,338,桃農,85.8,48.8,19.8,50.4,720
115.05.22,N04,SG5,大蒜-蒜頭,338,桃農,104,45.8,21.7,52.6,217
115.05.22,N04,SG7,大蒜-蒜瓣,338,桃農,125.3,49.9,23.9,59.8,285
115.05.22,N04,SH2,竹筍-綠竹筍,338,桃農,80,80,80,80,60
115.05.22,N04,SH5,竹筍-烏殼綠,338,桃農,45.4,37.7,26,36.9,6360
115.05.22,N04,SH7,竹筍-去殼,338,桃農,22,22,22,22,100
115.05.22,N04,SJ2,芋-檳榔心芋,338,桃農,45.6,41.3,38.8,41.7,498
115.05.22,N04,SJ3,芋-里芋,338,桃農,10,10,10,10,24
115.05.22,N04,SL1,豆薯,338,桃農,24,22.3,22,22.6,330
115.05.22,N04,SO0,甘薯-其他,338,桃農,18,15.9,5.6,14.3,1870
115.05.22,N04,SO1,甘薯-臺農57號,338,桃農,14.6,9.2,6.2,9.7,2637
115.05.22,N04,SO2,甘薯-芋仔甘薯,338,桃農,12,9.3,7.3,9.4,550
115.05.22,N04,SO3,甘薯-臺農66號,338,桃農,17.3,8.6,5.4,9.7,1976
115.05.22,N04,SP1,薑-老薑,338,桃農,150,106.1,78.3,109.3,270
115.05.22,N04,SP2,薑-嫩薑,338,桃農,108.4,97.3,70.3,94.1,598
115.05.22,N04,SQ1,茭白筍-帶殼,338,桃農,88.9,67,45.4,67,1467
115.05.22,N04,SQ3,茭白筍-去殼,338,桃農,125.9,116.7,65.1,108.2,522
115.05.22,N04,SU2,薯蕷-白薯蕷,338,桃農,82.5,45,24.3,48.4,454
115.05.22,N04,SU21,薯蕷-白薯蕷 人參,338,桃農,45,45,45,45,42
115.05.22,N04,SU9,薯蕷-進口,338,桃農,135,132.9,45,115.7,140
115.05.22,N04,SV1,蘆筍-白蘆筍,338,桃農,225,225,225,225,5
115.05.22,N04,SV2,蘆筍-綠蘆筍,338,桃農,149.9,119.8,78.3,117.5,260
115.05.22,N04,SV9,蘆筍-進口,338,桃農,130,130,130,130,14
115.05.22,N04,SV92,蘆筍-進口 綠蘆筍,338,桃農,155.1,133.8,123.3,136,411
115.05.22,N04,SW1,球莖甘藍,338,桃農,10,10,10,10,80
115.05.22,N04,SZ8,香茅,338,桃農,30,27,21.1,26.4,118
115.05.22,N05,T2,西瓜-無子西瓜,338,桃農,10,9.9,8,9.6,99
115.05.22,N05,T4,西瓜-鳳光英妙,338,桃農,7.1,5,5,5.4,2294
115.05.22,N05,T8,西瓜-甜美人,338,桃農,10,8.5,8,8.7,463
115.05.22,N05,V1,甜瓜-美濃,338,桃農,35,32.5,25.7,31.7,260
115.05.22,N05,Y3,桃子-甜桃,338,桃農,76.8,52.8,20.8,51.2,410
115.05.22,N05,11,椰子,400,台中市,20,15.2,10.7,16.3,16657
115.05.22,N05,469,藍莓-進口,400,台中市,250,250,250,250,2508
115.05.22,N05,50,百香果-其他,400,台中市,120,95,70,88.4,19
115.05.22,N05,51,百香果-改良種,400,台中市,136.7,95.9,37.6,110.1,4923
115.05.22,N05,61,甘蔗-帶皮,400,台中市,12,10,8,10,4824
115.05.22,N05,70,小番茄-其他,400,台中市,43,38,33,38,24
115.05.22,N05,72,小番茄-聖女,400,台中市,70,58.6,41.4,58.1,21219
115.05.22,N05,74,小番茄-玉女,400,台中市,153.3,119.3,69.2,122.9,1578
115.05.22,N05,812,紅龍果-紅肉,400,台中市,82.3,64.2,40.9,61,5113
115.05.22,N05,839,櫻桃-進口,400,台中市,500,500,500,500,679
115.05.22,N05,859,榴槤-進口,400,台中市,125,125,125,125,27864
115.05.22,N05,869,山竹-進口,400,台中市,500,500,500,500,55
115.05.22,N05,91,其他,400,台中市,100,53.2,21.4,66.5,11542
115.05.22,N05,A0,香蕉-其他,400,台中市,20,17.5,15,17.6,27
115.05.22,N05,A1,香蕉,400,台中市,27.3,23.8,15.3,24.7,41565
115.05.22,N05,A2,香蕉-芭蕉紅芭蕉,400,台中市,67.1,44.9,19.8,43,3465
115.05.22,N05,A3,香蕉-旦蕉,400,台中市,24,24,22,23.5,56
115.05.22,N05,A4,香蕉-越旦,400,台中市,36.2,29.9,24,31,736
115.05.22,N05,B2,鳳梨-金鑽鳳梨,400,台中市,28.8,22.6,15.8,23.3,140703
115.05.22,N05,C2,茂谷柑,400,台中市,42,42,42,42,600
115.05.22,N05,C9,柑橘-進口,400,台中市,125,125,125,125,1020
115.05.22,N05,D1,桶柑,400,台中市,100,90,70,85.6,1280
115.05.22,N05,E9,甜橙-進口,400,台中市,100,100,12,94.5,864
115.05.22,N05,F0,雜柑-其他,400,台中市,20,20,20,20,16
115.05.22,N05,F1,雜柑-檸檬,400,台中市,70,63.2,41.6,64.7,4502
115.05.22,N05,F4,雜柑-桔子,400,台中市,70,65,49,63.4,356
115.05.22,N05,F5,雜柑-無子檸檬,400,台中市,120,79.7,46.6,95.3,927
115.05.22,N05,F9,雜柑-進口,400,台中市,125,125,125,125,32
115.05.22,N04,FA1,黃秋葵,400,台中市,72.6,41.6,15.3,39.6,1629
115.05.22,N04,FB1,花椰菜-青梗,400,台中市,23.3,16.8,9.5,18.1,2207
115.05.22,N04,FC1,胡瓜-黑刺,400,台中市,24.6,14,5.2,13.4,6092
115.05.22,N04,FD0,花胡瓜-其他,400,台中市,57.4,32.2,6.6,28.4,1568
115.05.22,N04,FD1,花胡瓜,400,台中市,31.4,16.7,6.3,19.2,7994
115.05.22,N04,FE1,冬瓜-白皮,400,台中市,8.3,4.6,2.3,6.2,4222
115.05.22,N04,FF0,絲瓜-其他,400,台中市,28.5,21.5,12.9,20.9,1411
115.05.22,N04,FF1,絲瓜,400,台中市,29,18,10.8,19.1,14212
115.05.22,N04,FF2,絲瓜-角瓜,400,台中市,30,29.3,27,28.9,171
115.05.22,N04,FG1,苦瓜-白大米,400,台中市,30,16.9,7.5,18.7,8311
115.05.22,N04,FG2,苦瓜-青大米,400,台中市,30,20.3,7.5,18.6,962
115.05.22,N04,FG3,苦瓜-山苦瓜,400,台中市,85,59.5,36.5,62.2,99
115.05.22,N04,FG4,苦瓜-翠綠,400,台中市,34.7,25,8.3,24.8,360
115.05.22,N04,FH1,扁蒲-長形,400,台中市,9.5,5.8,4,6.7,237
115.05.22,N04,FH3,扁蒲-花蒲,400,台中市,14.6,6.6,3.8,8.1,6605
115.05.22,N04,FH4,扁蒲-梨子蒲,400,台中市,23.3,6.6,4,14.9,632
115.05.22,N04,FI0,茄子-其他,400,台中市,25,11.2,5,11.4,306
115.05.22,N04,FI2,茄子-麻荸茄,400,台中市,21.5,12.1,5.9,12.7,4782
115.05.22,N04,FI3,茄子-日本種,400,台中市,16,8.4,5,8.7,219
115.05.22,N04,FJ1,番茄-黑柿,400,台中市,38,38,38,38,12
115.05.22,N04,FJ3,番茄-牛番茄,400,台中市,69.4,52.8,25.9,52.8,5007
115.05.22,N04,FK3,甜椒-新香,400,台中市,28,28,28,28,24
115.05.22,N04,FK4,甜椒-彩色種,400,台中市,57,17.3,15,20,157
115.05.22,N04,FK40,甜椒-彩色種 其他,400,台中市,27,11.1,5.7,12.5,191
115.05.22,N04,FK41,甜椒-彩色種 紅色,400,台中市,37.7,19.3,8.1,19.8,986
115.05.22,N04,FK42,甜椒-彩色種 黃色,400,台中市,36.5,13.5,5.9,16.6,1028
115.05.22,N04,FK5,甜椒-青椒,400,台中市,29.7,21.4,8.6,19.5,2117
115.05.22,N04,FK6,甜椒-水果彩椒,400,台中市,117,79.6,27.8,79.7,194
115.05.22,N04,FK94,甜椒-進口 彩色種,400,台中市,6,6,6,6,165
115.05.22,N04,FL92,豌豆-進口 紅花,400,台中市,65,65,65,65,4
115.05.22,N04,FM1,菜豆-白色,400,台中市,28,24,20,26.8,45
115.05.22,N04,FM2,菜豆-青色,400,台中市,38.3,26.7,14.2,27.4,3595
115.05.22,N04,FN1,敏豆-白豆,400,台中市,80.5,42.6,15.2,51,2166
115.05.22,N04,FN5,敏豆-醜豆,400,台中市,47,28.4,5.3,32.3,265
115.05.22,N04,FP1,萊豆-豆莢,400,台中市,38,38,38,38,30
115.05.22,N04,FP2,萊豆-豆仁,400,台中市,50,50,50,50,7
115.05.22,N04,FQ1,毛豆-豆莢,400,台中市,63.3,34.3,10,44.1,564
115.05.22,N04,FQ2,毛豆-豆仁,400,台中市,135,131.1,113.5,124,344
115.05.22,N04,FR1,青花苔,400,台中市,80,55,12,39,1079
115.05.22,N04,FR9,青花苔-進口,400,台中市,78.8,68.8,54,67.3,2097
115.05.22,N04,FT1,南瓜-木瓜形,400,台中市,18,18,15,17.5,240
115.05.22,N04,FT11,南瓜-木瓜型 阿成,400,台中市,24.3,16.2,10.9,16.1,4375
115.05.22,N04,FT12,南瓜-木瓜型 阿嬌,400,台中市,16,16,16,16,60
115.05.22,N04,FT2,南瓜-圓形,400,台中市,15,13.5,12,13.5,79
115.05.22,N04,FT5,南瓜-青如意,400,台中市,33.9,15.9,4.4,20.4,8507
115.05.22,N04,FT6,南瓜-東昇,400,台中市,25,25,25,25,80
115.05.22,N04,FT7,南瓜-栗子,400,台中市,35,28,21,25.4,480
115.05.22,N04,FT97,南瓜-進口 栗子,400,台中市,31,23.3,17.8,23.8,2066
115.05.22,N04,FU1,隼人瓜,400,台中市,12.2,8.2,3.8,7.3,1981
115.05.22,N04,FU2,隼人瓜-瓜苗,400,台中市,76.4,41.7,18.2,41.2,976
115.05.22,N04,FV0,辣椒-其他,400,台中市,46,25.5,5,33,22
115.05.22,N04,FV1,辣椒-紅小,400,台中市,69.2,34.3,10.8,36,280
115.05.22,N04,FV2,辣椒-青小,400,台中市,35,18.3,10,33.3,43
115.05.22,N04,FV4,辣椒-朝天椒,400,台中市,39.6,32.5,22.2,32.2,743
115.05.22,N04,FV6,辣椒-糯米椒,400,台中市,153.7,104.4,49.7,99.7,155
115.05.22,N04,FV9,辣椒-進口,400,台中市,38,34,30,35.3,54
115.05.22,N04,FV91,辣椒-進口 紅小,400,台中市,10,10,10,10,175
115.05.22,N04,FW1,金針花,400,台中市,267.2,156.8,86,144,105
115.05.22,N04,FX2,虎豆-福豆,400,台中市,10,10,10,10,7
115.05.22,N04,FY0,玉米-其他,400,台中市,32,29,8,29.1,440
115.05.22,N04,FY4,玉米-玉米筍,400,台中市,37.5,17.5,8.5,18.5,508
115.05.22,N04,FY41,玉米-玉米筍 帶殼,400,台中市,21.7,9.7,4.3,10.6,2099
115.05.22,N04,FY5,玉米-糯米黑,400,台中市,19,14.1,7.3,13.5,880
115.05.22,N04,FY6,玉米-甜軟殼,400,台中市,24.2,10,4,9,2852
115.05.22,N04,FY8,玉米-白龍王,400,台中市,22,7.7,2.5,14.1,544
115.05.22,N04,FY94,玉米-進口 玉米筍,400,台中市,12,12,12,12,100
115.05.22,N04,FZ1,落花生-生,400,台中市,58,58,58,58,40
115.05.22,N04,FZ2,落花生-熟,400,台中市,45,45,45,45,440
115.05.22,N05,G2,黃金果,400,台中市,150,126.7,98,131.7,40
115.05.22,N05,G3,酪梨,400,台中市,160.7,131.6,93.1,134.3,1199
115.05.22,N05,G39,酪梨-進口,400,台中市,125,125,125,125,120
115.05.22,N05,G49,奇異果-進口,400,台中市,125,125,125,125,15132
115.05.22,N05,G7,橄欖,400,台中市,33,24,15,24.4,42
115.05.22,N05,G9,波蘿蜜,400,台中市,26.8,15.6,10.8,18.6,492
115.05.22,N05,H4,葡萄柚-紅肉,400,台中市,25,25,25,25,90
115.05.22,N05,H49,葡萄柚-紅肉進口,400,台中市,125,125,100,117.8,1222
115.05.22,N05,I1,木瓜-網室紅肉,400,台中市,46.1,27.9,15.1,29.9,48307
115.05.22,N05,I3,木瓜-日昇種,400,台中市,100,85,80,89.7,186
115.05.22,N05,I4,木瓜-青木瓜,400,台中市,30,22.5,20,23.7,972
115.05.22,N05,J0,荔枝-其他,400,台中市,73.3,53.3,35,58.1,3178
115.05.22,N05,J1,荔枝-玉荷包,400,台中市,135.9,107.1,75,111.7,22694
115.05.22,N04,LA1,甘藍-初秋,400,台中市,22.6,20.8,14.8,20.2,10740
115.05.22,N04,LA2,甘藍-改良種,400,台中市,23.5,18.6,13.8,18.2,5204
115.05.22,N04,LA4,甘藍-紫色,400,台中市,14,14,14,14,75
115.05.22,N04,LA6,甘藍-甘藍芽,400,台中市,25,25,25,25,16
115.05.22,N04,LA7,甘藍-改良尖,400,台中市,20.8,14.8,13,15.5,3436
115.05.22,N04,LB1,小白菜-土白菜,400,台中市,17,10,5,10.9,250
115.05.22,N04,LB2,小白菜-蚵仔白,400,台中市,18.5,14.5,11.8,13.9,1654
115.05.22,N04,LB3,小白菜-奶油白,400,台中市,22,14.7,8.4,13.8,937
115.05.22,N04,LC0,包心白-其他,400,台中市,26.2,20,12,17.9,2492
115.05.22,N04,LC1,包心白-包白,400,台中市,11,8.3,7.7,8.6,6051
115.05.22,N04,LC3,包心白-包頭蓮,400,台中市,13,12,9.5,11.4,2260
115.05.22,N04,LC90,包心白菜-進口 其他,400,台中市,17,17,17,17,150
115.05.22,N04,LC93,包心白菜-進口 包頭蓮 ,400,台中市,25,22,17,22.1,1392
115.05.22,N04,LD1,青江白菜-小梗,400,台中市,23.3,11.1,5.3,10.4,2674
115.05.22,N04,LE1,皇宮菜-小葉,400,台中市,36.7,22.8,15,22.5,227
115.05.22,N04,LE2,皇宮菜-大葉,400,台中市,33.5,31.2,17.5,30.7,171
115.05.22,N04,LF2,蕹菜-小葉,400,台中市,19.4,15.5,7.8,12.8,2165
115.05.22,N04,LF3,蕹菜-水蕹菜,400,台中市,33,26.6,20.5,31.6,1056
115.05.22,N04,LG2,芹菜-白梗,400,台中市,64,58.8,52.8,58.5,660
115.05.22,N04,LG3,芹菜-西洋芹菜,400,台中市,33,26.7,10,18.1,537
115.05.22,N04,LG9,芹菜-進口,400,台中市,38,38,38,38,100
115.05.22,N04,LH2,菠菜-角葉,400,台中市,38.8,23,9,22.1,1655
115.05.22,N04,LI0,萵苣菜-其他,400,台中市,43,43,43,43,5
115.05.22,N04,LI1,萵苣菜-廣東菜,400,台中市,21,10,5,12.7,26
115.05.22,N04,LI2,萵苣菜-結球萵,400,台中市,35.5,20,5,19.4,438
115.05.22,N04,LI3,萵苣菜-本島圓葉,400,台中市,36,27.7,17.8,26.1,768
115.05.22,N04,LI5,萵苣菜-油麥菜,400,台中市,14.2,9,3.8,8.6,4015
115.05.22,N04,LI6,萵苣菜-蘿美,400,台中市,33,26.5,20,26.5,72
115.05.22,N04,LI8,萵苣菜-水耕,400,台中市,49.3,43.4,37,43.2,225
115.05.22,N04,LI92,萵苣菜-進口 結球萵,400,台中市,40,31,2,33.3,355
115.05.22,N04,LJ3,芥菜-大芥菜,400,台中市,2,2,2,2,140
115.05.22,N04,LJ4,芥菜-小芥菜,400,台中市,10,8,5,6.9,460
115.05.22,N04,LK2,芥藍菜,400,台中市,21,11.3,5,8.9,240
115.05.22,N04,LK3,芥藍菜-芥藍芽,400,台中市,49.3,24.4,14.1,25.7,2397
115.05.22,N04,LM1,莧菜-紅莧菜,400,台中市,54,28.2,19.2,30,905
115.05.22,N04,LM2,莧菜-白莧菜,400,台中市,32.5,22.1,13.2,21.5,3663
115.05.22,N04,LN1,油菜,400,台中市,14.5,9.7,5,9.2,1530
115.05.22,N04,LO1,甘薯葉,400,台中市,24.6,15.8,4.7,15.2,2229
115.05.22,N04,LP1,芫荽,400,台中市,141.9,80.2,33.8,82.6,518
115.05.22,N04,LP2,九層塔,400,台中市,47,33.2,18.7,33,465
115.05.22,N04,LQ1,紅鳳菜-紅鳳菜,400,台中市,32.5,23.2,16,23.2,334
115.05.22,N04,LT2,海菜-海帶,400,台中市,30,30,30,30,18
115.05.22,N04,LT3,海菜-水蓮,400,台中市,101.3,92.6,84,91,506
115.05.22,N04,LV1,巴西利,400,台中市,40,23,20,28.5,71
115.05.22,N04,LX1,蕨菜-過貓,400,台中市,64,57.9,38,52,364
115.05.22,N04,MA2,洋菇-盒裝,400,台中市,20,15,10,14.7,85
115.05.22,N04,MC1,濕木耳,400,台中市,98,64,55.5,65.2,126
115.05.22,N04,MD1,濕香菇,400,台中市,110,88,38,73.7,94
115.05.22,N04,ME1,金絲菇-金針菇,400,台中市,35,30,7,17.2,250
115.05.22,N04,MF1,蠔菇-鮑魚菇,400,台中市,65,65,65,65,10
115.05.22,N04,MI1,秀珍菇,400,台中市,85,85,85,85,18
115.05.22,N04,MJ1,杏鮑菇,400,台中市,82.2,58.2,30,53,524
115.05.22,N04,MX1,其他菇類,400,台中市,100,24,22,28.9,213
115.05.22,N05,N0,李-其他,400,台中市,50,43.3,28.5,43.7,1965
115.05.22,N05,N2,李-桃接李,400,台中市,56,35.5,18.6,43.4,2206
115.05.22,N05,N3,李-紅肉李,400,台中市,113.3,47.1,10.7,90.5,14179
115.05.22,N05,O2,梨-秋水梨,400,台中市,127,82.3,46,88.4,5054
115.05.22,N05,O5,梨-豐水梨,400,台中市,150,145,140,145.2,420
115.05.22,N05,O9,梨-其他進口,400,台中市,125,125,125,125,232
115.05.22,N05,O99,梨-西洋梨進口,400,台中市,125,112.5,100,111.1,288
115.05.22,N04,OX1,其他,400,台中市,75,29.2,8.9,31.6,2564
115.05.22,N05,P1,番石榴-珍珠芭,400,台中市,53.2,43.2,28.2,42.2,24101
115.05.22,N05,P2,番石榴-紅心,400,台中市,60,39.3,28,54.9,664
115.05.22,N05,P3,番石榴-帝王芭,400,台中市,90,72.2,55,68.1,1308
115.05.22,N05,P5,番石榴-水晶無子,400,台中市,48,48,48,48,36
115.05.22,N05,Q1,蓮霧-紅蓮霧,400,台中市,73.6,46,20.9,53.2,3572
115.05.22,N05,R0,芒果-其他,400,台中市,61.7,41.7,21.8,47.8,2611
115.05.22,N05,R1,芒果-愛文,400,台中市,87.2,42.4,19.1,56.6,98932
115.05.22,N05,R2,芒果-玉文,400,台中市,50.7,34.4,21.7,39.2,527
115.05.22,N05,R3,芒果-本島,400,台中市,61.1,46.7,28.3,51.6,7967
115.05.22,N05,R31,芒果-夏雪,400,台中市,88,65.8,34.7,70,96
115.05.22,N05,R5,芒果-黑香金興,400,台中市,65,50,45,52.2,348
115.05.22,N05,R6,芒果-金煌,400,台中市,63.2,41.4,22.3,51,8982
115.05.22,N05,R8,芒果-芒果青,400,台中市,27.8,18.8,8.9,20.1,2553
115.05.22,N05,S1,葡萄-巨峰,400,台中市,111.7,72.4,45,71.5,8330
115.05.22,N05,S9,葡萄-進口,400,台中市,125,125,125,125,2612
115.05.22,N04,SA3,蘿蔔-矸仔,400,台中市,13,8.8,4.7,7.6,4740
115.05.22,N04,SA4,蘿蔔-櫻桃,400,台中市,103,50,47,70.1,25
115.05.22,N04,SA7,蘿蔔-甜菜根,400,台中市,38,33,20.5,29.9,233
115.05.22,N04,SA9,蘿蔔-進口,400,台中市,20,16.6,10.2,16.1,2640
115.05.22,N04,SB1,胡蘿蔔-未洗,400,台中市,14.5,9.4,4.8,10.4,1147
115.05.22,N04,SB2,胡蘿蔔-清洗,400,台中市,19.4,13.4,9,13,6060
115.05.22,N04,SC1,馬鈴薯-本產,400,台中市,22.1,15.6,7.4,14.2,3144
115.05.22,N04,SC9,馬鈴薯-進口,400,台中市,22.8,17.9,8.8,16.4,1050
115.05.22,N04,SD1,洋蔥-本產,400,台中市,19.3,12.4,7.7,15.1,4650
115.05.22,N04,SD9,洋蔥-進口,400,台中市,20,17.5,10,15.6,960
115.05.22,N04,SE3,青蔥-大蔥,400,台中市,74,74,74,74,22
115.05.22,N04,SE5,青蔥-紅蔥頭,400,台中市,29,29,29,29,14
115.05.22,N04,SE6,青蔥-粉蔥,400,台中市,61.7,37.5,7.1,33.9,2720
115.05.22,N04,SF3,韭菜-韭菜花,400,台中市,72.5,65.4,34.5,64.3,139
115.05.22,N04,SF4,韭菜-青頭,400,台中市,31.7,24.3,16,24.1,403
115.05.22,N04,SG2,大蒜-軟梗,400,台中市,75.3,44,22.7,43.3,363
115.05.22,N04,SG4,大蒜-蔥蒜,400,台中市,20,20,20,20,80
115.05.22,N04,SG5,大蒜-蒜頭,400,台中市,78.3,55,27.3,55,172
115.05.22,N04,SG6,大蒜-蒜仁,400,台中市,100,90.5,81,97.3,42
115.05.22,N04,SG7,大蒜-蒜瓣,400,台中市,72,48.4,38.7,50.8,349
115.05.22,N04,SH1,竹筍-麻竹筍,400,台中市,70,55,40,50,180
115.05.22,N04,SH2,竹筍-綠竹筍,400,台中市,110,100,90,100,48
115.05.22,N04,SH5,竹筍-烏殼綠,400,台中市,39,34.2,29.5,34,1180
115.05.22,N04,SJ2,芋-檳榔心芋,400,台中市,56,42,30.5,37.4,779
115.05.22,N04,SJ3,芋-里芋,400,台中市,70,70,70,70,30
115.05.22,N04,SJ5,芋-芋角,400,台中市,68,68,68,68,16
115.05.22,N04,SL1,豆薯,400,台中市,26.5,25.5,23,24.3,360
115.05.22,N04,SM9,牛蒡-進口,400,台中市,36,36,36,36,100
115.05.22,N04,SN1,蓮藕,400,台中市,28,24,20,24.4,55
115.05.22,N04,SO0,甘薯-其他,400,台中市,16.5,10.1,6,10.1,1089
115.05.22,N04,SO1,甘薯-臺農57號,400,台中市,16.8,12.7,7.1,12.6,2981
115.05.22,N04,SO2,甘薯-芋仔甘薯,400,台中市,20,11.1,7.7,11.6,823
115.05.22,N04,SO3,甘薯-臺農66號,400,台中市,14.5,11.8,4,12.2,1450
115.05.22,N04,SP0,薑-其他,400,台中市,25,25,25,25,24
115.05.22,N04,SP1,薑-老薑,400,台中市,90,84,75,86.4,280
115.05.22,N04,SP2,薑-嫩薑,400,台中市,92.5,84.3,55.5,82.2,158
115.05.22,N04,SP3,薑-粉薑,400,台中市,70,70,70,70,36
115.05.22,N04,SQ1,茭白筍-帶殼,400,台中市,86.9,69.3,45.1,67.2,1272
115.05.22,N04,SQ3,茭白筍-去殼,400,台中市,136.2,116.1,57.2,104.4,262
115.05.22,N04,SU2,薯蕷-白薯蕷,400,台中市,125,21,12,76.8,108
115.05.22,N04,SU21,薯蕷-白薯蕷 人參,400,台中市,57.4,34.8,13.6,35.4,892
115.05.22,N04,SV1,蘆筍-白蘆筍,400,台中市,70,70,70,70,5
115.05.22,N04,SV2,蘆筍-綠蘆筍,400,台中市,135.7,119.9,90.9,116.3,846
115.05.22,N04,SV3,蘆筍-蘆筍花,400,台中市,213.4,181.9,105,175,148
115.05.22,N04,SW1,球莖甘藍,400,台中市,8,7,6,7.6,100
115.05.22,N04,SX1,芽菜類-綠豆芽,400,台中市,20,20,20,20,360
115.05.22,N04,SZ8,香茅,400,台中市,47,35.2,31.5,36.6,122
115.05.22,N05,T0,西瓜-其他,400,台中市,47,34.9,18.8,27.2,289
115.05.22,N05,T1,西瓜-大西瓜,400,台中市,18,16.2,8.1,16.6,80525
115.05.22,N05,T2,西瓜-無子西瓜,400,台中市,20,16,15,16.4,255
115.05.22,N05,T4,西瓜-鳳光英妙,400,台中市,14.5,10.8,5,13.3,6459
115.05.22,N05,T5,西瓜-黃肉,400,台中市,12.8,10.5,4.5,11.6,44561
115.05.22,N05,T6,西瓜-紅肉,400,台中市,18,16,14,16,1650
115.05.22,N05,T8,西瓜-甜美人,400,台中市,18.8,13.8,6,16.2,14188
115.05.22,N05,V1,甜瓜-美濃,400,台中市,41.4,32.5,9.1,33.8,16765
115.05.22,N05,V2,甜瓜-溫室吊瓜,400,台中市,153.3,116.7,83.3,128.8,1110
115.05.22,N05,W1,洋香瓜-網狀紅肉,400,台中市,46.7,38.2,29.2,36.4,15200
115.05.22,N05,W2,洋香瓜-網狀綠肉,400,台中市,51.7,26.7,11.3,41.3,3378
115.05.22,N05,W4,洋香瓜-新疆,400,台中市,63.7,41,18,49.8,1089
115.05.22,N05,W8,洋香瓜-阿露斯,400,台中市,140.8,88.3,48.7,100.1,513
115.05.22,N05,X69,蘋果-富士進口,400,台中市,150,125,125,127.4,16452
115.05.22,N05,Y1,桃子-水蜜桃,400,台中市,250,148.2,86.3,200.5,812
115.05.22,N05,Y2,桃子-鶯歌桃,400,台中市,55,43.3,32.5,38.9,1611
115.05.22,N05,Y3,桃子-甜桃,400,台中市,145.6,105,61.7,113,9332
115.05.22,N05,Y4,桃子-早桃,400,台中市,70,55,50,59.4,1080
115.05.22,N05,Y9,桃子-進口,400,台中市,250,250,250,250,1390
115.05.22,N05,Z9,柿子-進口,400,台中市,250,250,250,250,110
115.05.22,N05,11,椰子,420,豐原區,20,14.3,12,15,240
115.05.22,N05,469,藍莓-進口,420,豐原區,250,250,250,250,12
115.05.22,N05,51,百香果-改良種,420,豐原區,120,58.8,45.9,68.5,495.1
115.05.22,N05,72,小番茄-聖女,420,豐原區,65,43.5,35.7,46.2,330.9
115.05.22,N05,74,小番茄-玉女,420,豐原區,120,93.3,80,96,156.3
115.05.22,N05,859,榴槤-進口,420,豐原區,125,125,125,125,1051.2
115.05.22,N05,869,山竹-進口,420,豐原區,250,250,250,250,6
115.05.22,N05,A1,香蕉,420,豐原區,24.8,22.8,18.7,22.4,9251.6
115.05.22,N05,A2,香蕉-芭蕉紅芭蕉,420,豐原區,45,45,45,45,6.7
115.05.22,N05,A4,香蕉-越旦,420,豐原區,23,16.4,12,16.8,89.1
115.05.22,N05,B2,鳳梨-金鑽鳳梨,420,豐原區,26.2,23.2,17.7,22.7,10284.4
115.05.22,N05,F1,雜柑-檸檬,420,豐原區,78.6,62.1,45,62,58.1
115.05.22,N05,F4,雜柑-桔子,420,豐原區,70,44.4,30,46.7,19.3
115.05.22,N05,F5,雜柑-無子檸檬,420,豐原區,110,67.3,55,73.4,49.1
115.05.22,N04,FA1,黃秋葵,420,豐原區,45,39.2,31.8,38.9,299.7
115.05.22,N04,FB1,花椰菜-青梗,420,豐原區,23.9,22,16.5,21.3,640
115.05.22,N04,FC1,胡瓜-黑刺,420,豐原區,22.1,16.7,12.7,17,1428
115.05.22,N04,FD1,花胡瓜,420,豐原區,38.4,25.9,8.6,24.9,1425
115.05.22,N04,FE1,冬瓜-白皮,420,豐原區,8.5,6.2,2.5,5.9,1804
115.05.22,N04,FF1,絲瓜,420,豐原區,29,22.5,13.3,21.9,2000
115.05.22,N04,FG1,苦瓜-白大米,420,豐原區,33.7,22.8,10.8,22.6,752
115.05.22,N04,FG2,苦瓜-青大米,420,豐原區,29,19.7,8.5,19.3,1098
115.05.22,N04,FG4,苦瓜-翠綠,420,豐原區,33.3,28.6,20.4,27.9,86
115.05.22,N04,FH3,扁蒲-花蒲,420,豐原區,14,8.9,5.3,9.2,2149
115.05.22,N04,FH4,扁蒲-梨子蒲,420,豐原區,5,5,5,5,20
115.05.22,N04,FI0,茄子-其他,420,豐原區,15,15,15,15,13
115.05.22,N04,FI2,茄子-麻荸茄,420,豐原區,25.3,18,10,17.8,1007
115.05.22,N04,FJ3,番茄-牛番茄,420,豐原區,65,43.6,28.7,44.9,1940
115.05.22,N04,FK3,甜椒-新香,420,豐原區,27.3,20.3,15,20.6,24
115.05.22,N04,FK4,甜椒-彩色種,420,豐原區,20,20,20,20,5
115.05.22,N04,FK41,甜椒-彩色種 紅色,420,豐原區,48.5,28.1,13.5,29.3,918
115.05.22,N04,FK42,甜椒-彩色種 黃色,420,豐原區,45,27.9,15,28.8,648
115.05.22,N04,FK5,甜椒-青椒,420,豐原區,34,21.3,8.5,21.3,1521
115.05.22,N04,FM1,菜豆-白色,420,豐原區,20,20,20,20,31
115.05.22,N04,FM2,菜豆-青色,420,豐原區,38.3,33.8,14.3,30.8,1076
115.05.22,N04,FN1,敏豆-白豆,420,豐原區,104.3,51.2,36.4,58.9,873
115.05.22,N04,FN5,敏豆-醜豆,420,豐原區,62,33.8,4.7,33.6,205
115.05.22,N04,FQ1,毛豆-豆莢,420,豐原區,55,55,55,55,28
115.05.22,N04,FQ2,毛豆-豆仁,420,豐原區,130,130,130,130,40
115.05.22,N04,FR9,青花苔-進口,420,豐原區,69.3,59,19.6,53.2,1080
115.05.22,N04,FT11,南瓜-木瓜型 阿成,420,豐原區,23.8,16.7,10.2,16.8,1514
115.05.22,N04,FT2,南瓜-圓形,420,豐原區,20,20,20,20,120
115.05.22,N04,FT5,南瓜-青如意,420,豐原區,36.3,26.6,9,25,1208
115.05.22,N04,FT7,南瓜-栗子,420,豐原區,35,20.7,10,21.4,140
115.05.22,N04,FT96,南瓜-進口 東昇,420,豐原區,20,20,20,20,60
115.05.22,N04,FT97,南瓜-進口 栗子,420,豐原區,33.3,25.1,16,24.9,1485
115.05.22,N04,FU1,隼人瓜,420,豐原區,10.5,7.9,5,7.8,1548
115.05.22,N04,FU2,隼人瓜-瓜苗,420,豐原區,69.4,41.2,22,43,560
115.05.22,N04,FV1,辣椒-紅小,420,豐原區,40.7,22,7.8,22.9,492.8
115.05.22,N04,FV2,辣椒-青小,420,豐原區,38,32.8,28,32.9,96
115.05.22,N04,FV4,辣椒-朝天椒,420,豐原區,40,30,19,29.8,648
115.05.22,N04,FV6,辣椒-糯米椒,420,豐原區,111,80.6,38.3,78.2,158
115.05.22,N04,FW1,金針花,420,豐原區,161,161,161,161,20
115.05.22,N04,FY0,玉米-其他,420,豐原區,20,20,20,20,60
115.05.22,N04,FY4,玉米-玉米筍,420,豐原區,35,21.7,10,22,180
115.05.22,N04,FY41,玉米-玉米筍 帶殼,420,豐原區,28,14.1,5.9,15.2,960
115.05.22,N04,FY5,玉米-糯米黑,420,豐原區,25,19.8,4.5,17.8,1326
115.05.22,N04,FY6,玉米-甜軟殼,420,豐原區,27.4,14.1,5.1,15,1240
115.05.22,N04,FY8,玉米-白龍王,420,豐原區,39,23.6,4,22.8,840
115.05.22,N04,FZ2,落花生-熟,420,豐原區,55,50,50,51,90
115.05.22,N05,G3,酪梨,420,豐原區,166.3,143.4,100,139.3,21.5
115.05.22,N05,H49,葡萄柚-紅肉進口,420,豐原區,125,125,125,125,84
115.05.22,N05,I1,木瓜-網室紅肉,420,豐原區,30.1,26.8,21.9,26.5,8242.8
115.05.22,N05,I4,木瓜-青木瓜,420,豐原區,29,28.2,28,28.3,65
115.05.22,N05,J0,荔枝-其他,420,豐原區,65,42.7,33.2,45.2,225.5
115.05.22,N05,J1,荔枝-玉荷包,420,豐原區,101.4,91.8,77.1,90.8,1213
115.05.22,N04,LA1,甘藍-初秋,420,豐原區,23.4,20.4,14.9,19.9,18155
115.05.22,N04,LA7,甘藍-改良尖,420,豐原區,20.7,16.1,10,15.8,1140
115.05.22,N04,LB1,小白菜-土白菜,420,豐原區,14.3,8.6,4.2,8.8,615
115.05.22,N04,LB2,小白菜-蚵仔白,420,豐原區,12.1,10.2,8.8,10.3,812
115.05.22,N04,LB3,小白菜-奶油白,420,豐原區,29,15,5.2,15.8,610
115.05.22,N04,LC1,包心白-包白,420,豐原區,15,13.6,7.8,12.7,3620
115.05.22,N04,LC3,包心白-包頭蓮,420,豐原區,15.9,14.5,12.7,14.4,1480
115.05.22,N04,LC90,包心白菜-進口 其他,420,豐原區,20,20,20,20,465
115.05.22,N04,LC93,包心白菜-進口 包頭蓮 ,420,豐原區,25,20.4,16,20.4,726
115.05.22,N04,LD1,青江白菜-小梗,420,豐原區,19.8,11,7,11.9,1717
115.05.22,N04,LE1,皇宮菜-小葉,420,豐原區,5,5,5,5,50
115.05.22,N04,LF2,蕹菜-小葉,420,豐原區,21.7,18.1,10,17.2,1540
115.05.22,N04,LF3,蕹菜-水蕹菜,420,豐原區,36,30.8,19,29.5,720
115.05.22,N04,LG2,芹菜-白梗,420,豐原區,63.7,50.3,30,48.9,673
115.05.22,N04,LG3,芹菜-西洋芹菜,420,豐原區,16,13.5,12,13.7,440
115.05.22,N04,LH1,菠菜-圓葉,420,豐原區,69,69,69,69,72
115.05.22,N04,LH2,菠菜-角葉,420,豐原區,42.1,35,26.1,34.6,700
115.05.22,N04,LI2,萵苣菜-結球萵,420,豐原區,27,12.5,3.8,13.6,324
115.05.22,N04,LI3,萵苣菜-本島圓葉,420,豐原區,34,20.4,6.5,20.4,860
115.05.22,N04,LI5,萵苣菜-油麥菜,420,豐原區,12.7,11.1,8.2,10.8,1340
115.05.22,N04,LI8,萵苣菜-水耕,420,豐原區,46,38.3,33,38.8,200
115.05.22,N04,LI92,萵苣菜-進口 結球萵,420,豐原區,35,21.5,6,21.1,520
115.05.22,N04,LJ4,芥菜-小芥菜,420,豐原區,27,17.2,5.6,16.9,76
115.05.22,N04,LK2,芥藍菜,420,豐原區,5,4,3.5,4.1,260
115.05.22,N04,LK3,芥藍菜-芥藍芽,420,豐原區,37.2,19.4,10.5,21.2,629
115.05.22,N04,LM1,莧菜-紅莧菜,420,豐原區,46,31.3,19.5,31.9,240
115.05.22,N04,LM2,莧菜-白莧菜,420,豐原區,44,29.4,20.3,30.5,720
115.05.22,N04,LN1,油菜,420,豐原區,12.2,10.3,8.5,10.3,1020
115.05.22,N04,LO1,甘薯葉,420,豐原區,12.9,9.4,6.9,9.6,1390
115.05.22,N04,LP1,芫荽,420,豐原區,118,74,28,73.6,320
115.05.22,N04,LP2,九層塔,420,豐原區,90,56.7,50,62,180
115.05.22,N04,LQ1,紅鳳菜-紅鳳菜,420,豐原區,29,21.1,12,20.9,320
115.05.22,N04,MC1,濕木耳,420,豐原區,77,57.4,30,55.8,230
115.05.22,N04,MD1,濕香菇,420,豐原區,110,73.9,35,73.3,108
115.05.22,N04,ME1,金絲菇-金針菇,420,豐原區,35,19.3,7,20,225
115.05.22,N04,MF1,蠔菇-鮑魚菇,420,豐原區,65,65,65,65,20
115.05.22,N04,MI1,秀珍菇,420,豐原區,75,75,75,75,20
115.05.22,N04,MJ1,杏鮑菇,420,豐原區,45,34.3,26,34.8,414
115.05.22,N05,N2,李-桃接李,420,豐原區,60,23.3,20,30,140
115.05.22,N05,O99,梨-西洋梨進口,420,豐原區,125,125,125,125,76.8
115.05.22,N04,OX1,其他,420,豐原區,100,61.1,50,66.7,2250
115.05.22,N05,P1,番石榴-珍珠芭,420,豐原區,47.9,35.1,25.3,35.7,3058.8
115.05.22,N05,P2,番石榴-紅心,420,豐原區,50,37.5,25,37.5,24
115.05.22,N05,Q1,蓮霧-紅蓮霧,420,豐原區,44.1,36.4,13.9,33.4,269.2
115.05.22,N05,R1,芒果-愛文,420,豐原區,62.6,60,45.4,57.6,9629.4
115.05.22,N05,R2,芒果-玉文,420,豐原區,60,40,30,42,50
115.05.22,N05,R31,芒果-夏雪,420,豐原區,100,48.7,40.2,57.3,10.5
115.05.22,N05,R6,芒果-金煌,420,豐原區,58.8,36.4,23.3,38.3,352.8
115.05.22,N05,R8,芒果-芒果青,420,豐原區,28.7,18,8.5,18.2,115.3
115.05.22,N05,S1,葡萄-巨峰,420,豐原區,100,48.6,40,57.1,525
115.05.22,N05,S9,葡萄-進口,420,豐原區,150,116.7,100,120,15
115.05.22,N04,SA3,蘿蔔-矸仔,420,豐原區,11.2,7.5,4.6,7.7,2920
115.05.22,N04,SA9,蘿蔔-進口,420,豐原區,18.6,15.5,11,15.2,860
115.05.22,N04,SB1,胡蘿蔔-未洗,420,豐原區,18,14.1,4.5,13,610
115.05.22,N04,SB2,胡蘿蔔-清洗,420,豐原區,19.6,15,8.7,14.6,2840
115.05.22,N04,SC1,馬鈴薯-本產,420,豐原區,23.3,18,12.9,18,1032
115.05.22,N04,SD1,洋蔥-本產,420,豐原區,17,17,17,17,540
115.05.22,N04,SE6,青蔥-粉蔥,420,豐原區,59.6,52.9,38.2,51.3,1900
115.05.22,N04,SF4,韭菜-青頭,420,豐原區,29.5,20.5,15,21.2,414
115.05.22,N04,SG2,大蒜-軟梗,420,豐原區,57,38.5,17,37.9,360
115.05.22,N04,SG5,大蒜-蒜頭,420,豐原區,95,90.4,90,91.3,40
115.05.22,N04,SG6,大蒜-蒜仁,420,豐原區,110,95.4,75,94.2,156
115.05.22,N04,SH1,竹筍-麻竹筍,420,豐原區,68,51.1,40,52.2,260
115.05.22,N04,SH5,竹筍-烏殼綠,420,豐原區,36,27.8,18,27.5,1476
115.05.22,N04,SJ2,芋-檳榔心芋,420,豐原區,47,36.2,10,33.1,1100
115.05.22,N04,SO1,甘薯-臺農57號,420,豐原區,18,13.8,9.5,13.8,1140
115.05.22,N04,SO3,甘薯-臺農66號,420,豐原區,13,8.1,5.5,8.6,780
115.05.22,N04,SP1,薑-老薑,420,豐原區,132,92,77.7,97.2,1404
115.05.22,N04,SP2,薑-嫩薑,420,豐原區,102.2,86.4,81,88.5,108
115.05.22,N04,SQ1,茭白筍-帶殼,420,豐原區,80,63.9,48,64,774
115.05.22,N04,SQ3,茭白筍-去殼,420,豐原區,106,82.8,62,83.3,160
115.05.22,N04,SU21,薯蕷-白薯蕷 人參,420,豐原區,71.1,42.5,20,43.7,805
115.05.22,N04,SX1,芽菜類-綠豆芽,420,豐原區,20,20,20,20,420
115.05.22,N05,T4,西瓜-鳳光英妙,420,豐原區,6,5.4,5,5.5,55
115.05.22,N05,T5,西瓜-黃肉,420,豐原區,14,8.1,5.9,8.8,5263.8
115.05.22,N05,T6,西瓜-紅肉,420,豐原區,17,13.8,12,14.1,2132.4
115.05.22,N05,T8,西瓜-甜美人,420,豐原區,19,11.9,10,12.9,1205.7
115.05.22,N05,V1,甜瓜-美濃,420,豐原區,34.9,20.8,12.3,21.9,3426.7
115.05.22,N05,X69,蘋果-富士進口,420,豐原區,125.1,110,106.6,112.3,1118.7
115.05.22,N05,Y19,桃子-水蜜桃進口,420,豐原區,250,250,250,250,144
115.05.22,N05,Y3,桃子-甜桃,420,豐原區,130,72.3,55.9,80.6,402.1
115.05.22,N05,C2,茂谷柑,423,東勢鎮,125,113.1,78.5,114.41,1626.6
115.05.22,N05,D1,桶柑,423,東勢鎮,66.6,50.9,25.1,47.05,2443.2
115.05.22,N05,F1,雜柑-檸檬,423,東勢鎮,25,25,25,25,268.8
115.05.22,N05,N0,李-其他,423,東勢鎮,50,39.2,25,39.32,477
115.05.22,N05,N2,李-桃接李,423,東勢鎮,46.9,30.8,11.4,30.4,933
115.05.22,N05,N3,李-紅肉李,423,東勢鎮,137.8,84.2,38.5,89.42,2074.2
115.05.22,N05,N4,李-黃肉李,423,東勢鎮,41.6,25,21.9,31.08,197.4
115.05.22,N05,O2,梨-秋水梨,423,東勢鎮,175,138.6,53.9,142.16,9199.8
115.05.22,N05,O5,梨-豐水梨,423,東勢鎮,240.1,173,126.3,172.7,1579.8
115.05.22,N05,Y0,桃子-其他,423,東勢鎮,169.3,96,45.8,90.31,14563
115.05.22,N05,Y1,桃子-水蜜桃,423,東勢鎮,116.6,80.6,50,82.16,51
115.05.22,N05,Y3,桃子-甜桃,423,東勢鎮,100,69.4,47.3,75.08,66
115.05.22,N05,Y4,桃子-早桃,423,東勢鎮,58.3,47,30,46.84,2924.4
115.05.22,N05,Y5,桃子-福壽桃,423,東勢鎮,83.3,68.8,50,68.38,117
115.05.22,N04,FB1,花椰菜-青梗,514,溪湖鎮,31.7,27,19.8,26.5,23603
115.05.22,N04,FC1,胡瓜-黑刺,514,溪湖鎮,23.4,17.6,15,18.2,688
115.05.22,N04,FD1,花胡瓜,514,溪湖鎮,40.3,35,28.3,34.7,1008
115.05.22,N04,FE1,冬瓜-白皮,514,溪湖鎮,32.7,27.9,18.2,26.9,671
115.05.22,N04,FF1,絲瓜,514,溪湖鎮,35.5,27.8,21.2,28,5027
115.05.22,N04,FG1,苦瓜-白大米,514,溪湖鎮,41.7,34.7,20.8,33.3,3675
115.05.22,N04,FG2,苦瓜-青大米,514,溪湖鎮,40,40,40,40,42
115.05.22,N04,FH3,扁蒲-花蒲,514,溪湖鎮,26.8,17.6,12,18.3,1263
115.05.22,N04,FI2,茄子-麻荸茄,514,溪湖鎮,45,38.1,24.6,36.8,398
115.05.22,N04,FJ1,番茄-黑柿,514,溪湖鎮,33.3,33.3,33.3,33.3,100
115.05.22,N04,FK5,甜椒-青椒,514,溪湖鎮,72,69,66.7,69.2,130
115.05.22,N04,FM1,菜豆-白色,514,溪湖鎮,61.3,48.4,31.9,47.6,639
115.05.22,N04,FM2,菜豆-青色,514,溪湖鎮,50,41.6,35.6,42.1,227
115.05.22,N04,FN1,敏豆-白豆,514,溪湖鎮,135.5,119.7,84.9,115.9,72
115.05.22,N04,FT1,南瓜-木瓜形,514,溪湖鎮,30.5,28.7,19.8,27.3,1004
115.05.22,N04,FT7,南瓜-栗子,514,溪湖鎮,100,100,100,100,10
115.05.22,N04,FX2,虎豆-福豆,514,溪湖鎮,60,60,60,60,36
115.05.22,N04,FY0,玉米-其他,514,溪湖鎮,23.3,22.7,21.7,22.6,735
115.05.22,N04,LA1,甘藍-初秋,514,溪湖鎮,29.7,22.7,17.3,23,14848
115.05.22,N04,LA7,甘藍-改良尖,514,溪湖鎮,24,19.1,15,19.2,7477
115.05.22,N04,LB1,小白菜-土白菜,514,溪湖鎮,17,12.3,7.5,12.3,3502
115.05.22,N04,LC1,包心白-包白,514,溪湖鎮,15.5,13.2,10,13,14659
115.05.22,N04,LD1,青江白菜-小梗,514,溪湖鎮,13,10,5,9.6,3500
115.05.22,N04,LF2,蕹菜-小葉,514,溪湖鎮,10,6.7,5,7,3600
115.05.22,N04,LG2,芹菜-白梗,514,溪湖鎮,73.6,53.4,26.7,52.1,1200
115.05.22,N04,LK2,芥藍菜,514,溪湖鎮,16.7,12.5,7.5,12.3,3552
115.05.22,N04,LN1,油菜,514,溪湖鎮,12.5,10,5,9.5,3501
115.05.22,N04,SA32,蘿蔔-矸仔,514,溪湖鎮,14.4,12.6,9.2,12.3,14438
115.05.22,N04,SB1,胡蘿蔔-未洗,514,溪湖鎮,18.8,14.5,10,14.5,4056
115.05.22,N04,SD1,洋蔥-本產,514,溪湖鎮,17.8,14.4,10,14.2,3714
115.05.22,N04,SE6,青蔥-粉蔥,514,溪湖鎮,52.1,50,41.5,48.7,588
115.05.22,N04,SF3,韭菜-韭菜花,514,溪湖鎮,101,73.7,66.7,77.8,66
115.05.22,N04,SO0,甘薯-其他,514,溪湖鎮,23.8,19.2,14,19.1,3347
115.05.22,N04,SX1,芽菜類-綠豆芽,514,溪湖鎮,13,13,13,13,1123
115.05.22,N05,11,椰子,600,嘉義市,15,12,8,12,1200
115.05.22,N05,51,百香果-改良種,600,嘉義市,120,83,45,83,1700
115.05.22,N05,72,小番茄-聖女,600,嘉義市,83,55,33,55,4800
115.05.22,N05,74,小番茄-玉女,600,嘉義市,166,130,100,130,1000
115.05.22,N05,812,紅龍果-紅肉,600,嘉義市,83,66,12,66,1500
115.05.22,N05,839,櫻桃-進口,600,嘉義市,500,500,500,500,180
115.05.22,N05,859,榴槤-進口,600,嘉義市,233,125,125,125,4500
115.05.22,N05,91,其他,600,嘉義市,25,18,13,18,5000
115.05.22,N05,A1,香蕉,600,嘉義市,30,20,14,20,5000
115.05.22,N05,B2,鳳梨-金鑽鳳梨,600,嘉義市,23,20,12,20,22000
115.05.22,N05,E9,甜橙-進口,600,嘉義市,83,70,55,70,1500
115.05.22,N05,F1,雜柑-檸檬,600,嘉義市,77,60,45,60,1500
115.05.22,N05,G49,奇異果-進口,600,嘉義市,155,124,100,124,2500
115.05.22,N05,I1,木瓜-網室紅肉,600,嘉義市,40,26,18,26,8000
115.05.22,N05,J1,荔枝-玉荷包,600,嘉義市,133,115,90,115,2500
115.05.22,N05,J3,荔枝-糯米,600,嘉義市,77,60,50,60,2500
115.05.22,N05,N2,李-桃接李,600,嘉義市,60,30,15,30,2500
115.05.22,N05,N9,李-進口,600,嘉義市,115,94,66,94,1200
115.05.22,N05,O2,梨-秋水梨,600,嘉義市,160,130,100,130,2400
115.05.22,N05,P1,番石榴-珍珠芭,600,嘉義市,48,40,28,40,3500
115.05.22,N05,Q1,蓮霧-紅蓮霧,600,嘉義市,118,66,27,66,1800
115.05.22,N05,R1,芒果-愛文,600,嘉義市,95,66,50,66,7500
115.05.22,N05,R2,芒果-玉文,600,嘉義市,60,50,33,50,600
115.05.22,N05,R3,芒果-本島,600,嘉義市,83,50,33,50,3500
115.05.22,N05,R6,芒果-金煌,600,嘉義市,70,42,25,42,1500
115.05.22,N05,S1,葡萄-巨峰,600,嘉義市,120,85,55,85,2000
115.05.22,N05,S9,葡萄-進口,600,嘉義市,200,120,100,120,1500
115.05.22,N05,T1,西瓜-大西瓜,600,嘉義市,22,13,7,13,15000
115.05.22,N05,T3,西瓜-黑美人,600,嘉義市,14,7,4,7,14000
115.05.22,N05,T4,西瓜-鳳光英妙,600,嘉義市,14,7,4,7,12000
115.05.22,N05,T5,西瓜-黃肉,600,嘉義市,13,7,4,7,17000
115.05.22,N05,V1,甜瓜-美濃,600,嘉義市,42,26,15,26,1800
115.05.22,N05,W1,洋香瓜-網狀紅肉,600,嘉義市,45,33,20,33,2000
115.05.22,N05,W2,洋香瓜-網狀綠肉,600,嘉義市,50,28,20,28,1500
115.05.22,N05,X09,蘋果-其他進口,600,嘉義市,155,98,66,98,6800
115.05.22,N05,Y1,桃子-水蜜桃,600,嘉義市,240,156,83,156,2000
115.05.22,N05,Y4,桃子-早桃,600,嘉義市,83,45,25,45,1800
115.05.22,N05,Y9,桃子-進口,600,嘉義市,100,66,50,66,2200
115.05.22,N05,11,椰子,800,高雄市,13,11.6,10,11.55,2070
115.05.22,N05,469,藍莓-進口,800,高雄市,600,538.9,450,533.33,60
115.05.22,N05,51,百香果-改良種,800,高雄市,70,70,70,70,48
115.05.22,N05,72,小番茄-聖女,800,高雄市,70.9,47.6,26.7,48.08,1318
115.05.22,N05,74,小番茄-玉女,800,高雄市,140,137,135,137.22,54
115.05.22,N05,812,紅龍果-紅肉,800,高雄市,70,70,70,70,20
115.05.22,N05,839,櫻桃-進口,800,高雄市,500,500,500,500,220
115.05.22,N05,859,榴槤-進口,800,高雄市,233.3,179.8,140,182.56,1720
115.05.22,N05,869,山竹-進口,800,高雄市,583.3,583.3,583.3,583.3,12
115.05.22,N05,91,其他,800,高雄市,35.3,27.9,21.5,28.1,1761
115.05.22,N05,A1,香蕉,800,高雄市,30,20.4,15,21.21,1400
115.05.22,N05,B2,鳳梨-金鑽鳳梨,800,高雄市,27.7,21,18,21.75,9426
115.05.22,N05,F1,雜柑-檸檬,800,高雄市,70,55,50,57,900
115.05.22,N05,F4,雜柑-桔子,800,高雄市,65,52.5,45,53.5,500
115.05.22,N04,FA1,黃秋葵,800,高雄市,73.8,31.8,7.9,35.43,927
115.05.22,N04,FB1,花椰菜-青梗,800,高雄市,64.1,41.4,17,41.08,2411
115.05.22,N04,FC1,胡瓜-黑刺,800,高雄市,35.3,20,11.6,21.4,4872
115.05.22,N04,FD0,花胡瓜-其他,800,高雄市,82,37.6,25.4,44.07,198
115.05.22,N04,FD1,花胡瓜,800,高雄市,46.6,26.7,5.3,26.38,5115
115.05.22,N04,FE1,冬瓜-白皮,800,高雄市,17.6,12,8,12.31,3168
115.05.22,N04,FF0,絲瓜-其他,800,高雄市,20,13,5,12.83,739
115.05.22,N04,FF1,絲瓜,800,高雄市,41.7,18.4,14.2,22.25,9936
115.05.22,N04,FF2,絲瓜-角瓜,800,高雄市,50,33.4,26.1,35.28,363
115.05.22,N04,FG1,苦瓜-白大米,800,高雄市,53.6,30.3,13.2,31.53,2767
115.05.22,N04,FG4,苦瓜-翠綠,800,高雄市,40,31.4,17.6,30.35,1030
115.05.22,N04,FH3,扁蒲-花蒲,800,高雄市,25,11.2,2.3,12.18,2590
115.05.22,N04,FH4,扁蒲-梨子蒲,800,高雄市,20,15.8,2,13.86,616
115.05.22,N04,FI0,茄子-其他,800,高雄市,26,26,26,26,12
115.05.22,N04,FI1,茄子-胭脂茄,800,高雄市,20,18.9,18,18.96,830
115.05.22,N04,FI2,茄子-麻荸茄,800,高雄市,40.4,16.7,5.8,19.26,2030
115.05.22,N04,FI3,茄子-日本種,800,高雄市,17,11.2,9.1,11.94,109
115.05.22,N04,FJ1,番茄-黑柿,800,高雄市,99.8,79.1,50,77.39,1000
115.05.22,N04,FJ3,番茄-牛番茄,800,高雄市,78,67,38.5,63.54,5011
115.05.22,N04,FK3,甜椒-新香,800,高雄市,50,50,33.9,46.79,224
115.05.22,N04,FK4,甜椒-彩色種,800,高雄市,18.4,14.6,9.3,14.3,142
115.05.22,N04,FK41,甜椒-彩色種 紅色,800,高雄市,127.3,70.8,11.5,70.27,1100
115.05.22,N04,FK42,甜椒-彩色種 黃色,800,高雄市,136.1,69.7,7.8,70.59,852
115.05.22,N04,FK5,甜椒-青椒,800,高雄市,78,49.8,27.8,51.04,2832
115.05.22,N04,FK6,甜椒-水果彩椒,800,高雄市,60,60,32.4,54.48,174
115.05.22,N04,FK94,甜椒-進口 彩色種,800,高雄市,3.7,2.1,2,2.37,150
115.05.22,N04,FL96,豌豆-進口 甜豌豆,800,高雄市,92,92,92,92,16
115.05.22,N04,FM2,菜豆-青色,800,高雄市,60,32.8,6.9,33.06,953
115.05.22,N04,FN1,敏豆-白豆,800,高雄市,147.3,87.1,24.9,86.73,1318
115.05.22,N04,FN2,敏豆-青豆,800,高雄市,70,70,70,70,112
115.05.22,N04,FN3,敏豆-粉豆,800,高雄市,30,30,30,30,19
115.05.22,N04,FN5,敏豆-醜豆,800,高雄市,73.8,43,22.1,44.98,723
115.05.22,N04,FP1,萊豆-豆莢,800,高雄市,90,78.4,60,77.06,564
115.05.22,N04,FQ1,毛豆-豆莢,800,高雄市,30,30,30,30,12
115.05.22,N04,FR1,青花苔,800,高雄市,55,31.8,15,33.11,185
115.05.22,N04,FR9,青花苔-進口,800,高雄市,75.5,63.2,20.7,57.15,2931
115.05.22,N04,FT11,南瓜-木瓜型 阿成,800,高雄市,30.2,23.8,13.9,23.12,5413
115.05.22,N04,FT12,南瓜-木瓜型 阿嬌,800,高雄市,15,15,15,15,60
115.05.22,N04,FT2,南瓜-圓形,800,高雄市,34.2,30,30,30.83,480
115.05.22,N04,FT5,南瓜-青如意,800,高雄市,62.7,29.4,4.8,31.14,5831
115.05.22,N04,FT7,南瓜-栗子,800,高雄市,30,29.8,28,29.5,1369
115.05.22,N04,FT72,南瓜-栗子 小黑,800,高雄市,32,21.1,16,22.26,690
115.05.22,N04,FU1,隼人瓜,800,高雄市,15,8.2,4.1,8.77,1389
115.05.22,N04,FU2,隼人瓜-瓜苗,800,高雄市,80,65.2,55,66.11,180
115.05.22,N04,FV1,辣椒-紅小,800,高雄市,119.1,66.3,20,67.58,671
115.05.22,N04,FV4,辣椒-朝天椒,800,高雄市,60.5,41.7,18.3,40.76,1360
115.05.22,N04,FV6,辣椒-糯米椒,800,高雄市,145,108.3,34.2,100.81,501
115.05.22,N04,FV91,辣椒-進口 紅小,800,高雄市,10,10,10,10,14
115.05.22,N04,FX1,花豆,800,高雄市,80,80,80,80,8
115.05.22,N04,FY4,玉米-玉米筍,800,高雄市,37.9,26.8,20,27.69,150
115.05.22,N04,FY41,玉米-玉米筍 帶殼,800,高雄市,25.4,16.4,6,16.11,3547
115.05.22,N04,FY5,玉米-糯米黑,800,高雄市,35,25.3,18,25.8,1708
115.05.22,N04,FY6,玉米-甜軟殼,800,高雄市,33.5,20,7.6,20.23,3382
115.05.22,N04,FY8,玉米-白龍王,800,高雄市,50,40.5,10.9,36.49,350
115.05.22,N04,FZ2,落花生-熟,800,高雄市,70,70,70,70,200
115.05.22,N05,G3,酪梨,800,高雄市,85,85,85,85,249
115.05.22,N05,G49,奇異果-進口,800,高雄市,175,172.5,162.5,171.03,1070
115.05.22,N05,I1,木瓜-網室紅肉,800,高雄市,40,26.1,20,27.67,5838
115.05.22,N05,I4,木瓜-青木瓜,800,高雄市,30,27.3,22.6,26.92,312
115.05.22,N05,J1,荔枝-玉荷包,800,高雄市,136.3,117.5,110,119.75,1560
115.05.22,N04,LA1,甘藍-初秋,800,高雄市,24.8,22.1,17,21.62,34130
115.05.22,N04,LA4,甘藍-紫色,800,高雄市,20,17.5,15,17.5,150
115.05.22,N04,LA7,甘藍-改良尖,800,高雄市,21,19.4,16.6,19.17,5814
115.05.22,N04,LA9,甘藍-進口,800,高雄市,15.3,14.3,13.9,14.44,3240
115.05.22,N04,LB0,小白菜-其他,800,高雄市,10.7,5.7,3.1,6.19,215
115.05.22,N04,LB1,小白菜-土白菜,800,高雄市,34.1,26.1,18.8,26.21,2442
115.05.22,N04,LB2,小白菜-蚵仔白,800,高雄市,29.6,20.9,4.4,19.33,3782
115.05.22,N04,LB3,小白菜-奶油白,800,高雄市,30,15.6,7.1,16.78,1269
115.05.22,N04,LC0,包心白-其他,800,高雄市,28.6,12,12,15.32,708
115.05.22,N04,LC1,包心白-包白,800,高雄市,25.8,20.4,7.4,18.88,9839
115.05.22,N04,LC3,包心白-包頭蓮,800,高雄市,10,10,10,10,80
115.05.22,N04,LC90,包心白菜-進口 其他,800,高雄市,16.8,10.6,6.5,11.04,2829
115.05.22,N04,LC93,包心白菜-進口 包頭蓮 ,800,高雄市,31.5,27.9,18.4,26.71,9958
115.05.22,N04,LD1,青江白菜-小梗,800,高雄市,34.9,20,3.6,19.72,5639
115.05.22,N04,LE1,皇宮菜-小葉,800,高雄市,100,81.6,10,70.94,192
115.05.22,N04,LF2,蕹菜-小葉,800,高雄市,56.6,29.9,8.2,30.88,3539
115.05.22,N04,LG2,芹菜-白梗,800,高雄市,88.9,41.7,20.2,46.81,2250
115.05.22,N04,LG3,芹菜-西洋芹菜,800,高雄市,30,28.2,21.2,27.15,1055
115.05.22,N04,LH1,菠菜-圓葉,800,高雄市,15,4.3,2,6,175
115.05.22,N04,LH2,菠菜-角葉,800,高雄市,80,39.7,16.9,43.18,3285
115.05.22,N04,LI1,萵苣菜-廣東菜,800,高雄市,30,30,30,30,10
115.05.22,N04,LI2,萵苣菜-結球萵,800,高雄市,50,25.6,1.2,25.59,518
115.05.22,N04,LI3,萵苣菜-本島圓葉,800,高雄市,50,35.2,7.5,32.64,1108
115.05.22,N04,LI5,萵苣菜-油麥菜,800,高雄市,30,19.2,2.2,17.97,7780
115.05.22,N04,LI6,萵苣菜-蘿美,800,高雄市,55,51.2,43.1,50.34,350
115.05.22,N04,LI92,萵苣菜-進口 結球萵,800,高雄市,10,1,1,2.8,900
115.05.22,N04,LI96,萵苣菜-進口 蘿美,800,高雄市,22.7,13.6,11.5,15.02,223
115.05.22,N04,LJ1,芥菜-芥菜仁,800,高雄市,16,14,13,14.2,100
115.05.22,N04,LJ3,芥菜-大芥菜,800,高雄市,4,2.3,1.5,2.5,200
115.05.22,N04,LJ4,芥菜-小芥菜,800,高雄市,25,19.6,2.2,17.23,910
115.05.22,N04,LK2,芥藍菜,800,高雄市,54,21.7,2,24.22,2147
115.05.22,N04,LK3,芥藍菜-芥藍芽,800,高雄市,93.8,36.9,9.8,42.86,1522
115.05.22,N04,LM2,莧菜-白莧菜,800,高雄市,50,40.9,27.2,39.96,615
115.05.22,N04,LN1,油菜,800,高雄市,29,14.3,4,15.2,2340
115.05.22,N04,LO1,甘薯葉,800,高雄市,40,28.2,10.2,26.96,4432
115.05.22,N04,LP1,芫荽,800,高雄市,85.5,26.8,2,33.6,440
115.05.22,N04,LP2,九層塔,800,高雄市,67.2,47.3,23.5,46.53,1131
115.05.22,N04,LQ1,紅鳳菜-紅鳳菜,800,高雄市,38,38,38,38,11
115.05.22,N04,LT2,海菜-海帶,800,高雄市,55,53.4,50,53.05,307
115.05.22,N04,LV1,巴西利,800,高雄市,20,20,20,20,64
115.05.22,N04,MA1,洋菇,800,高雄市,150,150,150,150,80
115.05.22,N04,MC1,濕木耳,800,高雄市,110,105.1,100,105.06,162
115.05.22,N04,MD1,濕香菇,800,高雄市,150,112.3,67.7,110.91,328
115.05.22,N04,ME1,金絲菇-金針菇,800,高雄市,52.4,40.2,40,42.59,850
115.05.22,N04,MI1,秀珍菇,800,高雄市,90,90,90,90,70
115.05.22,N04,MJ1,杏鮑菇,800,高雄市,100,94.3,69.9,90.56,696
115.05.22,N04,MK1,鴻喜菇,800,高雄市,100,100,100,100,130
115.05.22,N04,ML1,珊瑚菇,800,高雄市,100,100,100,100,90
115.05.22,N05,N3,李-紅肉李,800,高雄市,89.2,63.4,50,65.88,1026
115.05.22,N04,OA1,鹹菜-清心,800,高雄市,40,40,40,40,700
115.05.22,N04,OA2,鹹菜-帶葉,800,高雄市,32.1,30,30,30.42,1181
115.05.22,N04,OB1,雪里紅,800,高雄市,40,34,30,34.4,500
115.05.22,N04,OD1,蘿蔔乾,800,高雄市,60,51,50,52.61,716
115.05.22,N04,OE1,醃瓜-乾,800,高雄市,60,60,60,60,95
115.05.22,N04,OE2,醃瓜-漬,800,高雄市,60,60,60,60,56
115.05.22,N04,OH1,桶筍-麻竹筍,800,高雄市,80,80,80,80,305
115.05.22,N04,OH2,桶筍-綠竹筍,800,高雄市,90,90,90,90,180
115.05.22,N04,OH3,桶筍-桂竹筍,800,高雄市,80,80,80,80,227
115.05.22,N04,OH4,桶筍-箭竹筍,800,高雄市,150,150,150,150,112
115.05.22,N04,OI1,筍乾,800,高雄市,70,70,70,70,177
115.05.22,N04,OI2,筍絲,800,高雄市,50,50,50,50,122
115.05.22,N04,OI3,筍片,800,高雄市,75,75,75,75,50
115.05.22,N04,OI4,筍茸,800,高雄市,60,60,60,60,136
115.05.22,N04,OX1,其他,800,高雄市,40.9,39.9,23.3,36.79,9489
115.05.22,N05,P1,番石榴-珍珠芭,800,高雄市,70,58.6,30,55.17,1648
115.05.22,N05,Q1,蓮霧-紅蓮霧,800,高雄市,57.8,45.5,40,46.88,576
115.05.22,N05,R1,芒果-愛文,800,高雄市,96.1,60,50,65.22,3342
115.05.22,N05,R2,芒果-玉文,800,高雄市,50,44.3,40,44.55,694
115.05.22,N05,R3,芒果-本島,800,高雄市,50,39.3,30,39.58,1641
115.05.22,N05,R31,芒果-夏雪,800,高雄市,75,75,75,75,6
115.05.22,N05,R5,芒果-黑香金興,800,高雄市,50,50,50,50,120
115.05.22,N05,R6,芒果-金煌,800,高雄市,50,41.9,35,42.17,954
115.05.22,N05,S1,葡萄-巨峰,800,高雄市,156.7,124.4,100,126,750
115.05.22,N04,SA3,蘿蔔-矸仔,800,高雄市,15.3,9.9,1.7,9.33,9506
115.05.22,N04,SA4,蘿蔔-櫻桃,800,高雄市,210,182.5,155,182.5,20
115.05.22,N04,SA7,蘿蔔-甜菜根,800,高雄市,40,40,40,40,200
115.05.22,N04,SA9,蘿蔔-進口,800,高雄市,19.6,17,13,16.69,4524
115.05.22,N04,SB1,胡蘿蔔-未洗,800,高雄市,15,13.8,10,13.26,552
115.05.22,N04,SB2,胡蘿蔔-清洗,800,高雄市,17.7,13,8.1,12.93,10984
115.05.22,N04,SC1,馬鈴薯-本產,800,高雄市,29.7,22.6,13.4,22.16,4063
115.05.22,N04,SC9,馬鈴薯-進口,800,高雄市,40,28.6,16.4,28.45,854
115.05.22,N04,SD1,洋蔥-本產,800,高雄市,22.1,19.4,14.2,18.9,4280
115.05.22,N04,SD9,洋蔥-進口,800,高雄市,29.2,26.4,21.3,25.95,2695
115.05.22,N04,SE3,青蔥-大蔥,800,高雄市,50,50,50,50,22
115.05.22,N04,SE5,青蔥-紅蔥頭,800,高雄市,90,69.1,55,70.48,251
115.05.22,N04,SE6,青蔥-粉蔥,800,高雄市,91.3,57.5,23,57.35,2517
115.05.22,N04,SF1,韭菜-白頭,800,高雄市,100,83.2,35.9,77.1,417
115.05.22,N04,SF2,韭菜-韭菜黃,800,高雄市,125,125,125,125,128
115.05.22,N04,SF3,韭菜-韭菜花,800,高雄市,100,74.1,60,76.45,207
115.05.22,N04,SG2,大蒜-軟梗,800,高雄市,87.6,59.6,32,59.68,1558
115.05.22,N04,SG4,大蒜-蔥蒜,800,高雄市,10,10,10,10,60
115.05.22,N04,SG5,大蒜-蒜頭,800,高雄市,110,89.9,37.9,83.53,610
115.05.22,N04,SG6,大蒜-蒜仁,800,高雄市,100,73.9,53.9,75.1,490
115.05.22,N04,SG7,大蒜-蒜瓣,800,高雄市,145,32.1,15,51.25,40
115.05.22,N04,SH5,竹筍-烏殼綠,800,高雄市,62.7,47.8,36.4,48.52,2698
115.05.22,N04,SJ2,芋-檳榔心芋,800,高雄市,68.5,60.2,40.5,57.91,924
115.05.22,N04,SL1,豆薯,800,高雄市,22,22,21.7,21.93,1505
115.05.22,N04,SM1,牛蒡,800,高雄市,33,28,28,29,100
115.05.22,N04,SN1,蓮藕,800,高雄市,65,58.7,29,54,810
115.05.22,N04,SO0,甘薯-其他,800,高雄市,11,10.3,10,10.4,125
115.05.22,N04,SO1,甘薯-臺農57號,800,高雄市,25,18.4,7.5,17.52,3156
115.05.22,N04,SO2,甘薯-芋仔甘薯,800,高雄市,13.7,9.3,6.9,9.7,575
115.05.22,N04,SO3,甘薯-臺農66號,800,高雄市,25,19.3,8.6,18.31,3094
115.05.22,N04,SP1,薑-老薑,800,高雄市,130,108.5,100,111.08,352
115.05.22,N04,SP2,薑-嫩薑,800,高雄市,120,114.1,100,112.48,133
115.05.22,N04,SP3,薑-粉薑,800,高雄市,100,97.7,90,96.64,238
115.05.22,N04,SQ1,茭白筍-帶殼,800,高雄市,86.8,68.1,53.5,68.92,1318
115.05.22,N04,SQ3,茭白筍-去殼,800,高雄市,177.2,134,56,127.03,564
115.05.22,N04,SU2,薯蕷-白薯蕷,800,高雄市,100,100,100,100,201
115.05.22,N04,SU21,薯蕷-白薯蕷 人參,800,高雄市,40,27.1,17.9,27.87,390
115.05.22,N04,SU9,薯蕷-進口,800,高雄市,130,130,130,130,110
115.05.22,N04,SV1,蘆筍-白蘆筍,800,高雄市,150,150,150,150,4
115.05.22,N04,SV2,蘆筍-綠蘆筍,800,高雄市,200,152.1,96.6,150.59,372
115.05.22,N04,SV3,蘆筍-蘆筍花,800,高雄市,80,80,80,80,14
115.05.22,N04,SV92,蘆筍-進口 綠蘆筍,800,高雄市,250,229.5,185,224.72,144
115.05.22,N04,SW1,球莖甘藍,800,高雄市,11,7.2,4,7.3,200
115.05.22,N04,SX1,芽菜類-綠豆芽,800,高雄市,30,30,30,30,4826
115.05.22,N04,SX2,芽菜類-黃豆芽,800,高雄市,30,30,30,30,664
115.05.22,N04,SX3,芽菜類-豌豆芽,800,高雄市,80,80,80,80,212
115.05.22,N04,SX4,芽菜類-苜蓿芽,800,高雄市,80,80,80,80,70
115.05.22,N04,SZ8,香茅,800,高雄市,30,26.3,10,23.75,32
115.05.22,N05,T1,西瓜-大西瓜,800,高雄市,25,21,15,20.6,11080
115.05.22,N05,T2,西瓜-無子西瓜,800,高雄市,12,12,12,12,120
115.05.22,N05,T5,西瓜-黃肉,800,高雄市,14.9,13.5,12.4,13.56,1600
115.05.22,N05,T7,西瓜-秀鈴,800,高雄市,10,8.3,8,8.57,119
115.05.22,N05,V1,甜瓜-美濃,800,高雄市,25,11.2,6.7,13.04,345
115.05.22,N05,W1,洋香瓜-網狀紅肉,800,高雄市,40,34.6,30,34.76,252
115.05.22,N05,X69,蘋果-富士進口,800,高雄市,102.1,76.4,65,79.25,7060
115.05.22,N05,Y1,桃子-水蜜桃,800,高雄市,218.6,109.7,19.2,113.39,280
115.05.22,N05,Y3,桃子-甜桃,800,高雄市,107.1,92.4,80,92.86,504
115.05.22,N05,Y5,桃子-福壽桃,800,高雄市,80,73.2,60,71.94,834
115.05.22,N05,Y9,桃子-進口,800,高雄市,472.2,374.3,328.3,384.68,1279
115.05.22,N05,11,椰子,830,鳳山區,14,12.5,9.2,12.5,1380
115.05.22,N05,51,百香果-改良種,830,鳳山區,109.1,74.9,40.7,74.9,440
115.05.22,N05,72,小番茄-聖女,830,鳳山區,68.3,48,26.9,48,510
115.05.22,N05,812,紅龍果-紅肉,830,鳳山區,90.6,70.5,51.2,70.5,510
115.05.22,N05,A1,香蕉,830,鳳山區,30,19,12,19,16750
115.05.22,N05,B2,鳳梨-金鑽鳳梨,830,鳳山區,30.1,19.4,13,19.4,37490
115.05.22,N05,F1,雜柑-檸檬,830,鳳山區,68.8,59.9,43,59.9,810
115.05.22,N04,FA1,黃秋葵,830,鳳山區,35.3,14.9,10,18,815
115.05.22,N04,FB1,花椰菜-青梗,830,鳳山區,37.3,28.8,21.2,29,1920
115.05.22,N04,FB2,花椰菜-白梗,830,鳳山區,20,20,20,20,600
115.05.22,N04,FC1,胡瓜-黑刺,830,鳳山區,29.4,17.1,10.1,18.2,2220
115.05.22,N04,FD1,花胡瓜,830,鳳山區,33.9,14.9,7,17.1,2790
115.05.22,N04,FE1,冬瓜-白皮,830,鳳山區,9.1,7.9,7,8,2110
115.05.22,N04,FF1,絲瓜,830,鳳山區,28.2,14.6,8,16,3380
115.05.22,N04,FG1,苦瓜-白大米,830,鳳山區,34.1,13.8,7,16.5,2500
115.05.22,N04,FG3,苦瓜-山苦瓜,830,鳳山區,13.8,13.8,13.8,13.8,100
115.05.22,N04,FG4,苦瓜-翠綠,830,鳳山區,12.1,11.4,11.3,11.5,12
115.05.22,N04,FI1,茄子-胭脂茄,830,鳳山區,27.3,10.5,5,12.8,910
115.05.22,N04,FI2,茄子-麻荸茄,830,鳳山區,29.1,14.1,5,15.3,1806
115.05.22,N04,FI3,茄子-日本種,830,鳳山區,10.5,9.8,9.5,9.9,10
115.05.22,N04,FJ3,番茄-牛番茄,830,鳳山區,66,52.7,28,50.4,360
115.05.22,N04,FK3,甜椒-新香,830,鳳山區,15,14.8,14.8,14.8,20
115.05.22,N04,FK4,甜椒-彩色種,830,鳳山區,12.9,9,3.9,8.8,170
115.05.22,N04,FK5,甜椒-青椒,830,鳳山區,60.4,31.3,20,34.9,950
115.05.22,N04,FL1,豌豆-白花,830,鳳山區,22.3,22.2,22.2,22.2,360
115.05.22,N04,FM2,菜豆-青色,830,鳳山區,38.2,25.5,21.8,27.3,330
115.05.22,N04,FR1,青花苔,830,鳳山區,13.1,13,12.6,13,500
115.05.22,N04,FT1,南瓜-木瓜形,830,鳳山區,17.4,14.3,12.5,14.6,550
115.05.22,N04,FT11,南瓜-木瓜型 阿成,830,鳳山區,10,9.8,9.8,9.9,20
115.05.22,N04,FT5,南瓜-青如意,830,鳳山區,9,8.8,8.8,8.9,30
115.05.22,N04,FU1,隼人瓜,830,鳳山區,5.4,4.9,4.6,4.9,12
115.05.22,N04,FV1,辣椒-紅小,830,鳳山區,30.7,16.5,10,18,890
115.05.22,N04,FV4,辣椒-朝天椒,830,鳳山區,24.9,16.7,14.8,17.9,44
115.05.22,N04,FY41,玉米-玉米筍 帶殼,830,鳳山區,13.6,9.9,8.9,10.5,66
115.05.22,N04,FY6,玉米-甜軟殼,830,鳳山區,26.2,16,6,16,2035
115.05.22,N05,G3,酪梨,830,鳳山區,90.6,90.6,90.6,90.6,250
115.05.22,N05,I1,木瓜-網室紅肉,830,鳳山區,38.1,23.4,17,23.4,14720
115.05.22,N05,J1,荔枝-玉荷包,830,鳳山區,137.1,113.8,90,113.8,970
115.05.22,N04,LA1,甘藍-初秋,830,鳳山區,24,16.6,8.6,16.5,13260
115.05.22,N04,LB1,小白菜-土白菜,830,鳳山區,14,10.1,8,10.5,2360
115.05.22,N04,LB2,小白菜-蚵仔白,830,鳳山區,11,9,8,9.2,3340
115.05.22,N04,LC1,包心白-包白,830,鳳山區,17.3,10.2,5.8,10.8,7620
115.05.22,N04,LD1,青江白菜-小梗,830,鳳山區,10,8.5,7,8.5,3250
115.05.22,N04,LF1,蕹菜-大葉,830,鳳山區,20,11.8,8,12.7,1890
115.05.22,N04,LF2,蕹菜-小葉,830,鳳山區,13.1,9.3,8,9.8,2600
115.05.22,N04,LG2,芹菜-白梗,830,鳳山區,45.1,24.7,16,27,930
115.05.22,N04,LH1,菠菜-圓葉,830,鳳山區,27.1,16.3,12,17.6,1430
115.05.22,N04,LI2,萵苣菜-結球萵,830,鳳山區,30.5,12.3,10.5,15.6,1216
115.05.22,N04,LI3,萵苣菜-本島圓葉,830,鳳山區,22.2,13.5,10,14.6,1950
115.05.22,N04,LI5,萵苣菜-油麥菜,830,鳳山區,16,9.5,6.1,10.1,2970
115.05.22,N04,LI9,萵苣菜-進口,830,鳳山區,0.6,0.6,0.6,0.6,424
115.05.22,N04,LJ4,芥菜-小芥菜,830,鳳山區,21.1,14.8,12,15.5,980
115.05.22,N04,LK2,芥藍菜,830,鳳山區,7.5,7.4,7.4,7.4,40
115.05.22,N04,LN1,油菜,830,鳳山區,11,8.8,7,8.9,3340
115.05.22,N04,LO1,甘薯葉,830,鳳山區,11.1,8.2,7,8.5,2444
115.05.22,N04,LT2,海菜-海帶,830,鳳山區,27.3,27.3,27.3,27.3,220
115.05.22,N04,OA1,鹹菜-清心,830,鳳山區,10,10,10,10,660
115.05.22,N04,OE1,醃瓜-乾,830,鳳山區,20,20,20,20,300
115.05.22,N04,OX1,其他,830,鳳山區,14.3,13.4,11.9,13.3,1130
115.05.22,N05,P1,番石榴-珍珠芭,830,鳳山區,72.5,49.5,30,49.5,2730
115.05.22,N05,Q1,蓮霧-紅蓮霧,830,鳳山區,61.6,44.3,23.1,44.3,400
115.05.22,N05,R1,芒果-愛文,830,鳳山區,95.2,59.8,32,59.8,4840
115.05.22,N05,R2,芒果-玉文,830,鳳山區,52.2,47.7,39.7,47.7,1060
115.05.22,N05,R3,芒果-本島,830,鳳山區,50.6,35.8,19,35.8,1490
115.05.22,N05,R6,芒果-金煌,830,鳳山區,53.3,40.2,28.5,40.2,740
115.05.22,N05,S1,葡萄-巨峰,830,鳳山區,110.4,95,63.3,95,490
115.05.22,N04,SA1,蘿蔔-梅花,830,鳳山區,2,2,2,2,150
115.05.22,N04,SA3,蘿蔔-矸仔,830,鳳山區,9,5.8,2,5.7,12330
115.05.22,N04,SA9,蘿蔔-進口,830,鳳山區,16.3,15.1,14.8,15.3,600
115.05.22,N04,SB2,胡蘿蔔-清洗,830,鳳山區,18.4,12.9,8,13,6220
115.05.22,N04,SC1,馬鈴薯-本產,830,鳳山區,20,10.4,4.1,11,2620
115.05.22,N04,SC9,馬鈴薯-進口,830,鳳山區,4.9,4.9,4.9,4.9,600
115.05.22,N04,SD1,洋蔥-本產,830,鳳山區,22.2,18.2,13.1,18,1740
115.05.22,N04,SE6,青蔥-粉蔥,830,鳳山區,46.2,21.5,8,23.7,940
115.05.22,N04,SF1,韭菜-白頭,830,鳳山區,13.3,10.4,9.2,10.8,1020
115.05.22,N04,SF3,韭菜-韭菜花,830,鳳山區,64,58.3,51,58,180
115.05.22,N04,SG2,大蒜-軟梗,830,鳳山區,86,52.4,30,54.7,300
115.05.22,N04,SG5,大蒜-蒜頭,830,鳳山區,108,64.9,33.6,67.2,190
115.05.22,N04,SH5,竹筍-烏殼綠,830,鳳山區,42.5,35,26.3,34.7,1050
115.05.22,N04,SL1,豆薯,830,鳳山區,17.2,12.9,8,12.8,3260
115.05.22,N04,SM9,牛蒡-進口,830,鳳山區,24.7,24.6,24.6,24.6,50
115.05.22,N04,SO0,甘薯-其他,830,鳳山區,15.4,9.6,6.2,10.1,1270
115.05.22,N04,SO1,甘薯-臺農57號,830,鳳山區,16.5,11,7.3,11.3,6192
115.05.22,N04,SO3,甘薯-臺農66號,830,鳳山區,13.1,8,5.5,8.6,2180
115.05.22,N04,SP1,薑-老薑,830,鳳山區,20.4,17,13.3,16.9,870
115.05.22,N04,SQ1,茭白筍-帶殼,830,鳳山區,70,55.9,46.2,56.8,310
115.05.22,N04,SX1,芽菜類-綠豆芽,830,鳳山區,14.1,14.1,14.1,14.1,850
115.05.22,N05,T1,西瓜-大西瓜,830,鳳山區,23.3,15.2,12,15.2,49980
115.05.22,N05,T5,西瓜-黃肉,830,鳳山區,12,9.9,6.1,9.9,23380
115.05.22,N05,Y1,桃子-水蜜桃,830,鳳山區,150.6,111.2,63.4,111.2,310
115.05.22,N04,FA1,黃秋葵,900,屏東市,34.5,17.9,9.6,17.9,2515
115.05.22,N04,FB1,花椰菜-青梗,900,屏東市,38.6,29,23.1,29,4885
115.05.22,N04,FB2,花椰菜-白梗,900,屏東市,20,20,20,20,25000
115.05.22,N04,FC1,胡瓜-黑刺,900,屏東市,30.6,20,12.3,20,5899
115.05.22,N04,FD1,花胡瓜,900,屏東市,35.2,19.4,6.6,19.4,3864
115.05.22,N04,FE1,冬瓜-白皮,900,屏東市,7.2,7,5.7,6.8,6771
115.05.22,N04,FF0,絲瓜-其他,900,屏東市,20,10.6,5,10.6,96
115.05.22,N04,FF1,絲瓜,900,屏東市,27.8,15.5,7.4,15.5,8869
115.05.22,N04,FG1,苦瓜-白大米,900,屏東市,33.3,18.3,6.1,18.3,5969
115.05.22,N04,FG2,苦瓜-青大米,900,屏東市,41.4,27.9,15,27.9,118
115.05.22,N04,FG3,苦瓜-山苦瓜,900,屏東市,25.2,19.1,5.9,17.7,444
115.05.22,N04,FG4,苦瓜-翠綠,900,屏東市,26.5,20.4,14.8,20.4,394
115.05.22,N04,FH1,扁蒲-長形,900,屏東市,5,5,5,5,54
115.05.22,N04,FH3,扁蒲-花蒲,900,屏東市,7.4,4.9,3,4.9,717
115.05.22,N04,FH4,扁蒲-梨子蒲,900,屏東市,6,6,6,6,200
115.05.22,N04,FI0,茄子-其他,900,屏東市,5,5,5,5,120
115.05.22,N04,FI2,茄子-麻荸茄,900,屏東市,28.4,14.3,4,14.3,3309
115.05.22,N04,FI3,茄子-日本種,900,屏東市,15,15,15,15,40
115.05.22,N04,FJ3,番茄-牛番茄,900,屏東市,66.1,59.3,45.1,57.8,3189
115.05.22,N04,FK3,甜椒-新香,900,屏東市,68,34,18,34,45
115.05.22,N04,FK4,甜椒-彩色種,900,屏東市,32,30.7,30,30.7,64
115.05.22,N04,FK41,甜椒-彩色種 紅色,900,屏東市,40.2,29.7,10.9,28,542
115.05.22,N04,FK42,甜椒-彩色種 黃色,900,屏東市,44.6,25,3.4,24.6,626
115.05.22,N04,FK5,甜椒-青椒,900,屏東市,61.2,35.4,21.2,35.4,2138
115.05.22,N04,FK6,甜椒-水果彩椒,900,屏東市,10,10,10,10,108
115.05.22,N04,FL1,豌豆-白花,900,屏東市,20,20,20,20,1483
115.05.22,N04,FL6,豌豆-甜豌豆,900,屏東市,110,110,110,110,24
115.05.22,N04,FM2,菜豆-青色,900,屏東市,36.8,21.7,2.5,20.9,947
115.05.22,N04,FN1,敏豆-白豆,900,屏東市,79.4,59.2,21.1,55.7,646
115.05.22,N04,FN5,敏豆-醜豆,900,屏東市,75.8,58,30,56,292
115.05.22,N04,FR1,青花苔,900,屏東市,13.3,13.2,10,12.6,135
115.05.22,N04,FR9,青花苔-進口,900,屏東市,64.3,56.3,6.3,47.9,803
115.05.22,N04,FT1,南瓜-木瓜形,900,屏東市,23.9,16.8,12.5,16.8,852
115.05.22,N04,FT11,南瓜-木瓜型 阿成,900,屏東市,23.7,16.3,10.7,16.3,1641
115.05.22,N04,FT5,南瓜-青如意,900,屏東市,41.1,23.7,9,23.7,3326
115.05.22,N04,FT7,南瓜-栗子,900,屏東市,31.7,21.3,14,21.3,268
115.05.22,N04,FT97,南瓜-進口 栗子,900,屏東市,30,30,30,30,90
115.05.22,N04,FU1,隼人瓜,900,屏東市,13,12.1,9.1,11.7,860
115.05.22,N04,FV1,辣椒-紅小,900,屏東市,27.8,22.6,8.9,20.9,189
115.05.22,N04,FV2,辣椒-青小,900,屏東市,12,12,12,12,14
115.05.22,N04,FV4,辣椒-朝天椒,900,屏東市,39.3,30.7,15.3,29.4,308
115.05.22,N04,FV5,辣椒-青龍,900,屏東市,55,51.1,47,51,100
115.05.22,N04,FV6,辣椒-糯米椒,900,屏東市,100,93.8,50,86.2,60
115.05.22,N04,FX2,虎豆-福豆,900,屏東市,45,45,45,45,12
115.05.22,N04,FY4,玉米-玉米筍,900,屏東市,54.9,39.7,20,38.8,135
115.05.22,N04,FY41,玉米-玉米筍 帶殼,900,屏東市,17.9,11.8,6.1,11.8,1805
115.05.22,N04,FY6,玉米-甜軟殼,900,屏東市,26.7,18.1,5.7,17.4,700
115.05.22,N04,FY8,玉米-白龍王,900,屏東市,15,13.3,12,13.3,60
115.05.22,N04,LA1,甘藍-初秋,900,屏東市,23.2,18,13.9,18,19397
115.05.22,N04,LA6,甘藍-甘藍芽,900,屏東市,58.8,58.8,58.8,58.8,34
115.05.22,N04,LA7,甘藍-改良尖,900,屏東市,21.9,18.2,16.3,18.2,2630
115.05.22,N04,LA9,甘藍-進口,900,屏東市,12.6,11.6,11.1,11.6,1800
115.05.22,N04,LB1,小白菜-土白菜,900,屏東市,13.3,9.6,7.5,9.6,929
115.05.22,N04,LB2,小白菜-蚵仔白,900,屏東市,10.8,7.9,5.4,7.9,1426
115.05.22,N04,LB3,小白菜-奶油白,900,屏東市,20,11.9,6.3,11.9,486
115.05.22,N04,LC0,包心白-其他,900,屏東市,15,12.9,11.1,12.9,110
115.05.22,N04,LC1,包心白-包白,900,屏東市,18.2,9.1,5.1,9.1,8448
115.05.22,N04,LC3,包心白-包頭蓮,900,屏東市,22,22,22,22,150
115.05.22,N04,LC6,包心白-冬白芽,900,屏東市,46.4,46.4,46.4,46.4,70
115.05.22,N04,LC9,包心白-進口,900,屏東市,10.3,6.9,5.3,6.9,525
115.05.22,N04,LD1,青江白菜-小梗,900,屏東市,8.1,5.6,1.9,5.4,2534
115.05.22,N04,LE1,皇宮菜-小葉,900,屏東市,24.9,18.4,4.4,16.9,325
115.05.22,N04,LF1,蕹菜-大葉,900,屏東市,20,17.5,7.8,16.1,1098
115.05.22,N04,LF2,蕹菜-小葉,900,屏東市,12.2,10.2,7.7,10.1,1155
115.05.22,N04,LG1,芹菜-青梗,900,屏東市,12,12,12,12,833
115.05.22,N04,LG2,芹菜-白梗,900,屏東市,46,37.8,23.8,36.7,1860
115.05.22,N04,LG3,芹菜-西洋芹菜,900,屏東市,31.1,27.5,19.4,26.6,144
115.05.22,N04,LG9,芹菜-進口,900,屏東市,30,22.5,15,22.5,20
115.05.22,N04,LH1,菠菜-圓葉,900,屏東市,26.7,13.2,3.5,13.2,1650
115.05.22,N04,LH2,菠菜-角葉,900,屏東市,47.5,36,20.6,35.2,2800
115.05.22,N04,LH3,菠菜-甜菠菜,900,屏東市,25,25,25,25,20
115.05.22,N04,LI2,萵苣菜-結球萵,900,屏東市,33,12.8,2.3,12.8,638
115.05.22,N04,LI3,萵苣菜-本島圓葉,900,屏東市,22.1,16,5,15,717
115.05.22,N04,LI4,萵苣菜-本島尖葉,900,屏東市,25,22.7,20,22.6,200
115.05.22,N04,LI5,萵苣菜-油麥菜,900,屏東市,15.8,10.2,5.9,10.2,5005
115.05.22,N04,LI6,萵苣菜-蘿美,900,屏東市,36.8,20.2,13.6,20.2,369
115.05.22,N04,LI9,萵苣菜-進口,900,屏東市,6.3,6.3,5.4,6.1,240
115.05.22,N04,LI90,萵苣菜-進口 其他,900,屏東市,6.3,6.3,6.3,6.3,208
115.05.22,N04,LI92,萵苣菜-進口 結球萵,900,屏東市,8.2,6.7,6.3,6.7,208
115.05.22,N04,LJ1,芥菜-芥菜仁,900,屏東市,22.5,21,19.5,21,120
115.05.22,N04,LJ3,芥菜-大芥菜,900,屏東市,5,3.7,2,3.6,260
115.05.22,N04,LJ4,芥菜-小芥菜,900,屏東市,20.7,13,10,13,466
115.05.22,N04,LK2,芥藍菜,900,屏東市,5.8,4,2.6,4,800
115.05.22,N04,LK3,芥藍菜-芥藍芽,900,屏東市,53.5,27.6,14.9,27.6,323
115.05.22,N04,LM2,莧菜-白莧菜,900,屏東市,20,19.9,17.5,19.4,260
115.05.22,N04,LN1,油菜,900,屏東市,11,7,3.4,7,1566
115.05.22,N04,LO1,甘薯葉,900,屏東市,10.7,7.3,4.4,7.3,474
115.05.22,N04,LP1,芫荽,900,屏東市,68.6,29,15.4,29,394
115.05.22,N04,LP2,九層塔,900,屏東市,28.6,21.6,16.9,21.6,197
115.05.22,N04,LQ1,紅鳳菜-紅鳳菜,900,屏東市,13.6,11.4,10,11.4,29
115.05.22,N04,LT1,海菜-龍鬚菜,900,屏東市,15.5,12.3,4,11.3,1508
115.05.22,N04,MD1,濕香菇,900,屏東市,60,60,56.7,59.3,123
115.05.22,N04,MJ1,杏鮑菇,900,屏東市,73.3,42,31.7,42,222
115.05.22,N04,MX1,其他菇類,900,屏東市,60,58,56,58,20
115.05.22,N04,OA1,鹹菜-清心,900,屏東市,8,8,8,8,6664
115.05.22,N04,OX1,其他,900,屏東市,14,12,10,12,133120
115.05.22,N04,SA1,蘿蔔-梅花,900,屏東市,6,6,5.3,5.9,700
115.05.22,N04,SA3,蘿蔔-矸仔,900,屏東市,8.6,4.6,2.3,4.6,8559
115.05.22,N04,SA7,蘿蔔-甜菜根,900,屏東市,30,27.7,15,25.6,123
115.05.22,N04,SA9,蘿蔔-進口,900,屏東市,16.2,13.7,11,13.6,1200
115.05.22,N04,SB1,胡蘿蔔-未洗,900,屏東市,12,8.8,4,8.5,114
115.05.22,N04,SB2,胡蘿蔔-清洗,900,屏東市,18.4,14.2,8.4,13.9,4700
115.05.22,N04,SC1,馬鈴薯-本產,900,屏東市,19.7,12,7.6,12,1892
115.05.22,N04,SC9,馬鈴薯-進口,900,屏東市,9.6,7.9,7.5,7.9,1200
115.05.22,N04,SD1,洋蔥-本產,900,屏東市,25,22.4,15,21.4,370
115.05.22,N04,SD9,洋蔥-進口,900,屏東市,11.7,11.4,10.8,11.3,396
115.05.22,N04,SE2,青蔥-北蔥,900,屏東市,25.1,13.2,10,13.2,1280
115.05.22,N04,SE6,青蔥-粉蔥,900,屏東市,45.5,24.1,7,24.1,2416
115.05.22,N04,SF1,韭菜-白頭,900,屏東市,12.3,9.9,9,9.9,2623
115.05.22,N04,SF3,韭菜-韭菜花,900,屏東市,65.3,63.3,52.7,61.5,276
115.05.22,N04,SG1,大蒜-硬梗,900,屏東市,47.5,19.7,12,19.7,1531
115.05.22,N04,SG4,大蒜-蔥蒜,900,屏東市,12.5,12.5,10,12,100
115.05.22,N04,SG5,大蒜-蒜頭,900,屏東市,45,45,45,45,12
115.05.22,N04,SH2,竹筍-綠竹筍,900,屏東市,67,65.7,65,65.7,3801
115.05.22,N04,SH5,竹筍-烏殼綠,900,屏東市,41.4,37.9,27.6,36.5,2120
115.05.22,N04,SJ2,芋-檳榔心芋,900,屏東市,40,33.2,17.8,31.5,160
115.05.22,N04,SL1,豆薯,900,屏東市,17,14.6,13,14.6,340
115.05.22,N04,SM1,牛蒡,900,屏東市,6,6,6,6,30
115.05.22,N04,SM9,牛蒡-進口,900,屏東市,20,20,20,20,100
115.05.22,N04,SN1,蓮藕,900,屏東市,12,10.4,5,9.7,90
115.05.22,N04,SO0,甘薯-其他,900,屏東市,15,12.8,6,11.9,1125
115.05.22,N04,SO1,甘薯-臺農57號,900,屏東市,16.4,11.3,8.2,11.3,2000
115.05.22,N04,SO2,甘薯-芋仔甘薯,900,屏東市,13.2,7.7,5,7.7,550
115.05.22,N04,SO3,甘薯-臺農66號,900,屏東市,12.4,8.7,5.1,8.7,1200
115.05.22,N04,SP1,薑-老薑,900,屏東市,14,10.8,10,10.8,16906
115.05.22,N04,SQ1,茭白筍-帶殼,900,屏東市,70.1,57.9,44.4,57.6,1125
115.05.22,N04,SQ3,茭白筍-去殼,900,屏東市,85,85,85,85,24
115.05.22,N04,SU2,薯蕷-白薯蕷,900,屏東市,84.2,29,7.9,29,546
115.05.22,N04,SV2,蘆筍-綠蘆筍,900,屏東市,122.9,104.3,80.9,103.3,105
115.05.22,N04,SW1,球莖甘藍,900,屏東市,14.4,7.5,3,7.5,220
115.05.22,N04,SX1,芽菜類-綠豆芽,900,屏東市,8,8,8,8,458
115.05.21,N04,rest,休市,104,台北二,0,0,0,0,0
115.05.21,N06,rest,休市,104,台北二,0,0,0,0,0
115.05.21,N06,FA800,康乃馨-多朵(混色),105,台北市場,22,22,20,21.5,128
115.05.21,N06,FA810,康乃馨-多朵紅,105,台北市場,21,21,21,21,36
115.05.21,N06,FA812,康乃馨-波斯桃紅,105,台北市場,22,22,22,22,34
115.05.21,N06,FA840,康乃馨-多朵粉,105,台北市場,35,32,23,30.7,198
115.05.21,N06,FA887,康乃馨-多朵白帶紫,105,台北市場,0,0,0,0,0
115.05.21,N06,FA980,美女撫子,105,台北市場,120,120,120,120,19
115.05.21,N06,FA985,繡球撫子-綠石竹,105,台北市場,160,131,85,127,62
115.05.21,N06,FB000,火鶴花,105,台北市場,14,11,10,11.6,535
115.05.21,N06,FB100,火鶴花-紅色,105,台北市場,9,8,7,8.4,271
115.05.21,N06,FB103,火鶴花-紅青心,105,台北市場,9,7,5,7,505
115.05.21,N06,FB106,火鶴花-丘比特,105,台北市場,12,7,5,7.7,2200
115.05.21,N06,FB111,火鶴花-月光,105,台北市場,9,6,6,6.5,1015
115.05.21,N06,FB113,火鶴花-紅鈴,105,台北市場,14,9,5,8.9,1950
115.05.21,N06,FB114,火鶴花-紅星,105,台北市場,14,8,5,8.4,435
115.05.21,N06,FB401,火鶴花-夏粉,105,台北市場,11,9,6,8.7,475
115.05.21,N06,FB405,火鶴花-粉綠邊,105,台北市場,18,12,7,12.4,1820
115.05.21,N06,FB415,火鶴花-羅莎,105,台北市場,15,14,11,13.6,790
115.05.21,N06,FB416,火鶴花-花仙子,105,台北市場,17,14,10,13.6,310
115.05.21,N06,FB419,火鶴花-太極,105,台北市場,17,10,6,10.6,1418
115.05.21,N06,FB420,火鶴花-小紅莓,105,台北市場,14,12,10,12,162
115.05.21,N06,FB426,火鶴花-粉蕾絲,105,台北市場,10,8,7,8.4,250
115.05.21,N06,FB500,火鶴花-翠綠,105,台北市場,11,8,5,8,893
115.05.21,N06,FB504,火鶴花-雷夢娜,105,台北市場,6,6,5,5.8,365
115.05.21,N06,FB505,火鶴花-香檳,105,台北市場,11,6,5,6.9,395
115.05.21,N06,FB607,火鶴花-月亮女神,105,台北市場,6,5,5,5.4,244
115.05.21,N06,FB700,火鶴花-紫色,105,台北市場,12,8,6,8.5,493
115.05.21,N06,FB800,火鶴花-咖啡紅,105,台北市場,16,16,16,16,33
115.05.21,N06,FB801,火鶴花-咖啡條紋,105,台北市場,11,9,5,8.9,380
115.05.21,N06,FB802,火鶴花-大地,105,台北市場,13,8,6,8.3,150
115.05.21,N06,FC300,大菊-黃,105,台北市場,25,23,20,22.5,40
115.05.21,N06,FC316,大菊-黃精競,105,台北市場,85,63,41,63,100
115.05.21,N06,FC601,大菊-日本白,105,台北市場,221,207,191,206.3,117
115.05.21,N06,FC613,大菊-白天星,105,台北市場,178,116,46,114.4,937
115.05.21,N06,FC800,大菊-染色大菊,105,台北市場,73,53,31,52.6,448
115.05.21,N06,FC801,染大菊-國王,105,台北市場,112,111,99,108.8,84
115.05.21,N06,FC805,染大菊-白東洋,105,台北市場,40,35,33,35.3,75
115.05.21,N06,FD001,小菊-混合色,105,台北市場,81,56,21,53.7,91
115.05.21,N06,FD124,小菊-龍鳳紫,105,台北市場,33,33,33,33,22
115.05.21,N06,FD136,小菊-法國小紅,105,台北市場,50,50,50,50,66
115.05.21,N06,FD138,小菊-卡洛琳,105,台北市場,142,102,72,103.8,55
115.05.21,N06,FD200,小菊-金,105,台北市場,50,47,29,43.9,202
115.05.21,N06,FD300,小菊-黃,105,台北市場,63,61,49,59,175
115.05.21,N06,FD308,小菊-黃丁字菊,105,台北市場,59,52,50,53,75
115.05.21,N06,FD309,小菊-日本黃,105,台北市場,52,40,28,40,276
115.05.21,N06,FD325,小菊-黃瑪格麗特,105,台北市場,125,125,125,125,11
115.05.21,N06,FD422,小菊-吉祥小粉,105,台北市場,165,112,22,104.4,679
115.05.21,N06,FD423,小菊-粉日記,105,台北市場,88,70,35,66,97
115.05.21,N06,FD433,小菊-芬蘭小粉,105,台北市場,72,72,71,71.7,105
115.05.21,N06,FD456,小菊-卡洛粉,105,台北市場,85,68,39,65.4,330
115.05.21,N06,FD457,小菊-西維亞粉,105,台北市場,20,20,20,20,40
115.05.21,N06,FD600,小菊-白,105,台北市場,50,50,50,50,20
115.05.21,N06,FD625,小菊-白瑪格麗特,105,台北市場,90,90,66,85.2,159
115.05.21,N06,FD635,小菊-林克小白,105,台北市場,111,109,54,98.3,150
115.05.21,N06,FD645,小菊-白斯不列,105,台北市場,189,172,139,169,867
115.05.21,N06,FD657,小菊-西維亞白,105,台北市場,21,21,21,21,12
115.05.21,N06,FD800,小菊-染色小菊,105,台北市場,39,39,39,39,60
115.05.21,N06,FE000,非洲菊,105,台北市場,71,71,71,71,20
115.05.21,N06,FE001,非洲菊-混合色,105,台北市場,110,61,22,63,1187
115.05.21,N06,FE100,非洲菊-紅,105,台北市場,25,25,25,25,30
115.05.21,N06,FE110,非洲菊-卡布,105,台北市場,40,36,31,35.5,60
115.05.21,N06,FE200,非洲菊-橙,105,台北市場,93,93,93,93,17
115.05.21,N06,FE201,非洲菊-太陽神,105,台北市場,29,29,29,29,25
115.05.21,N06,FE205,非洲菊-哈利熊,105,台北市場,35,35,33,34.3,90
115.05.21,N06,FE302,非洲菊-金爵,105,台北市場,58,56,54,56,60
115.05.21,N06,FE400,非洲菊-粉,105,台北市場,37,37,37,37,30
115.05.21,N06,FE409,非洲菊-粉紅魅力,105,台北市場,65,50,41,51.3,70
115.05.21,N06,FE416,非洲菊-熱情粉,105,台北市場,60,37,21,38.6,855
115.05.21,N06,FE600,非洲菊-白,105,台北市場,41,27,20,28.2,271
115.05.21,N06,FE900,非洲菊-迷你混色,105,台北市場,110,58,29,62.3,971
115.05.21,N06,FE920,非洲菊-迷你橙,105,台北市場,195,195,195,195,40
115.05.21,N06,FE930,非洲菊-迷你黃,105,台北市場,135,135,135,135,25
115.05.21,N06,FE940,非洲菊-迷你粉,105,台北市場,145,104,53,102.7,58
115.05.21,N06,FE960,非洲菊-迷你白,105,台北市場,159,98,65,103.6,145
115.05.21,N06,FG116,劍蘭-雙色金紅,105,台北市場,85,85,85,85,20
115.05.21,N06,FG121,劍蘭-２６５號,105,台北市場,80,77,75,77.4,34
115.05.21,N06,FH000,其它花卉,105,台北市場,232,113,26,119.8,623
115.05.21,N06,FH004,八卦草(黃河),105,台北市場,35,35,35,35,30
115.05.21,N06,FH005,金鎚花,105,台北市場,70,64,55,63.5,163
115.05.21,N06,FH006,黃梔花,105,台北市場,62,35,27,39.1,1028
115.05.21,N06,FH007,松蟲草,105,台北市場,23,23,23,23,58
115.05.21,N06,FH008,洋甘菊,105,台北市場,165,137,110,137.3,192
115.05.21,N06,FH009,萬壽菊,105,台北市場,56,53,31,49.6,53
115.05.21,N06,FH050,水仙百合-混色,105,台北市場,150,140,135,140.6,32
115.05.21,N06,FH052,水仙百合-橙,105,台北市場,99,99,99,99,12
115.05.21,N06,FH053,水仙百合-黃,105,台北市場,122,104,85,103.6,34
115.05.21,N06,FH054,水仙百合-粉,105,台北市場,170,163,144,160.3,32
115.05.21,N06,FH057,水仙百合-紫,105,台北市場,240,198,175,200.9,32
115.05.21,N06,FH101,天堂鳥,105,台北市場,181,171,86,155.2,102
115.05.21,N06,FH112,小天堂鳥-桔帶紅,105,台北市場,40,35,26,34.1,64
115.05.21,N06,FH133,鶴蕉紅美人,105,台北市場,23,23,23,23,34
115.05.21,N06,FH135,垂焦,105,台北市場,19,19,19,19,80
115.05.21,N06,FH158,紅薑花,105,台北市場,157,113,52,109.1,102
115.05.21,N06,FH185,嘉蘭(火焰百合),105,台北市場,104,104,104,104,35
115.05.21,N06,FH231,夜來香-單瓣,105,台北市場,72,72,72,72,44
115.05.21,N06,FH232,夜來香-重瓣,105,台北市場,119,64,32,69.3,83
115.05.21,N06,FH240,麥桿菊,105,台北市場,55,55,55,55,15
115.05.21,N06,FH245,初雪草,105,台北市場,141,70,15,71,27
115.05.21,N06,FH293,向日葵-單瓣,105,台北市場,174,121,33,114.3,691
115.05.21,N06,FH294,向日葵-重瓣,105,台北市場,277,254,240,255.9,58
115.05.21,N06,FH301,波斯菊,105,台北市場,104,60,21,61.2,99
115.05.21,N06,FH306,白日草,105,台北市場,55,47,32,45.7,46
115.05.21,N06,FH310,大理花-混色,105,台北市場,158,94,47,98.6,48
115.05.21,N06,FH311,大理花-紅色,105,台北市場,61,61,61,61,9
115.05.21,N06,FH312,大理花-橘色,105,台北市場,50,50,50,50,9
115.05.21,N06,FH314,大理花-粉色,105,台北市場,36,36,36,36,5
115.05.21,N06,FH316,大理花-白色,105,台北市場,180,180,180,180,5
115.05.21,N06,FH318,大理花-雙色,105,台北市場,75,59,39,58.5,26
115.05.21,N06,FH330,雞冠花,105,台北市場,100,100,100,100,10
115.05.21,N06,FH331,雞冠花-清紅,105,台北市場,75,59,51,60.7,178
115.05.21,N06,FH335,槍型雞冠花,105,台北市場,90,58,50,62.8,53
115.05.21,N06,FH336,垂雞冠,105,台北市場,75,75,75,75,29
115.05.21,N06,FH339,雞冠花-粉,105,台北市場,102,102,102,102,32
115.05.21,N06,FH357,觀花鳳梨花,105,台北市場,5,5,5,5,60
115.05.21,N06,FH364,金魚草-粉色,105,台北市場,32,28,24,27.7,41
115.05.21,N06,FH366,金魚草-白色,105,台北市場,80,80,80,80,25
115.05.21,N06,FH368,金魚草-雙色,105,台北市場,70,70,70,70,9
115.05.21,N06,FH375,大飛燕草,105,台北市場,26,26,26,26,360
115.05.21,N06,FH381,麒麟草,105,台北市場,60,26,20,31.8,735
115.05.21,N06,FH460,繡球花,105,台北市場,90,36,18,43.1,304
115.05.21,N06,FH464,繡球花-粉,105,台北市場,99,29,22,41.5,156
115.05.21,N06,FH465,繡球花-綠色,105,台北市場,68,68,68,68,20
115.05.21,N06,FH466,繡球花-白,105,台北市場,41,38,32,37.6,336
115.05.21,N06,FH467,繡球花-藍,105,台北市場,32,28,23,27.7,620
115.05.21,N06,FH468,繡球花-水藍,105,台北市場,40,40,40,40,120
115.05.21,N06,FH521,迥香-黃,105,台北市場,55,55,49,53.8,119
115.05.21,N06,FH522,迥香-白,105,台北市場,85,83,81,82.9,222
115.05.21,N06,FH636,海芋-白,105,台北市場,126,100,84,102.1,236
115.05.21,N06,FH640,睡蓮,105,台北市場,49,49,49,49,42
115.05.21,N06,FH660,天鵝絨,105,台北市場,137,112,80,111.2,98
115.05.21,N06,FH670,茉莉花,105,台北市場,16,14,11,13.6,720
115.05.21,N06,FH710,深山櫻,105,台北市場,111,96,60,92,372
115.05.21,N06,FH750,百子蓮(愛情花),105,台北市場,49,27,14,28.6,1362
115.05.21,N06,FH795,藍星花-藍色,105,台北市場,295,293,275,289.7,53
115.05.21,N06,FL029,姬百合-橙多朵,105,台北市場,245,245,245,245,10
115.05.21,N06,FL121,LA百合-橙單朵,105,台北市場,27,27,27,27,28
115.05.21,N06,FM013,重瓣百合-紅三朵,105,台北市場,344,344,344,344,10
115.05.21,N06,FM019,重瓣百合-紅多朵,105,台北市場,342,342,342,342,24
115.05.21,N06,FM063,重瓣百合-白三朵,105,台北市場,315,315,315,315,20
115.05.21,N06,FM119,重瓣百合-達琳達多朵,105,台北市場,355,355,355,355,16
115.05.21,N06,FM182,重瓣百合-安諾斯卡雙朵,105,台北市場,270,256,220,253.3,18
115.05.21,N06,FM183,重瓣百合-安諾斯卡三朵,105,台北市場,300,293,288,293.3,9
115.05.21,N06,FM189,重瓣百合-安諾斯卡多朵,105,台北市場,378,338,327,343,32
115.05.21,N06,FM289,重瓣百合-莎曼莎多朵,105,台北市場,376,371,371,372,48
115.05.21,N06,FO000,蘭花,105,台北市場,189,60,20,77.6,150
115.05.21,N06,FO003,腎藥蘭-曼谷火焰,105,台北市場,130,88,50,88.8,313
115.05.21,N06,FO005,腎藥蘭-淺紅色,105,台北市場,81,54,50,57.8,22
115.05.21,N06,FO006,腎藥蘭-深紅色,105,台北市場,46,46,46,46,12
115.05.21,N06,FO007,千代蘭,105,台北市場,135,101,44,96.3,401
115.05.21,N06,FO009,萬代蘭,105,台北市場,195,125,93,133.2,113
115.05.21,N06,FO022,萬代蘭-巨輪橙,105,台北市場,38,30,14,28.4,40
115.05.21,N06,FO026,萬代蘭-巨輪白,105,台北市場,20,20,20,20,30
115.05.21,N06,FO027,萬代蘭-巨輪紫,105,台北市場,31,22,9,21,675
115.05.21,N06,FO029,萬代蘭-巨輪棕,105,台北市場,33,29,25,29.3,43
115.05.21,N06,FO331,大文心蘭,105,台北市場,99,87,70,86,46
115.05.21,N06,FO333,香水文心蘭,105,台北市場,135,135,135,135,20
115.05.21,N06,FO335,檸檬綠文心蘭,105,台北市場,202,116,65,122.7,754
115.05.21,N06,FO338,文心蘭-黃金天使,105,台北市場,105,105,105,105,20
115.05.21,N06,FO340,文心蘭-愛琳娜,105,台北市場,235,193,110,184,62
115.05.21,N06,FO362,文心蘭-夏雪,105,台北市場,176,143,120,145.1,36
115.05.21,N06,FO500,石斛蘭-混合色,105,台北市場,150,141,130,140,22
115.05.21,N06,FO517,石斛蘭-大紫紅,105,台北市場,210,210,210,210,8
115.05.21,N06,FO541,石斛蘭-荷粉,105,台北市場,190,163,140,162.7,22
115.05.21,N06,FO550,石斛蘭-綠,105,台北市場,127,117,110,117.8,39
115.05.21,N06,FO600,蝴蝶蘭-混色,105,台北市場,43,24,21,27.5,44
115.05.21,N06,FO602,蝴蝶蘭-線條,105,台北市場,37,35,33,34.9,54
115.05.21,N06,FO610,蝴蝶蘭-紅色,105,台北市場,40,25,20,27.1,98
115.05.21,N06,FO630,蝴蝶蘭-黃色,105,台北市場,45,42,25,39.1,118
115.05.21,N06,FO640,蝴蝶蘭-粉色,105,台北市場,39,36,25,34.3,94
115.05.21,N06,FO663,蝴蝶蘭-白黃心,105,台北市場,73,38,21,41.9,1085
115.05.21,N06,FR000,玫瑰,105,台北市場,559,181,77,235,116
115.05.21,N06,FR001,玫瑰-混合色,105,台北市場,50,50,50,50,6
115.05.21,N06,FR100,玫瑰-紅,105,台北市場,247,169,92,169,116
115.05.21,N06,FR111,玫瑰-新櫻紅,105,台北市場,102,92,65,88.4,31
115.05.21,N06,FR112,玫瑰-紅衣武士,105,台北市場,105,95,82,94.4,30
115.05.21,N06,FR116,玫瑰-翡翠紅,105,台北市場,682,367,187,393.8,165
115.05.21,N06,FR117,玫瑰-萬年紅,105,台北市場,133,86,37,85.4,316
115.05.21,N06,FR122,玫瑰-卡門,105,台北市場,96,66,41,67,36
115.05.21,N06,FR200,玫瑰-橙,105,台北市場,128,104,85,105,71
115.05.21,N06,FR208,玫瑰-香吉士,105,台北市場,359,157,112,187.5,56
115.05.21,N06,FR210,玫瑰-牡丹桔,105,台北市場,775,718,660,717.5,10
115.05.21,N06,FR300,玫瑰-黃,105,台北市場,198,119,68,125.3,98
115.05.21,N06,FR400,玫瑰-粉,105,台北市場,317,173,96,186.3,134
115.05.21,N06,FR408,玫瑰-黛安娜粉,105,台北市場,161,87,34,91.4,120
115.05.21,N06,FR417,玫瑰-甜心,105,台北市場,231,174,140,182,13
115.05.21,N06,FR434,玫瑰-卡蜜拉,105,台北市場,170,151,125,150.4,23
115.05.21,N06,FR436,玫瑰-翡翠粉,105,台北市場,415,166,47,192.3,393
115.05.21,N06,FR439,玫瑰-翡翠香檳,105,台北市場,464,221,74,241.7,133
115.05.21,N06,FR451,玫瑰-翡翠佳人,105,台北市場,250,250,250,250,8
115.05.21,N06,FR452,玫瑰-珍愛你,105,台北市場,260,240,200,236.3,20
115.05.21,N06,FR457,玫瑰-寶貝粉,105,台北市場,468,280,121,285.3,36
115.05.21,N06,FR458,玫瑰-粉紅珠,105,台北市場,58,51,41,49.5,12
115.05.21,N06,FR461,玫瑰-新娘粉,105,台北市場,300,238,179,238.5,26
115.05.21,N06,FR500,玫瑰-綠,105,台北市場,600,600,600,600,4
115.05.21,N06,FR600,玫瑰-白,105,台北市場,153,117,67,113.5,52
115.05.21,N06,FR607,玫瑰-翡翠白,105,台北市場,267,136,54,146,720
115.05.21,N06,FR700,玫瑰-紫,105,台北市場,463,463,463,463,4
115.05.21,N06,FR705,玫瑰-紫天王,105,台北市場,172,142,116,143.3,93
115.05.21,N06,FR711,玫瑰-天堂紫,105,台北市場,261,153,100,164.1,39
115.05.21,N06,FR712,玫瑰-拿鐵,105,台北市場,145,145,145,145,6
115.05.21,N06,FR715,玫瑰-紫霧,105,台北市場,170,101,58,106,40
115.05.21,N06,FR816,玫瑰-愛麗絲,105,台北市場,313,79,60,120.2,57
115.05.21,N06,FR818,玫瑰-潘朵拉,105,台北市場,320,290,270,295,8
115.05.21,N06,FR930,玫瑰-多朵黃,105,台北市場,250,213,106,196.3,32
115.05.21,N06,FR933,玫瑰-香草琳娜,105,台北市場,1150,1150,1150,1150,2
115.05.21,N06,FR940,玫瑰-多朵粉,105,台北市場,307,191,107,197.3,109
115.05.21,N06,FR942,玫瑰-心動雙粉,105,台北市場,450,450,450,450,4
115.05.21,N06,FR980,玫瑰-多朵雙色,105,台北市場,263,189,100,185.8,54
115.05.21,N06,FS010,香水百合-紅,105,台北市場,173,173,173,173,11
115.05.21,N06,FS012,香水百合-紅雙朵,105,台北市場,81,81,81,81,16
115.05.21,N06,FS013,香水百合-紅三朵,105,台北市場,151,120,120,126.1,61
115.05.21,N06,FS019,香水百合-紅多朵,105,台北市場,143,136,123,135,79
115.05.21,N06,FS042,香水百合-粉雙朵,105,台北市場,110,110,110,110,15
115.05.21,N06,FS043,香水百合-粉三朵,105,台北市場,138,138,138,138,12
115.05.21,N06,FS353,香水百合-索邦妮三朵,105,台北市場,112,93,89,95.9,40
115.05.21,N06,FS359,香水百合-索邦妮多朵,105,台北市場,131,121,107,120,179
115.05.21,N06,FS470,水晶香水,105,台北市場,159,159,159,159,17
115.05.21,N06,FS471,水晶香水-單朵,105,台北市場,77,77,77,77,20
115.05.21,N06,FS472,水晶香水-雙朵,105,台北市場,269,191,152,199.1,79
115.05.21,N06,FS473,水晶香水-三朵,105,台北市場,355,298,175,284.8,382
115.05.21,N06,FS479,水晶香水-多朵,105,台北市場,310,217,184,229,394
115.05.21,N06,FS603,OT康卡多-三朵,105,台北市場,231,198,184,201.7,60
115.05.21,N06,FS609,OT康卡多-多朵,105,台北市場,240,223,203,222.1,222
115.05.21,N06,FS631,OT曼尼薩-單朵,105,台北市場,66,66,66,66,24
115.05.21,N06,FS632,OT曼尼薩-雙朵,105,台北市場,148,124,104,125.2,393
115.05.21,N06,FS633,OT曼尼薩-三朵,105,台北市場,257,236,171,227.5,173
115.05.21,N06,FS639,OT曼尼薩-多朵,105,台北市場,271,220,201,226.3,112
115.05.21,N06,FS770,OT百合-節奏舞者,105,台北市場,84,84,84,84,12
115.05.21,N06,FS772,OT百合-節奏舞者二朵,105,台北市場,130,130,130,130,16
115.05.21,N06,FS773,OT百合-節奏舞者三朵,105,台北市場,161,146,121,143.8,91
115.05.21,N06,FS779,OT百合-節奏舞者多朵,105,台北市場,195,155,127,157.1,683
115.05.21,N06,FS792,OT百合-維尼雙朵,105,台北市場,116,115,114,115.3,23
115.05.21,N06,FS793,OT百合-維尼三朵,105,台北市場,138,138,138,138,66
115.05.21,N06,FS799,OT百合-維尼多朵,105,台北市場,134,134,134,134,54
115.05.21,N06,FS852,OT瑪丹娜-雙朵,105,台北市場,104,103,102,103.2,75
115.05.21,N06,FS853,OT瑪丹娜-三朵,105,台北市場,134,133,133,133.3,84
115.05.21,N06,FS859,OT瑪丹娜-多朵,105,台北市場,152,150,147,149.5,40
115.05.21,N06,FS870,OT大連,105,台北市場,141,121,121,124.9,15
115.05.21,N06,FS871,OT大連-單朵,105,台北市場,72,72,72,72,60
115.05.21,N06,FS872,OT大連-雙朵,105,台北市場,130,105,86,106.6,238
115.05.21,N06,FS873,OT大連-三朵,105,台北市場,257,181,125,184.5,242
115.05.21,N06,FS879,OT大連-多朵,105,台北市場,270,215,176,218.1,400
115.05.21,N06,FS893,OT帕雷諾-三朵,105,台北市場,79,79,79,79,30
115.05.21,N06,FS899,OT帕雷諾-多朵,105,台北市場,182,182,182,182,30
115.05.21,N06,FS960,OT試金石,105,台北市場,85,76,72,77.2,25
115.05.21,N06,FS963,OT試金石-三朵,105,台北市場,157,157,157,157,24
115.05.21,N06,FS969,OT試金石-多朵,105,台北市場,189,119,78,124.9,349
115.05.21,N06,FS971,OT紅福特-單朵,105,台北市場,50,50,50,50,24
115.05.21,N06,FS972,OT紅福特-雙朵,105,台北市場,104,76,58,78,136
115.05.21,N06,FS973,OT紅福特-三朵,105,台北市場,194,134,89,136.6,332
115.05.21,N06,FS979,OT紅福特-多朵,105,台北市場,258,201,132,198.7,447
115.05.21,N06,FT060,鐵砲百合-白,105,台北市場,21,21,21,21,19
115.05.21,N06,FT061,鐵砲百合-白單朵,105,台北市場,39,23,21,25.7,324
115.05.21,N06,FT062,鐵砲百合-白雙朵,105,台北市場,67,43,22,43.7,119
115.05.21,N06,FT063,鐵砲百合-白三朵,105,台北市場,61,56,24,50.5,99
115.05.21,N06,FT069,鐵砲百合-白多朵,105,台北市場,51,51,51,51,14
115.05.21,N06,FT661,鐵砲百合-雷山一號單朵,105,台北市場,20,20,20,20,21
115.05.21,N06,FT663,鐵砲百合-雷山一號三朵,105,台北市場,40,40,40,40,17
115.05.21,N06,FU000,洋桔梗,105,台北市場,279,189,93,187.6,150
115.05.21,N06,FU141,洋桔梗-單瓣粉,105,台北市場,180,180,180,180,48
115.05.21,N06,FU151,洋吉梗-單瓣彩藍,105,台北市場,210,210,151,198.4,71
115.05.21,N06,FU152,洋桔梗-單瓣綠,105,台北市場,157,150,119,145.9,43
115.05.21,N06,FU161,洋桔梗-單瓣白,105,台北市場,215,215,155,203.8,64
115.05.21,N06,FU171,洋桔梗-單瓣紫,105,台北市場,182,123,108,131.9,108
115.05.21,N06,FU211,洋桔梗-單瓣白紅邊,105,台北市場,205,205,205,205,12
115.05.21,N06,FU402,洋桔梗-雙瓣(混色),105,台北市場,183,86,45,96.6,107
115.05.21,N06,FU412,洋桔梗-雙瓣紅,105,台北市場,266,146,90,159.6,108
115.05.21,N06,FU421,洋桔梗-小夏橘,105,台北市場,210,114,63,123.1,235
115.05.21,N06,FU432,洋桔梗-雙瓣黃,105,台北市場,196,116,100,128.5,55
115.05.21,N06,FU441,洋桔梗-順風粉,105,台北市場,150,128,77,122.8,68
115.05.21,N06,FU442,洋桔梗-雙瓣粉,105,台北市場,233,137,68,142.7,514
115.05.21,N06,FU445,洋桔梗-可羅淺粉,105,台北市場,114,114,114,114,12
115.05.21,N06,FU449,洋桔梗-艾瑞娜彩粉,105,台北市場,233,104,56,119.8,391
115.05.21,N06,FU451,洋桔梗-順風杏粉,105,台北市場,293,130,130,164.5,33
115.05.21,N06,FU452,洋吉梗-雙瓣彩藍,105,台北市場,102,102,102,102,18
115.05.21,N06,FU458,洋桔梗-艾瑞娜綠,105,台北市場,160,160,160,160,18
115.05.21,N06,FU459,洋桔梗-琥珀綠,105,台北市場,206,117,49,120.7,202
115.05.21,N06,FU462,洋桔梗-雙瓣白,105,台北市場,221,155,107,158.5,365
115.05.21,N06,FU465,洋桔梗-名人華麗白,105,台北市場,154,106,75,109.2,151
115.05.21,N06,FU469,洋桔梗-皇后白,105,台北市場,207,153,53,144,379
115.05.21,N06,FU471,洋桔梗-重瓣淺紫,105,台北市場,135,61,30,69.4,485
115.05.21,N06,FU472,洋桔梗-重瓣紫,105,台北市場,243,160,116,168.5,108
115.05.21,N06,FU478,洋桔梗-羅西娜紫,105,台北市場,186,101,45,106.6,116
115.05.21,N06,FU480,洋桔梗-順風紫,105,台北市場,121,110,81,107.7,18
115.05.21,N06,FU482,洋桔梗-拉弗爾酒彩,105,台北市場,163,159,155,159,28
115.05.21,N06,FU483,洋桔梗-新禧亮紫,105,台北市場,160,160,160,160,10
115.05.21,N06,FU484,洋桔梗-N系列淺紫,105,台北市場,353,289,198,281.9,52
115.05.21,N06,FU562,洋桔梗-珍妮白,105,台北市場,245,137,101,151.3,124
115.05.21,N06,FU564,洋桔梗-斐諾白,105,台北市場,100,100,100,100,7
115.05.21,N06,FU572,洋桔梗-雙瓣白紫邊,105,台北市場,214,157,110,159,66
115.05.21,N06,FU641,洋桔梗-女王３彩粉,105,台北市場,264,163,57,163.2,83
115.05.21,N06,FU642,洋桔梗-斐諾淺粉,105,台北市場,230,148,91,152.9,189
115.05.21,N06,FU643,洋桔梗-順風淺粉,105,台北市場,155,155,155,155,15
115.05.21,N06,FU651,洋桔梗-典雅綠,105,台北市場,260,211,154,208.4,47
115.05.21,N06,FW100,星辰花-混色,105,台北市場,138,138,138,138,18
115.05.21,N06,FW141,星辰花-大湖魅力,105,台北市場,134,133,117,129.8,72
115.05.21,N06,FW170,星辰花-紫,105,台北市場,138,125,125,127.7,113
115.05.21,N06,FW240,粉孔雀,105,台北市場,22,20,20,20.4,525
115.05.21,N06,FW271,紫孔雀-春天,105,台北市場,32,29,26,29,40
115.05.21,N06,FW471,卡斯比亞-帶葉,105,台北市場,58,58,58,58,100
115.05.21,N06,FW472,卡斯比亞-無葉,105,台北市場,75,54,45,56.5,408
115.05.21,N06,FW560,滿天星-白,105,台北市場,130,130,130,130,50
115.05.21,N06,FW600,水晶花-混合,105,台北市場,87,83,78,82.5,40
115.05.21,N06,FY000,切葉類,105,台北市場,52,30,21,32.5,163
115.05.21,N06,FY001,尤加利葉,105,台北市場,69,46,15,44.3,1024
115.05.21,N06,FY002,壽松,105,台北市場,52,52,52,52,50
115.05.21,N06,FY003,唐棉,105,台北市場,56,37,23,37.9,213
115.05.21,N06,FY004,黃椰心葉,105,台北市場,123,68,33,71.8,375
115.05.21,N06,FY009,電信蘭葉,105,台北市場,82,59,35,59,403
115.05.21,N06,FY015,葉蘭,105,台北市場,14,14,14,14,70
115.05.21,N06,FY017,八角金盤,105,台北市場,36,30,19,28.8,295
115.05.21,N06,FY018,蓮蓬,105,台北市場,128,126,115,124.5,33
115.05.21,N06,FY021,扁柏,105,台北市場,46,37,33,37.8,680
115.05.21,N06,FY050,山蘇葉,105,台北市場,17,16,14,15.6,140
115.05.21,N06,FY057,百合竹,105,台北市場,12,10,5,9.3,395
115.05.21,N06,FY071,雪松,105,台北市場,36,24,13,24.3,201
115.05.21,N06,FY081,圓葉,105,台北市場,41,41,41,41,13
115.05.21,N06,FY083,紐西蘭麻,105,台北市場,90,90,90,90,30
115.05.21,N06,FY084,火龍果,105,台北市場,201,172,126,168.5,163
115.05.21,N06,FY086,綠春蘭葉,105,台北市場,10,10,10,10,130
115.05.21,N06,FY093,水燭葉,105,台北市場,17,12,10,12.9,340
115.05.21,N06,FY100,山防風,105,台北市場,135,133,115,129.8,61
115.05.21,N06,FY118,棉花,105,台北市場,70,70,70,70,39
115.05.21,N06,FY981,高山羊齒,105,台北市場,11,11,11,11,15
115.05.21,N06,FY991,青竹,105,台北市場,71,71,71,71,16
115.05.21,N06,FY993,白竹,105,台北市場,67,44,23,44.6,831
115.05.21,N06,FY994,花竹,105,台北市場,57,57,57,57,20
115.05.21,N06,FY996,蓮花竹,105,台北市場,22,22,21,21.5,100
115.05.21,N06,IA000,進口康乃馨-中大輪,105,台北市場,51,51,51,51,40
115.05.21,N06,IA100,進口康乃馨-紅,105,台北市場,68,68,68,68,40
115.05.21,N06,IA400,進口康乃馨-粉,105,台北市場,70,70,70,70,40
115.05.21,N06,IH000,進口其它花卉,105,台北市場,160,151,151,152.8,50
115.05.21,N06,IH180,進口宮燈百合,105,台北市場,342,340,322,337,48
115.05.21,N06,IH260,進口丹頂(蔥花),105,台北市場,519,207,89,246.1,164
115.05.21,N06,IH309,進口牡丹花,105,台北市場,691,586,547,599.3,401
115.05.21,N06,IH460,進口繡球花,105,台北市場,240,129,69,142.3,28
115.05.21,N06,IH465,繡球花-綠,105,台北市場,95,95,95,95,20
115.05.21,N06,IH466,繡球花-白,105,台北市場,65,65,65,65,140
115.05.21,N06,IH500,進口風信子,105,台北市場,185,179,173,178.7,35
115.05.21,N06,IH600,進口臘梅,105,台北市場,131,131,131,131,39
115.05.21,N06,IO519,進口石斛蘭-深紅,105,台北市場,105,100,90,98.7,260
115.05.21,N06,IO560,進口石斛蘭-白,105,台北市場,250,245,239,244.5,20
115.05.21,N06,IR001,進口玫瑰-混合色,105,台北市場,450,450,450,450,4
115.05.21,N06,IR100,進口玫瑰-紅,105,台北市場,421,421,421,421,6
115.05.21,N06,IW560,進口滿天星-白,105,台北市場,295,290,271,287.2,423
115.05.21,N04,rest,休市,109,台北一,0,0,0,0,0
115.05.21,N06,rest,休市,109,台北一,0,0,0,0,0
115.05.21,N06,rest,休市,220,板橋區,0,0,0,0,0
115.05.21,N04,rest,休市,220,板橋區,0,0,0,0,0
115.05.21,N04,rest,休市,241,三重區,0,0,0,0,0
115.05.21,N06,rest,休市,241,三重區,0,0,0,0,0
115.05.21,N04,rest,休市,260,宜蘭市,0,0,0,0,0
115.05.21,N06,rest,休市,260,宜蘭市,0,0,0,0,0
115.05.21,N04,rest,休市,338,桃農,0,0,0,0,0
115.05.21,N06,rest,休市,338,桃農,0,0,0,0,0
115.05.21,N06,FA800,康乃馨-多朵(混色),400,台中市場,24,23,21,22.7,100
115.05.21,N06,FA811,康乃馨-多朵櫻紅,400,台中市場,22,22,22,22,32
115.05.21,N06,FB000,火鶴花,400,台中市場,13,12,10,11.6,110
115.05.21,N06,FB001,火鶴花-混色,400,台中市場,0,0,0,0,0
115.05.21,N06,FB105,火鶴花-紅綠邊,400,台中市場,5,5,5,5,65
115.05.21,N06,FB106,火鶴花-丘比特,400,台中市場,14,7,5,8.2,545
115.05.21,N06,FB111,火鶴花-月光,400,台中市場,9,7,6,7,150
115.05.21,N06,FB113,火鶴花-紅鈴,400,台中市場,17,12,5,11.5,1004
115.05.21,N06,FB114,火鶴花-紅星,400,台中市場,9,6,5,6.4,270
115.05.21,N06,FB407,火鶴花-夢幻,400,台中市場,12,7,5,7.8,758
115.05.21,N06,FB415,火鶴花-羅莎,400,台中市場,16,9,5,9.8,250
115.05.21,N06,FB419,火鶴花-太極,400,台中市場,15,9,5,9.2,607
115.05.21,N06,FB504,火鶴花-雷夢娜,400,台中市場,8,7,6,7,125
115.05.21,N06,FB600,火鶴花-白色,400,台中市場,5,5,5,5,72
115.05.21,N06,FB700,火鶴花-紫色,400,台中市場,10,8,6,8,108
115.05.21,N06,FB802,火鶴花-大地,400,台中市場,7,7,7,7,40
115.05.21,N06,FC316,大菊-黃精競,400,台中市場,23,23,23,23,121
115.05.21,N06,FC410,大菊-羅莎諾粉,400,台中市場,89,79,71,80,28
115.05.21,N06,FC601,大菊-日本白,400,台中市場,151,123,81,119.6,77
115.05.21,N06,FC609,大菊-白東洋,400,台中市場,20,20,20,20,25
115.05.21,N06,FC613,大菊-白天星,400,台中市場,50,30,23,32.6,417
115.05.21,N06,FC800,大菊-染色大菊,400,台中市場,77,59,21,55.1,130
115.05.21,N06,FC804,染大菊-白天星,400,台中市場,100,99,70,93.3,116
115.05.21,N06,FC805,染大菊-白東洋,400,台中市場,45,39,23,37.4,58
115.05.21,N06,FD001,小菊-混合色,400,台中市場,32,32,32,32,21
115.05.21,N06,FD127,小菊-雙色紅,400,台中市場,0,0,0,0,0
115.05.21,N06,FD131,小菊-小紅娘,400,台中市場,40,40,40,40,27
115.05.21,N06,FD136,小菊-法國小紅,400,台中市場,20,20,20,20,30
115.05.21,N06,FD138,小菊-卡洛琳,400,台中市場,60,60,60,60,30
115.05.21,N06,FD200,小菊-金,400,台中市場,32,32,31,31.6,79
115.05.21,N06,FD300,小菊-黃,400,台中市場,45,45,45,45,50
115.05.21,N06,FD308,小菊-黃丁字菊,400,台中市場,40,40,24,36.8,75
115.05.21,N06,FD309,小菊-日本黃,400,台中市場,34,30,30,31.1,90
115.05.21,N06,FD422,小菊-吉祥小粉,400,台中市場,59,43,39,45.3,161
115.05.21,N06,FD453,小菊-棒棒糖-粉,400,台中市場,50,50,50,50,26
115.05.21,N06,FD456,小菊-卡洛粉,400,台中市場,45,39,32,38.6,51
115.05.21,N06,FD645,小菊-白斯不列,400,台中市場,88,88,88,88,70
115.05.21,N06,FD657,小菊-西維亞白,400,台中市場,38,37,34,36.7,38
115.05.21,N06,FD800,小菊-染色小菊,400,台中市場,48,37,20,35.6,45
115.05.21,N06,FD801,染小菊-芬蘭,400,台中市場,75,70,59,68.7,66
115.05.21,N06,FD802,染小菊-白鑽石,400,台中市場,23,23,23,23,25
115.05.21,N06,FE001,非洲菊-混合色,400,台中市場,63,27,21,33.1,672
115.05.21,N06,FE205,非洲菊-哈利熊,400,台中市場,29,25,20,24.5,60
115.05.21,N06,FE400,非洲菊-粉,400,台中市場,23,23,23,23,25
115.05.21,N06,FE401,非洲菊-伊斯瑪拉,400,台中市場,38,38,38,38,14
115.05.21,N06,FE409,非洲菊-粉紅魅力,400,台中市場,30,28,20,26.7,90
115.05.21,N06,FE416,非洲菊-熱情粉,400,台中市場,49,28,22,31.2,180
115.05.21,N06,FE600,非洲菊-白,400,台中市場,31,26,22,26.2,155
115.05.21,N06,FE900,非洲菊-迷你混色,400,台中市場,46,31,30,33.9,73
115.05.21,N06,FG105,劍蘭-２３５號,400,台中市場,32,32,32,32,21
115.05.21,N06,FH000,其它花卉,400,台中市場,50,14,5,19.2,100
115.05.21,N06,FH006,黃梔花,400,台中市場,54,47,28,44.7,754
115.05.21,N06,FH008,洋甘菊,400,台中市場,119,97,80,98.1,43
115.05.21,N06,FH009,萬壽菊,400,台中市場,56,56,56,56,8
115.05.21,N06,FH050,水仙百合-混色,400,台中市場,100,100,100,100,19
115.05.21,N06,FH112,小天堂鳥-桔帶紅,400,台中市場,28,22,20,22.8,67
115.05.21,N06,FH131,鶴焦,400,台中市場,20,20,20,20,31
115.05.21,N06,FH137,觀音蓮,400,台中市場,5,5,5,5,70
115.05.21,N06,FH139,石玫瑰,400,台中市場,28,28,28,28,40
115.05.21,N06,FH156,野薑花-白,400,台中市場,57,57,57,57,17
115.05.21,N06,FH158,紅薑花,400,台中市場,56,56,56,56,20
115.05.21,N06,FH195,玉蘭花,400,台中市場,200,200,200,200,7
115.05.21,N06,FH240,麥桿菊,400,台中市場,58,58,58,58,15
115.05.21,N06,FH251,秀線,400,台中市場,44,28,20,29.7,78
115.05.21,N06,FH293,向日葵-單瓣,400,台中市場,140,120,102,120.4,87
115.05.21,N06,FH306,白日草,400,台中市場,38,38,38,38,12
115.05.21,N06,FH310,大理花-混色,400,台中市場,94,66,43,67.3,49
115.05.21,N06,FH318,大理花-雙色,400,台中市場,50,47,46,47.6,15
115.05.21,N06,FH331,雞冠花-清紅,400,台中市場,93,93,93,93,17
115.05.21,N06,FH357,觀花鳳梨花,400,台中市場,0,0,0,0,0
115.05.21,N06,FH364,金魚草-粉色,400,台中市場,27,21,15,20.7,46
115.05.21,N06,FH375,大飛燕草,400,台中市場,41,41,41,41,25
115.05.21,N06,FH381,麒麟草,400,台中市場,26,21,20,21.8,370
115.05.21,N06,FH460,繡球花,400,台中市場,29,29,29,29,60
115.05.21,N06,FH465,繡球花-綠色,400,台中市場,23,23,23,23,24
115.05.21,N06,FH466,繡球花-白,400,台中市場,42,42,42,42,24
115.05.21,N06,FH522,迥香-白,400,台中市場,75,75,75,75,25
115.05.21,N06,FH640,睡蓮,400,台中市場,65,65,65,65,12
115.05.21,N06,FH670,茉莉花,400,台中市場,30,29,28,29,60
115.05.21,N06,FH710,深山櫻,400,台中市場,61,61,61,61,30
115.05.21,N06,FH750,百子蓮(愛情花),400,台中市場,20,13,11,14.3,250
115.05.21,N06,FM110,重瓣百合-達琳達,400,台中市場,250,250,250,250,11
115.05.21,N06,FM119,重瓣百合-達琳達多朵,400,台中市場,241,241,241,241,10
115.05.21,N06,FO000,蘭花,400,台中市場,143,108,61,105.4,24
115.05.21,N06,FO003,腎藥蘭-曼谷火焰,400,台中市場,13,9,6,9.1,450
115.05.21,N06,FO007,千代蘭,400,台中市場,11,9,6,8.6,390
115.05.21,N06,FO009,萬代蘭,400,台中市場,8,8,8,8,50
115.05.21,N06,FO027,萬代蘭-巨輪紫,400,台中市場,31,27,20,26.2,88
115.05.21,N06,FO335,檸檬綠文心蘭,400,台中市場,158,117,70,115.6,187
115.05.21,N06,FO630,蝴蝶蘭-黃色,400,台中市場,23,21,21,21.7,30
115.05.21,N06,FO663,蝴蝶蘭-白黃心,400,台中市場,26,25,22,24.4,140
115.05.21,N06,FR000,玫瑰,400,台中市場,100,76,43,74.2,50
115.05.21,N06,FR001,玫瑰-混合色,400,台中市場,372,201,23,199.5,15
115.05.21,N06,FR100,玫瑰-紅,400,台中市場,431,207,123,236.4,24
115.05.21,N06,FR116,玫瑰-翡翠紅,400,台中市場,218,173,91,168.6,23
115.05.21,N06,FR117,玫瑰-萬年紅,400,台中市場,142,103,72,104.7,119
115.05.21,N06,FR120,玫瑰-埔里之星,400,台中市場,132,105,81,105.6,29
115.05.21,N06,FR208,玫瑰-香吉士,400,台中市場,351,338,325,336.1,7
115.05.21,N06,FR300,玫瑰-黃,400,台中市場,102,86,50,82.2,30
115.05.21,N06,FR400,玫瑰-粉,400,台中市場,330,330,330,330,4
115.05.21,N06,FR408,玫瑰-黛安娜粉,400,台中市場,180,132,87,134.4,28
115.05.21,N06,FR412,玫瑰-新香檳粉,400,台中市場,59,46,30,45.7,21
115.05.21,N06,FR429,玫瑰-鐵達尼,400,台中市場,162,151,140,151,10
115.05.21,N06,FR436,玫瑰-翡翠粉,400,台中市場,315,136,78,160.6,85
115.05.21,N06,FR439,玫瑰-翡翠香檳,400,台中市場,237,209,150,203.1,35
115.05.21,N06,FR451,玫瑰-翡翠佳人,400,台中市場,111,100,92,100.4,9
115.05.21,N06,FR455,玫瑰-翡翠珍珠,400,台中市場,301,266,202,262.8,18
115.05.21,N06,FR461,玫瑰-新娘粉,400,台中市場,425,421,395,415,12
115.05.21,N06,FR607,玫瑰-翡翠白,400,台中市場,238,178,142,182.1,82
115.05.21,N06,FR700,玫瑰-紫,400,台中市場,600,600,600,600,2
115.05.21,N06,FR705,玫瑰-紫天王,400,台中市場,188,119,82,125.5,44
115.05.21,N06,FR711,玫瑰-天堂紫,400,台中市場,111,111,111,111,7
115.05.21,N06,FR930,玫瑰-多朵黃,400,台中市場,165,163,160,162.5,12
115.05.21,N06,FR940,玫瑰-多朵粉,400,台中市場,170,128,120,135,20
115.05.21,N06,FS000,香水百合,400,台中市場,90,90,90,90,12
115.05.21,N06,FS012,香水百合-紅雙朵,400,台中市場,119,119,119,119,30
115.05.21,N06,FS043,香水百合-粉三朵,400,台中市場,181,181,181,181,11
115.05.21,N06,FS060,香水百合-白,400,台中市場,142,96,63,98.4,49
115.05.21,N06,FS063,香水百合-白三朵,400,台中市場,72,72,72,72,19
115.05.21,N06,FS353,香水百合-索邦妮三朵,400,台中市場,131,131,131,131,14
115.05.21,N06,FS359,香水百合-索邦妮多朵,400,台中市場,129,125,121,125,120
115.05.21,N06,FS600,OT康卡多,400,台中市場,107,107,107,107,12
115.05.21,N06,FS603,OT康卡多-三朵,400,台中市場,222,189,180,194,30
115.05.21,N06,FS609,OT康卡多-多朵,400,台中市場,238,212,185,212,95
115.05.21,N06,FS632,OT曼尼薩-雙朵,400,台中市場,141,126,99,123.8,73
115.05.21,N06,FS633,OT曼尼薩-三朵,400,台中市場,253,253,253,253,12
115.05.21,N06,FS773,OT百合-節奏舞者三朵,400,台中市場,164,145,96,138.8,34
115.05.21,N06,FS779,OT百合-節奏舞者多朵,400,台中市場,219,172,106,168.2,156
115.05.21,N06,FS793,OT百合-維尼三朵,400,台中市場,152,152,152,152,20
115.05.21,N06,FS799,OT百合-維尼多朵,400,台中市場,169,169,169,169,9
115.05.21,N06,FS870,OT大連,400,台中市場,133,133,133,133,12
115.05.21,N06,FS871,OT大連-單朵,400,台中市場,143,143,143,143,24
115.05.21,N06,FS872,OT大連-雙朵,400,台中市場,138,126,86,120.3,160
115.05.21,N06,FS873,OT大連-三朵,400,台中市場,239,215,153,207.6,153
115.05.21,N06,FS879,OT大連-多朵,400,台中市場,264,247,217,244,77
115.05.21,N06,FS891,OT帕雷諾-單朵,400,台中市場,69,69,69,69,16
115.05.21,N06,FS892,OT帕雷諾-雙朵,400,台中市場,101,101,101,101,15
115.05.21,N06,FS963,OT試金石-三朵,400,台中市場,117,117,117,117,16
115.05.21,N06,FS969,OT試金石-多朵,400,台中市場,201,161,132,163.1,70
115.05.21,N06,FS970,OT紅福特,400,台中市場,101,97,95,97.1,26
115.05.21,N06,FS973,OT紅福特-三朵,400,台中市場,222,182,132,180.3,41
115.05.21,N06,FS979,OT紅福特-多朵,400,台中市場,246,226,175,219.9,74
115.05.21,N06,FT061,鐵砲百合-白單朵,400,台中市場,90,90,90,90,25
115.05.21,N06,FU000,洋桔梗,400,台中市場,240,85,50,109,30
115.05.21,N06,FU402,洋桔梗-雙瓣(混色),400,台中市場,125,70,38,74.7,91
115.05.21,N06,FU412,洋桔梗-雙瓣紅,400,台中市場,200,200,200,200,18
115.05.21,N06,FU421,洋桔梗-小夏橘,400,台中市場,97,73,63,75.5,30
115.05.21,N06,FU432,洋桔梗-雙瓣黃,400,台中市場,117,79,60,82.3,21
115.05.21,N06,FU442,洋桔梗-雙瓣粉,400,台中市場,94,52,30,56.4,210
115.05.21,N06,FU445,洋桔梗-可羅淺粉,400,台中市場,126,126,126,126,13
115.05.21,N06,FU449,洋桔梗-艾瑞娜彩粉,400,台中市場,121,109,55,100.7,30
115.05.21,N06,FU451,洋桔梗-順風杏粉,400,台中市場,41,41,41,41,30
115.05.21,N06,FU452,洋吉梗-雙瓣彩藍,400,台中市場,106,106,106,106,12
115.05.21,N06,FU453,洋桔梗-雙瓣綠,400,台中市場,150,91,59,94.8,27
115.05.21,N06,FU459,洋桔梗-琥珀綠,400,台中市場,130,91,63,93.1,44
115.05.21,N06,FU462,洋桔梗-雙瓣白,400,台中市場,131,90,60,94,23
115.05.21,N06,FU465,洋桔梗-名人華麗白,400,台中市場,152,128,52,117.2,54
115.05.21,N06,FU469,洋桔梗-皇后白,400,台中市場,50,42,32,41.4,21
115.05.21,N06,FU471,洋桔梗-重瓣淺紫,400,台中市場,162,84,39,89.6,67
115.05.21,N06,FU472,洋桔梗-重瓣紫,400,台中市場,180,180,180,180,8
115.05.21,N06,FU477,洋桔梗-羅西娜薰衣草紫,400,台中市場,72,72,72,72,10
115.05.21,N06,FU478,洋桔梗-羅西娜紫,400,台中市場,111,111,111,111,12
115.05.21,N06,FU482,洋桔梗-拉弗爾酒彩,400,台中市場,181,181,181,181,14
115.05.21,N06,FU484,洋桔梗-N系列淺紫,400,台中市場,271,206,180,210.3,12
115.05.21,N06,FU641,洋桔梗-女王３彩粉,400,台中市場,138,126,120,127.6,38
115.05.21,N06,FU642,洋桔梗-斐諾淺粉,400,台中市場,148,120,71,115.5,25
115.05.21,N06,FW240,粉孔雀,400,台中市場,24,22,21,22,75
115.05.21,N06,FW472,卡斯比亞-無葉,400,台中市場,56,49,46,49.8,94
115.05.21,N06,FW560,滿天星-白,400,台中市場,130,116,101,115.7,127
115.05.21,N06,FY000,切葉類,400,台中市場,0,0,0,0,0
115.05.21,N06,FY001,尤加利葉,400,台中市場,70,46,25,46.8,378
115.05.21,N06,FY003,唐棉,400,台中市場,42,32,20,31.3,72
115.05.21,N06,FY004,黃椰心葉,400,台中市場,118,59,26,64.3,236
115.05.21,N06,FY009,電信蘭葉,400,台中市場,42,24,10,24.9,258
115.05.21,N06,FY015,葉蘭,400,台中市場,18,14,10,14,70
115.05.21,N06,FY017,八角金盤,400,台中市場,45,32,10,30.1,222
115.05.21,N06,FY021,扁柏,400,台中市場,22,22,22,22,36
115.05.21,N06,FY035,龍文蘭,400,台中市場,12,12,12,12,50
115.05.21,N06,FY050,山蘇葉,400,台中市場,25,14,10,15.6,195
115.05.21,N06,FY057,百合竹,400,台中市場,50,20,10,24,515
115.05.21,N06,FY093,水燭葉,400,台中市場,17,16,14,15.9,514
115.05.21,N06,FY118,棉花,400,台中市場,40,40,40,40,14
115.05.21,N06,FY993,白竹,400,台中市場,62,56,35,52.9,511
115.05.21,N06,FY996,蓮花竹,400,台中市場,8,8,8,8,55
115.05.21,N06,IA001,進口康乃馨-混合色,400,台中市場,120,120,120,120,30
115.05.21,N06,IA100,進口康乃馨-紅,400,台中市場,120,120,120,120,30
115.05.21,N06,IA400,進口康乃馨-粉,400,台中市場,104,104,104,104,10
115.05.21,N06,IH000,進口其它花卉,400,台中市場,65,65,65,65,100
115.05.21,N06,IH309,進口牡丹花,400,台中市場,160,150,130,148,30
115.05.21,N06,IH466,繡球花-白,400,台中市場,40,40,40,40,14
115.05.21,N06,IO201,進口虎頭蘭-大輪,400,台中市場,85,85,85,85,15
115.05.21,N06,IO519,進口石斛蘭-深紅,400,台中市場,101,100,100,100.4,100
115.05.21,N06,IW580,滿天星-染色,400,台中市場,199,196,189,195.2,21
115.05.21,N04,rest,休市,400,台中市,0,0,0,0,0
115.05.21,N06,rest,休市,400,台中市,0,0,0,0,0
115.05.21,N05,812,紅龍果-紅肉,420,豐原區,70,36.7,30,42,714.3
115.05.21,N05,859,榴槤-進口,420,豐原區,125,125,125,125,986.4
115.05.21,N05,A1,香蕉,420,豐原區,23.5,23,21.9,22.9,6948.8
115.05.21,N05,B2,鳳梨-金鑽鳳梨,420,豐原區,26.7,23.1,15.8,22.3,8391.5
115.05.21,N04,FB1,花椰菜-青梗,420,豐原區,26,22.8,13.5,21.6,1674
115.05.21,N04,FC1,胡瓜-黑刺,420,豐原區,19.5,15,11.8,15.3,1176
115.05.21,N04,FD1,花胡瓜,420,豐原區,24.3,22,13.1,20.7,944
115.05.21,N04,FE1,冬瓜-白皮,420,豐原區,8.5,5.6,2.5,5.6,2332
115.05.21,N04,FF1,絲瓜,420,豐原區,25.8,22,16.8,21.7,852
115.05.21,N04,FG1,苦瓜-白大米,420,豐原區,31.8,23.4,14.7,23.3,660
115.05.21,N04,FG2,苦瓜-青大米,420,豐原區,29.5,20.9,8.5,20.1,936
115.05.21,N04,FH3,扁蒲-花蒲,420,豐原區,14.5,8,4.5,8.6,280
115.05.21,N04,FI2,茄子-麻荸茄,420,豐原區,25.2,15.4,6.5,15.6,2348
115.05.21,N04,FJ3,番茄-牛番茄,420,豐原區,66.7,47.5,32.3,48.3,1838
115.05.21,N04,FK41,甜椒-彩色種 紅色,420,豐原區,48.5,27.4,13.5,28.9,738
115.05.21,N04,FK42,甜椒-彩色種 黃色,420,豐原區,45,30,15,30,594
115.05.21,N04,FK5,甜椒-青椒,420,豐原區,33.9,21.3,8,21.2,2610
115.05.21,N04,FM2,菜豆-青色,420,豐原區,39.6,33.4,24.2,32.8,736
115.05.21,N04,FN1,敏豆-白豆,420,豐原區,34.9,22,20.3,24.3,480
115.05.21,N04,FN5,敏豆-醜豆,420,豐原區,64,31.9,8.5,33.7,324
115.05.21,N04,FR9,青花苔-進口,420,豐原區,77.4,71.7,66.5,71.8,1104
115.05.21,N04,FT11,南瓜-木瓜型 阿成,420,豐原區,19.5,14.4,10,14.5,1222
115.05.21,N04,FT5,南瓜-青如意,420,豐原區,53.5,21.4,8.8,25.3,1062
115.05.21,N04,FT72,南瓜-栗子 小黑,420,豐原區,25,25,25,25,240
115.05.21,N04,FT97,南瓜-進口 栗子,420,豐原區,29.7,22.5,16,22.6,1206
115.05.21,N04,FU1,隼人瓜,420,豐原區,10,7.6,5,7.6,1188
115.05.21,N04,FU2,隼人瓜-瓜苗,420,豐原區,75.5,42.4,28,46.1,580
115.05.21,N04,FY4,玉米-玉米筍,420,豐原區,34,20.9,10,21.3,162
115.05.21,N04,FY41,玉米-玉米筍 帶殼,420,豐原區,31,15.5,5,16.5,1368
115.05.21,N04,FY5,玉米-糯米黑,420,豐原區,18.5,7.6,4.5,9.1,1008
115.05.21,N04,FY6,玉米-甜軟殼,420,豐原區,20,6.8,3,8.7,828
115.05.21,N04,FZ2,落花生-熟,420,豐原區,56,56,56,56,12
115.05.21,N05,G49,奇異果-進口,420,豐原區,150,116.7,100,120,250
115.05.21,N05,I1,木瓜-網室紅肉,420,豐原區,35.9,25.3,13.9,25.1,5372.7
115.05.21,N05,J1,荔枝-玉荷包,420,豐原區,125,74.1,60,81.5,522.8
115.05.21,N04,LA1,甘藍-初秋,420,豐原區,25.3,23.6,20.4,23.3,11820
115.05.21,N04,LA7,甘藍-改良尖,420,豐原區,20.3,16.3,13.9,16.6,1080
115.05.21,N04,LB1,小白菜-土白菜,420,豐原區,12,9.6,6,9.3,300
115.05.21,N04,LB2,小白菜-蚵仔白,420,豐原區,15,10.2,7,10.5,400
115.05.21,N04,LB3,小白菜-奶油白,420,豐原區,30.4,15,4.5,16,420
115.05.21,N04,LC1,包心白-包白,420,豐原區,13.3,10.4,8.8,10.7,1660
115.05.21,N04,LC3,包心白-包頭蓮,420,豐原區,15.5,13.6,12.3,13.7,1000
115.05.21,N04,LC93,包心白菜-進口 包頭蓮 ,420,豐原區,25,22,16,21.4,500
115.05.21,N04,LD1,青江白菜-小梗,420,豐原區,23.1,9.5,7,11.7,1370
115.05.21,N04,LF2,蕹菜-小葉,420,豐原區,23,19.8,10.4,18.6,1796
115.05.21,N04,LF3,蕹菜-水蕹菜,420,豐原區,36,30,19,29,420
115.05.21,N04,LG2,芹菜-白梗,420,豐原區,63.1,51.4,31,49.6,700
115.05.21,N04,LG3,芹菜-西洋芹菜,420,豐原區,15,13.5,12,13.5,300
115.05.21,N04,LH2,菠菜-角葉,420,豐原區,44,33.9,23.5,33.8,300
115.05.21,N04,LI3,萵苣菜-本島圓葉,420,豐原區,33,20.2,3,19.3,150
115.05.21,N04,LI5,萵苣菜-油麥菜,420,豐原區,15.1,11,5.7,10.8,1220
115.05.21,N04,LK3,芥藍菜-芥藍芽,420,豐原區,46.4,30.2,10.7,29.5,1060
115.05.21,N04,LM1,莧菜-紅莧菜,420,豐原區,47.5,35.3,25,35.7,420
115.05.21,N04,LM2,莧菜-白莧菜,420,豐原區,46.2,37.4,23.9,36.5,1060
115.05.21,N04,LN1,油菜,420,豐原區,11,8.8,5,8.5,200
115.05.21,N04,LO1,甘薯葉,420,豐原區,25.6,15.9,7.7,16.2,800
115.05.21,N04,LP1,芫荽,420,豐原區,121,86.6,28.8,81.9,490
115.05.21,N04,LP2,九層塔,420,豐原區,45,27.7,12.2,28.1,492
115.05.21,N04,LQ1,紅鳳菜-紅鳳菜,420,豐原區,29,20.3,11.5,20.3,252
115.05.21,N04,LT3,海菜-水蓮,420,豐原區,99,92.9,82,91.9,300
115.05.21,N04,MC1,濕木耳,420,豐原區,77.5,53.2,30,53.4,250
115.05.21,N04,MD1,濕香菇,420,豐原區,110,91,37,84,84
115.05.21,N04,ME1,金絲菇-金針菇,420,豐原區,35,19.3,7,20,225
115.05.21,N04,MF1,蠔菇-鮑魚菇,420,豐原區,60,60,60,60,20
115.05.21,N04,MI1,秀珍菇,420,豐原區,85,85,85,85,18
115.05.21,N04,MJ1,杏鮑菇,420,豐原區,45,39.2,26,37.7,396
115.05.21,N04,MX1,其他菇類,420,豐原區,92,38.7,24.5,46.5,290
115.05.21,N05,N2,李-桃接李,420,豐原區,44.6,38,28.6,37.4,496.7
115.05.21,N04,OX1,其他,420,豐原區,100,61.1,50,66.7,2250
115.05.21,N05,P1,番石榴-珍珠芭,420,豐原區,48.9,34.7,25,35.6,2528.6
115.05.21,N05,R1,芒果-愛文,420,豐原區,83.7,20,20,32.7,916.7
115.05.21,N05,S1,葡萄-巨峰,420,豐原區,100,48.6,40,57.1,525
115.05.21,N04,SA3,蘿蔔-矸仔,420,豐原區,12,7.8,4.8,8,1800
115.05.21,N04,SA9,蘿蔔-進口,420,豐原區,19,15.9,12.5,15.9,600
115.05.21,N04,SB2,胡蘿蔔-清洗,420,豐原區,17,16.7,9,15.2,1240
115.05.21,N04,SC1,馬鈴薯-本產,420,豐原區,23.2,16.4,9.3,16.3,1032
115.05.21,N04,SD1,洋蔥-本產,420,豐原區,20,15.9,5,14.5,420
115.05.21,N04,SE6,青蔥-粉蔥,420,豐原區,59.5,50,31,48.1,1750
115.05.21,N04,SF4,韭菜-青頭,420,豐原區,32.5,24.7,15,24.3,378
115.05.21,N04,SG2,大蒜-軟梗,420,豐原區,57,27.7,16,31.2,720
115.05.21,N04,SG6,大蒜-蒜仁,420,豐原區,110,89.7,80,91.8,132
115.05.21,N04,SJ2,芋-檳榔心芋,420,豐原區,49,39.6,36,40.8,960
115.05.21,N04,SO1,甘薯-臺農57號,420,豐原區,18,14.8,9.5,14.4,1260
115.05.21,N04,SO3,甘薯-臺農66號,420,豐原區,12.5,9.3,5.5,9.2,810
115.05.21,N04,SP1,薑-老薑,420,豐原區,138,90.5,77,97.3,1008
115.05.21,N04,SP2,薑-嫩薑,420,豐原區,105,88,83,90.4,126
115.05.21,N04,SQ1,茭白筍-帶殼,420,豐原區,79.5,63.9,51.5,64.5,738
115.05.21,N04,SU21,薯蕷-白薯蕷 人參,420,豐原區,70.2,42,20,43.2,648
115.05.21,N04,SX1,芽菜類-綠豆芽,420,豐原區,20,20,20,20,490
115.05.21,N05,T1,西瓜-大西瓜,420,豐原區,18.1,15,10,14.6,7175.5
115.05.21,N05,T5,西瓜-黃肉,420,豐原區,11.8,9.4,5.5,9.1,14821.7
115.05.21,N05,V1,甜瓜-美濃,420,豐原區,36.9,26.3,13.9,25.9,4047.7
115.05.21,N05,X69,蘋果-富士進口,420,豐原區,125.2,110,106.9,112.4,488.5
115.05.21,N05,Y1,桃子-水蜜桃,420,豐原區,150,150,150,150,2
115.05.21,N05,Y19,桃子-水蜜桃進口,420,豐原區,250,250,250,250,124.8
115.05.21,N05,Y3,桃子-甜桃,420,豐原區,125,77.1,60,83.2,389.2
115.05.21,N05,C2,茂谷柑,423,東勢鎮,108.3,108.3,108.3,108.3,54
115.05.21,N05,F5,雜柑-無子檸檬,423,東勢鎮,83.3,83.3,83.3,83.3,40.8
115.05.21,N05,N2,李-桃接李,423,東勢鎮,50,33.3,33.3,35.26,72.6
115.05.21,N05,N3,李-紅肉李,423,東勢鎮,124.8,79.1,51.1,86.46,1652.4
115.05.21,N05,O2,梨-秋水梨,423,東勢鎮,189.8,128.9,57.6,117.36,10569.6
115.05.21,N05,Y0,桃子-其他,423,東勢鎮,191.6,103.7,47.3,98.62,11343
115.05.21,N05,Y1,桃子-水蜜桃,423,東勢鎮,216.6,161.8,86.9,156.82,154.8
115.05.21,N05,Y2,桃子-鶯歌桃,423,東勢鎮,66.6,41.7,27.7,45.24,42
115.05.21,N05,Y3,桃子-甜桃,423,東勢鎮,144.6,92.3,59.6,88.49,72.3
115.05.21,N05,Y4,桃子-早桃,423,東勢鎮,86,61.3,31.9,56.46,1684.8
115.05.21,N05,Y5,桃子-福壽桃,423,東勢鎮,91.6,91.6,83.3,83.33,60
115.05.21,N04,FB1,花椰菜-青梗,512,永靖鄉,60,18,15,18,9000
115.05.21,N04,FC1,胡瓜-黑刺,512,永靖鄉,42,19,15,19.5,3000
115.05.21,N04,FF1,絲瓜,512,永靖鄉,42,40,38,40.3,970
115.05.21,N04,FG1,苦瓜-白大米,512,永靖鄉,50,49,48,49.3,1080
115.05.21,N04,FH3,扁蒲-花蒲,512,永靖鄉,25,25,25,25,757
115.05.21,N04,FI2,茄子-麻荸茄,512,永靖鄉,57,50,48,50.3,535
115.05.21,N04,FM2,菜豆-青色,512,永靖鄉,75,24,17,24.5,8000
115.05.21,N04,LA1,甘藍-初秋,512,永靖鄉,23,15,10,15.3,10533
115.05.21,N04,LC1,包心白-包白,512,永靖鄉,18,13,8,13.5,11830
115.05.21,N06,FA800,康乃馨-多朵(混色),514,彰化市場,20,20,20,20,120
115.05.21,N06,FA810,康乃馨-多朵紅,514,彰化市場,20,20,20,20,30
115.05.21,N06,FA812,康乃馨-波斯桃紅,514,彰化市場,21,20,20,20,90
115.05.21,N06,FA872,康乃馨-史波特,514,彰化市場,21,21,21,21,30
115.05.21,N06,FA887,康乃馨-多朵白帶紫,514,彰化市場,20,20,20,20,30
115.05.21,N06,FB000,火鶴花,514,彰化市場,13,11,6,10,155
115.05.21,N06,FB001,火鶴花-混色,514,彰化市場,5,5,5,5,40
115.05.21,N04,FB1,花椰菜-青梗,514,溪湖鎮,32.7,26.9,18.9,26.5,19058
115.05.21,N06,FB103,火鶴花-紅青心,514,彰化市場,17,17,17,17,86
115.05.21,N06,FB106,火鶴花-丘比特,514,彰化市場,19,11,7,12,908
115.05.21,N06,FB111,火鶴花-月光,514,彰化市場,12,8,5,8,600
115.05.21,N06,FB113,火鶴花-紅鈴,514,彰化市場,15,12,5,11,810
115.05.21,N06,FB115,火鶴花-維納斯,514,彰化市場,15,12,7,12,795
115.05.21,N06,FB407,火鶴花-夢幻,514,彰化市場,14,8,5,9,1303
115.05.21,N06,FB415,火鶴花-羅莎,514,彰化市場,16,15,11,14,471
115.05.21,N06,FB419,火鶴花-太極,514,彰化市場,11,8,5,8,359
115.05.21,N06,FB607,火鶴花-月亮女神,514,彰化市場,13,12,6,11,141
115.05.21,N06,FB608,火鶴花-戀愛,514,彰化市場,14,12,11,12,165
115.05.21,N04,FC1,胡瓜-黑刺,514,溪湖鎮,32.7,24.2,19.8,25,893
115.05.21,N06,FC316,大菊-黃精競,514,彰化市場,48,36,24,36,270
115.05.21,N06,FC601,大菊-日本白,514,彰化市場,158,146,128,145,121
115.05.21,N06,FC613,大菊-白天星,514,彰化市場,102,56,33,61,1402
115.05.21,N06,FC800,大菊-染色大菊,514,彰化市場,75,58,48,60,199
115.05.21,N06,FC802,染大菊-芭迪卡,514,彰化市場,100,76,54,76,235
115.05.21,N06,FC804,染大菊-白天星,514,彰化市場,161,105,59,107,223
115.05.21,N06,FC805,染大菊-白東洋,514,彰化市場,20,20,20,20,60
115.05.21,N06,FC807,染大菊-梅西,514,彰化市場,45,44,43,44,37
115.05.21,N06,FD001,小菊-混合色,514,彰化市場,46,46,46,46,9
115.05.21,N04,FD1,花胡瓜,514,溪湖鎮,47.4,36.4,28,36.9,830
115.05.21,N06,FD100,小菊-紅,514,彰化市場,69,67,64,67,60
115.05.21,N06,FD131,小菊-小紅娘,514,彰化市場,60,47,40,48,242
115.05.21,N06,FD138,小菊-卡洛琳,514,彰化市場,79,71,56,70,255
115.05.21,N06,FD200,小菊-金,514,彰化市場,75,48,31,50,588
115.05.21,N06,FD300,小菊-黃,514,彰化市場,48,44,37,43,294
115.05.21,N06,FD308,小菊-黃丁字菊,514,彰化市場,74,70,46,66,200
115.05.21,N06,FD309,小菊-日本黃,514,彰化市場,74,74,74,74,25
115.05.21,N06,FD400,小菊-粉,514,彰化市場,79,67,66,69,77
115.05.21,N06,FD422,小菊-吉祥小粉,514,彰化市場,48,48,48,48,25
115.05.21,N06,FD423,小菊-粉日記,514,彰化市場,88,64,32,63,550
115.05.21,N06,FD456,小菊-卡洛粉,514,彰化市場,88,59,49,63,344
115.05.21,N06,FD635,小菊-林克小白,514,彰化市場,105,94,66,91,115
115.05.21,N06,FD645,小菊-白斯不列,514,彰化市場,168,103,85,112,578
115.05.21,N06,FD800,小菊-染色小菊,514,彰化市場,39,39,39,39,120
115.05.21,N06,FD801,染小菊-芬蘭,514,彰化市場,109,95,64,91,101
115.05.21,N06,FD802,染小菊-白鑽石,514,彰化市場,46,46,46,46,50
115.05.21,N06,FE001,非洲菊-混合色,514,彰化市場,34,28,22,28,900
115.05.21,N04,FE1,冬瓜-白皮,514,溪湖鎮,31.9,27,22.9,27.2,408
115.05.21,N06,FE100,非洲菊-紅,514,彰化市場,36,36,36,36,30
115.05.21,N06,FE110,非洲菊-卡布,514,彰化市場,47,37,35,39,120
115.05.21,N06,FE201,非洲菊-太陽神,514,彰化市場,20,20,20,20,25
115.05.21,N06,FE205,非洲菊-哈利熊,514,彰化市場,35,32,25,31,290
115.05.21,N06,FE302,非洲菊-金爵,514,彰化市場,23,23,23,23,90
115.05.21,N06,FE400,非洲菊-粉,514,彰化市場,42,42,42,42,30
115.05.21,N06,FE409,非洲菊-粉紅魅力,514,彰化市場,41,41,41,41,30
115.05.21,N06,FE415,非洲菊-粉美麗,514,彰化市場,25,25,25,25,28
115.05.21,N06,FE416,非洲菊-熱情粉,514,彰化市場,51,38,22,38,660
115.05.21,N06,FE600,非洲菊-白,514,彰化市場,41,35,21,33,170
115.05.21,N06,FE900,非洲菊-迷你混色,514,彰化市場,59,53,41,52,99
115.05.21,N04,FF1,絲瓜,514,溪湖鎮,39,30,20.9,30,4288
115.05.21,N04,FG1,苦瓜-白大米,514,溪湖鎮,48.4,38.6,27.7,38.4,3595
115.05.21,N06,FG105,劍蘭-２３５號,514,彰化市場,71,71,71,71,32
115.05.21,N06,FG113,劍蘭-新種紅,514,彰化市場,49,49,49,49,20
115.05.21,N06,FG116,劍蘭-雙色金紅,514,彰化市場,85,82,79,82,114
115.05.21,N04,FG2,苦瓜-青大米,514,溪湖鎮,50,40.7,40,42.4,82
115.05.21,N04,FG3,苦瓜-山苦瓜,514,溪湖鎮,42,42,42,42,15
115.05.21,N06,FG406,劍蘭-青殼粉,514,彰化市場,72,66,65,67,50
115.05.21,N06,FH000,其它花卉,514,彰化市場,78,38,6,40,78
115.05.21,N06,FH004,八卦草(黃河),514,彰化市場,26,26,26,26,30
115.05.21,N06,FH006,黃梔花,514,彰化市場,63,44,35,46,746
115.05.21,N06,FH008,洋甘菊,514,彰化市場,130,114,90,112,36
115.05.21,N06,FH112,小天堂鳥-桔帶紅,514,彰化市場,71,61,37,59,76
115.05.21,N06,FH131,鶴焦,514,彰化市場,25,23,6,20,40
115.05.21,N06,FH137,觀音蓮,514,彰化市場,9,9,9,9,66
115.05.21,N06,FH139,石玫瑰,514,彰化市場,28,28,28,28,35
115.05.21,N06,FH195,玉蘭花,514,彰化市場,200,200,200,200,8
115.05.21,N06,FH251,秀線,514,彰化市場,81,64,50,65,300
115.05.21,N06,FH293,向日葵-單瓣,514,彰化市場,167,139,75,132,114
115.05.21,N04,FH3,扁蒲-花蒲,514,溪湖鎮,29.5,22,14.1,21.9,766
115.05.21,N06,FH330,雞冠花,514,彰化市場,64,64,64,64,12
115.05.21,N06,FH331,雞冠花-清紅,514,彰化市場,80,76,71,76,32
115.05.21,N06,FH381,麒麟草,514,彰化市場,41,37,27,36,523
115.05.21,N06,FH466,繡球花-白,514,彰化市場,30,30,30,30,48
115.05.21,N06,FH670,茉莉花,514,彰化市場,24,24,24,24,30
115.05.21,N06,FH710,深山櫻,514,彰化市場,113,86,54,85,48
115.05.21,N06,FH750,百子蓮(愛情花),514,彰化市場,40,18,10,21,271
115.05.21,N04,FI2,茄子-麻荸茄,514,溪湖鎮,39.7,22,20,25.1,331
115.05.21,N04,FJ1,番茄-黑柿,514,溪湖鎮,30,30,30,30,55
115.05.21,N04,FK5,甜椒-青椒,514,溪湖鎮,72.2,69.5,60,68.2,225
115.05.21,N04,FM1,菜豆-白色,514,溪湖鎮,63.1,50.4,36.6,50.2,653
115.05.21,N04,FM2,菜豆-青色,514,溪湖鎮,50,43.9,40,44.3,103
115.05.21,N04,FN1,敏豆-白豆,514,溪湖鎮,103.3,95.3,74.3,92.7,91
115.05.21,N04,FN5,敏豆-醜豆,514,溪湖鎮,90,68.1,60,70.9,126
115.05.21,N06,FO003,腎藥蘭-曼谷火焰,514,彰化市場,12,9,5,9,770
115.05.21,N06,FO007,千代蘭,514,彰化市場,9,6,5,6,880
115.05.21,N06,FO009,萬代蘭,514,彰化市場,12,12,12,12,60
115.05.21,N06,FO335,檸檬綠文心蘭,514,彰化市場,98,89,65,86,487
115.05.21,N06,FO663,蝴蝶蘭-白黃心,514,彰化市場,40,40,37,39,40
115.05.21,N06,FR000,玫瑰,514,彰化市場,165,90,50,97,134
115.05.21,N06,FR001,玫瑰-混合色,514,彰化市場,252,252,252,252,4
115.05.21,N06,FR100,玫瑰-紅,514,彰化市場,433,431,419,429,19
115.05.21,N06,FR116,玫瑰-翡翠紅,514,彰化市場,265,265,265,265,5
115.05.21,N06,FR117,玫瑰-萬年紅,514,彰化市場,178,108,44,109,270
115.05.21,N06,FR120,玫瑰-埔里之星,514,彰化市場,238,227,178,220,25
115.05.21,N06,FR208,玫瑰-香吉士,514,彰化市場,396,341,242,331,13
115.05.21,N06,FR308,玫瑰-陽光女孩,514,彰化市場,206,196,185,196,12
115.05.21,N06,FR429,玫瑰-鐵達尼,514,彰化市場,148,140,132,140,10
115.05.21,N06,FR436,玫瑰-翡翠粉,514,彰化市場,271,158,20,153,154
115.05.21,N06,FR439,玫瑰-翡翠香檳,514,彰化市場,272,206,125,203,68
115.05.21,N06,FR451,玫瑰-翡翠佳人,514,彰化市場,259,191,154,198,39
115.05.21,N06,FR452,玫瑰-珍愛你,514,彰化市場,203,148,116,152,22
115.05.21,N06,FR455,玫瑰-翡翠珍珠,514,彰化市場,321,273,208,270,27
115.05.21,N06,FR460,玫瑰-天堂粉,514,彰化市場,151,96,63,100,12
115.05.21,N06,FR461,玫瑰-新娘粉,514,彰化市場,283,220,173,223,11
115.05.21,N06,FR607,玫瑰-翡翠白,514,彰化市場,288,185,87,186,92
115.05.21,N06,FR705,玫瑰-紫天王,514,彰化市場,246,177,132,182,30
115.05.21,N06,FR940,玫瑰-多朵粉,514,彰化市場,257,257,257,257,5
115.05.21,N06,FS001,香水百合-單朵,514,彰化市場,103,103,103,103,12
115.05.21,N06,FS012,香水百合-紅雙朵,514,彰化市場,122,122,122,122,15
115.05.21,N06,FS013,香水百合-紅三朵,514,彰化市場,166,166,166,166,12
115.05.21,N06,FS041,香水百合-粉單朵,514,彰化市場,160,160,160,160,12
115.05.21,N04,FS1,越瓜-青色,514,溪湖鎮,20,20,20,20,166
115.05.21,N06,FS353,香水百合-索邦妮三朵,514,彰化市場,136,136,136,136,14
115.05.21,N06,FS359,香水百合-索邦妮多朵,514,彰化市場,141,141,137,140,179
115.05.21,N06,FS473,水晶香水-三朵,514,彰化市場,292,292,292,292,10
115.05.21,N06,FS479,水晶香水-多朵,514,彰化市場,329,302,276,302,68
115.05.21,N06,FS603,OT康卡多-三朵,514,彰化市場,231,231,231,231,10
115.05.21,N06,FS609,OT康卡多-多朵,514,彰化市場,246,237,223,236,84
115.05.21,N06,FS631,OT曼尼薩-單朵,514,彰化市場,212,191,148,186,104
115.05.21,N06,FS632,OT曼尼薩-雙朵,514,彰化市場,206,186,162,185,211
115.05.21,N06,FS633,OT曼尼薩-三朵,514,彰化市場,268,258,88,227,62
115.05.21,N06,FS639,OT曼尼薩-多朵,514,彰化市場,267,267,267,267,16
115.05.21,N06,FS770,OT百合-節奏舞者,514,彰化市場,132,83,52,87,30
115.05.21,N06,FS772,OT百合-節奏舞者二朵,514,彰化市場,128,124,122,124,46
115.05.21,N06,FS773,OT百合-節奏舞者三朵,514,彰化市場,163,140,140,145,106
115.05.21,N06,FS779,OT百合-節奏舞者多朵,514,彰化市場,188,162,109,157,395
115.05.21,N06,FS781,OT百合-貝維爾單朵,514,彰化市場,130,130,130,130,12
115.05.21,N06,FS782,OT百合-貝維爾雙朵,514,彰化市場,132,132,132,132,16
115.05.21,N06,FS793,OT百合-維尼三朵,514,彰化市場,156,156,156,156,22
115.05.21,N06,FS799,OT百合-維尼多朵,514,彰化市場,182,179,177,179,36
115.05.21,N06,FS870,OT大連,514,彰化市場,192,143,89,142,49
115.05.21,N06,FS871,OT大連-單朵,514,彰化市場,164,158,139,156,61
115.05.21,N06,FS872,OT大連-雙朵,514,彰化市場,152,130,102,129,326
115.05.21,N06,FS873,OT大連-三朵,514,彰化市場,203,182,141,178,210
115.05.21,N06,FS879,OT大連-多朵,514,彰化市場,252,209,147,205,142
115.05.21,N06,FS891,OT帕雷諾-單朵,514,彰化市場,144,100,81,105,32
115.05.21,N06,FS892,OT帕雷諾-雙朵,514,彰化市場,131,124,122,125,44
115.05.21,N06,FS893,OT帕雷諾-三朵,514,彰化市場,85,85,85,85,16
115.05.21,N06,FS960,OT試金石,514,彰化市場,42,42,42,42,19
115.05.21,N06,FS963,OT試金石-三朵,514,彰化市場,192,155,113,154,52
115.05.21,N06,FS969,OT試金石-多朵,514,彰化市場,196,131,112,141,248
115.05.21,N06,FS972,OT紅福特-雙朵,514,彰化市場,142,130,125,132,26
115.05.21,N06,FS973,OT紅福特-三朵,514,彰化市場,197,168,131,166,88
115.05.21,N06,FS979,OT紅福特-多朵,514,彰化市場,234,214,192,214,226
115.05.21,N04,FT1,南瓜-木瓜形,514,溪湖鎮,30,26.7,25,27,338
115.05.21,N06,FT660,鐵砲百合-雷山一號,514,彰化市場,120,120,120,120,20
115.05.21,N04,FT7,南瓜-栗子,514,溪湖鎮,100,100,100,100,15
115.05.21,N06,FU402,洋桔梗-雙瓣(混色),514,彰化市場,195,155,122,156,32
115.05.21,N06,FU412,洋桔梗-雙瓣紅,514,彰化市場,152,152,152,152,6
115.05.21,N06,FU441,洋桔梗-順風粉,514,彰化市場,238,219,210,221,26
115.05.21,N06,FU442,洋桔梗-雙瓣粉,514,彰化市場,192,99,31,104,159
115.05.21,N06,FU445,洋桔梗-可羅淺粉,514,彰化市場,198,184,173,185,84
115.05.21,N06,FU449,洋桔梗-艾瑞娜彩粉,514,彰化市場,206,171,109,166,48
115.05.21,N06,FU451,洋桔梗-順風杏粉,514,彰化市場,150,150,150,150,8
115.05.21,N06,FU459,洋桔梗-琥珀綠,514,彰化市場,159,130,72,124,76
115.05.21,N06,FU462,洋桔梗-雙瓣白,514,彰化市場,219,158,153,170,48
115.05.21,N06,FU465,洋桔梗-名人華麗白,514,彰化市場,160,160,160,160,9
115.05.21,N06,FU469,洋桔梗-皇后白,514,彰化市場,208,176,142,176,67
115.05.21,N06,FU471,洋桔梗-重瓣淺紫,514,彰化市場,201,136,38,130,50
115.05.21,N06,FU472,洋桔梗-重瓣紫,514,彰化市場,203,203,171,196,38
115.05.21,N06,FU477,洋桔梗-羅西娜薰衣草紫,514,彰化市場,113,113,113,113,10
115.05.21,N06,FU478,洋桔梗-羅西娜紫,514,彰化市場,194,141,125,149,40
115.05.21,N06,FU482,洋桔梗-拉弗爾酒彩,514,彰化市場,242,242,242,242,14
115.05.21,N06,FU641,洋桔梗-女王３彩粉,514,彰化市場,180,136,88,135,111
115.05.21,N06,FU642,洋桔梗-斐諾淺粉,514,彰化市場,128,128,128,128,10
115.05.21,N04,FV1,辣椒-紅小,514,溪湖鎮,50,50,50,50,18
115.05.21,N06,FW240,粉孔雀,514,彰化市場,23,22,15,21,100
115.05.21,N06,FW472,卡斯比亞-無葉,514,彰化市場,53,51,38,49,125
115.05.21,N06,FW560,滿天星-白,514,彰化市場,129,110,90,110,148
115.05.21,N04,FY0,玉米-其他,514,溪湖鎮,25.9,24,16.7,22.9,480
115.05.21,N06,FY001,尤加利葉,514,彰化市場,72,63,53,63,60
115.05.21,N06,FY003,唐棉,514,彰化市場,23,18,14,18,67
115.05.21,N06,FY004,黃椰心葉,514,彰化市場,119,86,51,86,491
115.05.21,N06,FY009,電信蘭葉,514,彰化市場,81,64,45,64,141
115.05.21,N06,FY017,八角金盤,514,彰化市場,32,27,21,27,170
115.05.21,N06,FY035,龍文蘭,514,彰化市場,13,13,13,13,50
115.05.21,N06,FY050,山蘇葉,514,彰化市場,35,16,10,18,90
115.05.21,N06,FY057,百合竹,514,彰化市場,30,24,12,23,904
115.05.21,N06,FY071,雪松,514,彰化市場,80,80,80,80,30
115.05.21,N06,FY084,火龍果,514,彰化市場,128,127,121,126,80
115.05.21,N06,FY093,水燭葉,514,彰化市場,18,14,10,14,334
115.05.21,N06,FY118,棉花,514,彰化市場,73,73,73,73,14
115.05.21,N06,FY981,高山羊齒,514,彰化市場,42,39,23,37,70
115.05.21,N06,FY993,白竹,514,彰化市場,76,66,33,62,575
115.05.21,N06,IA000,進口康乃馨-中大輪,514,彰化市場,47,42,37,42,40
115.05.21,N06,IA100,進口康乃馨-紅,514,彰化市場,59,59,59,59,20
115.05.21,N06,IA400,進口康乃馨-粉,514,彰化市場,39,39,39,39,60
115.05.21,N06,IA800,進口康乃馨-多朵混色,514,彰化市場,71,71,71,71,32
115.05.21,N06,IH309,進口牡丹花,514,彰化市場,165,165,165,165,10
115.05.21,N06,IH466,繡球花-白,514,彰化市場,83,81,79,81,40
115.05.21,N06,IH617,進口鬱金香-紫色,514,彰化市場,0,0,0,0,0
115.05.21,N06,IO519,進口石斛蘭-深紅,514,彰化市場,114,109,104,109,238
115.05.21,N06,IR700,進口玫瑰-紫,514,彰化市場,444,444,444,444,2
115.05.21,N06,IW560,進口滿天星-白,514,彰化市場,199,199,199,199,48
115.05.21,N06,IW580,滿天星-染色,514,彰化市場,208,182,102,171,74
115.05.21,N04,LA1,甘藍-初秋,514,溪湖鎮,28.9,21.9,15.7,22.1,17843
115.05.21,N04,LA7,甘藍-改良尖,514,溪湖鎮,23.1,18.4,13.3,18.3,7296
115.05.21,N04,LB1,小白菜-土白菜,514,溪湖鎮,17.2,12.2,7.5,12.3,3200
115.05.21,N04,LC1,包心白-包白,514,溪湖鎮,16.9,13.2,10,13.3,10882
115.05.21,N04,LD1,青江白菜-小梗,514,溪湖鎮,13,10,5,9.6,3500
115.05.21,N04,LF2,蕹菜-小葉,514,溪湖鎮,10.4,6.8,5.5,7.2,3367
115.05.21,N04,LG2,芹菜-白梗,514,溪湖鎮,75.6,53.4,26.7,52.5,1200
115.05.21,N04,LK2,芥藍菜,514,溪湖鎮,18.2,12.5,7.5,12.6,3000
115.05.21,N04,LN1,油菜,514,溪湖鎮,12.6,10,5,9.5,3501
115.05.21,N04,SA32,蘿蔔-矸仔,514,溪湖鎮,15.9,13.1,9.4,13,13069
115.05.21,N04,SB1,胡蘿蔔-未洗,514,溪湖鎮,18.7,14.8,10.3,14.7,3818
115.05.21,N04,SD1,洋蔥-本產,514,溪湖鎮,17.9,14.1,10,14,3578
115.05.21,N04,SE6,青蔥-粉蔥,514,溪湖鎮,43.2,33.9,25,34,831
115.05.21,N04,SF3,韭菜-韭菜花,514,溪湖鎮,84.1,74.4,66.7,74.8,91
115.05.21,N04,SO0,甘薯-其他,514,溪湖鎮,23.7,17.9,13.9,18.3,3916
115.05.21,N04,SX1,芽菜類-綠豆芽,514,溪湖鎮,13,13,13,13,1118
115.05.21,N04,FC1,胡瓜-黑刺,540,南投市,15,10,4,6.23,764
115.05.21,N04,FD1,花胡瓜,540,南投市,30,20,10,22.4,477
115.05.21,N04,FF1,絲瓜,540,南投市,40,30,10,30.55,235
115.05.21,N04,FG1,苦瓜-白大米,540,南投市,47,25,10,15.28,431
115.05.21,N04,FH3,扁蒲-花蒲,540,南投市,12,10,5,9.03,89
115.05.21,N04,FI2,茄子-麻荸茄,540,南投市,30,20,5,18.06,450
115.05.21,N04,FJ3,番茄-牛番茄,540,南投市,50,40,25,39.55,286
115.05.21,N04,FM2,菜豆-青色,540,南投市,40,25,16,29.61,98
115.05.21,N04,FN1,敏豆-白豆,540,南投市,120,70,40,70.69,48
115.05.21,N04,LA1,甘藍-初秋,540,南投市,25,22,18,21.86,672
115.05.21,N04,OX1,其他,540,南投市,110,25,5,26.97,1848
115.05.21,N04,SQ3,茭白筍-去殼,540,南投市,300,200,115,254,40
115.05.21,N05,11,椰子,600,嘉義市,15,12,8,12,1000
115.05.21,N05,51,百香果-改良種,600,嘉義市,120,84,45,84,1500
115.05.21,N05,72,小番茄-聖女,600,嘉義市,83,55,33,55,4500
115.05.21,N05,74,小番茄-玉女,600,嘉義市,166,130,100,130,1000
115.05.21,N05,812,紅龍果-紅肉,600,嘉義市,72,52,34,52,1800
115.05.21,N05,839,櫻桃-進口,600,嘉義市,500,500,500,500,150
115.05.21,N05,859,榴槤-進口,600,嘉義市,233,125,125,125,4000
115.05.21,N05,91,其他,600,嘉義市,25,18,13,18,5000
115.05.21,N05,A1,香蕉,600,嘉義市,30,20,14,20,4800
115.05.21,N05,B2,鳳梨-金鑽鳳梨,600,嘉義市,23,20,11,20,20000
115.05.21,N05,E9,甜橙-進口,600,嘉義市,85,70,55,70,1600
115.05.21,N05,F1,雜柑-檸檬,600,嘉義市,83,62,45,62,1600
115.05.21,N05,G49,奇異果-進口,600,嘉義市,155,123,100,123,2400
115.05.21,N05,I1,木瓜-網室紅肉,600,嘉義市,40,27,17,27,7500
115.05.21,N05,J1,荔枝-玉荷包,600,嘉義市,133,115,90,115,2200
115.05.21,N05,J3,荔枝-糯米,600,嘉義市,83,66,50,66,2800
115.05.21,N05,N2,李-桃接李,600,嘉義市,60,33,15,33,2400
115.05.21,N05,N9,李-進口,600,嘉義市,115,95,66,95,1300
115.05.21,N05,O2,梨-秋水梨,600,嘉義市,166,133,100,133,2000
115.05.21,N05,P1,番石榴-珍珠芭,600,嘉義市,45,38,25,38,4000
115.05.21,N05,Q1,蓮霧-紅蓮霧,600,嘉義市,118,66,27,66,1600
115.05.21,N05,R1,芒果-愛文,600,嘉義市,98,65,50,65,8000
115.05.21,N05,R2,芒果-玉文,600,嘉義市,60,50,33,50,800
115.05.21,N05,R3,芒果-本島,600,嘉義市,80,50,33,50,3000
115.05.21,N05,R6,芒果-金煌,600,嘉義市,70,42,25,42,1400
115.05.21,N05,S1,葡萄-巨峰,600,嘉義市,120,83,55,83,2200
115.05.21,N05,S9,葡萄-進口,600,嘉義市,200,120,100,120,1400
115.05.21,N05,T1,西瓜-大西瓜,600,嘉義市,22,13,7,13,15000
115.05.21,N05,T3,西瓜-黑美人,600,嘉義市,14,7,4,7,16000
115.05.21,N05,T4,西瓜-鳳光英妙,600,嘉義市,14,7,4,7,11000
115.05.21,N05,T5,西瓜-黃肉,600,嘉義市,13,7,4,7,16000
115.05.21,N05,V1,甜瓜-美濃,600,嘉義市,45,30,17,30,1500
115.05.21,N05,W1,洋香瓜-網狀紅肉,600,嘉義市,45,33,20,33,3000
115.05.21,N05,W2,洋香瓜-網狀綠肉,600,嘉義市,50,28,20,28,1600
115.05.21,N05,X09,蘋果-其他進口,600,嘉義市,155,97,66,97,7000
115.05.21,N05,Y1,桃子-水蜜桃,600,嘉義市,240,160,80,160,1800
115.05.21,N05,Y4,桃子-早桃,600,嘉義市,83,45,25,45,1600
115.05.21,N05,Y9,桃子-進口,600,嘉義市,100,66,50,66,2000
115.05.21,N04,FB1,花椰菜-青梗,648,西螺鎮,34.4,25,17.5,25.6,8859
115.05.21,N04,FC1,胡瓜-黑刺,648,西螺鎮,23.8,20,10,18.8,27646
115.05.21,N04,FD1,花胡瓜,648,西螺鎮,40.5,27.8,16.7,28.7,36407
115.05.21,N04,FE1,冬瓜-白皮,648,西螺鎮,23,20,15,19.7,10801
115.05.21,N04,FF1,絲瓜,648,西螺鎮,33.5,25,16.7,25.1,30512
115.05.21,N04,FG1,苦瓜-白大米,648,西螺鎮,35.7,25,16.7,25.8,30152
115.05.21,N04,FH3,扁蒲-花蒲,648,西螺鎮,13.7,10,4,9.7,11268
115.05.21,N04,FH4,扁蒲-梨子蒲,648,西螺鎮,25,20,12.5,19.6,4090
115.05.21,N04,FI2,茄子-麻荸茄,648,西螺鎮,33.4,25,16.7,25.1,28172
115.05.21,N04,FJ3,番茄-牛番茄,648,西螺鎮,71.7,50,20,49.1,30247
115.05.21,N04,FK5,甜椒-青椒,648,西螺鎮,51.5,33.4,16.7,35.3,16792
115.05.21,N04,FL9,豌豆-進口,648,西螺鎮,150,120.5,75,120.9,1109
115.05.21,N04,FM1,菜豆-白色,648,西螺鎮,39.4,30,20,31.1,16183
115.05.21,N04,FN1,敏豆-白豆,648,西螺鎮,118.8,77.8,40,83.6,11017
115.05.21,N04,FR9,青花苔-進口,648,西螺鎮,87.5,68.8,50,68.8,8624
115.05.21,N04,FV1,辣椒-紅小,648,西螺鎮,65.7,40,20,44.8,3484
115.05.21,N04,FY6,玉米-甜軟殼,648,西螺鎮,33.3,25,16.7,25,25424
115.05.21,N04,LA1,甘藍-初秋,648,西螺鎮,23.1,18.4,14.9,18.7,195354
115.05.21,N04,LB12,小白菜-土白菜,648,西螺鎮,17.1,12.2,7.5,12.8,13555
115.05.21,N04,LB2,小白菜-蚵仔白,648,西螺鎮,12.5,10,5,9.5,23468
115.05.21,N04,LC1,包心白-包白,648,西螺鎮,10,7.5,5,7.6,48406
115.05.21,N04,LD1,青江白菜-小梗,648,西螺鎮,12.6,10,5,9.6,23030
115.05.21,N04,LF2,蕹菜-小葉,648,西螺鎮,10.1,6.7,3.4,6.9,59731
115.05.21,N04,LG2,芹菜-白梗,648,西螺鎮,74.7,53.4,26.7,59.6,3470
115.05.21,N04,LI3,萵苣菜-本島圓葉,648,西螺鎮,34.4,27.5,17.5,28,4742
115.05.21,N04,LJ4,芥菜-小芥菜,648,西螺鎮,25,20,10,19.1,4857
115.05.21,N04,LK2,芥藍菜,648,西螺鎮,15.5,12.4,7.5,12.7,7809
115.05.21,N04,LM2,莧菜-白莧菜,648,西螺鎮,40,30,16.7,29.5,9325
115.05.21,N04,LN1,油菜,648,西螺鎮,12.6,10,5,9.6,23691
115.05.21,N04,LS1,茴香,648,西螺鎮,73,66.7,40,64.8,525
115.05.21,N04,OX1,其他,648,西螺鎮,82.7,31.4,11,22.8,9311
115.05.21,N04,SA32,蘿蔔-矸仔,648,西螺鎮,13.4,10,5,9.7,12480
115.05.21,N04,SA9,蘿蔔-進口,648,西螺鎮,22.5,17.5,12.5,17.5,21840
115.05.21,N04,SB2,胡蘿蔔-清洗,648,西螺鎮,23.5,18,13,18.1,22760
115.05.21,N04,SC1,馬鈴薯-本產,648,西螺鎮,27.1,23,16.7,22.6,20880
115.05.21,N04,SD1,洋蔥-本產,648,西螺鎮,18.4,14.2,10,14.2,22200
115.05.21,N04,SE6,青蔥-粉蔥,648,西螺鎮,61.7,40,26.7,41.6,20997
115.05.21,N04,SF1,韭菜-白頭,648,西螺鎮,50,50,50,50,3276
115.05.21,N04,SG2,大蒜-軟梗,648,西螺鎮,116.7,90,50,87.3,7290
115.05.21,N04,SG5,大蒜-蒜頭,648,西螺鎮,133.4,100,75,101.7,1458
115.05.21,N04,SG6,大蒜-蒜仁,648,西螺鎮,116.7,90,50,87.3,3256
115.05.21,N04,SJ2,芋-檳榔心芋,648,西螺鎮,56.7,46.7,26.7,44.7,12134
115.05.21,N04,SO1,甘薯-臺農57號,648,西螺鎮,23.4,18.4,13.4,18.4,15930
115.05.21,N04,SP1,薑-老薑,648,西螺鎮,155.6,111.2,83.4,114.5,6210
115.05.21,N06,FA800,康乃馨-多朵(混色),700,台南市場,21,21,21,21,38
115.05.21,N06,FA811,康乃馨-多朵櫻紅,700,台南市場,22,22,22,22,32
115.05.21,N06,FB000,火鶴花,700,台南市場,15,12,7,12,367
115.05.21,N06,FB100,火鶴花-紅色,700,台南市場,5,5,5,5,210
115.05.21,N06,FB106,火鶴花-丘比特,700,台南市場,10,6,5,7,870
115.05.21,N06,FB111,火鶴花-月光,700,台南市場,12,12,11,12,108
115.05.21,N06,FB113,火鶴花-紅鈴,700,台南市場,7,5,5,5,1829
115.05.21,N06,FB114,火鶴花-紅星,700,台南市場,5,5,5,5,30
115.05.21,N06,FB400,火鶴花-粉色,700,台南市場,7,5,5,5,175
115.05.21,N06,FB415,火鶴花-羅莎,700,台南市場,14,11,9,11,681
115.05.21,N06,FB419,火鶴花-太極,700,台南市場,15,14,13,14,295
115.05.21,N06,FB420,火鶴花-小紅莓,700,台南市場,11,8,6,8,151
115.05.21,N06,FB425,火鶴花-吉祥,700,台南市場,11,8,5,8,129
115.05.21,N06,FB502,火鶴花-綠紅心,700,台南市場,20,16,11,16,228
115.05.21,N06,FB504,火鶴花-雷夢娜,700,台南市場,7,7,7,7,33
115.05.21,N06,FB600,火鶴花-白色,700,台南市場,10,9,7,9,88
115.05.21,N06,FB608,火鶴花-戀愛,700,台南市場,10,6,6,7,128
115.05.21,N06,FB700,火鶴花-紫色,700,台南市場,5,5,5,5,182
115.05.21,N06,FB802,火鶴花-大地,700,台南市場,5,5,5,5,57
115.05.21,N06,FC316,大菊-黃精競,700,台南市場,45,38,24,37,185
115.05.21,N06,FC613,大菊-白天星,700,台南市場,102,72,53,74,463
115.05.21,N06,FC800,大菊-染色大菊,700,台南市場,85,75,68,76,96
115.05.21,N06,FC802,染大菊-芭迪卡,700,台南市場,85,82,70,80,150
115.05.21,N06,FC804,染大菊-白天星,700,台南市場,120,100,86,101,88
115.05.21,N06,FC805,染大菊-白東洋,700,台南市場,35,35,35,35,40
115.05.21,N06,FD001,小菊-混合色,700,台南市場,44,44,44,44,26
115.05.21,N06,FD127,小菊-雙色紅,700,台南市場,49,49,49,49,104
115.05.21,N06,FD131,小菊-小紅娘,700,台南市場,46,37,27,37,187
115.05.21,N06,FD200,小菊-金,700,台南市場,48,39,28,38,547
115.05.21,N06,FD300,小菊-黃,700,台南市場,45,41,27,39,76
115.05.21,N06,FD308,小菊-黃丁字菊,700,台南市場,45,41,26,39,235
115.05.21,N06,FD309,小菊-日本黃,700,台南市場,40,37,25,35,105
115.05.21,N06,FD400,小菊-粉,700,台南市場,100,100,100,100,18
115.05.21,N06,FD422,小菊-吉祥小粉,700,台南市場,22,22,22,22,30
115.05.21,N06,FD423,小菊-粉日記,700,台南市場,78,52,45,56,150
115.05.21,N06,FD456,小菊-卡洛粉,700,台南市場,34,34,34,34,25
115.05.21,N06,FD635,小菊-林克小白,700,台南市場,50,50,50,50,25
115.05.21,N06,FD645,小菊-白斯不列,700,台南市場,149,149,149,149,75
115.05.21,N06,FD800,小菊-染色小菊,700,台南市場,28,28,28,28,60
115.05.21,N06,FD801,染小菊-芬蘭,700,台南市場,104,104,104,104,25
115.05.21,N06,FE001,非洲菊-混合色,700,台南市場,28,27,22,26,470
115.05.21,N06,FE110,非洲菊-卡布,700,台南市場,39,36,28,35,80
115.05.21,N06,FE200,非洲菊-橙,700,台南市場,50,50,50,50,60
115.05.21,N06,FE205,非洲菊-哈利熊,700,台南市場,25,25,25,25,80
115.05.21,N06,FE300,非洲菊-黃,700,台南市場,30,27,22,27,200
115.05.21,N06,FE400,非洲菊-粉,700,台南市場,41,38,35,38,84
115.05.21,N06,FE401,非洲菊-伊斯瑪拉,700,台南市場,52,46,20,42,100
115.05.21,N06,FE408,非洲菊-粉紅佳人,700,台南市場,37,37,37,37,20
115.05.21,N06,FE409,非洲菊-粉紅魅力,700,台南市場,75,60,36,58,80
115.05.21,N06,FE416,非洲菊-熱情粉,700,台南市場,66,32,20,37,640
115.05.21,N06,FE600,非洲菊-白,700,台南市場,45,37,35,38,60
115.05.21,N06,FE700,非洲菊-紫,700,台南市場,23,23,23,23,20
115.05.21,N06,FE900,非洲菊-迷你混色,700,台南市場,44,37,24,36,139
115.05.21,N06,FE920,非洲菊-迷你橙,700,台南市場,22,22,22,22,20
115.05.21,N06,FG105,劍蘭-２３５號,700,台南市場,74,61,48,61,213
115.05.21,N06,FG406,劍蘭-青殼粉,700,台南市場,59,48,30,47,70
115.05.21,N06,FH000,其它花卉,700,台南市場,79,63,15,57,66
115.05.21,N06,FH006,黃梔花,700,台南市場,83,60,48,63,625
115.05.21,N06,FH008,洋甘菊,700,台南市場,115,107,100,107,41
115.05.21,N06,FH009,萬壽菊,700,台南市場,40,40,40,40,10
115.05.21,N06,FH050,水仙百合-混色,700,台南市場,46,46,46,46,22
115.05.21,N06,FH112,小天堂鳥-桔帶紅,700,台南市場,20,20,20,20,33
115.05.21,N06,FH130,文珠蘭,700,台南市場,0,0,0,0,0
115.05.21,N06,FH135,垂焦,700,台南市場,5,5,5,5,70
115.05.21,N06,FH137,觀音蓮,700,台南市場,5,5,5,5,140
115.05.21,N06,FH139,石玫瑰,700,台南市場,25,25,25,25,35
115.05.21,N06,FH156,野薑花-白,700,台南市場,47,47,47,47,12
115.05.21,N06,FH230,夜來香,700,台南市場,0,0,0,0,0
115.05.21,N06,FH240,麥桿菊,700,台南市場,60,60,60,60,15
115.05.21,N06,FH251,秀線,700,台南市場,71,53,29,51,210
115.05.21,N06,FH293,向日葵-單瓣,700,台南市場,110,101,85,99,38
115.05.21,N06,FH310,大理花-混色,700,台南市場,33,33,33,33,6
115.05.21,N06,FH330,雞冠花,700,台南市場,64,56,46,56,26
115.05.21,N06,FH331,雞冠花-清紅,700,台南市場,74,64,56,64,69
115.05.21,N06,FH381,麒麟草,700,台南市場,34,28,20,27,417
115.05.21,N06,FH460,繡球花,700,台南市場,45,45,45,45,20
115.05.21,N06,FH465,繡球花-綠色,700,台南市場,38,38,38,38,24
115.05.21,N06,FH522,迥香-白,700,台南市場,66,66,66,66,25
115.05.21,N06,FH640,睡蓮,700,台南市場,0,0,0,0,0
115.05.21,N06,FH670,茉莉花,700,台南市場,34,25,16,25,60
115.05.21,N06,FH710,深山櫻,700,台南市場,51,51,51,51,30
115.05.21,N06,FH750,百子蓮(愛情花),700,台南市場,34,28,23,28,237
115.05.21,N06,FM013,重瓣百合-紅三朵,700,台南市場,60,60,60,60,10
115.05.21,N06,FM019,重瓣百合-紅多朵,700,台南市場,65,65,65,65,10
115.05.21,N06,FO000,蘭花,700,台南市場,79,78,77,78,21
115.05.21,N06,FO003,腎藥蘭-曼谷火焰,700,台南市場,47,37,29,37,106
115.05.21,N06,FO007,千代蘭,700,台南市場,52,34,22,36,129
115.05.21,N06,FO009,萬代蘭,700,台南市場,45,39,34,39,58
115.05.21,N06,FO027,萬代蘭-巨輪紫,700,台南市場,28,26,25,26,51
115.05.21,N06,FO335,檸檬綠文心蘭,700,台南市場,108,90,57,87,295
115.05.21,N06,FO600,蝴蝶蘭-混色,700,台南市場,0,0,0,0,0
115.05.21,N06,FR000,玫瑰,700,台南市場,86,66,55,67,40
115.05.21,N06,FR100,玫瑰-紅,700,台南市場,104,69,54,73,23
115.05.21,N06,FR105,玫瑰-櫻紅,700,台南市場,133,133,133,133,4
115.05.21,N06,FR116,玫瑰-翡翠紅,700,台南市場,259,200,111,194,49
115.05.21,N06,FR117,玫瑰-萬年紅,700,台南市場,91,51,21,53,147
115.05.21,N06,FR120,玫瑰-埔里之星,700,台南市場,208,190,172,190,20
115.05.21,N06,FR208,玫瑰-香吉士,700,台南市場,341,259,136,252,16
115.05.21,N06,FR408,玫瑰-黛安娜粉,700,台南市場,80,66,51,66,14
115.05.21,N06,FR429,玫瑰-鐵達尼,700,台南市場,170,151,131,151,12
115.05.21,N06,FR436,玫瑰-翡翠粉,700,台南市場,191,179,81,162,64
115.05.21,N06,FR439,玫瑰-翡翠香檳,700,台南市場,189,130,72,130,53
115.05.21,N06,FR451,玫瑰-翡翠佳人,700,台南市場,159,127,105,129,28
115.05.21,N06,FR455,玫瑰-翡翠珍珠,700,台南市場,106,106,106,106,6
115.05.21,N06,FR457,玫瑰-寶貝粉,700,台南市場,0,0,0,0,0
115.05.21,N06,FR607,玫瑰-翡翠白,700,台南市場,181,111,39,110,84
115.05.21,N06,FR711,玫瑰-天堂紫,700,台南市場,107,88,69,88,16
115.05.21,N06,FR900,玫瑰-多朵混合,700,台南市場,254,192,105,187,33
115.05.21,N06,FR930,玫瑰-多朵黃,700,台南市場,243,161,141,175,9
115.05.21,N06,FR940,玫瑰-多朵粉,700,台南市場,230,230,230,230,4
115.05.21,N06,FS000,香水百合,700,台南市場,120,81,45,82,43
115.05.21,N06,FS010,香水百合-紅,700,台南市場,69,69,69,69,13
115.05.21,N06,FS012,香水百合-紅雙朵,700,台南市場,108,82,52,81,29
115.05.21,N06,FS013,香水百合-紅三朵,700,台南市場,146,146,146,146,12
115.05.21,N06,FS359,香水百合-索邦妮多朵,700,台南市場,82,82,82,82,36
115.05.21,N06,FS473,水晶香水-三朵,700,台南市場,310,262,185,256,38
115.05.21,N06,FS479,水晶香水-多朵,700,台南市場,341,291,226,288,62
115.05.21,N06,FS600,OT康卡多,700,台南市場,172,172,172,172,11
115.05.21,N06,FS603,OT康卡多-三朵,700,台南市場,204,194,170,191,29
115.05.21,N06,FS609,OT康卡多-多朵,700,台南市場,252,226,199,226,116
115.05.21,N06,FS631,OT曼尼薩-單朵,700,台南市場,190,147,74,140,43
115.05.21,N06,FS632,OT曼尼薩-雙朵,700,台南市場,175,157,76,144,171
115.05.21,N06,FS633,OT曼尼薩-三朵,700,台南市場,284,252,204,249,92
115.05.21,N06,FS639,OT曼尼薩-多朵,700,台南市場,282,235,209,239,112
115.05.21,N06,FS770,OT百合-節奏舞者,700,台南市場,110,92,85,94,37
115.05.21,N06,FS773,OT百合-節奏舞者三朵,700,台南市場,119,97,56,93,70
115.05.21,N06,FS779,OT百合-節奏舞者多朵,700,台南市場,200,132,110,141,178
115.05.21,N06,FS793,OT百合-維尼三朵,700,台南市場,145,145,145,145,22
115.05.21,N06,FS799,OT百合-維尼多朵,700,台南市場,151,149,135,146,28
115.05.21,N06,FS852,OT瑪丹娜-雙朵,700,台南市場,53,53,53,53,15
115.05.21,N06,FS853,OT瑪丹娜-三朵,700,台南市場,69,69,69,69,12
115.05.21,N06,FS870,OT大連,700,台南市場,205,99,79,116,50
115.05.21,N06,FS871,OT大連-單朵,700,台南市場,153,148,142,148,24
115.05.21,N06,FS872,OT大連-雙朵,700,台南市場,130,116,87,113,152
115.05.21,N06,FS873,OT大連-三朵,700,台南市場,219,172,106,168,190
115.05.21,N06,FS879,OT大連-多朵,700,台南市場,277,189,127,194,186
115.05.21,N06,FS890,OT帕雷諾,700,台南市場,127,127,127,127,14
115.05.21,N06,FS891,OT帕雷諾-單朵,700,台南市場,137,49,49,67,53
115.05.21,N06,FS892,OT帕雷諾-雙朵,700,台南市場,107,89,85,92,44
115.05.21,N06,FS960,OT試金石,700,台南市場,61,61,61,61,11
115.05.21,N06,FS963,OT試金石-三朵,700,台南市場,90,88,85,88,30
115.05.21,N06,FS969,OT試金石-多朵,700,台南市場,152,115,96,118,212
115.05.21,N06,FS972,OT紅福特-雙朵,700,台南市場,156,110,89,115,46
115.05.21,N06,FS973,OT紅福特-三朵,700,台南市場,182,170,130,164,74
115.05.21,N06,FS979,OT紅福特-多朵,700,台南市場,231,199,166,199,226
115.05.21,N06,FS981,OT百合-美麗果單朵,700,台南市場,47,47,47,47,30
115.05.21,N06,FS982,OT百合-美麗果雙朵,700,台南市場,69,69,69,69,12
115.05.21,N06,FT061,鐵砲百合-白單朵,700,台南市場,35,35,35,35,50
115.05.21,N06,FT062,鐵砲百合-白雙朵,700,台南市場,57,57,57,57,20
115.05.21,N06,FT063,鐵砲百合-白三朵,700,台南市場,76,76,76,76,8
115.05.21,N06,FU000,洋桔梗,700,台南市場,198,116,45,118,69
115.05.21,N06,FU402,洋桔梗-雙瓣(混色),700,台南市場,118,76,58,81,16
115.05.21,N06,FU412,洋桔梗-雙瓣紅,700,台南市場,243,91,24,107,21
115.05.21,N06,FU420,洋桔梗-新喜香檳,700,台南市場,175,170,164,170,16
115.05.21,N06,FU421,洋桔梗-小夏橘,700,台南市場,104,82,34,77,85
115.05.21,N06,FU432,洋桔梗-雙瓣黃,700,台南市場,77,77,77,77,5
115.05.21,N06,FU441,洋桔梗-順風粉,700,台南市場,218,170,125,171,26
115.05.21,N06,FU442,洋桔梗-雙瓣粉,700,台南市場,133,82,32,82,242
115.05.21,N06,FU449,洋桔梗-艾瑞娜彩粉,700,台南市場,108,76,55,78,16
115.05.21,N06,FU451,洋桔梗-順風杏粉,700,台南市場,174,174,174,174,7
115.05.21,N06,FU452,洋吉梗-雙瓣彩藍,700,台南市場,47,47,47,47,20
115.05.21,N06,FU457,洋桔梗-順風綠,700,台南市場,168,160,149,159,13
115.05.21,N06,FU459,洋桔梗-琥珀綠,700,台南市場,170,115,110,125,51
115.05.21,N06,FU462,洋桔梗-雙瓣白,700,台南市場,114,114,114,114,14
115.05.21,N06,FU465,洋桔梗-名人華麗白,700,台南市場,85,74,65,74,28
115.05.21,N06,FU469,洋桔梗-皇后白,700,台南市場,186,139,93,139,88
115.05.21,N06,FU471,洋桔梗-重瓣淺紫,700,台南市場,180,69,42,85,47
115.05.21,N06,FU472,洋桔梗-重瓣紫,700,台南市場,212,120,104,135,50
115.05.21,N06,FU478,洋桔梗-羅西娜紫,700,台南市場,122,59,50,70,112
115.05.21,N06,FU482,洋桔梗-拉弗爾酒彩,700,台南市場,0,0,0,0,0
115.05.21,N06,FU484,洋桔梗-N系列淺紫,700,台南市場,243,243,243,243,8
115.05.21,N06,FU641,洋桔梗-女王３彩粉,700,台南市場,95,68,38,67,130
115.05.21,N06,FU642,洋桔梗-斐諾淺粉,700,台南市場,64,64,64,64,11
115.05.21,N06,FU651,洋桔梗-典雅綠,700,台南市場,96,96,96,96,6
115.05.21,N06,FW240,粉孔雀,700,台南市場,20,20,20,20,100
115.05.21,N06,FW472,卡斯比亞-無葉,700,台南市場,47,46,44,46,139
115.05.21,N06,FW560,滿天星-白,700,台南市場,121,107,89,106,65
115.05.21,N06,FW600,水晶花-混合,700,台南市場,53,52,50,52,40
115.05.21,N06,FY000,切葉類,700,台南市場,23,23,23,23,25
115.05.21,N06,FY001,尤加利葉,700,台南市場,72,42,16,43,122
115.05.21,N06,FY003,唐棉,700,台南市場,23,23,23,23,18
115.05.21,N06,FY004,黃椰心葉,700,台南市場,111,92,59,89,254
115.05.21,N06,FY009,電信蘭葉,700,台南市場,91,65,26,62,533
115.05.21,N06,FY017,八角金盤,700,台南市場,27,27,27,27,60
115.05.21,N06,FY021,扁柏,700,台南市場,19,19,19,19,36
115.05.21,N06,FY035,龍文蘭,700,台南市場,13,13,13,13,50
115.05.21,N06,FY050,山蘇葉,700,台南市場,16,15,13,15,70
115.05.21,N06,FY057,百合竹,700,台南市場,29,19,15,20,623
115.05.21,N06,FY071,雪松,700,台南市場,82,82,82,82,30
115.05.21,N06,FY084,火龍果,700,台南市場,96,96,96,96,32
115.05.21,N06,FY086,綠春蘭葉,700,台南市場,10,10,10,10,30
115.05.21,N06,FY093,水燭葉,700,台南市場,24,24,24,24,318
115.05.21,N06,FY981,高山羊齒,700,台南市場,0,0,0,0,0
115.05.21,N06,FY993,白竹,700,台南市場,79,66,33,62,366
115.05.21,N06,FY996,蓮花竹,700,台南市場,21,21,21,21,50
115.05.21,N06,IA000,進口康乃馨-中大輪,700,台南市場,48,48,48,48,20
115.05.21,N06,IA100,進口康乃馨-紅,700,台南市場,35,35,35,35,20
115.05.21,N06,IA400,進口康乃馨-粉,700,台南市場,32,26,24,27,60
115.05.21,N06,IA800,進口康乃馨-多朵混色,700,台南市場,45,45,45,45,32
115.05.21,N06,IH309,進口牡丹花,700,台南市場,120,71,35,74,22
115.05.21,N06,IH467,繡球花-藍,700,台南市場,38,38,38,38,20
115.05.21,N06,IH612,進口鬱金香-橙色,700,台南市場,0,0,0,0,0
115.05.21,N06,IH617,進口鬱金香-紫色,700,台南市場,0,0,0,0,0
115.05.21,N06,IO519,進口石斛蘭-深紅,700,台南市場,131,103,92,106,380
115.05.21,N06,IR001,進口玫瑰-混合色,700,台南市場,0,0,0,0,0
115.05.21,N06,IW580,滿天星-染色,700,台南市場,55,55,55,55,8
115.05.21,N05,469,藍莓-進口,800,高雄市,600,455.6,450,483.33,90
115.05.21,N05,51,百香果-改良種,800,高雄市,128.7,59.3,45.8,70.48,1356
115.05.21,N05,70,小番茄-其他,800,高雄市,50,38.5,30,39.09,770
115.05.21,N05,72,小番茄-聖女,800,高雄市,65.1,49,40,50.43,2344
115.05.21,N05,812,紅龍果-紅肉,800,高雄市,97.7,77.7,70,80.14,1455
115.05.21,N05,839,櫻桃-進口,800,高雄市,500,500,500,500,100
115.05.21,N05,859,榴槤-進口,800,高雄市,233.3,157.5,140,169.15,940
115.05.21,N05,91,其他,800,高雄市,115,49,30,58.39,1044
115.05.21,N05,A1,香蕉,800,高雄市,30,18.3,15,20,1875
115.05.21,N05,A2,香蕉-芭蕉紅芭蕉,800,高雄市,30,30,30,30,400
115.05.21,N05,B2,鳳梨-金鑽鳳梨,800,高雄市,27.6,21.3,18,21.93,7400
115.05.21,N05,F1,雜柑-檸檬,800,高雄市,57.7,46.9,40,47.69,260
115.05.21,N05,F4,雜柑-桔子,800,高雄市,70,42.5,30,45.5,200
115.05.21,N04,FA1,黃秋葵,800,高雄市,67.1,34.1,5.8,35.01,758
115.05.21,N06,FA800,康乃馨-多朵(混色),800,高雄市場,23,21,21,21,334
115.05.21,N06,FA812,康乃馨-波斯桃紅,800,高雄市場,20,20,20,20,30
115.05.21,N06,FA887,康乃馨-多朵白帶紫,800,高雄市場,20,20,20,20,30
115.05.21,N06,FA980,美女撫子,800,高雄市場,57,57,57,57,15
115.05.21,N06,FA989,繡球撫子-紫紅,800,高雄市場,56,44,28,43,23
115.05.21,N04,FB1,花椰菜-青梗,800,高雄市,52.1,45.8,38.6,45.63,1251
115.05.21,N06,FB106,火鶴花-丘比特,800,高雄市場,13,8,5,8,478
115.05.21,N06,FB111,火鶴花-月光,800,高雄市場,13,9,5,9,183
115.05.21,N06,FB113,火鶴花-紅鈴,800,高雄市場,15,7,5,8,486
115.05.21,N06,FB115,火鶴花-維納斯,800,高雄市場,5,5,5,5,35
115.05.21,N06,FB407,火鶴花-夢幻,800,高雄市場,15,14,13,14,186
115.05.21,N06,FB415,火鶴花-羅莎,800,高雄市場,16,12,8,11,232
115.05.21,N06,FB419,火鶴花-太極,800,高雄市場,17,15,13,15,325
115.05.21,N06,FB607,火鶴花-月亮女神,800,高雄市場,15,12,8,11,70
115.05.21,N06,FB700,火鶴花-紫色,800,高雄市場,8,7,6,6,222
115.05.21,N04,FC1,胡瓜-黑刺,800,高雄市,32.2,19.2,8.2,19.61,4288
115.05.21,N06,FC300,大菊-黃,800,高雄市場,20,20,20,20,28
115.05.21,N06,FC302,大菊-世界一,800,高雄市場,20,20,20,20,25
115.05.21,N06,FC316,大菊-黃精競,800,高雄市場,50,34,25,35,303
115.05.21,N06,FC601,大菊-日本白,800,高雄市場,158,71,32,80,168
115.05.21,N06,FC609,大菊-白東洋,800,高雄市場,52,52,52,52,20
115.05.21,N06,FC613,大菊-白天星,800,高雄市場,89,54,32,56,705
115.05.21,N06,FC800,大菊-染色大菊,800,高雄市場,74,60,36,57,543
115.05.21,N06,FC804,染大菊-白天星,800,高雄市場,132,110,91,110,203
115.05.21,N06,FC805,染大菊-白東洋,800,高雄市場,50,35,32,37,92
115.05.21,N04,FD1,花胡瓜,800,高雄市,48.1,25.2,6.4,26.02,4519
115.05.21,N06,FD127,小菊-雙色紅,800,高雄市場,29,29,29,29,69
115.05.21,N06,FD131,小菊-小紅娘,800,高雄市場,68,45,28,46,105
115.05.21,N06,FD200,小菊-金,800,高雄市場,53,44,38,44,262
115.05.21,N06,FD300,小菊-黃,800,高雄市場,47,30,24,32,142
115.05.21,N06,FD308,小菊-黃丁字菊,800,高雄市場,46,44,29,41,255
115.05.21,N06,FD309,小菊-日本黃,800,高雄市場,51,41,26,40,136
115.05.21,N06,FD321,小菊-吉祥黃,800,高雄市場,0,0,0,0,0
115.05.21,N06,FD422,小菊-吉祥小粉,800,高雄市場,110,65,32,67,55
115.05.21,N06,FD423,小菊-粉日記,800,高雄市場,94,82,62,80,588
115.05.21,N06,FD456,小菊-卡洛粉,800,高雄市場,55,48,42,48,175
115.05.21,N06,FD618,小菊-白鑽石,800,高雄市場,37,36,36,36,137
115.05.21,N06,FD635,小菊-林克小白,800,高雄市場,124,75,29,75,155
115.05.21,N06,FD645,小菊-白斯不列,800,高雄市場,131,127,123,127,75
115.05.21,N06,FD657,小菊-西維亞白,800,高雄市場,32,32,32,32,20
115.05.21,N06,FD802,染小菊-白鑽石,800,高雄市場,24,22,21,22,200
115.05.21,N06,FE001,非洲菊-混合色,800,高雄市場,30,24,20,24,580
115.05.21,N04,FE1,冬瓜-白皮,800,高雄市,15,14.6,14,14.56,1388
115.05.21,N06,FE110,非洲菊-卡布,800,高雄市場,23,21,20,21,90
115.05.21,N06,FE201,非洲菊-太陽神,800,高雄市場,26,26,26,26,30
115.05.21,N06,FE205,非洲菊-哈利熊,800,高雄市場,20,20,20,20,110
115.05.21,N06,FE300,非洲菊-黃,800,高雄市場,20,20,20,20,60
115.05.21,N06,FE400,非洲菊-粉,800,高雄市場,36,34,28,33,45
115.05.21,N06,FE401,非洲菊-伊斯瑪拉,800,高雄市場,46,38,38,39,128
115.05.21,N06,FE416,非洲菊-熱情粉,800,高雄市場,66,49,20,46,470
115.05.21,N06,FE600,非洲菊-白,800,高雄市場,62,30,20,34,250
115.05.21,N06,FE700,非洲菊-紫,800,高雄市場,32,32,32,32,20
115.05.21,N06,FE900,非洲菊-迷你混色,800,高雄市場,51,36,28,37,109
115.05.21,N04,FF0,絲瓜-其他,800,高雄市,17,17,17,17,108
115.05.21,N04,FF1,絲瓜,800,高雄市,56.6,43.8,19.6,41.5,1504
115.05.21,N04,FF2,絲瓜-角瓜,800,高雄市,50,50,50,50,94
115.05.21,N04,FG1,苦瓜-白大米,800,高雄市,54.9,34,15,34.39,2161
115.05.21,N06,FG105,劍蘭-２３５號,800,高雄市場,82,78,57,74,118
115.05.21,N04,FG2,苦瓜-青大米,800,高雄市,19.6,14.7,12,15.12,438
115.05.21,N04,FG4,苦瓜-翠綠,800,高雄市,40,30.1,18.1,29.71,1069
115.05.21,N06,FG406,劍蘭-青殼粉,800,高雄市場,48,43,33,42,56
115.05.21,N06,FH000,其它花卉,800,高雄市場,5,5,5,5,40
115.05.21,N06,FH006,黃梔花,800,高雄市場,62,53,25,49,426
115.05.21,N06,FH009,萬壽菊,800,高雄市場,41,41,41,41,15
115.05.21,N06,FH101,天堂鳥,800,高雄市場,88,82,79,82,36
115.05.21,N06,FH137,觀音蓮,800,高雄市場,0,0,0,0,0
115.05.21,N06,FH139,石玫瑰,800,高雄市場,29,29,29,29,35
115.05.21,N06,FH156,野薑花-白,800,高雄市場,65,57,50,57,38
115.05.21,N06,FH251,秀線,800,高雄市場,57,47,22,43,210
115.05.21,N06,FH293,向日葵-單瓣,800,高雄市場,111,96,51,89,105
115.05.21,N04,FH3,扁蒲-花蒲,800,高雄市,18.7,7,2.2,8.35,2020
115.05.21,N06,FH331,雞冠花-清紅,800,高雄市場,75,62,47,61,31
115.05.21,N06,FH381,麒麟草,800,高雄市場,28,26,22,25,392
115.05.21,N04,FH4,扁蒲-梨子蒲,800,高雄市,30,20.9,6.9,19.95,1640
115.05.21,N06,FH466,繡球花-白,800,高雄市場,26,26,26,26,48
115.05.21,N06,FH640,睡蓮,800,高雄市場,65,65,65,65,30
115.05.21,N06,FH670,茉莉花,800,高雄市場,23,23,23,23,30
115.05.21,N06,FH750,百子蓮(愛情花),800,高雄市場,25,18,13,18,254
115.05.21,N04,FI1,茄子-胭脂茄,800,高雄市,20,20,20,20,400
115.05.21,N04,FI2,茄子-麻荸茄,800,高雄市,40.5,15.5,4.2,18.24,4086
115.05.21,N04,FJ1,番茄-黑柿,800,高雄市,100,77,50,76.19,819
115.05.21,N04,FJ3,番茄-牛番茄,800,高雄市,81.3,63.9,30.9,60.76,2690
115.05.21,N04,FK3,甜椒-新香,800,高雄市,60,60,60,60,200
115.05.21,N04,FK4,甜椒-彩色種,800,高雄市,3,3,3,3,10
115.05.21,N04,FK41,甜椒-彩色種 紅色,800,高雄市,119.2,85.8,11.4,77.6,789
115.05.21,N04,FK42,甜椒-彩色種 黃色,800,高雄市,149.8,119.5,62.1,114.06,647
115.05.21,N04,FK5,甜椒-青椒,800,高雄市,75.1,51.9,35.7,53.3,1400
115.05.21,N04,FK6,甜椒-水果彩椒,800,高雄市,60,60,60,60,150
115.05.21,N04,FK94,甜椒-進口 彩色種,800,高雄市,8,6,4,5.97,395
115.05.21,N04,FM2,菜豆-青色,800,高雄市,66.3,45.4,15,43.49,890
115.05.21,N04,FN1,敏豆-白豆,800,高雄市,139.7,101.5,45.8,98.04,724
115.05.21,N04,FN5,敏豆-醜豆,800,高雄市,64.5,19.6,5,25.66,259
115.05.21,N06,FO003,腎藥蘭-曼谷火焰,800,高雄市場,9,7,5,6,800
115.05.21,N06,FO007,千代蘭,800,高雄市場,10,6,5,6,840
115.05.21,N06,FO009,萬代蘭,800,高雄市場,8,6,5,6,290
115.05.21,N06,FO335,檸檬綠文心蘭,800,高雄市場,142,80,45,85,284
115.05.21,N06,FO600,蝴蝶蘭-混色,800,高雄市場,32,17,15,19,76
115.05.21,N06,FO663,蝴蝶蘭-白黃心,800,高雄市場,70,70,70,70,84
115.05.21,N04,FP1,萊豆-豆莢,800,高雄市,80,66.5,60,67.88,330
115.05.21,N06,FR000,玫瑰,800,高雄市場,213,106,46,115,67
115.05.21,N06,FR001,玫瑰-混合色,800,高雄市場,135,135,135,135,6
115.05.21,N06,FR100,玫瑰-紅,800,高雄市場,124,53,35,61,22
115.05.21,N06,FR116,玫瑰-翡翠紅,800,高雄市場,192,130,68,128,37
115.05.21,N06,FR117,玫瑰-萬年紅,800,高雄市場,69,52,38,52,15
115.05.21,N06,FR120,玫瑰-埔里之星,800,高雄市場,188,133,79,132,60
115.05.21,N06,FR208,玫瑰-香吉士,800,高雄市場,288,288,288,288,4
115.05.21,N06,FR308,玫瑰-陽光女孩,800,高雄市場,172,159,145,159,16
115.05.21,N06,FR434,玫瑰-卡蜜拉,800,高雄市場,205,101,62,114,30
115.05.21,N06,FR436,玫瑰-翡翠粉,800,高雄市場,229,156,72,153,46
115.05.21,N06,FR439,玫瑰-翡翠香檳,800,高雄市場,208,114,45,118,61
115.05.21,N06,FR455,玫瑰-翡翠珍珠,800,高雄市場,258,250,173,236,16
115.05.21,N06,FR461,玫瑰-新娘粉,800,高雄市場,265,223,124,205,12
115.05.21,N06,FR600,玫瑰-白,800,高雄市場,21,21,21,21,6
115.05.21,N06,FR607,玫瑰-翡翠白,800,高雄市場,141,76,37,81,103
115.05.21,N06,FR700,玫瑰-紫,800,高雄市場,174,162,153,162,11
115.05.21,N06,FR705,玫瑰-紫天王,800,高雄市場,59,47,34,46,16
115.05.21,N06,FR711,玫瑰-天堂紫,800,高雄市場,74,74,74,74,8
115.05.21,N06,FR715,玫瑰-紫霧,800,高雄市場,126,126,126,126,6
115.05.21,N06,FR816,玫瑰-愛麗絲,800,高雄市場,190,190,190,190,6
115.05.21,N04,FR9,青花苔-進口,800,高雄市,76.5,58.1,28.5,55.85,2389
115.05.21,N06,FR930,玫瑰-多朵黃,800,高雄市場,225,225,225,225,4
115.05.21,N06,FS012,香水百合-紅雙朵,800,高雄市場,140,120,97,120,28
115.05.21,N06,FS013,香水百合-紅三朵,800,高雄市場,188,188,188,188,12
115.05.21,N06,FS353,香水百合-索邦妮三朵,800,高雄市場,106,106,106,106,14
115.05.21,N06,FS359,香水百合-索邦妮多朵,800,高雄市場,138,115,110,118,204
115.05.21,N06,FS479,水晶香水-多朵,800,高雄市場,260,259,251,257,42
115.05.21,N06,FS600,OT康卡多,800,高雄市場,251,251,251,251,14
115.05.21,N06,FS602,OT康卡多-雙朵,800,高雄市場,220,220,220,220,14
115.05.21,N06,FS603,OT康卡多-三朵,800,高雄市場,290,263,240,262,22
115.05.21,N06,FS609,OT康卡多-多朵,800,高雄市場,351,312,253,308,41
115.05.21,N06,FS631,OT曼尼薩-單朵,800,高雄市場,285,241,199,241,46
115.05.21,N06,FS632,OT曼尼薩-雙朵,800,高雄市場,260,232,176,226,178
115.05.21,N06,FS633,OT曼尼薩-三朵,800,高雄市場,308,272,235,271,24
115.05.21,N06,FS639,OT曼尼薩-多朵,800,高雄市場,358,351,349,352,25
115.05.21,N06,FS773,OT百合-節奏舞者三朵,800,高雄市場,165,157,149,156,44
115.05.21,N06,FS779,OT百合-節奏舞者多朵,800,高雄市場,186,148,130,152,265
115.05.21,N06,FS870,OT大連,800,高雄市場,110,110,110,110,20
115.05.21,N06,FS871,OT大連-單朵,800,高雄市場,173,126,86,127,89
115.05.21,N06,FS872,OT大連-雙朵,800,高雄市場,172,134,119,138,235
115.05.21,N06,FS873,OT大連-三朵,800,高雄市場,219,166,152,174,146
115.05.21,N06,FS879,OT大連-多朵,800,高雄市場,288,268,236,265,48
115.05.21,N06,FS960,OT試金石,800,高雄市場,128,128,128,128,16
115.05.21,N06,FS962,OT試金石-雙朵,800,高雄市場,135,135,135,135,20
115.05.21,N06,FS963,OT試金石-三朵,800,高雄市場,208,156,132,161,66
115.05.21,N06,FS969,OT試金石-多朵,800,高雄市場,238,159,130,169,201
115.05.21,N06,FS972,OT紅福特-雙朵,800,高雄市場,112,112,112,112,14
115.05.21,N06,FS973,OT紅福特-三朵,800,高雄市場,205,189,146,182,44
115.05.21,N06,FS979,OT紅福特-多朵,800,高雄市場,294,253,184,247,273
115.05.21,N04,FT11,南瓜-木瓜型 阿成,800,高雄市,32.7,30,28.2,30.18,2608
115.05.21,N04,FT12,南瓜-木瓜型 阿嬌,800,高雄市,30,30,30,30,325
115.05.21,N04,FT2,南瓜-圓形,800,高雄市,34.2,30,30,30.83,480
115.05.21,N04,FT5,南瓜-青如意,800,高雄市,70,57.7,24.8,53.6,1539
115.05.21,N06,FT661,鐵砲百合-雷山一號單朵,800,高雄市場,63,63,63,63,20
115.05.21,N06,FT662,鐵砲百合-雷山一號雙朵,800,高雄市場,88,88,88,88,25
115.05.21,N04,FT7,南瓜-栗子,800,高雄市,30,29.9,28,29.52,1450
115.05.21,N04,FT72,南瓜-栗子 小黑,800,高雄市,9.3,8.5,8,8.55,1000
115.05.21,N06,FU000,洋桔梗,800,高雄市場,187,153,128,155,78
115.05.21,N04,FU1,隼人瓜,800,高雄市,15,13.3,5.8,12.16,592
115.05.21,N06,FU152,洋桔梗-單瓣綠,800,高雄市場,208,208,208,208,11
115.05.21,N06,FU161,洋桔梗-單瓣白,800,高雄市場,198,198,198,198,12
115.05.21,N04,FU2,隼人瓜-瓜苗,800,高雄市,80,65.2,55,66.11,180
115.05.21,N06,FU402,洋桔梗-雙瓣(混色),800,高雄市場,138,130,122,129,32
115.05.21,N06,FU421,洋桔梗-小夏橘,800,高雄市場,142,100,52,98,55
115.05.21,N06,FU441,洋桔梗-順風粉,800,高雄市場,194,194,194,194,7
115.05.21,N06,FU442,洋桔梗-雙瓣粉,800,高雄市場,219,184,129,179,147
115.05.21,N06,FU449,洋桔梗-艾瑞娜彩粉,800,高雄市場,132,132,132,132,18
115.05.21,N06,FU451,洋桔梗-順風杏粉,800,高雄市場,70,70,70,70,18
115.05.21,N06,FU452,洋吉梗-雙瓣彩藍,800,高雄市場,176,166,162,167,16
115.05.21,N06,FU458,洋桔梗-艾瑞娜綠,800,高雄市場,153,153,153,153,10
115.05.21,N06,FU459,洋桔梗-琥珀綠,800,高雄市場,114,114,114,114,8
115.05.21,N06,FU462,洋桔梗-雙瓣白,800,高雄市場,160,160,160,160,20
115.05.21,N06,FU465,洋桔梗-名人華麗白,800,高雄市場,180,115,87,119,17
115.05.21,N06,FU469,洋桔梗-皇后白,800,高雄市場,187,186,150,178,41
115.05.21,N06,FU471,洋桔梗-重瓣淺紫,800,高雄市場,190,152,138,156,47
115.05.21,N06,FU472,洋桔梗-重瓣紫,800,高雄市場,195,184,179,185,28
115.05.21,N06,FU478,洋桔梗-羅西娜紫,800,高雄市場,112,112,112,112,24
115.05.21,N06,FU480,洋桔梗-順風紫,800,高雄市場,99,37,22,45,32
115.05.21,N06,FU562,洋桔梗-珍妮白,800,高雄市場,103,103,103,103,10
115.05.21,N06,FU641,洋桔梗-女王３彩粉,800,高雄市場,199,180,152,178,54
115.05.21,N06,FU651,洋桔梗-典雅綠,800,高雄市場,250,250,250,250,10
115.05.21,N04,FV1,辣椒-紅小,800,高雄市,120,78,34.6,77.71,558
115.05.21,N04,FV4,辣椒-朝天椒,800,高雄市,75,53.4,29.1,52.89,940
115.05.21,N04,FV6,辣椒-糯米椒,800,高雄市,150,120.9,80.1,118.56,344
115.05.21,N06,FW240,粉孔雀,800,高雄市場,15,15,15,15,50
115.05.21,N06,FW472,卡斯比亞-無葉,800,高雄市場,32,31,29,30,96
115.05.21,N06,FW560,滿天星-白,800,高雄市場,115,111,107,111,50
115.05.21,N06,FY001,尤加利葉,800,高雄市場,69,61,45,59,90
115.05.21,N06,FY003,唐棉,800,高雄市場,41,38,29,36,57
115.05.21,N06,FY004,黃椰心葉,800,高雄市場,96,68,44,69,241
115.05.21,N06,FY009,電信蘭葉,800,高雄市場,77,58,43,58,116
115.05.21,N06,FY013,星點木,800,高雄市場,58,58,58,58,33
115.05.21,N06,FY017,八角金盤,800,高雄市場,35,18,10,19,220
115.05.21,N06,FY021,扁柏,800,高雄市場,31,31,31,31,36
115.05.21,N06,FY028,高梁,800,高雄市場,27,27,27,27,25
115.05.21,N06,FY035,龍文蘭,800,高雄市場,13,13,13,13,100
115.05.21,N06,FY057,百合竹,800,高雄市場,36,17,15,20,671
115.05.21,N06,FY071,雪松,800,高雄市場,81,81,81,81,30
115.05.21,N06,FY084,火龍果,800,高雄市場,101,94,86,93,48
115.05.21,N06,FY093,水燭葉,800,高雄市場,17,14,10,14,423
115.05.21,N04,FY41,玉米-玉米筍 帶殼,800,高雄市,30,21.8,17.1,22.47,1854
115.05.21,N04,FY5,玉米-糯米黑,800,高雄市,35,27,25,28.21,1387
115.05.21,N04,FY6,玉米-甜軟殼,800,高雄市,35,30.1,21.9,29.44,1270
115.05.21,N04,FY8,玉米-白龍王,800,高雄市,50,50,50,50,224
115.05.21,N06,FY981,高山羊齒,800,高雄市場,10,10,10,10,15
115.05.21,N06,FY993,白竹,800,高雄市場,51,42,26,40,355
115.05.21,N06,FY996,蓮花竹,800,高雄市場,6,6,6,6,60
115.05.21,N04,FZ2,落花生-熟,800,高雄市,70,70,70,70,140
115.05.21,N05,G3,酪梨,800,高雄市,80,80,80,80,270
115.05.21,N05,G49,奇異果-進口,800,高雄市,175,172.1,143.6,166.98,1060
115.05.21,N05,I1,木瓜-網室紅肉,800,高雄市,40,29.4,20,29.65,7988
115.05.21,N05,I4,木瓜-青木瓜,800,高雄市,30,25,20,25,780
115.05.21,N06,IA001,進口康乃馨-混合色,800,高雄市場,62,62,62,62,8
115.05.21,N06,IA100,進口康乃馨-紅,800,高雄市場,75,71,66,70,40
115.05.21,N06,IA104,進口康乃馨-櫻紅,800,高雄市場,95,95,95,95,28
115.05.21,N06,IA400,進口康乃馨-粉,800,高雄市場,114,89,40,84,50
115.05.21,N06,IH309,進口牡丹花,800,高雄市場,120,115,97,112,44
115.05.21,N06,IO519,進口石斛蘭-深紅,800,高雄市場,120,82,70,86,340
115.05.21,N06,IW580,滿天星-染色,800,高雄市場,159,159,159,159,26
115.05.21,N05,J1,荔枝-玉荷包,800,高雄市,171.6,147.1,125.2,147.63,1478
115.05.21,N04,LA1,甘藍-初秋,800,高雄市,24.5,22.1,20,22.19,28270
115.05.21,N04,LA7,甘藍-改良尖,800,高雄市,20,18.4,15,18.03,2150
115.05.21,N04,LA9,甘藍-進口,800,高雄市,15,15,14.2,14.83,3762
115.05.21,N04,LB0,小白菜-其他,800,高雄市,4.9,2,1,2.36,420
115.05.21,N04,LB1,小白菜-土白菜,800,高雄市,40,27.6,17.3,28.04,2298
115.05.21,N04,LB2,小白菜-蚵仔白,800,高雄市,38.9,18.4,1.6,19.13,4170
115.05.21,N04,LB3,小白菜-奶油白,800,高雄市,30,30,30,30,400
115.05.21,N04,LC1,包心白-包白,800,高雄市,25.8,21.1,3.1,18.44,9570
115.05.21,N04,LC93,包心白菜-進口 包頭蓮 ,800,高雄市,31.9,29.8,25.5,29.35,7974
115.05.21,N04,LD1,青江白菜-小梗,800,高雄市,39.4,22.9,3.7,22.36,4276
115.05.21,N04,LE1,皇宮菜-小葉,800,高雄市,100,19.3,5,32.59,460
115.05.21,N04,LF2,蕹菜-小葉,800,高雄市,60,47.8,22.2,45.12,2196
115.05.21,N04,LG2,芹菜-白梗,800,高雄市,80,56.4,32.6,56.36,1247
115.05.21,N04,LG3,芹菜-西洋芹菜,800,高雄市,30,27.6,25,27.58,620
115.05.21,N04,LG9,芹菜-進口,800,高雄市,13,13,13,13,130
115.05.21,N04,LH1,菠菜-圓葉,800,高雄市,15,8.3,7,9.4,200
115.05.21,N04,LH2,菠菜-角葉,800,高雄市,80,70.5,24.6,63.24,2009
115.05.21,N04,LI2,萵苣菜-結球萵,800,高雄市,50,50,50,50,500
115.05.21,N04,LI3,萵苣菜-本島圓葉,800,高雄市,50,47.7,12,41.04,403
115.05.21,N04,LI5,萵苣菜-油麥菜,800,高雄市,31.4,10.2,1,12.62,10900
115.05.21,N04,LI6,萵苣菜-蘿美,800,高雄市,60,60,60,60,200
115.05.21,N04,LJ4,芥菜-小芥菜,800,高雄市,25,25,12.3,22.45,620
115.05.21,N04,LK2,芥藍菜,800,高雄市,60,42.6,20.8,41.73,1180
115.05.21,N04,LK3,芥藍菜-芥藍芽,800,高雄市,100,94.3,60,88.57,350
115.05.21,N04,LM2,莧菜-白莧菜,800,高雄市,50,41.4,36,42.07,580
115.05.21,N04,LN1,油菜,800,高雄市,30,20,6.4,19.3,1140
115.05.21,N04,LO1,甘薯葉,800,高雄市,40,29.5,16.1,28.91,4310
115.05.21,N04,LP1,芫荽,800,高雄市,82.9,30.7,14,37.8,490
115.05.21,N04,LP2,九層塔,800,高雄市,50,46.2,30,43.69,650
115.05.21,N04,LT2,海菜-海帶,800,高雄市,55,53.4,50,53.05,307
115.05.21,N04,MA1,洋菇,800,高雄市,150,150,150,150,80
115.05.21,N04,MC1,濕木耳,800,高雄市,110,105.1,100,105.06,162
115.05.21,N04,MD1,濕香菇,800,高雄市,150,128.2,83.6,123.64,220
115.05.21,N04,ME1,金絲菇-金針菇,800,高雄市,52.4,40.2,40,42.59,850
115.05.21,N04,MI1,秀珍菇,800,高雄市,90,90,90,90,70
115.05.21,N04,MJ1,杏鮑菇,800,高雄市,100,97,80,94.17,618
115.05.21,N04,MK1,鴻喜菇,800,高雄市,100,100,100,100,130
115.05.21,N04,ML1,珊瑚菇,800,高雄市,100,100,100,100,90
115.05.21,N05,N2,李-桃接李,800,高雄市,50,45,40,45,180
115.05.21,N05,N3,李-紅肉李,800,高雄市,98.1,75.7,50,75.04,1053
115.05.21,N04,OA1,鹹菜-清心,800,高雄市,40,40,40,40,700
115.05.21,N04,OA2,鹹菜-帶葉,800,高雄市,32.1,30,30,30.42,1181
115.05.21,N04,OB1,雪里紅,800,高雄市,40,34,30,34.4,500
115.05.21,N04,OD1,蘿蔔乾,800,高雄市,60,51,50,52.61,716
115.05.21,N04,OE2,醃瓜-漬,800,高雄市,60,60,60,60,151
115.05.21,N04,OH1,桶筍-麻竹筍,800,高雄市,80,80,80,80,305
115.05.21,N04,OH2,桶筍-綠竹筍,800,高雄市,90,90,90,90,180
115.05.21,N04,OH3,桶筍-桂竹筍,800,高雄市,80,80,80,80,227
115.05.21,N04,OH4,桶筍-箭竹筍,800,高雄市,150,150,150,150,112
115.05.21,N04,OI1,筍乾,800,高雄市,70,70,70,70,177
115.05.21,N04,OI2,筍絲,800,高雄市,50,50,50,50,122
115.05.21,N04,OI3,筍片,800,高雄市,75,75,75,75,50
115.05.21,N04,OI4,筍茸,800,高雄市,60,60,60,60,136
115.05.21,N04,OX1,其他,800,高雄市,40,39.9,23.5,36.67,9328
115.05.21,N05,P1,番石榴-珍珠芭,800,高雄市,40,37.5,30,36.5,1030
115.05.21,N05,Q2,蓮霧-子彈型,800,高雄市,50,50,42.9,48.57,126
115.05.21,N05,R1,芒果-愛文,800,高雄市,97.7,60.7,50,65.93,8409
115.05.21,N05,R2,芒果-玉文,800,高雄市,50,44,40,44.42,516
115.05.21,N05,R3,芒果-本島,800,高雄市,59.3,42.2,35,44.19,2169
115.05.21,N05,R31,芒果-夏雪,800,高雄市,100,84.4,80,86.67,18
115.05.21,N05,R5,芒果-黑香金興,800,高雄市,60,60,60,60,90
115.05.21,N05,R6,芒果-金煌,800,高雄市,50,41.1,35,41.69,1386
115.05.21,N05,S1,葡萄-巨峰,800,高雄市,180,159.7,100,151.79,390
115.05.21,N04,SA3,蘿蔔-矸仔,800,高雄市,15.3,8.9,2,8.78,9903
115.05.21,N04,SA7,蘿蔔-甜菜根,800,高雄市,40,40,40,40,200
115.05.21,N04,SA9,蘿蔔-進口,800,高雄市,20,20,20,20,500
115.05.21,N04,SB1,胡蘿蔔-未洗,800,高雄市,15,15,15,15,360
115.05.21,N04,SB2,胡蘿蔔-清洗,800,高雄市,17,13.4,6.4,12.72,10234
115.05.21,N04,SC1,馬鈴薯-本產,800,高雄市,28.3,22.8,17.8,22.88,3233
115.05.21,N04,SC9,馬鈴薯-進口,800,高雄市,27,25.8,25,25.87,837
115.05.21,N04,SD1,洋蔥-本產,800,高雄市,20,18.1,14.2,17.72,4164
115.05.21,N04,SD9,洋蔥-進口,800,高雄市,29.2,26.5,25,26.74,2610
115.05.21,N04,SE3,青蔥-大蔥,800,高雄市,60,60,60,60,20
115.05.21,N04,SE5,青蔥-紅蔥頭,800,高雄市,90,69.1,55,70.48,251
115.05.21,N04,SE6,青蔥-粉蔥,800,高雄市,93.5,55.3,25.7,57.02,2106
115.05.21,N04,SF1,韭菜-白頭,800,高雄市,100,78.4,40.4,75.13,294
115.05.21,N04,SF2,韭菜-韭菜黃,800,高雄市,163,142.3,128,143.56,225
115.05.21,N04,SF3,韭菜-韭菜花,800,高雄市,100,68.1,51.9,71.26,231
115.05.21,N04,SG2,大蒜-軟梗,800,高雄市,80.4,62.5,50,63.58,860
115.05.21,N04,SG5,大蒜-蒜頭,800,高雄市,110,90.7,50,86.44,590
115.05.21,N04,SG6,大蒜-蒜仁,800,高雄市,95,77.5,60,77.51,526
115.05.21,N04,SH5,竹筍-烏殼綠,800,高雄市,65.7,53.3,40.2,53.14,1298
115.05.21,N04,SJ2,芋-檳榔心芋,800,高雄市,67.3,47.8,21.7,46.51,1424
115.05.21,N04,SL1,豆薯,800,高雄市,30,22,20.9,23.4,1885
115.05.21,N04,SM9,牛蒡-進口,800,高雄市,3,3,3,3,40
115.05.21,N04,SN1,蓮藕,800,高雄市,65,62.5,60,62.5,600
115.05.21,N04,SO1,甘薯-臺農57號,800,高雄市,25,25,25,25,1275
115.05.21,N04,SO3,甘薯-臺農66號,800,高雄市,25,24.1,20,23.45,1294
115.05.21,N04,SP1,薑-老薑,800,高雄市,130,108.5,100,111.08,352
115.05.21,N04,SP2,薑-嫩薑,800,高雄市,120,105.6,100,107.38,225
115.05.21,N04,SP3,薑-粉薑,800,高雄市,100,94.2,90,94.52,146
115.05.21,N04,SQ1,茭白筍-帶殼,800,高雄市,90,73,65,74.78,690
115.05.21,N04,SQ3,茭白筍-去殼,800,高雄市,180,165.6,150,165.38,195
115.05.21,N04,SU2,薯蕷-白薯蕷,800,高雄市,100,100,100,100,201
115.05.21,N04,SV2,蘆筍-綠蘆筍,800,高雄市,200,200,200,200,144
115.05.21,N04,SV92,蘆筍-進口 綠蘆筍,800,高雄市,250,250,250,250,88
115.05.21,N04,SX1,芽菜類-綠豆芽,800,高雄市,30,30,30,30,4826
115.05.21,N04,SX2,芽菜類-黃豆芽,800,高雄市,30,30,30,30,664
115.05.21,N04,SX3,芽菜類-豌豆芽,800,高雄市,80,80,80,80,212
115.05.21,N04,SX4,芽菜類-苜蓿芽,800,高雄市,80,80,80,80,70
115.05.21,N05,T1,西瓜-大西瓜,800,高雄市,25,20.9,15,20.54,18160
115.05.21,N05,T5,西瓜-黃肉,800,高雄市,14,12.7,12,12.8,1860
115.05.21,N05,T8,西瓜-甜美人,800,高雄市,12,12,12,12,80
115.05.21,N05,V1,甜瓜-美濃,800,高雄市,30,30,30,30,240
115.05.21,N05,W6,洋香瓜-光面綠肉,800,高雄市,30,25,20,25,312
115.05.21,N05,X69,蘋果-富士進口,800,高雄市,116.9,75.7,65,81.78,7850
115.05.21,N05,Y1,桃子-水蜜桃,800,高雄市,250,211.1,200,216.67,36
115.05.21,N05,Y3,桃子-甜桃,800,高雄市,110,101,80,98.62,780
115.05.21,N05,Y5,桃子-福壽桃,800,高雄市,90,72.3,60,73.4,741
115.05.21,N05,Y9,桃子-進口,800,高雄市,454.8,385.2,326.7,387.41,1350
115.05.21,N05,11,椰子,830,鳳山區,15,12.5,10,12.5,950
115.05.21,N05,51,百香果-改良種,830,鳳山區,116.7,72.7,47.2,72.7,300
115.05.21,N05,72,小番茄-聖女,830,鳳山區,64.6,48.3,32,48.3,420
115.05.21,N05,812,紅龍果-紅肉,830,鳳山區,80.8,66.4,40.1,66.4,850
115.05.21,N05,A1,香蕉,830,鳳山區,23.1,16,13,16,5250
115.05.21,N05,B2,鳳梨-金鑽鳳梨,830,鳳山區,34.2,21.4,15,21.4,22480
115.05.21,N05,F1,雜柑-檸檬,830,鳳山區,65.9,57.6,40.4,57.6,340
115.05.21,N04,FA1,黃秋葵,830,鳳山區,33.1,15.1,11.1,17.9,760
115.05.21,N04,FB1,花椰菜-青梗,830,鳳山區,54,35,22.1,36.2,1050
115.05.21,N04,FB2,花椰菜-白梗,830,鳳山區,25,25,25,25,480
115.05.21,N04,FC1,胡瓜-黑刺,830,鳳山區,30.3,15.3,8,16.8,2140
115.05.21,N04,FD1,花胡瓜,830,鳳山區,37.6,14.8,7,17.8,2000
115.05.21,N04,FE1,冬瓜-白皮,830,鳳山區,14.3,8.1,7,9.1,1840
115.05.21,N04,FF1,絲瓜,830,鳳山區,46.2,21.8,12,24.7,1730
115.05.21,N04,FG1,苦瓜-白大米,830,鳳山區,46.5,20.7,8,23.3,1830
115.05.21,N04,FI1,茄子-胭脂茄,830,鳳山區,24,24,24,24,200
115.05.21,N04,FI2,茄子-麻荸茄,830,鳳山區,26.1,12.8,6,14.1,1900
115.05.21,N04,FJ1,番茄-黑柿,830,鳳山區,61,61,61,61,80
115.05.21,N04,FJ3,番茄-牛番茄,830,鳳山區,59,49.3,43.6,50.1,190
115.05.21,N04,FK5,甜椒-青椒,830,鳳山區,45.7,23.1,12,25.4,1250
115.05.21,N04,FM1,菜豆-白色,830,鳳山區,16,16,16,16,250
115.05.21,N04,FM2,菜豆-青色,830,鳳山區,40,35.9,32.3,36,250
115.05.21,N04,FN1,敏豆-白豆,830,鳳山區,80,70.1,64,70.9,140
115.05.21,N04,FR1,青花苔,830,鳳山區,46.6,14.5,10,20,590
115.05.21,N04,FT1,南瓜-木瓜形,830,鳳山區,24.7,11.1,8,13.2,910
115.05.21,N04,FV1,辣椒-紅小,830,鳳山區,25.3,13.6,10,15.2,840
115.05.21,N04,FY6,玉米-甜軟殼,830,鳳山區,22.2,15.5,12.1,16.1,1200
115.05.21,N05,G3,酪梨,830,鳳山區,92.3,92.3,92.3,92.3,260
115.05.21,N05,I1,木瓜-網室紅肉,830,鳳山區,40.7,23.4,17.1,23.4,15920
115.05.21,N05,J1,荔枝-玉荷包,830,鳳山區,171,134.6,90.8,134.6,970
115.05.21,N04,LA1,甘藍-初秋,830,鳳山區,25,19,13,19,10810
115.05.21,N04,LB1,小白菜-土白菜,830,鳳山區,11.1,8.6,7,8.8,3560
115.05.21,N04,LB2,小白菜-蚵仔白,830,鳳山區,11.1,8.5,7,8.7,3660
115.05.21,N04,LC1,包心白-包白,830,鳳山區,26,15.8,6.7,16,3180
115.05.21,N04,LD1,青江白菜-小梗,830,鳳山區,8,7.1,6,7,4150
115.05.21,N04,LF1,蕹菜-大葉,830,鳳山區,32.2,15.5,14,18.6,800
115.05.21,N04,LF2,蕹菜-小葉,830,鳳山區,15.2,11.2,9,11.5,2600
115.05.21,N04,LG2,芹菜-白梗,830,鳳山區,49.5,23.3,17.1,27.3,1010
115.05.21,N04,LH1,菠菜-圓葉,830,鳳山區,26.3,18.5,14,19.2,1480
115.05.21,N04,LI2,萵苣菜-結球萵,830,鳳山區,43.4,22.6,18.3,25.9,660
115.05.21,N04,LI3,萵苣菜-本島圓葉,830,鳳山區,22,15.7,12.1,16.2,1900
115.05.21,N04,LI5,萵苣菜-油麥菜,830,鳳山區,15.6,8.9,7,9.9,2790
115.05.21,N04,LJ4,芥菜-小芥菜,830,鳳山區,15.2,11,9,11.5,2690
115.05.21,N04,LN1,油菜,830,鳳山區,11.1,8.8,7,8.9,3210
115.05.21,N04,LO1,甘薯葉,830,鳳山區,11.2,9.2,8,9.3,2340
115.05.21,N04,LT2,海菜-海帶,830,鳳山區,27.6,27.6,27.6,27.6,290
115.05.21,N04,OA1,鹹菜-清心,830,鳳山區,10,10,10,10,600
115.05.21,N04,OE1,醃瓜-乾,830,鳳山區,20,20,20,20,300
115.05.21,N04,OX1,其他,830,鳳山區,14.3,13.4,12.1,13.3,1110
115.05.21,N05,P1,番石榴-珍珠芭,830,鳳山區,87,47.5,28.1,47.5,4110
115.05.21,N05,R1,芒果-愛文,830,鳳山區,97.6,60,38,60,4450
115.05.21,N05,R2,芒果-玉文,830,鳳山區,52.8,48.9,36.7,48.9,450
115.05.21,N05,R3,芒果-本島,830,鳳山區,60.7,41.5,22.2,41.5,1200
115.05.21,N05,R6,芒果-金煌,830,鳳山區,52.2,43,31.7,43,310
115.05.21,N05,S1,葡萄-巨峰,830,鳳山區,111,95.4,72.7,95.4,270
115.05.21,N04,SA3,蘿蔔-矸仔,830,鳳山區,9.9,6.2,3.1,6.3,9300
115.05.21,N04,SB2,胡蘿蔔-清洗,830,鳳山區,18.9,13,8.1,13.2,5280
115.05.21,N04,SC1,馬鈴薯-本產,830,鳳山區,25.1,11.6,4,12.8,1330
115.05.21,N04,SD1,洋蔥-本產,830,鳳山區,24.2,18.4,11.1,18.1,1320
115.05.21,N04,SE6,青蔥-粉蔥,830,鳳山區,52,22.6,8,25.6,640
115.05.21,N04,SF1,韭菜-白頭,830,鳳山區,100,74.5,51,74.9,180
115.05.21,N04,SF3,韭菜-韭菜花,830,鳳山區,66,55.3,48,56,180
115.05.21,N04,SG2,大蒜-軟梗,830,鳳山區,91,51.1,21,53.1,300
115.05.21,N04,SG5,大蒜-蒜頭,830,鳳山區,109,69.4,44,72.2,180
115.05.21,N04,SH5,竹筍-烏殼綠,830,鳳山區,45.1,37.1,30,37.3,620
115.05.21,N04,SL1,豆薯,830,鳳山區,12,10.3,9,10.4,3540
115.05.21,N04,SO0,甘薯-其他,830,鳳山區,25.3,23.7,19.1,23.1,730
115.05.21,N04,SO1,甘薯-臺農57號,830,鳳山區,16.7,11,8.3,11.6,4380
115.05.21,N04,SO3,甘薯-臺農66號,830,鳳山區,25.1,19.6,15.1,19.8,1230
115.05.21,N04,SP1,薑-老薑,830,鳳山區,34.1,13.3,10,16.8,1000
115.05.21,N04,SQ1,茭白筍-帶殼,830,鳳山區,66.7,43.1,32,45.6,530
115.05.21,N04,SX1,芽菜類-綠豆芽,830,鳳山區,13.1,13,13,13.1,1020
115.05.21,N05,T1,西瓜-大西瓜,830,鳳山區,23.3,16.3,12,16.3,38240
115.05.21,N05,T5,西瓜-黃肉,830,鳳山區,13.1,7.7,5,7.7,26980
115.05.21,N06,rest,休市,900,屏東市,0,0,0,0,0
115.05.21,N05,51,百香果-改良種,930,台東市,131,60.6,49,58.7,239
115.05.21,N05,72,小番茄-聖女,930,台東市,66,50.5,35,47.8,1443
115.05.21,N05,812,紅龍果-紅肉,930,台東市,82,68.2,43,66.7,1725
115.05.21,N05,859,榴槤-進口,930,台東市,235,158.2,143,156.6,1905
115.05.21,N05,A1,香蕉,930,台東市,33,20.8,17,19.3,3221
115.05.21,N05,B2,鳳梨-金鑽鳳梨,930,台東市,36,25.4,17,22.2,4913
115.05.21,N05,G49,奇異果-進口,930,台東市,177,175.2,145,172,1558
115.05.21,N05,P1,番石榴-珍珠芭,930,台東市,89,49.1,30,47.2,1999
115.05.21,N05,Q1,蓮霧-紅蓮霧,930,台東市,120,68.5,29,67,1697
115.05.21,N05,R1,芒果-愛文,930,台東市,99,62.8,52,60.7,2748
115.05.21,N05,S1,葡萄-巨峰,930,台東市,123,98.4,63,96,1679
115.05.21,N05,T1,西瓜-大西瓜,930,台東市,25,18.2,15,16.9,2914
115.05.21,N05,T5,西瓜-黃肉,930,台東市,15,10.1,7,8.2,1709
115.05.21,N05,W1,洋香瓜-網狀紅肉,930,台東市,55,30.8,25,27.1,2400
115.05.21,N05,X69,蘋果-富士進口,930,台東市,118,77.4,67,75.3,1608
115.05.21,N04,FA1,黃秋葵,950,花蓮市,66,66,66,66,10
115.05.21,N04,FB1,花椰菜-青梗,950,花蓮市,50,50,50,50,45
115.05.21,N04,FC2,胡瓜-改良種,950,花蓮市,25,20.2,6.1,18.4,616
115.05.21,N04,FD1,花胡瓜,950,花蓮市,35.5,27.7,9.4,25.6,2008
115.05.21,N04,FE1,冬瓜-白皮,950,花蓮市,7,6.8,6,6.7,1355
115.05.21,N04,FE2,冬瓜-青皮,950,花蓮市,6.5,6.1,6,6.2,1259
115.05.21,N04,FF1,絲瓜,950,花蓮市,36.1,31.1,22.1,30.3,1458
115.05.21,N04,FG0,苦瓜-其他,950,花蓮市,35,35,35,35,20
115.05.21,N04,FG1,苦瓜-白大米,950,花蓮市,40.8,38.3,28.5,36.9,608
115.05.21,N04,FG4,苦瓜-翠綠,950,花蓮市,39.1,32.2,14.4,30,787
115.05.21,N04,FH3,扁蒲-花蒲,950,花蓮市,14.8,11.4,7.4,11.3,740.5
115.05.21,N04,FI2,茄子-麻荸茄,950,花蓮市,19,14.9,6.6,14.1,806.5
115.05.21,N04,FJ1,番茄-黑柿,950,花蓮市,47.8,37.9,29.7,38.2,592
115.05.21,N04,FJ3,番茄-牛番茄,950,花蓮市,70.1,53,37.2,53.3,728.5
115.05.21,N04,FK4,甜椒-彩色種,950,花蓮市,64,61.8,45,58.9,140
115.05.21,N04,FK5,甜椒-青椒,950,花蓮市,40,29,14.2,28.2,1156.5
115.05.21,N04,FM2,菜豆-青色,950,花蓮市,35.5,28.4,13.7,26.9,383
115.05.21,N04,FN1,敏豆-白豆,950,花蓮市,72,57.1,28,54.3,48.5
115.05.21,N04,FN3,敏豆-粉豆,950,花蓮市,96,75.9,14,67.6,118
115.05.21,N04,FT0,南瓜-其他,950,花蓮市,15.5,9.4,6.5,10.1,81
115.05.21,N04,FT1,南瓜-木瓜形,950,花蓮市,26.3,21.9,8.6,20.1,923
115.05.21,N04,FT5,南瓜-青如意,950,花蓮市,50,47.5,45,47.5,39
115.05.21,N04,FT6,南瓜-東昇,950,花蓮市,9.6,9.6,9.6,9.6,60
115.05.21,N04,FT7,南瓜-栗子,950,花蓮市,14,12.5,8,11.9,388
115.05.21,N04,FU1,隼人瓜,950,花蓮市,18,15.8,7.2,14.5,171
115.05.21,N04,FU2,隼人瓜-瓜苗,950,花蓮市,37.6,36.1,31.8,35.5,169.5
115.05.21,N04,FV0,辣椒-其他,950,花蓮市,80,80,80,80,6.5
115.05.21,N04,FV1,辣椒-紅小,950,花蓮市,30.3,23.4,7,21.5,92.5
115.05.21,N04,FV2,辣椒-青小,950,花蓮市,20,20,13.2,18.6,57
115.05.21,N04,FV4,辣椒-朝天椒,950,花蓮市,48.6,35,33.6,37.4,197
115.05.21,N04,FV6,辣椒-糯米椒,950,花蓮市,59,38.7,15.9,38.2,101
115.05.21,N04,FW1,金針花,950,花蓮市,150,150,150,150,8.5
115.05.21,N04,FX1,花豆,950,花蓮市,68,68,51.9,64.8,125
115.05.21,N04,FY4,玉米-玉米筍,950,花蓮市,20.2,15,15,16,255
115.05.21,N04,FY5,玉米-糯米黑,950,花蓮市,21,20,18,19.8,260
115.05.21,N04,FY6,玉米-甜軟殼,950,花蓮市,23.7,17.4,8.8,16.9,1298
115.05.21,N04,LA0,甘藍-其他,950,花蓮市,8.5,8.2,8,8.2,43
115.05.21,N04,LA1,甘藍-初秋,950,花蓮市,20,17.6,15.1,17.6,329
115.05.21,N04,LA2,甘藍-改良種,950,花蓮市,20.9,19.7,18,19.6,2043
115.05.21,N04,LA7,甘藍-改良尖,950,花蓮市,25.1,23,17.4,22.3,6467
115.05.21,N04,LC2,包心白-成功白,950,花蓮市,15,13.7,9.6,13.1,2885
115.05.21,N04,LE2,皇宮菜-大葉,950,花蓮市,23,23,21.4,22.7,100.5
115.05.21,N04,LF2,蕹菜-小葉,950,花蓮市,13,11.5,10,11.5,36.5
115.05.21,N04,LI3,萵苣菜-本島圓葉,950,花蓮市,41,41,41,41,32
115.05.21,N04,LK3,芥藍菜-芥藍芽,950,花蓮市,30,10.2,6,13.3,139
115.05.21,N04,LM1,莧菜-紅莧菜,950,花蓮市,53,34,18,34.6,38
115.05.21,N04,LM2,莧菜-白莧菜,950,花蓮市,30,30,30,30,16
115.05.21,N04,LP1,芫荽,950,花蓮市,120,106.5,93,106.5,20
115.05.21,N04,LQ1,紅鳳菜-紅鳳菜,950,花蓮市,40,23.1,16,25,63
115.05.21,N04,OX1,其他,950,花蓮市,42.4,15,15,20.5,102
115.05.21,N04,SA1,蘿蔔-梅花,950,花蓮市,12.5,8.5,6,8.8,821
115.05.21,N04,SA9,蘿蔔-進口,950,花蓮市,12,12,12,12,180
115.05.21,N04,SE6,青蔥-粉蔥,950,花蓮市,55,50.3,39.1,49,237
115.05.21,N04,SF1,韭菜-白頭,950,花蓮市,50,50,50,50,92
115.05.21,N04,SF4,韭菜-青頭,950,花蓮市,46,34.5,10,31.9,46
115.05.21,N04,SJ2,芋-檳榔心芋,950,花蓮市,45.8,32.5,10.4,30.8,142
115.05.21,N04,SO0,甘薯-其他,950,花蓮市,12,9.3,7.8,9.5,972
115.05.21,N04,SO1,甘薯-臺農57號,950,花蓮市,12,12,12,12,180
115.05.21,N04,SO3,甘薯-臺農66號,950,花蓮市,7,7,7,7,65
115.05.21,N04,SP1,薑-老薑,950,花蓮市,160,160,141.6,156.3,305.5
115.05.21,N04,SQ1,茭白筍-帶殼,950,花蓮市,80,76.4,55,72.9,210
115.05.21,N04,ST1,蕎頭-露蕎,950,花蓮市,90,80.4,70,80.2,20.5
115.05.21,N04,SU2,薯蕷-白薯蕷,950,花蓮市,81,73.8,63,73.1,102
115.05.21,N04,SZ7,晚香玉筍,950,花蓮市,150,150,150,150,2.5
115.05.20,N05,11,椰子,104,台北二,25.3,17.7,14.2,18.5,2415
115.05.20,N05,42,楊梅,104,台北二,61,61,61,61,32
115.05.20,N05,469,藍莓-進口,104,台北二,303,233.7,233.3,247.5,101
115.05.20,N05,50,百香果-其他,104,台北二,180,180,180,180,132
115.05.20,N05,51,百香果-改良種,104,台北二,158.6,80.7,47,89.5,1887
115.05.20,N05,70,小番茄-其他,104,台北二,100,73.4,35,71,702
115.05.20,N05,72,小番茄-聖女,104,台北二,73.7,60.7,36.8,58.5,5608
115.05.20,N05,74,小番茄-玉女,104,台北二,277.4,127.2,65.1,144.8,1552
115.05.20,N05,812,紅龍果-紅肉,104,台北二,137.7,100.7,67.4,101.4,1303
115.05.20,N05,813,紅龍果-雙色紅龍果,104,台北二,82,82,82,82,6
115.05.20,N05,839,櫻桃-進口,104,台北二,306.7,306.7,306.7,306.7,50
115.05.20,N05,859,榴槤-進口,104,台北二,157.7,125.5,80,122.9,3477
115.05.20,N05,869,山竹-進口,104,台北二,426.7,426.7,426.7,426.7,15
115.05.20,N05,91,其他,104,台北二,40,24.3,20,26.6,175
115.05.20,N05,919,其他-進口,104,台北二,600,600,600,600,5
115.05.20,N05,A0,香蕉-其他,104,台北二,20,20,20,20,19
115.05.20,N05,A1,香蕉,104,台北二,43.2,28.6,19.1,29.6,14350
115.05.20,N05,A2,香蕉-芭蕉紅芭蕉,104,台北二,80.8,42.6,25.7,46.8,2691
115.05.20,N05,A3,香蕉-旦蕉,104,台北二,37.8,30,26.4,30.8,96
115.05.20,N05,A4,香蕉-越旦,104,台北二,31.8,24.8,20.7,25.4,813
115.05.20,N05,B2,鳳梨-金鑽鳳梨,104,台北二,37.8,25.8,18.7,26.8,34330
115.05.20,N05,B6,鳳梨-甜蜜蜜,104,台北二,53.4,32.2,23.1,34.6,1557
115.05.20,N05,C2,茂谷柑,104,台北二,58.3,54.6,24.3,49.3,1368
115.05.20,N05,C9,柑橘-進口,104,台北二,657.6,566.7,566.6,584.8,88
115.05.20,N05,E9,甜橙-進口,104,台北二,53.3,53.3,53.3,53.3,5840
115.05.20,N05,F1,雜柑-檸檬,104,台北二,65,58.3,38.7,55.7,577
115.05.20,N05,F4,雜柑-桔子,104,台北二,89.5,39.4,12,43.9,137
115.05.20,N05,F5,雜柑-無子檸檬,104,台北二,113.9,93,51.7,88.9,1099
115.05.20,N05,F9,雜柑-進口,104,台北二,866.6,866.6,866.6,866.6,8
115.05.20,N04,FA0,其他花類,104,台北二,110,110,110,110,5
115.05.20,N04,FA1,黃秋葵,104,台北二,88.4,47.6,19.5,50.1,2111
115.05.20,N04,FB1,花椰菜-青梗,104,台北二,54.3,35.2,22.8,36.6,4093
115.05.20,N04,FC1,胡瓜-黑刺,104,台北二,23.2,17.7,12.3,17.7,7933
115.05.20,N04,FD0,花胡瓜-其他,104,台北二,56.3,35.3,22.8,37,1433
115.05.20,N04,FD1,花胡瓜,104,台北二,34.4,21.3,10,21.7,18712
115.05.20,N04,FE1,冬瓜-白皮,104,台北二,14.1,8.9,5.8,9.3,5940
115.05.20,N04,FF0,絲瓜-其他,104,台北二,39.7,26,19.8,27.5,3244
115.05.20,N04,FF1,絲瓜,104,台北二,42.4,27,14,27.5,10912
115.05.20,N04,FF2,絲瓜-角瓜,104,台北二,47.6,29.3,20,31.1,410
115.05.20,N04,FG0,苦瓜-其他,104,台北二,52,33.6,19.2,34.4,2287
115.05.20,N04,FG1,苦瓜-白大米,104,台北二,40.9,28.7,16.6,28.7,9458
115.05.20,N04,FG3,苦瓜-山苦瓜,104,台北二,50,46.1,45,46.7,30
115.05.20,N04,FG4,苦瓜-翠綠,104,台北二,33.7,23.7,11.3,23.2,1164
115.05.20,N04,FH1,扁蒲-長形,104,台北二,5,4.5,4,4.5,80
115.05.20,N04,FH3,扁蒲-花蒲,104,台北二,20.3,12.2,6.1,12.6,3619
115.05.20,N04,FH4,扁蒲-梨子蒲,104,台北二,20.8,13.6,8.3,14,4120
115.05.20,N04,FI0,茄子-其他,104,台北二,37,28.3,17.5,27.9,473
115.05.20,N04,FI2,茄子-麻荸茄,104,台北二,31.1,20.4,10.5,20.6,8981
115.05.20,N04,FI3,茄子-日本種,104,台北二,15,9.8,8,10.5,217
115.05.20,N04,FJ1,番茄-黑柿,104,台北二,50,49.3,35,46.6,80
115.05.20,N04,FJ3,番茄-牛番茄,104,台北二,72.2,60,42.4,58.9,14738
115.05.20,N04,FK3,甜椒-新香,104,台北二,37.4,21.9,9.1,22.4,227
115.05.20,N04,FK40,甜椒-彩色種 其他,104,台北二,64.3,27.1,15,32.1,233
115.05.20,N04,FK41,甜椒-彩色種 紅色,104,台北二,92.1,43.1,13.5,47,1021
115.05.20,N04,FK42,甜椒-彩色種 黃色,104,台北二,97.2,53.8,26.4,57,792
115.05.20,N04,FK5,甜椒-青椒,104,台北二,53.8,33.5,10.8,33,3287
115.05.20,N04,FK6,甜椒-水果彩椒,104,台北二,158.2,74.8,13,79.1,515
115.05.20,N04,FK9,甜椒-進口,104,台北二,90,90,90,90,75
115.05.20,N04,FK94,甜椒-進口 彩色種,104,台北二,50.6,13.3,8,19.7,625
115.05.20,N04,FL5,豌豆-豌豆苗,104,台北二,200,200,200,200,14
115.05.20,N04,FL6,豌豆-甜豌豆,104,台北二,170,161.9,140,159.1,35
115.05.20,N04,FL9,豌豆-進口,104,台北二,150,150,150,150,260
115.05.20,N04,FL92,豌豆-進口 紅花,104,台北二,155,144.8,138.3,145.6,180
115.05.20,N04,FL96,豌豆-進口 甜豌豆,104,台北二,160,155,128.1,150.6,192
115.05.20,N04,FM1,菜豆-白色,104,台北二,46.7,31.2,20,32.1,173
115.05.20,N04,FM2,菜豆-青色,104,台北二,49.3,32.7,18.9,33.2,3830
115.05.20,N04,FM3,菜豆-紅色,104,台北二,42,40,38,40,82
115.05.20,N04,FN1,敏豆-白豆,104,台北二,129.4,74.3,26.9,75.8,4016
115.05.20,N04,FN5,敏豆-醜豆,104,台北二,94.4,64.5,32.2,64,658
115.05.20,N04,FP1,萊豆-豆莢,104,台北二,85,84.8,82,84.3,132
115.05.20,N04,FQ1,毛豆-豆莢,104,台北二,70,59.3,30,55.6,350
115.05.20,N04,FQ2,毛豆-豆仁,104,台北二,141.8,117.7,90,117,586
115.05.20,N04,FR1,青花苔,104,台北二,65,49.6,30,48.8,535
115.05.20,N04,FR9,青花苔-進口,104,台北二,78.8,71.5,61.6,71,8273
115.05.20,N04,FT0,南瓜-其他,104,台北二,23.6,21.6,13.7,20.4,309
115.05.20,N04,FT11,南瓜-木瓜型 阿成,104,台北二,25.7,20.7,16.1,20.8,5375
115.05.20,N04,FT12,南瓜-木瓜型 阿嬌,104,台北二,20,18.2,18,18.5,240
115.05.20,N04,FT2,南瓜-圓形,104,台北二,26.3,21.6,17,21.6,1559
115.05.20,N04,FT5,南瓜-青如意,104,台北二,63.4,39.7,19.6,40.4,4149
115.05.20,N04,FT7,南瓜-栗子,104,台北二,48,36.5,25,36.5,80
115.05.20,N04,FT72,南瓜-栗子 小黑,104,台北二,48.3,36.1,35,38.3,300
115.05.20,N04,FT91,南瓜-進口 木瓜型,104,台北二,23,21.6,16,20.7,148
115.05.20,N04,FT96,南瓜-進口 東昇,104,台北二,30,22.7,22,24,240
115.05.20,N04,FT97,南瓜-進口 栗子,104,台北二,39.5,31.6,16,30,1656
115.05.20,N04,FU1,隼人瓜,104,台北二,12.5,8.2,5.1,8.5,3470
115.05.20,N04,FU2,隼人瓜-瓜苗,104,台北二,77,61.8,44.4,61.3,2971
115.05.20,N04,FU3,石蓮花,104,台北二,45,42.5,40,42.5,24
115.05.20,N04,FV0,辣椒-其他,104,台北二,40,33.7,29,34,45
115.05.20,N04,FV1,辣椒-紅小,104,台北二,177.8,83.1,21.1,89.6,382
115.05.20,N04,FV2,辣椒-青小,104,台北二,60,50.6,10.9,44.5,186
115.05.20,N04,FV4,辣椒-朝天椒,104,台北二,49.6,33.8,22.2,34.7,1320
115.05.20,N04,FV6,辣椒-糯米椒,104,台北二,127.7,109.5,63.1,103.8,517
115.05.20,N04,FW1,金針花,104,台北二,212.7,146.8,94.8,149.6,291
115.05.20,N04,FY0,玉米-其他,104,台北二,210,157.7,40,144.6,156
115.05.20,N04,FY4,玉米-玉米筍,104,台北二,165,58.3,22.5,72.5,234
115.05.20,N04,FY41,玉米-玉米筍 帶殼,104,台北二,16.8,9.2,5,9.8,3546
115.05.20,N04,FY5,玉米-糯米黑,104,台北二,33.2,24,15.6,24.2,6465
115.05.20,N04,FY6,玉米-甜軟殼,104,台北二,43.1,25.3,12.6,26.3,5518
115.05.20,N04,FY7,玉米-糯米白,104,台北二,8,8,8,8,80
115.05.20,N04,FY8,玉米-白龍王,104,台北二,34.1,25.1,12.7,24.4,4620
115.05.20,N04,FY9,玉米-進口,104,台北二,230,223.3,210,222,60
115.05.20,N04,FY94,玉米-進口 玉米筍,104,台北二,235,217.4,210,219.5,309
115.05.20,N04,FZ1,落花生-生,104,台北二,78,78,78,78,20
115.05.20,N04,FZ2,落花生-熟,104,台北二,100,100,100,100,48
115.05.20,N05,G3,酪梨,104,台北二,129.4,98,72.4,99.1,1471
115.05.20,N05,G39,酪梨-進口,104,台北二,210,160,160,170,110
115.05.20,N05,G49,奇異果-進口,104,台北二,133.3,100.7,67.4,100.6,2224
115.05.20,N05,G9,波蘿蜜,104,台北二,64.1,15,11.2,24.1,246
115.05.20,N05,I1,木瓜-網室紅肉,104,台北二,72.8,41.5,25.6,44.6,8691
115.05.20,N05,I3,木瓜-日昇種,104,台北二,86.7,50.6,39.3,55.6,1773
115.05.20,N05,I4,木瓜-青木瓜,104,台北二,32.6,20.4,8.7,20.5,975
115.05.20,N05,J0,荔枝-其他,104,台北二,80,68.3,61.9,69.4,144
115.05.20,N05,J1,荔枝-玉荷包,104,台北二,213.9,152.8,108.9,156.2,4961
115.05.20,N05,L9,枇杷-進口,104,台北二,1066.6,515.9,400,602.9,23
115.05.20,N04,LA0,甘藍-其他,104,台北二,16,15,15,15.2,1250
115.05.20,N04,LA1,甘藍-初秋,104,台北二,25.7,19.3,14.8,19.7,81366
115.05.20,N04,LA2,甘藍-改良種,104,台北二,23.8,20.5,17.8,20.6,10850
115.05.20,N04,LA4,甘藍-紫色,104,台北二,8,8,8,8,252
115.05.20,N04,LA5,甘藍-甘藍心,104,台北二,53,49.7,30,46.4,180
115.05.20,N04,LA6,甘藍-甘藍芽,104,台北二,52,50.3,32.2,47,80
115.05.20,N04,LA7,甘藍-改良尖,104,台北二,20,18.1,16,18.1,500
115.05.20,N04,LA92,甘藍-進口 改良種,104,台北二,10,10,10,10,2520
115.05.20,N04,LB1,小白菜-土白菜,104,台北二,17.2,13.7,9.7,13.6,1202
115.05.20,N04,LB2,小白菜-蚵仔白,104,台北二,19,11.7,7,12.2,12302
115.05.20,N04,LB3,小白菜-奶油白,104,台北二,19.1,8.7,5.2,10,1703
115.05.20,N04,LB8,小白菜-水耕,104,台北二,45,42.1,8.1,35.9,120
115.05.20,N04,LC0,包心白-其他,104,台北二,100,99.6,92,98.2,130
115.05.20,N04,LC1,包心白-包白,104,台北二,12.8,7,4.5,7.7,19150
115.05.20,N04,LC3,包心白-包頭蓮,104,台北二,15,15,15,15,60
115.05.20,N04,LC9,包心白-進口,104,台北二,25,25,25,25,45
115.05.20,N04,LC90,包心白菜-進口 其他,104,台北二,80,71.1,63.7,71.4,1709
115.05.20,N04,LC93,包心白菜-進口 包頭蓮 ,104,台北二,25.5,21.3,13.6,20.6,6585
115.05.20,N04,LD1,青江白菜-小梗,104,台北二,19.8,9.3,4.8,10.5,11243
115.05.20,N04,LE1,皇宮菜-小葉,104,台北二,71.8,37,13.6,39.3,1088
115.05.20,N04,LE2,皇宮菜-大葉,104,台北二,44,36.2,22.2,34.9,101
115.05.20,N04,LF2,蕹菜-小葉,104,台北二,28.4,16.7,8.9,17.5,10387
115.05.20,N04,LF3,蕹菜-水蕹菜,104,台北二,81.9,69.6,37.6,65.6,807
115.05.20,N04,LG2,芹菜-白梗,104,台北二,84,64,32.2,61.7,2826
115.05.20,N04,LG3,芹菜-西洋芹菜,104,台北二,21,21,21,21,180
115.05.20,N04,LG9,芹菜-進口,104,台北二,42,41.2,27.5,38.6,540
115.05.20,N04,LH1,菠菜-圓葉,104,台北二,50,44.5,21.1,40.9,776
115.05.20,N04,LH2,菠菜-角葉,104,台北二,46.4,31.7,18.7,32,2890
115.05.20,N04,LI0,萵苣菜-其他,104,台北二,134.8,40.9,15.6,54.6,209
115.05.20,N04,LI1,萵苣菜-廣東菜,104,台北二,14.8,4.9,4,6.7,155
115.05.20,N04,LI2,萵苣菜-結球萵,104,台北二,54.4,34.4,10.6,33.7,2275
115.05.20,N04,LI3,萵苣菜-本島圓葉,104,台北二,53.4,26.6,9.5,28.5,2271
115.05.20,N04,LI4,萵苣菜-本島尖葉,104,台北二,5,5,5,5,60
115.05.20,N04,LI5,萵苣菜-油麥菜,104,台北二,23.9,10.2,4.7,11.8,10960
115.05.20,N04,LI6,萵苣菜-蘿美,104,台北二,71,33.8,7,35.8,248
115.05.20,N04,LI71,萵苣菜-紅捲,104,台北二,68,44.2,42,48.5,48
115.05.20,N04,LI72,萵苣菜-綠捲,104,台北二,40,23.5,20,26.1,54
115.05.20,N04,LI8,萵苣菜-水耕,104,台北二,63.4,48.2,33.8,48.4,2415
115.05.20,N04,LI91,萵苣菜-進口 廣東萵,104,台北二,40,31.8,4,27.9,146
115.05.20,N04,LI92,萵苣菜-進口 結球萵,104,台北二,60,31.9,27.4,36.6,1637
115.05.20,N04,LI96,萵苣菜-進口 蘿美,104,台北二,94.5,54.7,15,54.7,665
115.05.20,N04,LJ1,芥菜-芥菜仁,104,台北二,25,25,25,25,40
115.05.20,N04,LJ3,芥菜-大芥菜,104,台北二,18,11.2,8.8,12.1,340
115.05.20,N04,LJ4,芥菜-小芥菜,104,台北二,24,14.2,12,15.7,190
115.05.20,N04,LK2,芥藍菜,104,台北二,16,10.3,4,10.2,898
115.05.20,N04,LK3,芥藍菜-芥藍芽,104,台北二,109.4,32.7,10.4,43.5,3586
115.05.20,N04,LM1,莧菜-紅莧菜,104,台北二,32.4,30,27.2,29.9,517
115.05.20,N04,LM2,莧菜-白莧菜,104,台北二,40.9,30.5,20,30.5,4068
115.05.20,N04,LN1,油菜,104,台北二,21.4,11,5.4,12,3382
115.05.20,N04,LN2,油菜-小松菜,104,台北二,25,22.5,20,22.5,375
115.05.20,N04,LO1,甘薯葉,104,台北二,60.9,19.4,7.8,25.4,12021
115.05.20,N04,LP1,芫荽,104,台北二,126.2,47,20.8,57.6,1697
115.05.20,N04,LP2,九層塔,104,台北二,71.9,43.3,22.2,44.8,1445
115.05.20,N04,LQ1,紅鳳菜-紅鳳菜,104,台北二,48.5,31.1,16.4,31.6,960
115.05.20,N04,LS1,茴香,104,台北二,60,60,60,60,5
115.05.20,N04,LT2,海菜-海帶,104,台北二,50,50,50,50,100
115.05.20,N04,LT3,海菜-水蓮,104,台北二,118,105.9,82.6,103.6,1144
115.05.20,N04,LV1,巴西利,104,台北二,26,19.8,10.1,19.1,94
115.05.20,N04,LX1,蕨菜-過貓,104,台北二,48.6,45.9,41.2,45.5,248
115.05.20,N04,LZ2,藤川七-川七葉,104,台北二,51,37.4,30,38.7,45
115.05.20,N05,M3,楊桃-馬來亞種,104,台北二,50,34.5,20.4,34.8,126
115.05.20,N04,MA1,洋菇,104,台北二,262.7,193.4,167,202,43
115.05.20,N04,MA2,洋菇-盒裝,104,台北二,345.4,183.2,76.1,194.2,264
115.05.20,N04,MB1,草菇,104,台北二,130,130,130,130,14
115.05.20,N04,MC1,濕木耳,104,台北二,122.8,67.4,8.3,66.7,1401
115.05.20,N04,MD1,濕香菇,104,台北二,136.6,88,35,87.1,1588
115.05.20,N04,ME1,金絲菇-金針菇,104,台北二,42.9,24.9,16,26.8,1235
115.05.20,N04,ME2,金絲菇-盒裝,104,台北二,28,26.2,25,26.3,1130
115.05.20,N04,MF1,蠔菇-鮑魚菇,104,台北二,92,92,92,92,12
115.05.20,N04,MI1,秀珍菇,104,台北二,97,96.9,65,90.5,312
115.05.20,N04,MJ1,杏鮑菇,104,台北二,94.5,73.6,33.8,69.8,3876
115.05.20,N04,MJ2,杏鮑菇-盒裝,104,台北二,335,164.2,130,191.5,20
115.05.20,N04,MK1,鴻喜菇,104,台北二,190.6,106.3,85,118.9,72
115.05.20,N04,MK2,鴻喜菇-盒裝,104,台北二,170,166.1,142.8,162.2,174
115.05.20,N04,ML1,珊瑚菇,104,台北二,120,120,120,120,3
115.05.20,N04,MN1,柳松菇,104,台北二,130,117.1,115,119.3,14
115.05.20,N04,MX1,其他菇類,104,台北二,173.7,127.9,72.1,125.9,528
115.05.20,N05,N0,李-其他,104,台北二,21,20.3,20,20.4,90
115.05.20,N05,N2,李-桃接李,104,台北二,39.8,26.7,15.9,27.2,677
115.05.20,N05,N3,李-紅肉李,104,台北二,77,43.5,20.1,45.5,2950
115.05.20,N05,N4,李-黃肉李,104,台北二,31.6,22.8,18,23.6,165
115.05.20,N05,N5,李-加州李,104,台北二,40,40,40,40,12
115.05.20,N05,O2,梨-秋水梨,104,台北二,93.8,55.5,25.1,57.1,633
115.05.20,N04,OA2,鹹菜-帶葉,104,台北二,35,35,35,35,810
115.05.20,N04,OB1,雪里紅,104,台北二,30,30,30,30,180
115.05.20,N04,OC1,榨菜,104,台北二,35,31.7,30,32,600
115.05.20,N04,OD1,蘿蔔乾,104,台北二,35,35,30.4,34.1,220
115.05.20,N04,OE2,醃瓜-漬,104,台北二,40,40,40,40,72
115.05.20,N04,OG1,熟筍-桂竹筍,104,台北二,90,79.2,30,71.5,53
115.05.20,N04,OG2,熟筍-箭竹筍,104,台北二,80,80,80,80,100
115.05.20,N04,OI4,筍茸,104,台北二,40,40,40,40,156
115.05.20,N04,OL1,朴菜,104,台北二,35,35,35,35,24
115.05.20,N04,OX1,其他,104,台北二,55.3,26.5,18.5,30.7,4273
115.05.20,N05,P1,番石榴-珍珠芭,104,台北二,89.9,64.9,36.9,64.3,13892
115.05.20,N05,P2,番石榴-紅心,104,台北二,95.9,71.3,46.4,71.2,593
115.05.20,N05,P3,番石榴-帝王芭,104,台北二,121.4,91,41.7,87.2,1065
115.05.20,N05,Q0,蓮霧-其他,104,台北二,203,120.9,59.7,125.1,103
115.05.20,N05,Q1,蓮霧-紅蓮霧,104,台北二,100.4,43.2,14.7,48.9,1197
115.05.20,N05,Q2,蓮霧-子彈型,104,台北二,137,71.4,27.8,75.8,1114
115.05.20,N05,Q4,蓮霧-巴掌蓮霧,104,台北二,100,71.7,47.5,72.5,450
115.05.20,N05,Q5,蓮霧-黑糖芭比,104,台北二,325.9,147.2,59.2,165.3,1374
115.05.20,N05,R0,芒果-其他,104,台北二,211.3,95,37.3,106.7,386
115.05.20,N05,R1,芒果-愛文,104,台北二,121.8,66.9,40,72.5,31776
115.05.20,N05,R2,芒果-玉文,104,台北二,67.5,49.1,42.2,51.4,108
115.05.20,N05,R3,芒果-本島,104,台北二,100.5,38.8,19.9,47.3,3318
115.05.20,N05,R31,芒果-夏雪,104,台北二,107.5,67.9,34.5,69.1,160
115.05.20,N05,R5,芒果-黑香金興,104,台北二,96.7,58,33.6,60.8,270
115.05.20,N05,R6,芒果-金煌,104,台北二,87.9,61.8,36.8,62,1512
115.05.20,N05,R8,芒果-芒果青,104,台北二,33.2,16.7,9.2,18.5,3001
115.05.20,N05,S0,葡萄-其他,104,台北二,320,282.8,240,281.7,30
115.05.20,N05,S1,葡萄-巨峰,104,台北二,184.4,115.6,73.1,120.8,2406
115.05.20,N05,S9,葡萄-進口,104,台北二,953.9,519.6,152.4,533,96
115.05.20,N04,SA3,蘿蔔-矸仔,104,台北二,14.9,7.7,5,8.6,6700
115.05.20,N04,SA7,蘿蔔-甜菜根,104,台北二,33.3,31.9,25.8,30.9,272
115.05.20,N04,SA9,蘿蔔-進口,104,台北二,17.3,13.1,11.2,13.6,16055
115.05.20,N04,SB1,胡蘿蔔-未洗,104,台北二,21.6,18.8,9.7,17.5,1385
115.05.20,N04,SB2,胡蘿蔔-清洗,104,台北二,25.9,16.7,9.8,17.1,9938
115.05.20,N04,SC1,馬鈴薯-本產,104,台北二,28.3,21.3,9.4,20.3,4600
115.05.20,N04,SC9,馬鈴薯-進口,104,台北二,40,32.2,12.2,29.8,562
115.05.20,N04,SD1,洋蔥-本產,104,台北二,21.8,17,15,17.6,10368
115.05.20,N04,SD9,洋蔥-進口,104,台北二,33.1,28.7,22,28.2,2532
115.05.20,N04,SE1,青蔥-日蔥,104,台北二,82.6,68,57,68.8,1504
115.05.20,N04,SE3,青蔥-大蔥,104,台北二,65,65,65,65,22
115.05.20,N04,SE5,青蔥-紅蔥頭,104,台北二,88,76.6,65.5,76.7,390
115.05.20,N04,SE6,青蔥-粉蔥,104,台北二,65.8,53.5,42.4,53.7,8132
115.05.20,N04,SF1,韭菜-白頭,104,台北二,130,113.8,81.3,110.5,368
115.05.20,N04,SF2,韭菜-韭菜黃,104,台北二,145.8,111.2,73.3,110.6,216
115.05.20,N04,SF3,韭菜-韭菜花,104,台北二,90.9,68.2,32.8,65.7,603
115.05.20,N04,SF4,韭菜-青頭,104,台北二,77.3,49.9,21.1,49.6,1706
115.05.20,N04,SG2,大蒜-軟梗,104,台北二,83.8,56.4,21.2,54.8,1150
115.05.20,N04,SG4,大蒜-蔥蒜,104,台北二,8,8,8,8,80
115.05.20,N04,SG5,大蒜-蒜頭,104,台北二,107.5,63.8,37,67.2,353
115.05.20,N04,SG6,大蒜-蒜仁,104,台北二,101.6,93.6,84.5,93.4,1545
115.05.20,N04,SG7,大蒜-蒜瓣,104,台北二,171,69.4,25.2,80.9,637
115.05.20,N04,SH2,竹筍-綠竹筍,104,台北二,203.2,140.7,88.6,142.8,2189
115.05.20,N04,SH5,竹筍-烏殼綠,104,台北二,52.6,43.5,29.3,42.5,7938
115.05.20,N04,SH7,竹筍-去殼,104,台北二,37.2,35,35,35.4,900
115.05.20,N04,SJ2,芋-檳榔心芋,104,台北二,61,42.8,25.3,43,1693
115.05.20,N04,SJ3,芋-里芋,104,台北二,105,99.2,60,92.6,100
115.05.20,N04,SJ4,芋-芋莖,104,台北二,18,18,18,18,30
115.05.20,N04,SK2,荸薺-加工,104,台北二,70,70,70,70,60
115.05.20,N04,SL1,豆薯,104,台北二,17.8,14.8,10,14.4,600
115.05.20,N04,SM9,牛蒡-進口,104,台北二,36,34,32,34,200
115.05.20,N04,SN1,蓮藕,104,台北二,450,450,450,450,6
115.05.20,N04,SO0,甘薯-其他,104,台北二,48.7,14.9,9.3,20.5,1010
115.05.20,N04,SO1,甘薯-臺農57號,104,台北二,24.3,13.6,6.1,14.3,5818
115.05.20,N04,SO2,甘薯-芋仔甘薯,104,台北二,17.6,10.7,9.5,11.9,685
115.05.20,N04,SO3,甘薯-臺農66號,104,台北二,22.5,14.2,8.8,14.8,4370
115.05.20,N04,SP0,薑-其他,104,台北二,65,65,65,65,16
115.05.20,N04,SP1,薑-老薑,104,台北二,157.6,130.8,93.6,128.7,1389
115.05.20,N04,SP2,薑-嫩薑,104,台北二,122.2,106.3,98.6,107.9,966
115.05.20,N04,SP3,薑-粉薑,104,台北二,30,30,30,30,27
115.05.20,N04,SP5,薑-薑黃,104,台北二,105,105,105,105,22
115.05.20,N04,SQ1,茭白筍-帶殼,104,台北二,85.5,57.3,46.3,60.7,2597
115.05.20,N04,SQ3,茭白筍-去殼,104,台北二,175.7,145.3,93.8,141.1,982
115.05.20,N04,ST1,蕎頭-露蕎,104,台北二,95,95,95,95,10
115.05.20,N04,SU2,薯蕷-白薯蕷,104,台北二,100,100,100,100,31
115.05.20,N04,SU21,薯蕷-白薯蕷 人參,104,台北二,75.6,56.6,45.3,58.2,918
115.05.20,N04,SV1,蘆筍-白蘆筍,104,台北二,265.6,151.6,82.6,160.6,61
115.05.20,N04,SV2,蘆筍-綠蘆筍,104,台北二,194.9,138.1,98.2,141.5,603
115.05.20,N04,SV3,蘆筍-蘆筍花,104,台北二,140,120,100,120,14
115.05.20,N04,SV9,蘆筍-進口,104,台北二,365,365,365,365,18
115.05.20,N04,SV92,蘆筍-進口 綠蘆筍,104,台北二,172.6,142,105,140.7,1427
115.05.20,N04,SW1,球莖甘藍,104,台北二,14.6,11.9,10,12,460
115.05.20,N04,SX0,芽菜類-其他,104,台北二,20,20,20,20,6
115.05.20,N04,SX1,芽菜類-綠豆芽,104,台北二,12,12,12,12,2483
115.05.20,N04,SX2,芽菜類-黃豆芽,104,台北二,20,20,20,20,353
115.05.20,N04,SX3,芽菜類-豌豆芽,104,台北二,85,62.6,50,64.6,72
115.05.20,N04,SX4,芽菜類-苜蓿芽,104,台北二,50,50,50,50,15
115.05.20,N04,SZ1,半天筍,104,台北二,88.6,85,85,85.7,14
115.05.20,N04,SZ7,晚香玉筍,104,台北二,150,134.6,105.7,131.9,21
115.05.20,N04,SZ8,香茅,104,台北二,43.7,34.7,23.7,34.3,488
115.05.20,N05,T0,西瓜-其他,104,台北二,31.3,13.4,8.8,16.1,3002
115.05.20,N05,T2,西瓜-無子西瓜,104,台北二,15,14.4,14,14.4,127
115.05.20,N05,T4,西瓜-鳳光英妙,104,台北二,5,5,5,5,312
115.05.20,N05,T5,西瓜-黃肉,104,台北二,14,7.7,3,8,19195
115.05.20,N05,T8,西瓜-甜美人,104,台北二,18.5,11.6,8,12.3,6640
115.05.20,N05,V1,甜瓜-美濃,104,台北二,42.8,23.5,8.2,24.3,5259
115.05.20,N05,V2,甜瓜-溫室吊瓜,104,台北二,195.8,88.3,43.1,100.8,443
115.05.20,N05,W1,洋香瓜-網狀紅肉,104,台北二,53.1,23.3,12.4,27.1,1417
115.05.20,N05,W2,洋香瓜-網狀綠肉,104,台北二,17.5,16.1,13.1,15.8,444
115.05.20,N05,W4,洋香瓜-新疆,104,台北二,124.7,98,65.3,96.8,944
115.05.20,N05,W7,洋香瓜-光面白肉,104,台北二,50,43,33.3,42.5,1209
115.05.20,N05,W8,洋香瓜-阿露斯,104,台北二,162.7,86.5,27.2,89.9,1458
115.05.20,N05,W9,洋香瓜-進口,104,台北二,183.3,183.3,183.3,183.3,40
115.05.20,N05,X59,蘋果-紅玉進口,104,台北二,290,290,290,290,70
115.05.20,N05,X69,蘋果-富士進口,104,台北二,96.5,47.9,27.4,53.5,15416
115.05.20,N05,Y0,桃子-其他,104,台北二,80,80,61.8,76.4,55
115.05.20,N05,Y1,桃子-水蜜桃,104,台北二,158.2,97.2,43.1,98.6,1085
115.05.20,N05,Y19,桃子-水蜜桃進口,104,台北二,180,180,180,180,10
115.05.20,N05,Y3,桃子-甜桃,104,台北二,86.8,65.6,46.7,66.1,199
115.05.20,N05,Y9,桃子-進口,104,台北二,534.6,224.6,190.4,279.8,958
115.05.20,N06,FA800,康乃馨-多朵(混色),105,台北市場,28,23,20,23.8,326
115.05.20,N06,FA810,康乃馨-多朵紅,105,台北市場,24,24,24,24,36
115.05.20,N06,FA812,康乃馨-波斯桃紅,105,台北市場,29,22,20,23.3,94
115.05.20,N06,FA840,康乃馨-多朵粉,105,台北市場,45,43,39,42.7,220
115.05.20,N06,FA872,康乃馨-史波特,105,台北市場,20,20,20,20,106
115.05.20,N06,FA980,美女撫子,105,台北市場,100,100,100,100,16
115.05.20,N06,FA985,繡球撫子-綠石竹,105,台北市場,150,117,40,108.9,108
115.05.20,N06,FB000,火鶴花,105,台北市場,12,8,6,8.1,362
115.05.20,N06,FB103,火鶴花-紅青心,105,台北市場,11,9,6,8.9,490
115.05.20,N06,FB106,火鶴花-丘比特,105,台北市場,12,11,7,10.3,765
115.05.20,N06,FB108,火鶴花-千里達,105,台北市場,6,5,5,5.4,215
115.05.20,N06,FB111,火鶴花-月光,105,台北市場,13,8,6,8.6,770
115.05.20,N06,FB113,火鶴花-紅鈴,105,台北市場,17,9,5,9.9,1109
115.05.20,N06,FB402,火鶴花-荷粉,105,台北市場,7,6,5,6,417
115.05.20,N06,FB407,火鶴花-夢幻,105,台北市場,8,7,6,7.1,110
115.05.20,N06,FB415,火鶴花-羅莎,105,台北市場,12,7,5,8,1520
115.05.20,N06,FB416,火鶴花-花仙子,105,台北市場,17,13,7,12.5,660
115.05.20,N06,FB419,火鶴花-太極,105,台北市場,17,15,12,15,650
115.05.20,N06,FB420,火鶴花-小紅莓,105,台北市場,15,14,14,14.3,141
115.05.20,N06,FB426,火鶴花-粉蕾絲,105,台北市場,8,6,5,6,535
115.05.20,N06,FB500,火鶴花-翠綠,105,台北市場,12,9,5,8.5,1060
115.05.20,N06,FB504,火鶴花-雷夢娜,105,台北市場,13,7,5,7.7,475
115.05.20,N06,FB601,火鶴花-白青心,105,台北市場,12,7,5,7.7,395
115.05.20,N06,FB607,火鶴花-月亮女神,105,台北市場,8,5,5,5.8,205
115.05.20,N06,FB608,火鶴花-戀愛,105,台北市場,10,10,8,9.3,172
115.05.20,N06,FB700,火鶴花-紫色,105,台北市場,15,12,8,12,725
115.05.20,N06,FB801,火鶴花-咖啡條紋,105,台北市場,12,11,7,10.6,512
115.05.20,N06,FB802,火鶴花-大地,105,台北市場,14,7,5,7.9,451
115.05.20,N06,FB805,火鶴花-黑珍珠,105,台北市場,17,13,12,13.8,135
115.05.20,N06,FC300,大菊-黃,105,台北市場,0,0,0,0,0
115.05.20,N06,FC316,大菊-黃精競,105,台北市場,50,32,20,33,155
115.05.20,N06,FC601,大菊-日本白,105,台北市場,250,231,95,207.9,71
115.05.20,N06,FC613,大菊-白天星,105,台北市場,180,125,63,123.4,483
115.05.20,N06,FC800,大菊-染色大菊,105,台北市場,107,76,29,73.2,773
115.05.20,N06,FC801,染大菊-國王,105,台北市場,180,160,140,160,120
115.05.20,N06,FC805,染大菊-白東洋,105,台北市場,58,55,45,53.7,75
115.05.20,N06,FD000,小菊,105,台北市場,42,41,20,36.9,52
115.05.20,N06,FD001,小菊-混合色,105,台北市場,85,61,30,59.8,91
115.05.20,N06,FD124,小菊-龍鳳紫,105,台北市場,20,20,20,20,22
115.05.20,N06,FD127,小菊-雙色紅,105,台北市場,22,22,22,22,140
115.05.20,N06,FD131,小菊-小紅娘,105,台北市場,22,22,22,22,50
115.05.20,N06,FD136,小菊-法國小紅,105,台北市場,29,29,29,29,25
115.05.20,N06,FD138,小菊-卡洛琳,105,台北市場,124,88,55,88.4,111
115.05.20,N06,FD200,小菊-金,105,台北市場,49,39,20,37,299
115.05.20,N06,FD300,小菊-黃,105,台北市場,56,43,39,45,149
115.05.20,N06,FD308,小菊-黃丁字菊,105,台北市場,50,50,32,46.3,137
115.05.20,N06,FD309,小菊-日本黃,105,台北市場,40,39,33,38.1,196
115.05.20,N06,FD422,小菊-吉祥小粉,105,台北市場,128,55,26,63.8,477
115.05.20,N06,FD423,小菊-粉日記,105,台北市場,75,70,31,63.3,126
115.05.20,N06,FD433,小菊-芬蘭小粉,105,台北市場,74,74,74,74,30
115.05.20,N06,FD453,小菊-棒棒糖-粉,105,台北市場,50,50,50,50,50
115.05.20,N06,FD456,小菊-卡洛粉,105,台北市場,121,86,56,87.1,329
115.05.20,N06,FD457,小菊-西維亞粉,105,台北市場,27,22,20,22.3,60
115.05.20,N06,FD600,小菊-白,105,台北市場,81,69,63,70.5,95
115.05.20,N06,FD618,小菊-白鑽石,105,台北市場,30,27,26,27.6,125
115.05.20,N06,FD625,小菊-白瑪格麗特,105,台北市場,140,140,140,140,140
115.05.20,N06,FD635,小菊-林克小白,105,台北市場,129,66,20,69.4,184
115.05.20,N06,FD645,小菊-白斯不列,105,台北市場,193,174,105,164.1,1198
115.05.20,N06,FD800,小菊-染色小菊,105,台北市場,31,23,21,24.1,160
115.05.20,N06,FD801,染小菊-芬蘭,105,台北市場,66,65,63,64.7,44
115.05.20,N06,FD802,染小菊-白鑽石,105,台北市場,34,27,20,27.1,219
115.05.20,N06,FE000,非洲菊,105,台北市場,75,36,24,41.2,94
115.05.20,N06,FE001,非洲菊-混合色,105,台北市場,124,45,22,56.6,689
115.05.20,N06,FE100,非洲菊-紅,105,台北市場,38,38,38,38,30
115.05.20,N06,FE110,非洲菊-卡布,105,台北市場,28,28,28,28,90
115.05.20,N06,FE200,非洲菊-橙,105,台北市場,80,80,80,80,15
115.05.20,N06,FE201,非洲菊-太陽神,105,台北市場,24,24,24,24,25
115.05.20,N06,FE205,非洲菊-哈利熊,105,台北市場,31,28,25,28,60
115.05.20,N06,FE400,非洲菊-粉,105,台北市場,37,37,37,37,30
115.05.20,N06,FE409,非洲菊-粉紅魅力,105,台北市場,40,40,40,40,15
115.05.20,N06,FE415,非洲菊-粉美麗,105,台北市場,28,28,28,28,13
115.05.20,N06,FE416,非洲菊-熱情粉,105,台北市場,48,35,21,34.9,605
115.05.20,N06,FE600,非洲菊-白,105,台北市場,45,30,20,31,266
115.05.20,N06,FE900,非洲菊-迷你混色,105,台北市場,70,37,25,41.3,838
115.05.20,N06,FE920,非洲菊-迷你橙,105,台北市場,80,80,80,80,20
115.05.20,N06,FE940,非洲菊-迷你粉,105,台北市場,25,25,25,25,28
115.05.20,N06,FE960,非洲菊-迷你白,105,台北市場,148,67,51,80.6,63
115.05.20,N06,FG113,劍蘭-新種紅,105,台北市場,28,26,20,25.3,60
115.05.20,N06,FG116,劍蘭-雙色金紅,105,台北市場,40,40,40,40,40
115.05.20,N06,FH000,其它花卉,105,台北市場,217,94,25,104.7,658
115.05.20,N06,FH003,柔麗絲,105,台北市場,100,100,100,100,20
115.05.20,N06,FH005,金鎚花,105,台北市場,62,49,41,49.8,208
115.05.20,N06,FH006,黃梔花,105,台北市場,62,37,27,40.2,1078
115.05.20,N06,FH007,松蟲草,105,台北市場,31,31,31,31,60
115.05.20,N06,FH008,洋甘菊,105,台北市場,168,146,63,133.7,403
115.05.20,N06,FH009,萬壽菊,105,台北市場,76,38,18,41.5,104
115.05.20,N06,FH050,水仙百合-混色,105,台北市場,108,101,95,101.2,38
115.05.20,N06,FH054,水仙百合-粉,105,台北市場,105,105,105,105,21
115.05.20,N06,FH101,天堂鳥,105,台北市場,174,139,96,137.3,257
115.05.20,N06,FH112,小天堂鳥-桔帶紅,105,台北市場,35,35,35,35,16
115.05.20,N06,FH125,翠珠花,105,台北市場,240,201,185,205.3,45
115.05.20,N06,FH133,鶴蕉紅美人,105,台北市場,19,19,19,19,36
115.05.20,N06,FH135,垂焦,105,台北市場,18,18,18,18,80
115.05.20,N06,FH139,石玫瑰,105,台北市場,48,48,48,48,35
115.05.20,N06,FH156,野薑花-白,105,台北市場,81,64,52,64.8,25
115.05.20,N06,FH158,紅薑花,105,台北市場,63,33,17,35.8,140
115.05.20,N06,FH185,嘉蘭(火焰百合),105,台北市場,115,101,88,100.9,95
115.05.20,N06,FH210,夕霧草,105,台北市場,210,145,122,153.1,61
115.05.20,N06,FH231,夜來香-單瓣,105,台北市場,79,79,59,75,104
115.05.20,N06,FH232,夜來香-重瓣,105,台北市場,106,75,60,78.7,83
115.05.20,N06,FH245,初雪草,105,台北市場,140,109,85,109.4,27
115.05.20,N06,FH251,秀線,105,台北市場,64,58,50,57.4,107
115.05.20,N06,FH270,千日紅,105,台北市場,91,78,75,80.3,108
115.05.20,N06,FH293,向日葵-單瓣,105,台北市場,150,106,36,100.9,650
115.05.20,N06,FH294,向日葵-重瓣,105,台北市場,269,235,180,231.3,53
115.05.20,N06,FH301,波斯菊,105,台北市場,104,48,25,54.7,76
115.05.20,N06,FH306,白日草,105,台北市場,40,34,26,33.6,45
115.05.20,N06,FH310,大理花-混色,105,台北市場,80,73,49,69.7,56
115.05.20,N06,FH312,大理花-橘色,105,台北市場,35,35,35,35,7
115.05.20,N06,FH314,大理花-粉色,105,台北市場,45,44,32,41.5,22
115.05.20,N06,FH316,大理花-白色,105,台北市場,175,175,175,175,5
115.05.20,N06,FH318,大理花-雙色,105,台北市場,100,73,37,70.9,57
115.05.20,N06,FH330,雞冠花,105,台北市場,90,81,80,82.6,38
115.05.20,N06,FH331,雞冠花-清紅,105,台北市場,81,55,42,57.4,199
115.05.20,N06,FH339,雞冠花-粉,105,台北市場,90,90,90,90,15
115.05.20,N06,FH360,金魚草-混色,105,台北市場,65,65,65,65,15
115.05.20,N06,FH364,金魚草-粉色,105,台北市場,21,19,16,19,95
115.05.20,N06,FH368,金魚草-雙色,105,台北市場,101,98,95,98,22
115.05.20,N06,FH375,大飛燕草,105,台北市場,30,30,30,30,240
115.05.20,N06,FH376,小飛燕草,105,台北市場,167,138,78,131.2,69
115.05.20,N06,FH381,麒麟草,105,台北市場,50,24,20,28.4,673
115.05.20,N06,FH460,繡球花,105,台北市場,73,25,21,33.7,461
115.05.20,N06,FH464,繡球花-粉,105,台北市場,133,58,25,66.2,204
115.05.20,N06,FH465,繡球花-綠色,105,台北市場,88,80,52,76,60
115.05.20,N06,FH466,繡球花-白,105,台北市場,76,58,52,60.3,328
115.05.20,N06,FH467,繡球花-藍,105,台北市場,59,34,26,37.6,746
115.05.20,N06,FH468,繡球花-水藍,105,台北市場,39,30,27,31.4,150
115.05.20,N06,FH522,迥香-白,105,台北市場,105,100,86,98.3,222
115.05.20,N06,FH640,睡蓮,105,台北市場,45,45,45,45,28
115.05.20,N06,FH660,天鵝絨,105,台北市場,110,76,65,80.5,84
115.05.20,N06,FH670,茉莉花,105,台北市場,17,11,10,11.9,960
115.05.20,N06,FH710,深山櫻,105,台北市場,104,93,73,91.3,440
115.05.20,N06,FH750,百子蓮(愛情花),105,台北市場,28,20,16,20.8,1317
115.05.20,N06,FH795,藍星花-藍色,105,台北市場,425,297,280,319.2,65
115.05.20,N06,FL029,姬百合-橙多朵,105,台北市場,230,230,230,230,10
115.05.20,N06,FM019,重瓣百合-紅多朵,105,台北市場,365,360,340,356.7,24
115.05.20,N06,FM040,重瓣百合-粉,105,台北市場,380,380,380,380,10
115.05.20,N06,FM043,重瓣百合-粉三朵,105,台北市場,400,400,400,400,9
115.05.20,N06,FM049,重瓣百合-粉多朵,105,台北市場,388,388,388,388,8
115.05.20,N06,FM063,重瓣百合-白三朵,105,台北市場,280,280,240,273.3,36
115.05.20,N06,FM119,重瓣百合-達琳達多朵,105,台北市場,360,342,323,342.1,90
115.05.20,N06,FM183,重瓣百合-安諾斯卡三朵,105,台北市場,340,340,340,340,10
115.05.20,N06,FM189,重瓣百合-安諾斯卡多朵,105,台北市場,336,336,332,335.3,48
115.05.20,N06,FM289,重瓣百合-莎曼莎多朵,105,台北市場,412,397,382,397.4,23
115.05.20,N06,FO000,蘭花,105,台北市場,183,75,37,88.2,92
115.05.20,N06,FO003,腎藥蘭-曼谷火焰,105,台北市場,115,81,53,82.2,286
115.05.20,N06,FO006,腎藥蘭-深紅色,105,台北市場,35,34,32,33.4,17
115.05.20,N06,FO007,千代蘭,105,台北市場,139,96,47,94.4,222
115.05.20,N06,FO009,萬代蘭,105,台北市場,134,81,65,88.6,139
115.05.20,N06,FO011,拖鞋蘭,105,台北市場,65,63,55,61.7,45
115.05.20,N06,FO014,樹蘭,105,台北市場,28,24,18,23.5,270
115.05.20,N06,FO020,萬代蘭-巨輪混色,105,台北市場,10,10,10,10,48
115.05.20,N06,FO021,萬代蘭-巨輪紅,105,台北市場,20,17,14,17.2,39
115.05.20,N06,FO022,萬代蘭-巨輪橙,105,台北市場,16,16,16,16,29
115.05.20,N06,FO023,萬代蘭-巨輪黃,105,台北市場,26,26,26,26,29
115.05.20,N06,FO027,萬代蘭-巨輪紫,105,台北市場,45,23,8,24.2,453
115.05.20,N06,FO029,萬代蘭-巨輪棕,105,台北市場,41,34,11,30.8,200
115.05.20,N06,FO333,香水文心蘭,105,台北市場,125,125,125,125,40
115.05.20,N06,FO335,檸檬綠文心蘭,105,台北市場,194,106,65,115.2,799
115.05.20,N06,FO340,文心蘭-愛琳娜,105,台北市場,188,96,83,111,52
115.05.20,N06,FO600,蝴蝶蘭-混色,105,台北市場,125,73,22,72,52
115.05.20,N06,FO602,蝴蝶蘭-線條,105,台北市場,26,26,26,26,50
115.05.20,N06,FO610,蝴蝶蘭-紅色,105,台北市場,45,20,20,25.1,88
115.05.20,N06,FO630,蝴蝶蘭-黃色,105,台北市場,36,33,32,33.7,115
115.05.20,N06,FO640,蝴蝶蘭-粉色,105,台北市場,55,31,23,34.3,105
115.05.20,N06,FO663,蝴蝶蘭-白黃心,105,台北市場,60,41,24,41.1,1402
115.05.20,N06,FR000,玫瑰,105,台北市場,546,172,82,227.2,122
115.05.20,N06,FR001,玫瑰-混合色,105,台北市場,358,281,159,269.7,52
115.05.20,N06,FR100,玫瑰-紅,105,台北市場,247,125,59,136.2,276
115.05.20,N06,FR111,玫瑰-新櫻紅,105,台北市場,121,86,58,87.7,51
115.05.20,N06,FR112,玫瑰-紅衣武士,105,台北市場,116,92,75,92.5,37
115.05.20,N06,FR116,玫瑰-翡翠紅,105,台北市場,667,313,139,347.5,187
115.05.20,N06,FR117,玫瑰-萬年紅,105,台北市場,130,62,30,69.4,371
115.05.20,N06,FR120,玫瑰-埔里之星,105,台北市場,285,205,140,208.2,51
115.05.20,N06,FR122,玫瑰-卡門,105,台北市場,132,71,55,79.7,147
115.05.20,N06,FR200,玫瑰-橙,105,台北市場,130,102,67,100.8,56
115.05.20,N06,FR208,玫瑰-香吉士,105,台北市場,413,224,165,249.8,56
115.05.20,N06,FR210,玫瑰-牡丹桔,105,台北市場,755,708,676,711.1,9
115.05.20,N06,FR211,玫瑰-馬卡龍,105,台北市場,305,305,305,305,4
115.05.20,N06,FR300,玫瑰-黃,105,台北市場,185,100,70,111.5,88
115.05.20,N06,FR400,玫瑰-粉,105,台北市場,350,290,128,268.7,24
115.05.20,N06,FR408,玫瑰-黛安娜粉,105,台北市場,170,100,51,104.1,180
115.05.20,N06,FR431,玫瑰-東方之星,105,台北市場,84,51,41,55.2,87
115.05.20,N06,FR434,玫瑰-卡蜜拉,105,台北市場,175,126,69,124.4,51
115.05.20,N06,FR436,玫瑰-翡翠粉,105,台北市場,414,125,47,167.1,441
115.05.20,N06,FR439,玫瑰-翡翠香檳,105,台北市場,418,178,54,201.4,179
115.05.20,N06,FR452,玫瑰-珍愛你,105,台北市場,420,420,420,420,4
115.05.20,N06,FR457,玫瑰-寶貝粉,105,台北市場,434,250,201,273.5,32
115.05.20,N06,FR461,玫瑰-新娘粉,105,台北市場,380,373,350,370.8,13
115.05.20,N06,FR600,玫瑰-白,105,台北市場,185,164,131,162.5,38
115.05.20,N06,FR607,玫瑰-翡翠白,105,台北市場,305,183,71,185.2,359
115.05.20,N06,FR700,玫瑰-紫,105,台北市場,500,451,418,459,8
115.05.20,N06,FR705,玫瑰-紫天王,105,台北市場,178,154,129,153.9,55
115.05.20,N06,FR710,玫瑰-真心紫,105,台北市場,390,345,300,338.6,7
115.05.20,N06,FR711,玫瑰-天堂紫,105,台北市場,261,190,96,185.5,56
115.05.20,N06,FR712,玫瑰-拿鐵,105,台北市場,160,140,125,140.9,11
115.05.20,N06,FR713,玫瑰-蒙馬特,105,台北市場,390,390,390,390,5
115.05.20,N06,FR715,玫瑰-紫霧,105,台北市場,265,116,62,135.2,114
115.05.20,N06,FR814,玫瑰-山中傳奇,105,台北市場,450,435,425,437.5,8
115.05.20,N06,FR816,玫瑰-愛麗絲,105,台北市場,460,324,240,334.2,26
115.05.20,N06,FR818,玫瑰-潘朵拉,105,台北市場,375,315,300,324.2,24
115.05.20,N06,FR900,玫瑰-多朵混合,105,台北市場,813,426,220,460.2,21
115.05.20,N06,FR922,玫瑰-心動果汁,105,台北市場,907,907,907,907,2
115.05.20,N06,FR930,玫瑰-多朵黃,105,台北市場,360,254,98,244.2,21
115.05.20,N06,FR933,玫瑰-香草琳娜,105,台北市場,1200,850,850,966.7,3
115.05.20,N06,FR934,玫瑰-卡特琳娜,105,台北市場,1080,1080,1080,1080,2
115.05.20,N06,FR940,玫瑰-多朵粉,105,台北市場,336,297,150,271.5,27
115.05.20,N06,FR942,玫瑰-心動雙粉,105,台北市場,480,407,335,407,10
115.05.20,N06,FR943,玫瑰-第一名粉,105,台北市場,470,470,470,470,3
115.05.20,N06,FR980,玫瑰-多朵雙色,105,台北市場,267,205,90,194.4,25
115.05.20,N06,FS012,香水百合-紅雙朵,105,台北市場,91,91,91,91,16
115.05.20,N06,FS013,香水百合-紅三朵,105,台北市場,140,115,115,120,94
115.05.20,N06,FS019,香水百合-紅多朵,105,台北市場,139,133,126,132.5,117
115.05.20,N06,FS042,香水百合-粉雙朵,105,台北市場,121,121,121,121,15
115.05.20,N06,FS043,香水百合-粉三朵,105,台北市場,153,153,153,153,24
115.05.20,N06,FS353,香水百合-索邦妮三朵,105,台北市場,161,161,161,161,14
115.05.20,N06,FS359,香水百合-索邦妮多朵,105,台北市場,172,172,172,172,12
115.05.20,N06,FS470,水晶香水,105,台北市場,241,199,188,205.6,39
115.05.20,N06,FS471,水晶香水-單朵,105,台北市場,80,80,80,80,20
115.05.20,N06,FS472,水晶香水-雙朵,105,台北市場,233,181,160,187.4,74
115.05.20,N06,FS473,水晶香水-三朵,105,台北市場,340,269,210,271.4,264
115.05.20,N06,FS479,水晶香水-多朵,105,台北市場,290,225,183,229.9,430
115.05.20,N06,FS603,OT康卡多-三朵,105,台北市場,230,207,200,210,30
115.05.20,N06,FS609,OT康卡多-多朵,105,台北市場,232,209,164,204.4,177
115.05.20,N06,FS630,OT曼尼薩,105,台北市場,141,141,141,141,11
115.05.20,N06,FS631,OT曼尼薩-單朵,105,台北市場,70,70,70,70,24
115.05.20,N06,FS632,OT曼尼薩-雙朵,105,台北市場,177,161,139,159.9,232
115.05.20,N06,FS633,OT曼尼薩-三朵,105,台北市場,275,250,244,253.5,96
115.05.20,N06,FS639,OT曼尼薩-多朵,105,台北市場,287,258,243,260.9,136
115.05.20,N06,FS773,OT百合-節奏舞者三朵,105,台北市場,165,153,148,154.4,48
115.05.20,N06,FS779,OT百合-節奏舞者多朵,105,台北市場,188,171,147,169.6,395
115.05.20,N06,FS792,OT百合-維尼雙朵,105,台北市場,122,122,122,122,19
115.05.20,N06,FS793,OT百合-維尼三朵,105,台北市場,130,129,125,128.2,68
115.05.20,N06,FS799,OT百合-維尼多朵,105,台北市場,134,134,134,134,40
115.05.20,N06,FS852,OT瑪丹娜-雙朵,105,台北市場,103,103,103,103,15
115.05.20,N06,FS853,OT瑪丹娜-三朵,105,台北市場,132,125,122,126,60
115.05.20,N06,FS859,OT瑪丹娜-多朵,105,台北市場,149,149,149,149,20
115.05.20,N06,FS871,OT大連-單朵,105,台北市場,80,80,80,80,20
115.05.20,N06,FS872,OT大連-雙朵,105,台北市場,142,102,71,104.1,383
115.05.20,N06,FS873,OT大連-三朵,105,台北市場,234,175,123,176.5,530
115.05.20,N06,FS879,OT大連-多朵,105,台北市場,277,219,142,215.1,304
115.05.20,N06,FS892,OT帕雷諾-雙朵,105,台北市場,132,132,132,132,14
115.05.20,N06,FS899,OT帕雷諾-多朵,105,台北市場,175,175,173,174.6,70
115.05.20,N06,FS960,OT試金石,105,台北市場,66,66,66,66,19
115.05.20,N06,FS963,OT試金石-三朵,105,台北市場,166,128,100,129.9,86
115.05.20,N06,FS969,OT試金石-多朵,105,台北市場,207,146,108,150.8,364
115.05.20,N06,FS971,OT紅福特-單朵,105,台北市場,53,53,53,53,24
115.05.20,N06,FS972,OT紅福特-雙朵,105,台北市場,104,73,68,78,96
115.05.20,N06,FS973,OT紅福特-三朵,105,台北市場,185,138,106,140.8,236
115.05.20,N06,FS979,OT紅福特-多朵,105,台北市場,242,202,149,199.2,485
115.05.20,N06,FS980,OT百合-美麗果,105,台北市場,66,66,66,66,14
115.05.20,N06,FS982,OT百合-美麗果雙朵,105,台北市場,75,72,70,72,48
115.05.20,N06,FS983,OT百合-美麗果三朵,105,台北市場,113,113,113,113,36
115.05.20,N06,FT061,鐵砲百合-白單朵,105,台北市場,65,63,54,61.4,74
115.05.20,N06,FT062,鐵砲百合-白雙朵,105,台北市場,72,64,63,65.6,78
115.05.20,N06,FT063,鐵砲百合-白三朵,105,台北市場,87,79,77,80.2,92
115.05.20,N06,FT069,鐵砲百合-白多朵,105,台北市場,109,109,109,109,13
115.05.20,N06,FT660,鐵砲百合-雷山一號,105,台北市場,70,70,70,70,20
115.05.20,N06,FT661,鐵砲百合-雷山一號單朵,105,台北市場,47,47,46,46.5,50
115.05.20,N06,FU000,洋桔梗,105,台北市場,259,152,86,160.2,253
115.05.20,N06,FU141,洋桔梗-單瓣粉,105,台北市場,175,154,150,157.5,48
115.05.20,N06,FU151,洋吉梗-單瓣彩藍,105,台北市場,200,168,135,167.5,24
115.05.20,N06,FU152,洋桔梗-單瓣綠,105,台北市場,145,134,125,134.5,46
115.05.20,N06,FU161,洋桔梗-單瓣白,105,台北市場,210,210,180,204.8,58
115.05.20,N06,FU171,洋桔梗-單瓣紫,105,台北市場,203,180,149,178.2,71
115.05.20,N06,FU211,洋桔梗-單瓣白紅邊,105,台北市場,205,205,205,205,24
115.05.20,N06,FU271,洋桔梗-單瓣白紫邊,105,台北市場,235,235,235,235,12
115.05.20,N06,FU402,洋桔梗-雙瓣(混色),105,台北市場,196,82,41,96.3,206
115.05.20,N06,FU412,洋桔梗-雙瓣紅,105,台北市場,249,177,130,181.9,74
115.05.20,N06,FU421,洋桔梗-小夏橘,105,台北市場,155,129,100,128.6,111
115.05.20,N06,FU432,洋桔梗-雙瓣黃,105,台北市場,170,114,90,120.5,99
115.05.20,N06,FU441,洋桔梗-順風粉,105,台北市場,124,107,95,107.7,52
115.05.20,N06,FU442,洋桔梗-雙瓣粉,105,台北市場,247,146,75,152.1,399
115.05.20,N06,FU445,洋桔梗-可羅淺粉,105,台北市場,154,154,154,154,11
115.05.20,N06,FU449,洋桔梗-艾瑞娜彩粉,105,台北市場,182,111,74,117.9,284
115.05.20,N06,FU451,洋桔梗-順風杏粉,105,台北市場,163,93,76,102.5,52
115.05.20,N06,FU457,洋桔梗-順風綠,105,台北市場,160,149,70,135.1,35
115.05.20,N06,FU458,洋桔梗-艾瑞娜綠,105,台北市場,155,155,155,155,20
115.05.20,N06,FU459,洋桔梗-琥珀綠,105,台北市場,230,121,81,134.6,166
115.05.20,N06,FU462,洋桔梗-雙瓣白,105,台北市場,225,157,82,155.7,195
115.05.20,N06,FU465,洋桔梗-名人華麗白,105,台北市場,254,154,81,159.4,394
115.05.20,N06,FU469,洋桔梗-皇后白,105,台北市場,179,115,79,120.5,519
115.05.20,N06,FU471,洋桔梗-重瓣淺紫,105,台北市場,153,73,44,83.5,398
115.05.20,N06,FU472,洋桔梗-重瓣紫,105,台北市場,145,136,99,129.9,62
115.05.20,N06,FU478,洋桔梗-羅西娜紫,105,台北市場,147,75,47,83.6,229
115.05.20,N06,FU480,洋桔梗-順風紫,105,台北市場,219,47,38,78,57
115.05.20,N06,FU482,洋桔梗-拉弗爾酒彩,105,台北市場,211,184,145,181.4,74
115.05.20,N06,FU483,洋桔梗-新禧亮紫,105,台北市場,137,125,112,125.1,21
115.05.20,N06,FU484,洋桔梗-N系列淺紫,105,台北市場,355,329,310,328.8,12
115.05.20,N06,FU562,洋桔梗-珍妮白,105,台北市場,207,145,120,152.1,95
115.05.20,N06,FU572,洋桔梗-雙瓣白紫邊,105,台北市場,150,150,150,150,36
115.05.20,N06,FU641,洋桔梗-女王３彩粉,105,台北市場,274,172,115,181.1,293
115.05.20,N06,FU642,洋桔梗-斐諾淺粉,105,台北市場,267,165,98,172.2,324
115.05.20,N06,FU643,洋桔梗-順風淺粉,105,台北市場,92,92,92,92,6
115.05.20,N06,FU651,洋桔梗-典雅綠,105,台北市場,240,240,240,240,6
115.05.20,N06,FW100,星辰花-混色,105,台北市場,160,144,140,146.5,52
115.05.20,N06,FW141,星辰花-大湖魅力,105,台北市場,168,161,160,162,72
115.05.20,N06,FW170,星辰花-紫,105,台北市場,155,149,146,149.8,105
115.05.20,N06,FW172,補血草,105,台北市場,42,42,42,42,75
115.05.20,N06,FW240,粉孔雀,105,台北市場,22,21,20,20.9,225
115.05.20,N06,FW271,紫孔雀-春天,105,台北市場,34,34,34,34,40
115.05.20,N06,FW471,卡斯比亞-帶葉,105,台北市場,52,52,52,52,100
115.05.20,N06,FW472,卡斯比亞-無葉,105,台北市場,75,50,39,52.8,282
115.05.20,N06,FW560,滿天星-白,105,台北市場,135,135,135,135,25
115.05.20,N06,FW600,水晶花-混合,105,台北市場,80,78,75,77.7,60
115.05.20,N06,FY000,切葉類,105,台北市場,50,38,17,36.1,154
115.05.20,N06,FY001,尤加利葉,105,台北市場,75,54,20,51.6,1060
115.05.20,N06,FY002,壽松,105,台北市場,50,50,50,50,78
115.05.20,N06,FY003,唐棉,105,台北市場,60,55,45,54.1,144
115.05.20,N06,FY004,黃椰心葉,105,台北市場,137,105,28,95.9,325
115.05.20,N06,FY009,電信蘭葉,105,台北市場,82,60,41,60.9,326
115.05.20,N06,FY015,葉蘭,105,台北市場,14,14,14,14,105
115.05.20,N06,FY017,八角金盤,105,台北市場,20,20,20,20,130
115.05.20,N06,FY021,扁柏,105,台北市場,44,23,18,26.3,501
115.05.20,N06,FY031,牛頭茄,105,台北市場,70,55,43,55.3,22
115.05.20,N06,FY050,山蘇葉,105,台北市場,19,19,19,19,30
115.05.20,N06,FY057,百合竹,105,台北市場,7,5,5,5.6,810
115.05.20,N06,FY071,雪松,105,台北市場,32,24,23,25.3,120
115.05.20,N06,FY083,紐西蘭麻,105,台北市場,85,82,78,82,70
115.05.20,N06,FY084,火龍果,105,台北市場,214,182,148,181.7,84
115.05.20,N06,FY086,綠春蘭葉,105,台北市場,13,11,11,11.5,110
115.05.20,N06,FY093,水燭葉,105,台北市場,17,12,11,12.7,370
115.05.20,N06,FY100,山防風,105,台北市場,130,130,130,130,45
115.05.20,N06,FY981,高山羊齒,105,台北市場,22,22,22,22,30
115.05.20,N06,FY991,青竹,105,台北市場,104,86,70,86.2,21
115.05.20,N06,FY992,紅竹,105,台北市場,39,39,39,39,40
115.05.20,N06,FY993,白竹,105,台北市場,78,57,33,56.2,1037
115.05.20,N06,FY996,蓮花竹,105,台北市場,16,10,5,10.1,378
115.05.20,N06,IA000,進口康乃馨-中大輪,105,台北市場,103,60,34,63.6,70
115.05.20,N06,IA001,進口康乃馨-混合色,105,台北市場,141,139,138,139.5,398
115.05.20,N06,IA100,進口康乃馨-紅,105,台北市場,120,107,62,100.8,190
115.05.20,N06,IA104,進口康乃馨-櫻紅,105,台北市場,111,111,111,111,60
115.05.20,N06,IA400,進口康乃馨-粉,105,台北市場,145,126,70,118.9,228
115.05.20,N06,IA402,進口康乃馨-淺粉,105,台北市場,142,142,142,142,240
115.05.20,N06,IA800,進口康乃馨-多朵混色,105,台北市場,97,86,85,87.7,378
115.05.20,N06,IA985,繡球撫子-綠,105,台北市場,67,67,67,67,40
115.05.20,N06,IC800,進口染色大菊,105,台北市場,55,43,38,44.7,879
115.05.20,N06,IC803,進口染色大菊-牡丹,105,台北市場,182,137,98,138.2,69
115.05.20,N06,IH309,進口牡丹花,105,台北市場,618,504,440,514.1,279
115.05.20,N06,IH460,進口繡球花,105,台北市場,112,93,65,91.1,631
115.05.20,N06,IH465,繡球花-綠,105,台北市場,94,65,60,69.6,418
115.05.20,N06,IH466,繡球花-白,105,台北市場,62,56,51,56.2,1581
115.05.20,N06,IH467,繡球花-藍,105,台北市場,120,111,91,108.9,279
115.05.20,N06,IH468,繡球花-水藍,105,台北市場,90,90,90,90,40
115.05.20,N06,IH610,進口鬱金香-混色,105,台北市場,180,173,171,174,15
115.05.20,N06,IH612,進口鬱金香-橙色,105,台北市場,83,82,81,81.9,9
115.05.20,N06,IH614,進口鬱金香-粉色,105,台北市場,330,330,330,330,4
115.05.20,N06,IH617,進口鬱金香-紫色,105,台北市場,99,95,88,94.1,9
115.05.20,N06,IH618,進口鬱金香-雙色,105,台北市場,150,150,150,150,5
115.05.20,N06,IO201,進口虎頭蘭-大輪,105,台北市場,200,173,153,174.6,123
115.05.20,N06,IO519,進口石斛蘭-深紅,105,台北市場,95,89,81,88.4,350
115.05.20,N06,IO560,進口石斛蘭-白,105,台北市場,265,265,265,265,20
115.05.20,N06,IR001,進口玫瑰-混合色,105,台北市場,780,780,780,780,32
115.05.20,N06,IR100,進口玫瑰-紅,105,台北市場,871,776,577,754.3,272
115.05.20,N06,IR105,進口玫瑰-櫻紅,105,台北市場,603,603,603,603,5
115.05.20,N06,IR200,進口玫瑰-橙,105,台北市場,380,380,380,380,5
115.05.20,N06,IR400,進口玫瑰-粉,105,台北市場,800,757,730,760,25
115.05.20,N06,IR600,進口玫瑰-白,105,台北市場,800,621,227,580,21
115.05.20,N06,IR700,進口玫瑰-紫,105,台北市場,750,750,750,750,13
115.05.20,N06,IW560,進口滿天星-白,105,台北市場,255,244,238,245.1,466
115.05.20,N06,IW580,滿天星-染色,105,台北市場,165,139,115,139.5,597
115.05.20,N05,11,椰子,109,台北一,17.4,13.6,10.4,13.7,2083
115.05.20,N05,32,釋迦-鳳梨釋迦,109,台北一,90,71.6,55,72,23
115.05.20,N05,42,楊梅,109,台北一,150,124.1,110,126.5,17
115.05.20,N05,459,草莓-進口,109,台北一,200,200,200,200,16
115.05.20,N05,469,藍莓-進口,109,台北一,334.5,311.1,311.1,315.8,228
115.05.20,N05,50,百香果-其他,109,台北一,80,76.1,60,73.7,114
115.05.20,N05,51,百香果-改良種,109,台北一,143.8,84.8,46.4,88.9,3874
115.05.20,N05,70,小番茄-其他,109,台北一,60.9,32.3,27.8,37.2,433
115.05.20,N05,72,小番茄-聖女,109,台北一,73.7,64.9,46.7,63,11235
115.05.20,N05,74,小番茄-玉女,109,台北一,251.9,166.6,82.8,166.9,2706
115.05.20,N05,812,紅龍果-紅肉,109,台北一,137.4,114.8,84.3,113.2,1952
115.05.20,N05,813,紅龍果-雙色紅龍果,109,台北一,170,140,116.7,141.3,108
115.05.20,N05,839,櫻桃-進口,109,台北一,296.2,250.9,200,249.8,395
115.05.20,N05,859,榴槤-進口,109,台北一,116.6,69.8,66.7,78.5,8610
115.05.20,N05,91,其他,109,台北一,90,75.4,52.4,73.7,291
115.05.20,N05,919,其他-進口,109,台北一,88.9,88.9,88.9,88.9,450
115.05.20,N05,A0,香蕉-其他,109,台北一,12,12,10.7,11.7,147
115.05.20,N05,A1,香蕉,109,台北一,36.5,25.2,18.4,26.1,20029
115.05.20,N05,A2,香蕉-芭蕉紅芭蕉,109,台北一,61.3,32.7,21.9,36.3,2905
115.05.20,N05,A3,香蕉-旦蕉,109,台北一,30,30,25.2,29,63
115.05.20,N05,A4,香蕉-越旦,109,台北一,27.2,24.2,21.3,24.2,1141
115.05.20,N05,B2,鳳梨-金鑽鳳梨,109,台北一,34.5,25,16.3,25.1,44013
115.05.20,N05,B6,鳳梨-甜蜜蜜,109,台北一,25,20.8,15,20.5,734
115.05.20,N05,C2,茂谷柑,109,台北一,55,49.4,43.4,49.3,1870
115.05.20,N05,C9,柑橘-進口,109,台北一,218.5,44.4,44.4,79.2,964
115.05.20,N05,D1,桶柑,109,台北一,50,28.3,12,29.4,1200
115.05.20,N05,E9,甜橙-進口,109,台北一,53.3,53.3,53.3,53.3,3510
115.05.20,N05,F0,雜柑-其他,109,台北一,15,15,15,15,16
115.05.20,N05,F1,雜柑-檸檬,109,台北一,73.6,62.3,45.9,61.3,2430
115.05.20,N05,F4,雜柑-桔子,109,台北一,99.9,68.5,46.9,70.5,504
115.05.20,N05,F5,雜柑-無子檸檬,109,台北一,118.2,85.2,52.3,85.2,2478
115.05.20,N04,FA1,黃秋葵,109,台北一,110.3,68.6,38.6,70.9,2726
115.05.20,N04,FB1,花椰菜-青梗,109,台北一,66,46.3,26.5,46.3,6830
115.05.20,N04,FC1,胡瓜-黑刺,109,台北一,28.9,19.2,11.6,19.7,13794
115.05.20,N04,FD0,花胡瓜-其他,109,台北一,46.6,27.5,15.8,29,2323
115.05.20,N04,FD1,花胡瓜,109,台北一,46.6,23.6,12.2,25.9,31866
115.05.20,N04,FE1,冬瓜-白皮,109,台北一,19.3,10.3,5.4,11.2,9887
115.05.20,N04,FF0,絲瓜-其他,109,台北一,38.1,26,19.4,27.1,2792
115.05.20,N04,FF1,絲瓜,109,台北一,46,26.5,17.4,28.6,31722
115.05.20,N04,FF2,絲瓜-角瓜,109,台北一,32.7,28.6,21.8,28.1,1540
115.05.20,N04,FG0,苦瓜-其他,109,台北一,66,41.6,14.1,40.9,4334
115.05.20,N04,FG1,苦瓜-白大米,109,台北一,56.4,33.7,19.8,35.5,22239
115.05.20,N04,FG3,苦瓜-山苦瓜,109,台北一,69.3,55.8,40,55.3,113
115.05.20,N04,FG4,苦瓜-翠綠,109,台北一,30.9,24.8,17.6,24.6,3171
115.05.20,N04,FH1,扁蒲-長形,109,台北一,3,3,3,3,23
115.05.20,N04,FH2,扁蒲-圓形,109,台北一,10,10,10,10,19
115.05.20,N04,FH3,扁蒲-花蒲,109,台北一,18.2,12,6.1,12,13611
115.05.20,N04,FH4,扁蒲-梨子蒲,109,台北一,20.6,14,8.3,14.2,4136
115.05.20,N04,FI0,茄子-其他,109,台北一,37.4,23.6,15,24.6,335
115.05.20,N04,FI1,茄子-胭脂茄,109,台北一,12,9.5,8,9.7,154
115.05.20,N04,FI2,茄子-麻荸茄,109,台北一,42.8,24,10.8,25.1,19382
115.05.20,N04,FI3,茄子-日本種,109,台北一,18.6,11.9,5.5,12,937
115.05.20,N04,FJ1,番茄-黑柿,109,台北一,93.4,57.9,32.6,60,2914
115.05.20,N04,FJ3,番茄-牛番茄,109,台北一,68.2,59.9,43.1,58.2,30684
115.05.20,N04,FK3,甜椒-新香,109,台北一,80.6,55,18.4,52.8,205
115.05.20,N04,FK40,甜椒-彩色種 其他,109,台北一,90,45.8,35,52.5,40
115.05.20,N04,FK41,甜椒-彩色種 紅色,109,台北一,119.2,62.4,34.7,68.2,3939
115.05.20,N04,FK42,甜椒-彩色種 黃色,109,台北一,133.8,91.4,42.3,90.1,1980
115.05.20,N04,FK5,甜椒-青椒,109,台北一,66.3,43.9,16.3,42.9,6505
115.05.20,N04,FK6,甜椒-水果彩椒,109,台北一,149,98.3,19.7,92.7,818
115.05.20,N04,FK94,甜椒-進口 彩色種,109,台北一,82.4,11.7,6,24.7,1040
115.05.20,N04,FL5,豌豆-豌豆苗,109,台北一,180,180,129.8,170,215
115.05.20,N04,FL92,豌豆-進口 紅花,109,台北一,150,145,140,145,200
115.05.20,N04,FL96,豌豆-進口 甜豌豆,109,台北一,160,160,150,158,520
115.05.20,N04,FM1,菜豆-白色,109,台北一,46.1,41.9,25.8,39.6,495
115.05.20,N04,FM2,菜豆-青色,109,台北一,60.5,37.8,24.3,39.6,6814
115.05.20,N04,FM3,菜豆-紅色,109,台北一,55,53.2,40.2,50.9,64
115.05.20,N04,FN1,敏豆-白豆,109,台北一,163,89.8,46.6,95.8,8070
115.05.20,N04,FN4,敏豆-翼豆,109,台北一,170,170,170,170,9
115.05.20,N04,FN5,敏豆-醜豆,109,台北一,123.1,64.6,25.2,68.4,712
115.05.20,N04,FP1,萊豆-豆莢,109,台北一,100,76.3,23.9,70.6,378
115.05.20,N04,FP2,萊豆-豆仁,109,台北一,175,149.3,20,128.6,43
115.05.20,N04,FQ1,毛豆-豆莢,109,台北一,73.1,57.4,20.8,53.2,498
115.05.20,N04,FQ2,毛豆-豆仁,109,台北一,128.3,110.6,98.5,111.7,980
115.05.20,N04,FR1,青花苔,109,台北一,61.7,38,20.6,39.3,590
115.05.20,N04,FR2,青花苔-青花筍,109,台北一,180,110,90,120,24
115.05.20,N04,FR9,青花苔-進口,109,台北一,75,70.1,57.5,68.6,13555
115.05.20,N04,FT0,南瓜-其他,109,台北一,28.7,23.5,13,22.4,273
115.05.20,N04,FT11,南瓜-木瓜型 阿成,109,台北一,31.1,23.6,14.7,23.3,10868
115.05.20,N04,FT12,南瓜-木瓜型 阿嬌,109,台北一,24.8,15.8,10,16.5,2120
115.05.20,N04,FT2,南瓜-圓形,109,台北一,31.8,25,19.1,25.2,2966
115.05.20,N04,FT3,南瓜-黃如意,109,台北一,150,144.7,140,144.8,27
115.05.20,N04,FT5,南瓜-青如意,109,台北一,61.4,29.7,5.6,31.2,12202
115.05.20,N04,FT6,南瓜-東昇,109,台北一,47.5,30.8,20,32,360
115.05.20,N04,FT7,南瓜-栗子,109,台北一,33.9,25.9,20.6,26.4,2212
115.05.20,N04,FT72,南瓜-栗子 小黑,109,台北一,28,28,28,28,12
115.05.20,N04,FT9,南瓜-進口,109,台北一,20,18.8,18,18.9,108
115.05.20,N04,FT96,南瓜-進口 東昇,109,台北一,25,25,25,25,60
115.05.20,N04,FT97,南瓜-進口 栗子,109,台北一,45.9,25.6,17.4,28,2382
115.05.20,N04,FU1,隼人瓜,109,台北一,10.7,7.4,5.4,7.7,3389
115.05.20,N04,FU2,隼人瓜-瓜苗,109,台北一,70.7,62.9,51.1,62.1,6572
115.05.20,N04,FU3,石蓮花,109,台北一,60,52.5,45,52.5,96
115.05.20,N04,FV0,辣椒-其他,109,台北一,59.9,40.4,15.7,39.4,121
115.05.20,N04,FV1,辣椒-紅小,109,台北一,164.9,66.6,18.5,76.7,1292
115.05.20,N04,FV2,辣椒-青小,109,台北一,82.3,58,24.4,56.1,659
115.05.20,N04,FV3,辣椒-雞心,109,台北一,120,120,120,120,5
115.05.20,N04,FV4,辣椒-朝天椒,109,台北一,50.6,32,17.2,32.8,3450
115.05.20,N04,FV6,辣椒-糯米椒,109,台北一,146,89.1,39.3,90.5,1266
115.05.20,N04,FV9,辣椒-進口,109,台北一,50,50,50,50,21
115.05.20,N04,FV91,辣椒-進口 紅小,109,台北一,45,45,45,45,140
115.05.20,N04,FW1,金針花,109,台北一,235.1,191.4,157.4,193.4,454
115.05.20,N04,FX2,虎豆-福豆,109,台北一,60,60,60,60,10
115.05.20,N04,FY0,玉米-其他,109,台北一,56.9,29.6,20.3,33.2,5157
115.05.20,N04,FY4,玉米-玉米筍,109,台北一,190.1,85.1,40.5,97.2,414
115.05.20,N04,FY41,玉米-玉米筍 帶殼,109,台北一,18.3,11.3,7.8,12,5860
115.05.20,N04,FY5,玉米-糯米黑,109,台北一,28.2,22.7,15.6,22.4,21993
115.05.20,N04,FY6,玉米-甜軟殼,109,台北一,41.4,26.7,17.1,27.7,15499
115.05.20,N04,FY7,玉米-糯米白,109,台北一,5,5,5,5,180
115.05.20,N04,FY8,玉米-白龍王,109,台北一,41.3,25.7,9.8,25.6,8770
115.05.20,N04,FY9,玉米-進口,109,台北一,220,220,220,220,12
115.05.20,N04,FY94,玉米-進口 玉米筍,109,台北一,222.6,199,190,201.9,741
115.05.20,N04,FZ1,落花生-生,109,台北一,150,150,150,150,60
115.05.20,N04,FZ2,落花生-熟,109,台北一,70,70,70,70,192
115.05.20,N05,G2,黃金果,109,台北一,110,110,110,110,9
115.05.20,N05,G3,酪梨,109,台北一,136.6,104,75.3,104.8,1811
115.05.20,N05,G39,酪梨-進口,109,台北一,166.7,147.1,121.2,145.8,240
115.05.20,N05,G49,奇異果-進口,109,台北一,111.1,106.9,82.6,102.9,2316
115.05.20,N05,G5,香瓜梨,109,台北一,50,50,50,50,216
115.05.20,N05,G9,波蘿蜜,109,台北一,51.9,23.8,12.2,27.1,1514
115.05.20,N05,G91,榴槤蜜,109,台北一,25,25,25,25,5
115.05.20,N05,H4,葡萄柚-紅肉,109,台北一,38,37.8,15,33.3,408
115.05.20,N05,H49,葡萄柚-紅肉進口,109,台北一,40,40,40,40,400
115.05.20,N05,I1,木瓜-網室紅肉,109,台北一,49.6,31.4,20.4,32.9,26972
115.05.20,N05,I3,木瓜-日昇種,109,台北一,91.2,40.6,26.3,47.8,2964
115.05.20,N05,I4,木瓜-青木瓜,109,台北一,60.4,31.4,11,33.1,1495
115.05.20,N05,J0,荔枝-其他,109,台北一,83.7,68.9,60,70.1,408
115.05.20,N05,J1,荔枝-玉荷包,109,台北一,232.3,162.7,117,167.5,8308
115.05.20,N05,J2,荔枝-黑葉,109,台北一,79.9,75,75,76,77
115.05.20,N05,L9,枇杷-進口,109,台北一,1000,1000,1000,1000,8
115.05.20,N04,LA1,甘藍-初秋,109,台北一,24.4,19.9,14.5,19.7,143739
115.05.20,N04,LA2,甘藍-改良種,109,台北一,24,21.2,16.8,20.9,33978
115.05.20,N04,LA4,甘藍-紫色,109,台北一,18.2,10,10,11.6,438
115.05.20,N04,LA5,甘藍-甘藍心,109,台北一,29.7,25.4,22.7,25.7,440
115.05.20,N04,LA6,甘藍-甘藍芽,109,台北一,86.6,69.2,19.6,62.8,309
115.05.20,N04,LA7,甘藍-改良尖,109,台北一,14,13.6,13,13.6,660
115.05.20,N04,LA92,甘藍-進口 改良種,109,台北一,14,14,14,14,3600
115.05.20,N04,LB1,小白菜-土白菜,109,台北一,26,20.7,9,19.4,3861
115.05.20,N04,LB2,小白菜-蚵仔白,109,台北一,24.4,16.3,8.9,16.4,21015
115.05.20,N04,LB3,小白菜-奶油白,109,台北一,28.7,13,9.3,15.4,2009
115.05.20,N04,LC1,包心白-包白,109,台北一,17.6,8.2,4.8,9.4,46009
115.05.20,N04,LC3,包心白-包頭蓮,109,台北一,10.2,9,9,9.2,1260
115.05.20,N04,LC90,包心白菜-進口 其他,109,台北一,91.8,70.4,61.7,72.9,1944
115.05.20,N04,LC93,包心白菜-進口 包頭蓮 ,109,台北一,25.7,21,17.5,21.3,10765
115.05.20,N04,LD1,青江白菜-小梗,109,台北一,29,16,6.3,16.7,17640
115.05.20,N04,LE1,皇宮菜-小葉,109,台北一,95.2,51,18.7,53.4,1236
115.05.20,N04,LE2,皇宮菜-大葉,109,台北一,38.6,23.9,15.7,25.2,628
115.05.20,N04,LF2,蕹菜-小葉,109,台北一,37.4,23.4,13.1,24.1,16511
115.05.20,N04,LF3,蕹菜-水蕹菜,109,台北一,80.7,76.3,28,67.5,1520
115.05.20,N04,LG2,芹菜-白梗,109,台北一,88.4,72.9,39.9,69.4,4572
115.05.20,N04,LG3,芹菜-西洋芹菜,109,台北一,25,16.1,3,15.2,720
115.05.20,N04,LG9,芹菜-進口,109,台北一,45.2,42.3,24.1,39.2,1270
115.05.20,N04,LH1,菠菜-圓葉,109,台北一,70.7,34.3,27.2,40.1,1088
115.05.20,N04,LH2,菠菜-角葉,109,台北一,66.9,31.2,16.8,35.5,8125
115.05.20,N04,LI0,萵苣菜-其他,109,台北一,123.1,78.8,21.9,76.3,490
115.05.20,N04,LI1,萵苣菜-廣東菜,109,台北一,50,18.3,4.6,21.9,280
115.05.20,N04,LI2,萵苣菜-結球萵,109,台北一,50,35.5,9.8,33.2,3617
115.05.20,N04,LI3,萵苣菜-本島圓葉,109,台北一,56.2,31.4,15,33.1,4413
115.05.20,N04,LI4,萵苣菜-本島尖葉,109,台北一,16,16,16,16,60
115.05.20,N04,LI5,萵苣菜-油麥菜,109,台北一,23.6,15.4,6.2,15.2,19357
115.05.20,N04,LI6,萵苣菜-蘿美,109,台北一,104,61,9.9,59.4,1192
115.05.20,N04,LI71,萵苣菜-紅捲,109,台北一,85,85,85,85,12
115.05.20,N04,LI8,萵苣菜-水耕,109,台北一,65.3,52.7,41.7,53,2895
115.05.20,N04,LI91,萵苣菜-進口 廣東萵,109,台北一,40,40,40,40,96
115.05.20,N04,LI92,萵苣菜-進口 結球萵,109,台北一,77,39.6,10.3,41.2,2568
115.05.20,N04,LI96,萵苣菜-進口 蘿美,109,台北一,120,100.6,22.5,88.9,673
115.05.20,N04,LJ1,芥菜-芥菜仁,109,台北一,20,20,20,20,20
115.05.20,N04,LJ3,芥菜-大芥菜,109,台北一,14,10.8,7.6,10.8,1620
115.05.20,N04,LJ4,芥菜-小芥菜,109,台北一,33.1,20.6,9.3,20.9,1010
115.05.20,N04,LK2,芥藍菜,109,台北一,39.2,11.6,6.3,16,1385
115.05.20,N04,LK3,芥藍菜-芥藍芽,109,台北一,86.7,35.8,12.7,41.3,8141
115.05.20,N04,LM1,莧菜-紅莧菜,109,台北一,49.7,32.3,27,34.7,1107
115.05.20,N04,LM2,莧菜-白莧菜,109,台北一,47.6,32,22.8,33.3,8225
115.05.20,N04,LN1,油菜,109,台北一,19.3,10.6,5.1,11.2,11263
115.05.20,N04,LN2,油菜-小松菜,109,台北一,45,25.8,17.7,28,985
115.05.20,N04,LO1,甘薯葉,109,台北一,38.7,19.3,13.8,22,19155
115.05.20,N04,LP1,芫荽,109,台北一,117.9,48.6,23.6,57.5,2747
115.05.20,N04,LP2,九層塔,109,台北一,54.4,46.2,26.7,43.9,2475
115.05.20,N04,LQ1,紅鳳菜-紅鳳菜,109,台北一,50.7,39.7,24.5,38.8,1726
115.05.20,N04,LT2,海菜-海帶,109,台北一,50,50,50,50,72
115.05.20,N04,LT3,海菜-水蓮,109,台北一,135.2,133.9,108.3,129,2283
115.05.20,N04,LV1,巴西利,109,台北一,97.7,24.3,20,38.1,201
115.05.20,N04,LX1,蕨菜-過貓,109,台北一,131.5,103.1,8.6,89.9,586
115.05.20,N04,LX2,蕨菜-山蘇,109,台北一,367.1,318.9,248.1,314.4,105
115.05.20,N04,LY4,人參葉,109,台北一,13,13,13,13,12
115.05.20,N04,LZ2,藤川七-川七葉,109,台北一,58.4,39.2,30.1,41.2,231
115.05.20,N05,M3,楊桃-馬來亞種,109,台北一,60,51.4,50,52.9,63
115.05.20,N04,MA1,洋菇,109,台北一,180,152.7,28,133.2,26
115.05.20,N04,MA2,洋菇-盒裝,109,台北一,345.8,291.5,175.9,279.2,326
115.05.20,N04,MB1,草菇,109,台北一,130,130,130,130,34
115.05.20,N04,MC0,濕木耳-其他,109,台北一,350,350,350,350,2
115.05.20,N04,MC1,濕木耳,109,台北一,107.8,53.2,10.2,55.5,1572
115.05.20,N04,MC2,濕木耳-盒裝,109,台北一,110,110,110,110,7
115.05.20,N04,MD1,濕香菇,109,台北一,127.5,94.2,39.4,89.9,2190
115.05.20,N04,ME1,金絲菇-金針菇,109,台北一,42.1,18,17.2,22.7,996
115.05.20,N04,ME2,金絲菇-盒裝,109,台北一,37.8,25.2,23,27.3,1604
115.05.20,N04,MF1,蠔菇-鮑魚菇,109,台北一,82.9,73.1,50.4,70.5,102
115.05.20,N04,MI1,秀珍菇,109,台北一,99.3,90.8,52.9,84.9,380
115.05.20,N04,MJ1,杏鮑菇,109,台北一,92.4,65.9,25.2,63.1,5399
115.05.20,N04,MJ2,杏鮑菇-盒裝,109,台北一,130,130,130,130,20
115.05.20,N04,MK0,鴻喜菇-其他,109,台北一,220,168.8,115,168.3,116
115.05.20,N04,MK1,鴻喜菇,109,台北一,155,95.6,85,105.4,84
115.05.20,N04,MK2,鴻喜菇-盒裝,109,台北一,220,204.9,186.9,204.3,201
115.05.20,N04,ML2,珊瑚菇-盒裝,109,台北一,155,155,155,155,3
115.05.20,N04,MN1,柳松菇,109,台北一,170,170,170,170,2
115.05.20,N04,MX1,其他菇類,109,台北一,194.2,126.6,68.6,128.5,493
115.05.20,N05,N0,李-其他,109,台北一,31.5,11.4,7,14.5,130
115.05.20,N05,N2,李-桃接李,109,台北一,44.8,27.5,10.8,27.6,3511
115.05.20,N05,N3,李-紅肉李,109,台北一,67.2,32.9,15.6,36.3,3543
115.05.20,N05,N4,李-黃肉李,109,台北一,45.2,21.6,15,25,527
115.05.20,N05,O2,梨-秋水梨,109,台北一,70,61.2,50.7,60.9,64
115.05.20,N05,O9,梨-其他進口,109,台北一,44.4,44.4,44.4,44.4,513
115.05.20,N04,OB1,雪里紅,109,台北一,14,14,14,14,1680
115.05.20,N04,OC1,榨菜,109,台北一,33,33,33,33,1430
115.05.20,N04,OD1,蘿蔔乾,109,台北一,33,33,33,33,252
115.05.20,N04,OE2,醃瓜-漬,109,台北一,38,38,38,38,195
115.05.20,N04,OG1,熟筍-桂竹筍,109,台北一,90.6,89.9,67.6,85.6,615
115.05.20,N04,OI4,筍茸,109,台北一,28,28,28,28,372
115.05.20,N04,OX1,其他,109,台北一,135.8,20.1,16.4,42.5,4808
115.05.20,N05,P0,番石榴-其他,109,台北一,20,20,20,20,34
115.05.20,N05,P1,番石榴-珍珠芭,109,台北一,89.7,77.7,49.4,74.4,21550
115.05.20,N05,P2,番石榴-紅心,109,台北一,96.4,78,27.1,71.5,1328
115.05.20,N05,P3,番石榴-帝王芭,109,台北一,100.2,86.6,54.9,83,2573
115.05.20,N05,P5,番石榴-水晶無子,109,台北一,102.5,78,41.9,75.7,298
115.05.20,N05,Q0,蓮霧-其他,109,台北一,351.7,146,120,181.9,83
115.05.20,N05,Q1,蓮霧-紅蓮霧,109,台北一,160.1,49.4,30,67.6,1658
115.05.20,N05,Q2,蓮霧-子彈型,109,台北一,128.4,64.9,35.9,71.8,1192
115.05.20,N05,Q4,蓮霧-巴掌蓮霧,109,台北一,249.5,120,52.2,132.3,321
115.05.20,N05,Q5,蓮霧-黑糖芭比,109,台北一,338.1,150.3,55.6,168.9,1519
115.05.20,N05,R0,芒果-其他,109,台北一,150.6,81,25,83.7,530
115.05.20,N05,R1,芒果-愛文,109,台北一,124,69.6,40.8,74.8,33351
115.05.20,N05,R10,芒果-西施,109,台北一,40,40,40,40,8
115.05.20,N05,R2,芒果-玉文,109,台北一,66.8,34,27.6,39.3,375
115.05.20,N05,R3,芒果-本島,109,台北一,86.8,51.8,24.4,53.3,3460
115.05.20,N05,R31,芒果-夏雪,109,台北一,100.1,76.4,50,75.8,118
115.05.20,N05,R5,芒果-黑香金興,109,台北一,91.3,49.8,21.6,52.4,528
115.05.20,N05,R6,芒果-金煌,109,台北一,82.4,43.4,10.9,44.7,1534
115.05.20,N05,R8,芒果-芒果青,109,台北一,41.1,24.5,10,24.9,3355
115.05.20,N05,S1,葡萄-巨峰,109,台北一,198.8,129.1,87.9,134.8,3598
115.05.20,N05,S9,葡萄-進口,109,台北一,722.5,124.7,85.8,236.4,503
115.05.20,N04,SA3,蘿蔔-矸仔,109,台北一,13.7,7,4,7.8,22600
115.05.20,N04,SA4,蘿蔔-櫻桃,109,台北一,250,127.5,70,140.5,100
115.05.20,N04,SA7,蘿蔔-甜菜根,109,台北一,45,41.9,28.2,39.8,211
115.05.20,N04,SA9,蘿蔔-進口,109,台北一,16.7,14.1,11.4,14.1,30680
115.05.20,N04,SB1,胡蘿蔔-未洗,109,台北一,20.8,16.5,11.2,16.3,1581
115.05.20,N04,SB2,胡蘿蔔-清洗,109,台北一,19.8,14.2,8.8,14.2,27496
115.05.20,N04,SC1,馬鈴薯-本產,109,台北一,29.8,22.7,11.2,21.8,8446
115.05.20,N04,SC9,馬鈴薯-進口,109,台北一,32,19.2,5.2,19,435
115.05.20,N04,SD1,洋蔥-本產,109,台北一,20,17.9,10.4,16.8,6756
115.05.20,N04,SD9,洋蔥-進口,109,台北一,31.5,25.5,17.5,25.1,2258
115.05.20,N04,SE1,青蔥-日蔥,109,台北一,95,76.4,62.7,77.4,3170
115.05.20,N04,SE2,青蔥-北蔥,109,台北一,35,35,35,35,40
115.05.20,N04,SE3,青蔥-大蔥,109,台北一,85.4,61.9,45,63.2,185
115.05.20,N04,SE5,青蔥-紅蔥頭,109,台北一,99.6,78.5,70.3,81.1,293
115.05.20,N04,SE6,青蔥-粉蔥,109,台北一,84.5,64.9,44.9,64.8,17786
115.05.20,N04,SF1,韭菜-白頭,109,台北一,105.5,84.5,47.4,81.3,603
115.05.20,N04,SF2,韭菜-韭菜黃,109,台北一,135.8,96.5,73.6,99.8,1636
115.05.20,N04,SF3,韭菜-韭菜花,109,台北一,87.8,85.9,75.1,84.1,1123
115.05.20,N04,SF4,韭菜-青頭,109,台北一,45.2,31.1,13.9,30.5,4867
115.05.20,N04,SG2,大蒜-軟梗,109,台北一,70.7,52.5,19.9,49.6,2070
115.05.20,N04,SG4,大蒜-蔥蒜,109,台北一,50,31.9,15.2,32.2,620
115.05.20,N04,SG5,大蒜-蒜頭,109,台北一,136.2,71.4,30.3,76.2,634
115.05.20,N04,SG6,大蒜-蒜仁,109,台北一,90,89.7,71.4,86.1,1953
115.05.20,N04,SG7,大蒜-蒜瓣,109,台北一,196.5,84.1,34.9,96.7,486
115.05.20,N04,SG9,大蒜-進口,109,台北一,110,85,85,90,100
115.05.20,N04,SH1,竹筍-麻竹筍,109,台北一,50,49.2,45,48.5,202
115.05.20,N04,SH2,竹筍-綠竹筍,109,台北一,200.7,142,92.9,143.9,5405
115.05.20,N04,SH5,竹筍-烏殼綠,109,台北一,60.6,37.8,23.7,39.5,17190
115.05.20,N04,SH7,竹筍-去殼,109,台北一,36,33.4,16.3,30.5,869
115.05.20,N04,SJ2,芋-檳榔心芋,109,台北一,64,40.4,14.5,39.9,4276
115.05.20,N04,SJ3,芋-里芋,109,台北一,113.4,92.5,41.7,86.5,132
115.05.20,N04,SJ4,芋-芋莖,109,台北一,15,15,15,15,30
115.05.20,N04,SJ5,芋-芋角,109,台北一,50,50,50,50,24
115.05.20,N04,SK1,荸薺,109,台北一,65,65,65,65,20
115.05.20,N04,SK2,荸薺-加工,109,台北一,65,65,65,65,140
115.05.20,N04,SL1,豆薯,109,台北一,26.9,19.4,14.5,19.9,1955
115.05.20,N04,SM1,牛蒡,109,台北一,45,45,45,45,200
115.05.20,N04,SM9,牛蒡-進口,109,台北一,40,29.2,5,26.6,290
115.05.20,N04,SN1,蓮藕,109,台北一,60,54.7,37.4,52.3,865
115.05.20,N04,SO0,甘薯-其他,109,台北一,61.6,12.2,7.6,21.2,2661
115.05.20,N04,SO1,甘薯-臺農57號,109,台北一,23.6,13.8,6,14.2,7473
115.05.20,N04,SO2,甘薯-芋仔甘薯,109,台北一,31.1,14.6,7.7,16.5,2859
115.05.20,N04,SO3,甘薯-臺農66號,109,台北一,24.1,15.7,8.6,16,5047
115.05.20,N04,SP0,薑-其他,109,台北一,100,100,100,100,39
115.05.20,N04,SP1,薑-老薑,109,台北一,142.5,121.6,93.1,120.1,1265
115.05.20,N04,SP2,薑-嫩薑,109,台北一,123.4,109.8,94.2,109.4,1980
115.05.20,N04,SP3,薑-粉薑,109,台北一,110,96.8,90,98.1,1776
115.05.20,N04,SP4,薑-竹薑,109,台北一,100,100,100,100,20
115.05.20,N04,SP5,薑-薑黃,109,台北一,20,17.3,15,17.4,44
115.05.20,N04,SQ1,茭白筍-帶殼,109,台北一,95.5,75.9,56.9,76,5139
115.05.20,N04,SQ3,茭白筍-去殼,109,台北一,177,131.4,88.5,131.9,2769
115.05.20,N04,SR1,菱角-生菱角,109,台北一,100,100,100,100,27
115.05.20,N04,SR3,菱角-去殼,109,台北一,120,120,120,120,12
115.05.20,N04,ST1,蕎頭-露蕎,109,台北一,153.6,117.1,100,121,42
115.05.20,N04,SU1,薯蕷-紅薯蕷,109,台北一,220,200.5,190,202.3,131
115.05.20,N04,SU2,薯蕷-白薯蕷,109,台北一,123.8,111.6,92.8,110.3,359
115.05.20,N04,SU21,薯蕷-白薯蕷 人參,109,台北一,69.2,56.9,38.8,55.7,1875
115.05.20,N04,SU9,薯蕷-進口,109,台北一,168.1,92.3,42.3,97.4,1604
115.05.20,N04,SV1,蘆筍-白蘆筍,109,台北一,393.6,252.7,125.6,255.4,123
115.05.20,N04,SV2,蘆筍-綠蘆筍,109,台北一,242.5,155.1,101.4,161.8,1542
115.05.20,N04,SV3,蘆筍-蘆筍花,109,台北一,280,123.6,120,154.2,12
115.05.20,N04,SV9,蘆筍-進口,109,台北一,350,292.5,200,285.5,107
115.05.20,N04,SV92,蘆筍-進口 綠蘆筍,109,台北一,216.4,164.4,128.2,167.6,1771
115.05.20,N04,SW1,球莖甘藍,109,台北一,19.9,14.4,8,14.2,1710
115.05.20,N04,SX1,芽菜類-綠豆芽,109,台北一,13.8,13,13,13.2,7861
115.05.20,N04,SX2,芽菜類-黃豆芽,109,台北一,20,20,20,20,730
115.05.20,N04,SX3,芽菜類-豌豆芽,109,台北一,80,80,80,80,48
115.05.20,N04,SX4,芽菜類-苜蓿芽,109,台北一,80,80,80,80,202
115.05.20,N04,SZ3,金針筍,109,台北一,80,80,80,80,3
115.05.20,N04,SZ7,晚香玉筍,109,台北一,130.3,86.5,80,93.9,33
115.05.20,N04,SZ8,香茅,109,台北一,44.2,25.5,20,28.2,337
115.05.20,N05,T0,西瓜-其他,109,台北一,58.6,24.2,20,30.2,2417
115.05.20,N05,T1,西瓜-大西瓜,109,台北一,15.8,13,13,13.6,32680
115.05.20,N05,T4,西瓜-鳳光英妙,109,台北一,6,6,6,6,350
115.05.20,N05,T5,西瓜-黃肉,109,台北一,12.9,8.6,5.3,8.8,30790
115.05.20,N05,T7,西瓜-秀鈴,109,台北一,11,9.8,8,9.7,2435
115.05.20,N05,T8,西瓜-甜美人,109,台北一,13.7,8.9,5,9.1,2306
115.05.20,N05,V1,甜瓜-美濃,109,台北一,47.5,33.6,25.5,34.8,7050
115.05.20,N05,V2,甜瓜-溫室吊瓜,109,台北一,173.7,69.9,36.6,84,1489
115.05.20,N05,W1,洋香瓜-網狀紅肉,109,台北一,39.3,29.9,20,29.8,3090
115.05.20,N05,W2,洋香瓜-網狀綠肉,109,台北一,36.8,29.2,12.4,27.4,6463
115.05.20,N05,W4,洋香瓜-新疆,109,台北一,60.8,43,25,43,2554
115.05.20,N05,W7,洋香瓜-光面白肉,109,台北一,36.2,32.4,23.6,31.4,1018
115.05.20,N05,W8,洋香瓜-阿露斯,109,台北一,199.5,101.7,58.7,112.7,804
115.05.20,N05,W9,洋香瓜-進口,109,台北一,416.8,416.8,416.8,416.8,4
115.05.20,N05,X59,蘋果-紅玉進口,109,台北一,100,100,100,100,500
115.05.20,N05,X69,蘋果-富士進口,109,台北一,120.4,53.6,33,62.8,17271
115.05.20,N05,Y0,桃子-其他,109,台北一,108.4,89.1,55.2,86.2,448
115.05.20,N05,Y1,桃子-水蜜桃,109,台北一,122,68.8,41.1,73.9,2954
115.05.20,N05,Y3,桃子-甜桃,109,台北一,75,53.1,33.9,53.6,2732
115.05.20,N05,Y4,桃子-早桃,109,台北一,40,40,40,40,792
115.05.20,N05,Y5,桃子-福壽桃,109,台北一,70,65.6,50,63.3,78
115.05.20,N05,Y9,桃子-進口,109,台北一,748.7,207.9,200,314.5,1605
115.05.20,N05,11,椰子,220,板橋區,10,8.1,7,8.2,368
115.05.20,N05,42,楊梅,220,板橋區,45,45,45,45,5
115.05.20,N05,50,百香果-其他,220,板橋區,85,85,85,85,24
115.05.20,N05,51,百香果-改良種,220,板橋區,84.6,65.1,38.7,63.7,784
115.05.20,N05,72,小番茄-聖女,220,板橋區,51.2,35.7,24.9,36.6,725
115.05.20,N05,74,小番茄-玉女,220,板橋區,128.6,97.6,72.8,98.9,592
115.05.20,N05,812,紅龍果-紅肉,220,板橋區,81.8,68.5,54.8,68.4,132
115.05.20,N05,859,榴槤-進口,220,板橋區,192.2,180,180,182.4,1310
115.05.20,N05,91,其他,220,板橋區,10,10,10,10,208
115.05.20,N05,A0,香蕉-其他,220,板橋區,10,10,10,10,78
115.05.20,N05,A1,香蕉,220,板橋區,25.5,25,20.8,24.3,7920
115.05.20,N05,A2,香蕉-芭蕉紅芭蕉,220,板橋區,55.4,20.2,10,25.2,141
115.05.20,N05,A4,香蕉-越旦,220,板橋區,27.3,25.3,17.8,24.2,514
115.05.20,N05,B2,鳳梨-金鑽鳳梨,220,板橋區,28.4,22.4,17.4,22.6,14063
115.05.20,N05,B6,鳳梨-甜蜜蜜,220,板橋區,25,25,25,25,370
115.05.20,N05,C2,茂谷柑,220,板橋區,27,27,27,27,240
115.05.20,N05,F0,雜柑-其他,220,板橋區,30,30,30,30,12
115.05.20,N05,F1,雜柑-檸檬,220,板橋區,70,46.7,30,48,105
115.05.20,N05,F6,雜柑-黃金檸檬,220,板橋區,72,63.2,51.5,62.6,176
115.05.20,N04,FA1,黃秋葵,220,板橋區,54.6,35.9,12.7,35,1209
115.05.20,N04,FB1,花椰菜-青梗,220,板橋區,33.8,30.1,24.1,29.6,3132
115.05.20,N04,FC1,胡瓜-黑刺,220,板橋區,27.7,19.6,14.9,20.3,3148
115.05.20,N04,FD0,花胡瓜-其他,220,板橋區,48.3,29.4,15.4,30.4,344
115.05.20,N04,FD1,花胡瓜,220,板橋區,41.9,25.4,13.7,26.4,5297.4
115.05.20,N04,FE1,冬瓜-白皮,220,板橋區,10.3,5.8,2.8,6.1,3249
115.05.20,N04,FF0,絲瓜-其他,220,板橋區,38.8,24,18.8,25.9,2258
115.05.20,N04,FF1,絲瓜,220,板橋區,37.8,28.1,19.9,28.4,6804
115.05.20,N04,FF2,絲瓜-角瓜,220,板橋區,30,29.5,27.1,29.1,130
115.05.20,N04,FG0,苦瓜-其他,220,板橋區,47.6,28.1,17.8,29.9,797
115.05.20,N04,FG1,苦瓜-白大米,220,板橋區,34.4,25.9,18.7,26.2,6657
115.05.20,N04,FG3,苦瓜-山苦瓜,220,板橋區,75,72.5,65,71.5,40
115.05.20,N04,FG4,苦瓜-翠綠,220,板橋區,25,23.4,23,23.6,78
115.05.20,N04,FH1,扁蒲-長形,220,板橋區,3,3,3,3,60
115.05.20,N04,FH2,扁蒲-圓形,220,板橋區,6,6,6,6,160
115.05.20,N04,FH3,扁蒲-花蒲,220,板橋區,15.4,9.6,4.8,9.8,5453
115.05.20,N04,FH4,扁蒲-梨子蒲,220,板橋區,15.1,3.2,3,5.5,133
115.05.20,N04,FI0,茄子-其他,220,板橋區,11,10.1,10,10.2,52
115.05.20,N04,FI2,茄子-麻荸茄,220,板橋區,27.9,17.9,9.2,18.2,5544
115.05.20,N04,FI3,茄子-日本種,220,板橋區,19,11.4,10,12.6,65
115.05.20,N04,FJ1,番茄-黑柿,220,板橋區,45,45,45,45,120
115.05.20,N04,FJ3,番茄-牛番茄,220,板橋區,76.4,67.8,43.8,64.7,3813
115.05.20,N04,FK3,甜椒-新香,220,板橋區,30,30,30,30,24
115.05.20,N04,FK40,甜椒-彩色種 其他,220,板橋區,70.7,38.4,18.7,40.9,74
115.05.20,N04,FK41,甜椒-彩色種 紅色,220,板橋區,37.3,24.7,13.8,25,229
115.05.20,N04,FK42,甜椒-彩色種 黃色,220,板橋區,38,26.9,15,26.8,146
115.05.20,N04,FK5,甜椒-青椒,220,板橋區,40.4,24.8,6.7,24.3,2096
115.05.20,N04,FK6,甜椒-水果彩椒,220,板橋區,78.7,65,60,66.7,299
115.05.20,N04,FK94,甜椒-進口 彩色種,220,板橋區,100,35.1,1.5,41.4,375
115.05.20,N04,FL5,豌豆-豌豆苗,220,板橋區,127,127,127,127,20
115.05.20,N04,FL9,豌豆-進口,220,板橋區,250,250,250,250,316
115.05.20,N04,FL93,豌豆-進口 豆筴,220,板橋區,170,170,170,170,8
115.05.20,N04,FL96,豌豆-進口 甜豌豆,220,板橋區,170,170,170,170,4
115.05.20,N04,FM1,菜豆-白色,220,板橋區,37,33.1,30,33.2,39
115.05.20,N04,FM2,菜豆-青色,220,板橋區,35.6,30,24.2,30,2692
115.05.20,N04,FN1,敏豆-白豆,220,板橋區,126,63.2,31.8,69.5,1764
115.05.20,N04,FN5,敏豆-醜豆,220,板橋區,67.5,54.7,42.8,54.9,299
115.05.20,N04,FP1,萊豆-豆莢,220,板橋區,55,55,55,55,36
115.05.20,N04,FQ1,毛豆-豆莢,220,板橋區,45,41.8,28.3,39.7,129
115.05.20,N04,FQ2,毛豆-豆仁,220,板橋區,130.1,106.9,74,105,234
115.05.20,N04,FR1,青花苔,220,板橋區,39.8,35,33.2,35.6,545
115.05.20,N04,FR9,青花苔-進口,220,板橋區,112.5,112.5,70.4,104.1,5899
115.05.20,N04,FT1,南瓜-木瓜形,220,板橋區,19,18.1,18,18.3,540
115.05.20,N04,FT11,南瓜-木瓜型 阿成,220,板橋區,23.4,19.7,14.1,19.3,1364
115.05.20,N04,FT12,南瓜-木瓜型 阿嬌,220,板橋區,12,12,12,12,60
115.05.20,N04,FT2,南瓜-圓形,220,板橋區,25,23.6,12,21.6,466
115.05.20,N04,FT5,南瓜-青如意,220,板橋區,47.7,30.2,13.8,30.4,3048
115.05.20,N04,FT6,南瓜-東昇,220,板橋區,15,15,15,15,60
115.05.20,N04,FT7,南瓜-栗子,220,板橋區,17,17,17,17,60
115.05.20,N04,FT9,南瓜-進口,220,板橋區,53.3,53.3,53.3,53.3,525
115.05.20,N04,FT97,南瓜-進口 栗子,220,板橋區,32.1,31.4,28,30.9,785
115.05.20,N04,FU1,隼人瓜,220,板橋區,10,8.8,4.6,8.2,1760
115.05.20,N04,FU2,隼人瓜-瓜苗,220,板橋區,57.9,45.1,34.6,45.6,1293
115.05.20,N04,FU3,石蓮花,220,板橋區,35,35,35,35,6
115.05.20,N04,FV0,辣椒-其他,220,板橋區,35,22.2,15,23.3,12
115.05.20,N04,FV1,辣椒-紅小,220,板橋區,71,44.3,26.7,46.1,405
115.05.20,N04,FV4,辣椒-朝天椒,220,板橋區,44,32.2,23.4,32.8,333
115.05.20,N04,FV5,辣椒-青龍,220,板橋區,40,40,40,40,55
115.05.20,N04,FV6,辣椒-糯米椒,220,板橋區,95,81.5,53.7,78.6,126
115.05.20,N04,FV9,辣椒-進口,220,板橋區,100,100,100,100,70
115.05.20,N04,FW1,金針花,220,板橋區,210,151.1,150,162.6,19
115.05.20,N04,FX1,花豆,220,板橋區,55,55,55,55,8
115.05.20,N04,FY0,玉米-其他,220,板橋區,60,60,60,60,80
115.05.20,N04,FY4,玉米-玉米筍,220,板橋區,180,180,109.5,165.9,67
115.05.20,N04,FY41,玉米-玉米筍 帶殼,220,板橋區,30.6,11.9,6.8,14.6,869
115.05.20,N04,FY5,玉米-糯米黑,220,板橋區,27.9,18.8,18,20.5,4079
115.05.20,N04,FY6,玉米-甜軟殼,220,板橋區,28.9,17.3,13.6,18.9,5091
115.05.20,N04,FY8,玉米-白龍王,220,板橋區,27,22.7,21,23.2,180
115.05.20,N04,FY94,玉米-進口 玉米筍,220,板橋區,241.7,241.7,241.7,241.7,132
115.05.20,N04,FZ1,落花生-生,220,板橋區,37.9,35,35,35.6,474
115.05.20,N05,G3,酪梨,220,板橋區,115,90.8,70,91.5,353
115.05.20,N05,G49,奇異果-進口,220,板橋區,227.8,200,174.6,200.5,576
115.05.20,N05,I1,木瓜-網室紅肉,220,板橋區,36.7,27.7,22.4,28.4,4104
115.05.20,N05,I3,木瓜-日昇種,220,板橋區,50,41.7,40,43,120
115.05.20,N05,I4,木瓜-青木瓜,220,板橋區,36,24.5,20,25.9,296
115.05.20,N05,J0,荔枝-其他,220,板橋區,73.7,70,65.6,69.9,271
115.05.20,N05,J1,荔枝-玉荷包,220,板橋區,157.6,144.2,111.5,140.3,1971
115.05.20,N05,J2,荔枝-黑葉,220,板橋區,80,80,80,80,40
115.05.20,N04,LA1,甘藍-初秋,220,板橋區,24.4,19.9,14,19.6,38819
115.05.20,N04,LA2,甘藍-改良種,220,板橋區,22.9,18.7,15.7,18.9,3120
115.05.20,N04,LA6,甘藍-甘藍芽,220,板橋區,35,35,30,34,110
115.05.20,N04,LA7,甘藍-改良尖,220,板橋區,18,18,16.7,17.7,1236
115.05.20,N04,LA9,甘藍-進口,220,板橋區,32.3,22.4,22.2,24.3,1500
115.05.20,N04,LA92,甘藍-進口 改良種,220,板橋區,16,16,16,16,1440
115.05.20,N04,LB1,小白菜-土白菜,220,板橋區,15.1,10.2,7.2,10.6,1433
115.05.20,N04,LB2,小白菜-蚵仔白,220,板橋區,17.7,12.6,6.4,12.4,2730
115.05.20,N04,LB3,小白菜-奶油白,220,板橋區,68.5,14.5,8,24,193.5
115.05.20,N04,LC0,包心白-其他,220,板橋區,60,60,60,60,20
115.05.20,N04,LC1,包心白-包白,220,板橋區,12,9.4,5.7,9.2,9844
115.05.20,N04,LC3,包心白-包頭蓮,220,板橋區,10,7.7,7,8,800
115.05.20,N04,LC9,包心白-進口,220,板橋區,80,60.6,46.7,61.7,1272
115.05.20,N04,LC91,包心白菜-進口 包白,220,板橋區,46.7,46.7,46.7,46.7,1200
115.05.20,N04,LC93,包心白菜-進口 包頭蓮 ,220,板橋區,21.1,17.8,10,16.9,2955
115.05.20,N04,LD1,青江白菜-小梗,220,板橋區,60,19.7,6.4,25.1,5181
115.05.20,N04,LE1,皇宮菜-小葉,220,板橋區,53.4,34.4,17.4,34.8,384
115.05.20,N04,LE2,皇宮菜-大葉,220,板橋區,26,18.1,9.2,17.9,311
115.05.20,N04,LF2,蕹菜-小葉,220,板橋區,20.3,15.3,10.5,15.3,3471.5
115.05.20,N04,LF3,蕹菜-水蕹菜,220,板橋區,10,10,10,10,64
115.05.20,N04,LG2,芹菜-白梗,220,板橋區,60.7,53.2,33.4,50.7,1506
115.05.20,N04,LG3,芹菜-西洋芹菜,220,板橋區,15,15,15,15,45
115.05.20,N04,LG9,芹菜-進口,220,板橋區,60,60,24.8,53,1100
115.05.20,N04,LH1,菠菜-圓葉,220,板橋區,45,44.5,36,42.9,448
115.05.20,N04,LH2,菠菜-角葉,220,板橋區,45.5,30.7,17.4,31,2404
115.05.20,N04,LI1,萵苣菜-廣東菜,220,板橋區,8.6,4.7,3,5.1,70
115.05.20,N04,LI2,萵苣菜-結球萵,220,板橋區,31.2,23.8,7.3,22,1127
115.05.20,N04,LI3,萵苣菜-本島圓葉,220,板橋區,39,36,18.6,33.1,1091
115.05.20,N04,LI4,萵苣菜-本島尖葉,220,板橋區,10,10,10,10,60
115.05.20,N04,LI5,萵苣菜-油麥菜,220,板橋區,13.5,8.7,4.5,8.8,5760
115.05.20,N04,LI8,萵苣菜-水耕,220,板橋區,62,54.2,40,52.9,165
115.05.20,N04,LI9,萵苣菜-進口,220,板橋區,137.5,137.5,137.5,137.5,744
115.05.20,N04,LI92,萵苣菜-進口 結球萵,220,板橋區,56.5,11.8,3,19,430
115.05.20,N04,LI96,萵苣菜-進口 蘿美,220,板橋區,133.3,133.3,133.3,133.3,72
115.05.20,N04,LJ3,芥菜-大芥菜,220,板橋區,14.7,10.2,10,11.1,880
115.05.20,N04,LJ4,芥菜-小芥菜,220,板橋區,17.5,10.1,9,11.4,207.5
115.05.20,N04,LK2,芥藍菜,220,板橋區,14.4,8,8,9.3,491
115.05.20,N04,LK3,芥藍菜-芥藍芽,220,板橋區,49.5,21.6,7.2,24.3,1403
115.05.20,N04,LM1,莧菜-紅莧菜,220,板橋區,21.6,20,16.9,19.7,240
115.05.20,N04,LM2,莧菜-白莧菜,220,板橋區,31.3,21.4,14.2,21.9,1175
115.05.20,N04,LN1,油菜,220,板橋區,10.7,7.9,6.7,8.2,1680
115.05.20,N04,LO1,甘薯葉,220,板橋區,43,18.3,11.2,21.8,2671
115.05.20,N04,LP1,芫荽,220,板橋區,102.3,56.4,53,64.9,200
115.05.20,N04,LP2,九層塔,220,板橋區,57.4,26.8,11.8,29.9,586
115.05.20,N04,LQ1,紅鳳菜-紅鳳菜,220,板橋區,47.1,38.6,22.8,37.1,428
115.05.20,N04,LS1,茴香,220,板橋區,46,45.5,45,45.5,30
115.05.20,N04,LT3,海菜-水蓮,220,板橋區,116.8,96,70.7,95.1,768
115.05.20,N04,MA1,洋菇,220,板橋區,42,42,42,42,9
115.05.20,N04,MA2,洋菇-盒裝,220,板橋區,60,54.3,52,55,80
115.05.20,N04,MC0,濕木耳-其他,220,板橋區,45,45,45,45,4
115.05.20,N04,MC1,濕木耳,220,板橋區,49.2,42.7,39.6,43.4,356
115.05.20,N04,MD1,濕香菇,220,板橋區,48.8,45,43.6,45.5,957
115.05.20,N04,ME0,金絲菇-其他,220,板橋區,22,22,22,22,24
115.05.20,N04,ME1,金絲菇-金針菇,220,板橋區,36.5,21,18.2,23.5,3470
115.05.20,N04,ME2,金絲菇-盒裝,220,板橋區,21,21,19.5,20.7,82
115.05.20,N04,MF1,蠔菇-鮑魚菇,220,板橋區,46,41.3,37,41.4,78
115.05.20,N04,MI1,秀珍菇,220,板橋區,43.7,40.8,40,41.2,291
115.05.20,N04,MJ1,杏鮑菇,220,板橋區,46.6,39.2,32,39.2,1562
115.05.20,N04,MK1,鴻喜菇,220,板橋區,55,53.2,50,52.9,458
115.05.20,N04,MX1,其他菇類,220,板橋區,66.4,49.6,46.3,52.3,213
115.05.20,N05,N0,李-其他,220,板橋區,30,28.4,25,28,594
115.05.20,N05,N3,李-紅肉李,220,板橋區,52.3,39.5,27.5,39.6,1487
115.05.20,N05,N4,李-黃肉李,220,板橋區,22,22,22,22,30
115.05.20,N05,O2,梨-秋水梨,220,板橋區,70,62.2,60,63.3,840
115.05.20,N04,OB1,雪里紅,220,板橋區,25,25,25,25,80
115.05.20,N04,OE2,醃瓜-漬,220,板橋區,40,39.4,39,39.4,126
115.05.20,N04,OX1,其他,220,板橋區,47.2,13,12,19.6,1338
115.05.20,N05,P1,番石榴-珍珠芭,220,板橋區,71.3,50.1,42.3,52.8,5172
115.05.20,N05,P3,番石榴-帝王芭,220,板橋區,60,40,20,40,48
115.05.20,N05,Q1,蓮霧-紅蓮霧,220,板橋區,66.3,44.7,38.6,47.8,1243
115.05.20,N05,R0,芒果-其他,220,板橋區,63.1,46.9,40,48.8,480
115.05.20,N05,R1,芒果-愛文,220,板橋區,78.5,58.7,46.8,60.3,5808
115.05.20,N05,R10,芒果-西施,220,板橋區,55,54.1,50,53.5,91
115.05.20,N05,R2,芒果-玉文,220,板橋區,55,46.9,45,48.2,133
115.05.20,N05,R3,芒果-本島,220,板橋區,68.1,44.5,27,45.7,805.4
115.05.20,N05,R31,芒果-夏雪,220,板橋區,55,55,55,55,35
115.05.20,N05,R5,芒果-黑香金興,220,板橋區,64.8,53.7,50,55.2,285
115.05.20,N05,R6,芒果-金煌,220,板橋區,51.6,43.5,40,44.4,435
115.05.20,N05,R8,芒果-芒果青,220,板橋區,15,14.2,8.9,13.3,636
115.05.20,N05,S1,葡萄-巨峰,220,板橋區,80,69.6,60,69.8,414
115.05.20,N05,S9,葡萄-進口,220,板橋區,112.5,112.5,112.5,112.5,240
115.05.20,N04,SA3,蘿蔔-矸仔,220,板橋區,9.5,7.4,4.6,7.3,5831
115.05.20,N04,SA7,蘿蔔-甜菜根,220,板橋區,32,32,32,32,105
115.05.20,N04,SA9,蘿蔔-進口,220,板橋區,25,18,11.3,18,9980
115.05.20,N04,SB1,胡蘿蔔-未洗,220,板橋區,16.4,13.4,11.4,13.6,1777
115.05.20,N04,SB2,胡蘿蔔-清洗,220,板橋區,17.7,12.5,9.7,13,7070
115.05.20,N04,SC1,馬鈴薯-本產,220,板橋區,22.4,18.1,10.5,17.4,5032
115.05.20,N04,SC9,馬鈴薯-進口,220,板橋區,45,22.6,7.5,24.1,240
115.05.20,N04,SD1,洋蔥-本產,220,板橋區,14.1,13.2,9.1,12.5,8676
115.05.20,N04,SD9,洋蔥-進口,220,板橋區,45,36.3,14,33.6,1192
115.05.20,N04,SE2,青蔥-北蔥,220,板橋區,32,32,32,32,70
115.05.20,N04,SE3,青蔥-大蔥,220,板橋區,42,42,42,42,22
115.05.20,N04,SE5,青蔥-紅蔥頭,220,板橋區,63.3,55,53.6,56.4,126
115.05.20,N04,SE6,青蔥-粉蔥,220,板橋區,61.8,41.8,33.4,44.1,3642
115.05.20,N04,SF1,韭菜-白頭,220,板橋區,35,35,35,35,32
115.05.20,N04,SF2,韭菜-韭菜黃,220,板橋區,114,96.7,90,98.8,114
115.05.20,N04,SF3,韭菜-韭菜花,220,板橋區,71.1,60.2,39.8,58.3,322
115.05.20,N04,SF4,韭菜-青頭,220,板橋區,33.2,26.8,13.7,25.5,994
115.05.20,N04,SG2,大蒜-軟梗,220,板橋區,52,42.6,22.1,40.4,680
115.05.20,N04,SG5,大蒜-蒜頭,220,板橋區,97.8,45.9,38.4,54.8,384
115.05.20,N04,SG6,大蒜-蒜仁,220,板橋區,66,60.1,60,61.3,864
115.05.20,N04,SG7,大蒜-蒜瓣,220,板橋區,138.2,46,18.7,58.9,279
115.05.20,N04,SG9,大蒜-進口,220,板橋區,176,175,175,175.2,258
115.05.20,N04,SH1,竹筍-麻竹筍,220,板橋區,50,50,50,50,60
115.05.20,N04,SH2,竹筍-綠竹筍,220,板橋區,97.8,92,78,90.4,2052
115.05.20,N04,SH5,竹筍-烏殼綠,220,板橋區,48,38.1,29.9,38.4,4052
115.05.20,N04,SJ2,芋-檳榔心芋,220,板橋區,44.6,31.1,7,29,1312
115.05.20,N04,SJ3,芋-里芋,220,板橋區,40,40,40,40,22
115.05.20,N04,SJ4,芋-芋莖,220,板橋區,15,15,15,15,18
115.05.20,N04,SJ5,芋-芋角,220,板橋區,60,60,60,60,24
115.05.20,N04,SK2,荸薺-加工,220,板橋區,65,65,65,65,60
115.05.20,N04,SL1,豆薯,220,板橋區,23,23,23,23,90
115.05.20,N04,SM9,牛蒡-進口,220,板橋區,50,18.9,10,23.3,150
115.05.20,N04,SN2,蓮藕-蓮子,220,板橋區,240,240,240,240,5
115.05.20,N04,SO0,甘薯-其他,220,板橋區,56.6,13.4,3,20,543
115.05.20,N04,SO1,甘薯-臺農57號,220,板橋區,14,12.1,9.1,11.9,4851
115.05.20,N04,SO2,甘薯-芋仔甘薯,220,板橋區,23.3,11.5,6.4,12.8,394
115.05.20,N04,SO3,甘薯-臺農66號,220,板橋區,16.3,10.1,10,11.3,400
115.05.20,N04,SP0,薑-其他,220,板橋區,150,150,150,150,15
115.05.20,N04,SP1,薑-老薑,220,板橋區,123.5,89,65.1,91.1,251
115.05.20,N04,SP2,薑-嫩薑,220,板橋區,98.3,95.1,93,95.3,676
115.05.20,N04,SQ1,茭白筍-帶殼,220,板橋區,68.6,55.4,36.5,54.3,1080
115.05.20,N04,SQ3,茭白筍-去殼,220,板橋區,123.5,105,92.5,106.2,426
115.05.20,N04,SU2,薯蕷-白薯蕷,220,板橋區,42,42,42,42,18
115.05.20,N04,SU21,薯蕷-白薯蕷 人參,220,板橋區,70.4,37.9,20.6,41,335
115.05.20,N04,SV1,蘆筍-白蘆筍,220,板橋區,99,99,85.8,96.4,111
115.05.20,N04,SV2,蘆筍-綠蘆筍,220,板橋區,178.3,122.7,81.4,125.6,146.2
115.05.20,N04,SV3,蘆筍-蘆筍花,220,板橋區,220,170,95,165,12
115.05.20,N04,SV9,蘆筍-進口,220,板橋區,375,336.8,160,309.1,108
115.05.20,N04,SX1,芽菜類-綠豆芽,220,板橋區,13,13,13,13,2915
115.05.20,N04,SX3,芽菜類-豌豆芽,220,板橋區,83,83,83,83,72
115.05.20,N04,SX4,芽菜類-苜蓿芽,220,板橋區,72,72,72,72,84
115.05.20,N04,SZ3,金針筍,220,板橋區,81,81,81,81,5
115.05.20,N04,SZ8,香茅,220,板橋區,29.7,20.4,10.1,20.2,204
115.05.20,N05,T0,西瓜-其他,220,板橋區,40,40,40,40,105
115.05.20,N05,T1,西瓜-大西瓜,220,板橋區,20,18.3,14.8,17.9,14325
115.05.20,N05,T2,西瓜-無子西瓜,220,板橋區,10,10,10,10,121
115.05.20,N05,T5,西瓜-黃肉,220,板橋區,11.7,7.7,3,7.6,1456
115.05.20,N05,T8,西瓜-甜美人,220,板橋區,13,11.8,10.3,11.8,429
115.05.20,N05,V1,甜瓜-美濃,220,板橋區,26.5,21.3,16.8,21.4,1888
115.05.20,N05,W1,洋香瓜-網狀紅肉,220,板橋區,30,22.2,20,23.3,81
115.05.20,N05,W2,洋香瓜-網狀綠肉,220,板橋區,21.5,19.8,16.8,19.5,369
115.05.20,N05,X69,蘋果-富士進口,220,板橋區,70,70,70,70,1240
115.05.20,N05,Y0,桃子-其他,220,板橋區,30,25.5,25,26.3,756
115.05.20,N05,Y1,桃子-水蜜桃,220,板橋區,100,93,80,91.8,61
115.05.20,N05,Y19,桃子-水蜜桃進口,220,板橋區,400,400,400,400,790
115.05.20,N05,Y3,桃子-甜桃,220,板橋區,169.6,70.2,34.3,82.9,214
115.05.20,N05,Y4,桃子-早桃,220,板橋區,44.1,40,35.9,40,1346
115.05.20,N05,11,椰子,241,三重區,11.5,7.2,7,8,2429
115.05.20,N05,12,椰子-剝殼,241,三重區,17,17,17,17,220
115.05.20,N05,42,楊梅,241,三重區,46,46,46,46,10
115.05.20,N05,469,藍莓-進口,241,三重區,513.6,500,500,502.7,442
115.05.20,N05,50,百香果-其他,241,三重區,120,86.4,30,81.9,86
115.05.20,N05,51,百香果-改良種,241,三重區,111.4,53.3,30.7,60.4,5008
115.05.20,N05,61,甘蔗-帶皮,241,三重區,9,9,9,9,64
115.05.20,N05,71,小番茄-ㄧ般,241,三重區,30,30,30,30,135
115.05.20,N05,72,小番茄-聖女,241,三重區,46.3,34.9,27.6,35.7,9570
115.05.20,N05,74,小番茄-玉女,241,三重區,107.8,89.4,38.4,82.9,2804
115.05.20,N05,812,紅龍果-紅肉,241,三重區,113.8,89.1,60.8,88.4,2453
115.05.20,N05,813,紅龍果-雙色紅龍果,241,三重區,75,75,75,75,12
115.05.20,N05,839,櫻桃-進口,241,三重區,500,500,500,500,335
115.05.20,N05,859,榴槤-進口,241,三重區,195.7,140,140,151.1,18460
115.05.20,N05,869,山竹-進口,241,三重區,600,600,600,600,12
115.05.20,N05,91,其他,241,三重區,100,71.2,43.7,71.4,119
115.05.20,N05,A0,香蕉-其他,241,三重區,10,10,10,10,186
115.05.20,N05,A1,香蕉,241,三重區,26.8,22.3,17.1,22.2,15465
115.05.20,N05,A2,香蕉-芭蕉紅芭蕉,241,三重區,72.3,46.7,23.3,47.1,2267
115.05.20,N05,A3,香蕉-旦蕉,241,三重區,60,34.2,23.2,37.2,96
115.05.20,N05,A4,香蕉-越旦,241,三重區,41.6,29.1,18.8,29.5,494
115.05.20,N05,B0,鳳梨-其他,241,三重區,25,25,25,25,400
115.05.20,N05,B2,鳳梨-金鑽鳳梨,241,三重區,31.5,20.2,19.4,22.3,60519
115.05.20,N05,C2,茂谷柑,241,三重區,33,30.3,25,29.8,900
115.05.20,N05,C9,柑橘-進口,241,三重區,200,100,100,120,700
115.05.20,N05,E9,甜橙-進口,241,三重區,60,60,57.8,59.6,900
115.05.20,N05,F1,雜柑-檸檬,241,三重區,72.6,56.3,44,57.1,2364
115.05.20,N05,F4,雜柑-桔子,241,三重區,51.6,33.5,22,34.8,354
115.05.20,N05,F5,雜柑-無子檸檬,241,三重區,112.7,91.2,65,90.3,1268
115.05.20,N05,F6,雜柑-黃金檸檬,241,三重區,65,65,65,65,18
115.05.20,N05,F9,雜柑-進口,241,三重區,100,100,100,100,40
115.05.20,N04,FA1,黃秋葵,241,三重區,80.6,25.4,14.2,34.2,1134
115.05.20,N04,FB1,花椰菜-青梗,241,三重區,34.8,26.8,20,27,2574
115.05.20,N04,FC1,胡瓜-黑刺,241,三重區,21.4,16.2,9,15.8,3055
115.05.20,N04,FD0,花胡瓜-其他,241,三重區,32.9,24.7,16.6,24.7,282
115.05.20,N04,FD1,花胡瓜,241,三重區,29.8,21,9.7,20.5,7031
115.05.20,N04,FE0,冬瓜-其他,241,三重區,25,23.4,22,23.5,41
115.05.20,N04,FE1,冬瓜-白皮,241,三重區,9.8,6.3,4.8,6.7,2510
115.05.20,N04,FF0,絲瓜-其他,241,三重區,28.5,21.9,14.8,21.8,1913
115.05.20,N04,FF1,絲瓜,241,三重區,40.3,22.8,13.3,24.4,8751
115.05.20,N04,FF2,絲瓜-角瓜,241,三重區,27,27,27,27,21
115.05.20,N04,FG0,苦瓜-其他,241,三重區,56.7,28.4,10.1,30.4,659
115.05.20,N04,FG1,苦瓜-白大米,241,三重區,49.9,32.1,15.6,32.3,3477
115.05.20,N04,FG3,苦瓜-山苦瓜,241,三重區,90,80.3,71.1,80.4,73
115.05.20,N04,FG4,苦瓜-翠綠,241,三重區,32.8,20.4,10,20.8,627
115.05.20,N04,FH1,扁蒲-長形,241,三重區,4,4,4,4,80
115.05.20,N04,FH3,扁蒲-花蒲,241,三重區,18.3,10.3,4.8,10.8,4344
115.05.20,N04,FH4,扁蒲-梨子蒲,241,三重區,15,10.4,4.8,10.2,389
115.05.20,N04,FI0,茄子-其他,241,三重區,34,19.9,17,22.1,166
115.05.20,N04,FI1,茄子-胭脂茄,241,三重區,15,14.7,14,14.6,160
115.05.20,N04,FI2,茄子-麻荸茄,241,三重區,30.5,19.2,9.3,19.5,3768
115.05.20,N04,FI3,茄子-日本種,241,三重區,15,11.7,10,12,111
115.05.20,N04,FJ3,番茄-牛番茄,241,三重區,74.4,68.4,46.9,65.3,5150
115.05.20,N04,FK3,甜椒-新香,241,三重區,37.1,26.2,25,28.1,154
115.05.20,N04,FK40,甜椒-彩色種 其他,241,三重區,85.5,60.8,30.4,59.6,257
115.05.20,N04,FK41,甜椒-彩色種 紅色,241,三重區,38.8,14.4,5,17.4,477
115.05.20,N04,FK42,甜椒-彩色種 黃色,241,三重區,41.9,22.5,18.5,25.6,168
115.05.20,N04,FK5,甜椒-青椒,241,三重區,41.2,22.8,6,23.1,1637
115.05.20,N04,FK6,甜椒-水果彩椒,241,三重區,113.9,99.4,82.5,98.9,180
115.05.20,N04,FL2,豌豆-紅花,241,三重區,53,53,53,53,20
115.05.20,N04,FL6,豌豆-甜豌豆,241,三重區,129,129,129,129,12
115.05.20,N04,FM1,菜豆-白色,241,三重區,20,20,20,20,60
115.05.20,N04,FM2,菜豆-青色,241,三重區,41.5,17.9,9.6,20.9,1848
115.05.20,N04,FN1,敏豆-白豆,241,三重區,95.8,46,13.9,49.6,1514
115.05.20,N04,FN5,敏豆-醜豆,241,三重區,110,45.4,11.2,51.5,70
115.05.20,N04,FP1,萊豆-豆莢,241,三重區,70,62.7,50,61.6,43
115.05.20,N04,FP2,萊豆-豆仁,241,三重區,120,120,120,120,9
115.05.20,N04,FQ1,毛豆-豆莢,241,三重區,66.5,56.4,13.4,49.8,185
115.05.20,N04,FQ2,毛豆-豆仁,241,三重區,120,110.6,88,108,246
115.05.20,N04,FR1,青花苔,241,三重區,45,45,38.4,43.7,1360
115.05.20,N04,FR9,青花苔-進口,241,三重區,69.4,61.9,51.3,61.3,1017
115.05.20,N04,FT11,南瓜-木瓜型 阿成,241,三重區,26.8,20,14.7,20.3,1653
115.05.20,N04,FT12,南瓜-木瓜型 阿嬌,241,三重區,18,18,18,18,60
115.05.20,N04,FT2,南瓜-圓形,241,三重區,28.8,23.8,17.1,23.5,1420
115.05.20,N04,FT5,南瓜-青如意,241,三重區,46.7,37.4,17.4,35.2,2421
115.05.20,N04,FT6,南瓜-東昇,241,三重區,25,22.7,22,23,60
115.05.20,N04,FT7,南瓜-栗子,241,三重區,15,15,15,15,60
115.05.20,N04,FT97,南瓜-進口 栗子,241,三重區,44.1,31.7,26,33.1,1083
115.05.20,N04,FU1,隼人瓜,241,三重區,13.1,11.4,7.2,10.9,2256
115.05.20,N04,FU2,隼人瓜-瓜苗,241,三重區,57.5,45.4,38.3,46.4,884
115.05.20,N04,FV0,辣椒-其他,241,三重區,74.6,54.9,34.5,54.8,54
115.05.20,N04,FV1,辣椒-紅小,241,三重區,79.9,48.5,20.5,49.2,82
115.05.20,N04,FV2,辣椒-青小,241,三重區,15,15,15,15,6
115.05.20,N04,FV4,辣椒-朝天椒,241,三重區,41.2,29.8,21.6,30.5,631
115.05.20,N04,FV6,辣椒-糯米椒,241,三重區,100,77.9,37.3,74.2,94
115.05.20,N04,FW1,金針花,241,三重區,120,120,120,120,36
115.05.20,N04,FY0,玉米-其他,241,三重區,55,55,25,49,100
115.05.20,N04,FY4,玉米-玉米筍,241,三重區,58,52,30,48.8,33
115.05.20,N04,FY41,玉米-玉米筍 帶殼,241,三重區,12,8.4,4.8,8.4,919
115.05.20,N04,FY5,玉米-糯米黑,241,三重區,30.7,16.8,9.1,18.1,1915
115.05.20,N04,FY6,玉米-甜軟殼,241,三重區,40.3,19.8,5,21,889
115.05.20,N04,FY7,玉米-糯米白,241,三重區,12,12,12,12,920
115.05.20,N04,FY8,玉米-白龍王,241,三重區,13.1,7.2,7,8.3,260
115.05.20,N04,FZ1,落花生-生,241,三重區,50,50,40.1,48,998
115.05.20,N05,G1,蛋黃果-仙桃,241,三重區,11,11,11,11,54
115.05.20,N05,G2,黃金果,241,三重區,145,118.3,80,116,165
115.05.20,N05,G3,酪梨,241,三重區,155.2,99.3,65.6,103.7,1391
115.05.20,N05,G39,酪梨-進口,241,三重區,200,200,200,200,100
115.05.20,N05,G49,奇異果-進口,241,三重區,144.2,106.5,79.3,108.6,9771.5
115.05.20,N05,G5,香瓜梨,241,三重區,55,50.7,50,51.4,42
115.05.20,N05,G9,波蘿蜜,241,三重區,42.8,19.3,13.7,22.9,1095.5
115.05.20,N05,H49,葡萄柚-紅肉進口,241,三重區,50,50,50,50,480
115.05.20,N05,I1,木瓜-網室紅肉,241,三重區,52.3,29.5,28.1,33.8,17494
115.05.20,N05,I3,木瓜-日昇種,241,三重區,36.7,28,28,29.7,1428
115.05.20,N05,I4,木瓜-青木瓜,241,三重區,10,8.6,3,7.7,85.5
115.05.20,N05,J0,荔枝-其他,241,三重區,60.8,60,60,60.2,2478
115.05.20,N05,J1,荔枝-玉荷包,241,三重區,127.8,102,99.8,106.7,15841.5
115.05.20,N05,J2,荔枝-黑葉,241,三重區,80,78.3,70,77,180
115.05.20,N05,K4,龍眼-龍眼乾帶殼,241,三重區,66,66,66,66,18
115.05.20,N04,LA1,甘藍-初秋,241,三重區,26.9,21.5,13.5,21,20464
115.05.20,N04,LA2,甘藍-改良種,241,三重區,24,23.1,19.1,22.5,1140
115.05.20,N04,LA6,甘藍-甘藍芽,241,三重區,10,10,10,10,18
115.05.20,N04,LA7,甘藍-改良尖,241,三重區,27,22.4,20,22.8,1520
115.05.20,N04,LB1,小白菜-土白菜,241,三重區,12.5,5.4,5,6.8,580
115.05.20,N04,LB2,小白菜-蚵仔白,241,三重區,17.4,11.6,6.7,11.8,1623
115.05.20,N04,LB3,小白菜-奶油白,241,三重區,10,10,10,10,170
115.05.20,N04,LC0,包心白-其他,241,三重區,92,92,92,92,160
115.05.20,N04,LC1,包心白-包白,241,三重區,13.4,6.6,1.7,7,12660
115.05.20,N04,LC3,包心白-包頭蓮,241,三重區,7,7,7,7,60
115.05.20,N04,LC9,包心白-進口,241,三重區,48,48,48,48,210
115.05.20,N04,LC90,包心白菜-進口 其他,241,三重區,17,17,17,17,126
115.05.20,N04,LC93,包心白菜-進口 包頭蓮 ,241,三重區,21,19.3,15,18.8,1965
115.05.20,N04,LD1,青江白菜-小梗,241,三重區,15.7,7.9,5,8.9,1991
115.05.20,N04,LE1,皇宮菜-小葉,241,三重區,40,29.3,14.2,28.4,434
115.05.20,N04,LE2,皇宮菜-大葉,241,三重區,15,15,15,15,67
115.05.20,N04,LF2,蕹菜-小葉,241,三重區,21.9,12.7,10,14,2560
115.05.20,N04,LF3,蕹菜-水蕹菜,241,三重區,13,12.2,10,11.9,110
115.05.20,N04,LG2,芹菜-白梗,241,三重區,79.6,42.7,34.4,48.4,623
115.05.20,N04,LG3,芹菜-西洋芹菜,241,三重區,15,15,15,15,108
115.05.20,N04,LH1,菠菜-圓葉,241,三重區,41.2,37.8,35,37.9,204
115.05.20,N04,LH2,菠菜-角葉,241,三重區,47.8,38.9,23.5,37.6,680
115.05.20,N04,LI2,萵苣菜-結球萵,241,三重區,26.3,13.6,7.7,14.9,550
115.05.20,N04,LI3,萵苣菜-本島圓葉,241,三重區,43,34.8,15.6,32.6,574
115.05.20,N04,LI5,萵苣菜-油麥菜,241,三重區,17.4,11,3.2,10.8,3789
115.05.20,N04,LI6,萵苣菜-蘿美,241,三重區,40,36.4,30,35.8,178
115.05.20,N04,LI8,萵苣菜-水耕,241,三重區,50,41.8,30,41.1,270
115.05.20,N04,LI92,萵苣菜-進口 結球萵,241,三重區,35.9,18.5,15,21.3,371
115.05.20,N04,LJ3,芥菜-大芥菜,241,三重區,12.8,9.6,8,9.9,360
115.05.20,N04,LJ4,芥菜-小芥菜,241,三重區,30,10.5,5,13.3,200
115.05.20,N04,LK2,芥藍菜,241,三重區,10,7.5,5,7.5,40
115.05.20,N04,LK3,芥藍菜-芥藍芽,241,三重區,38.9,20.2,9.5,21.8,1045
115.05.20,N04,LM1,莧菜-紅莧菜,241,三重區,37,30.2,25.7,30.6,209
115.05.20,N04,LM2,莧菜-白莧菜,241,三重區,35.3,28.1,22.6,28.5,1335
115.05.20,N04,LN1,油菜,241,三重區,18,9.3,6,10.4,215
115.05.20,N04,LO1,甘薯葉,241,三重區,22.1,13.9,9.3,14.6,2671
115.05.20,N04,LP1,芫荽,241,三重區,114.4,74.4,32.8,74.1,211
115.05.20,N04,LP2,九層塔,241,三重區,68.9,32.3,10,35.1,564
115.05.20,N04,LQ1,紅鳳菜-紅鳳菜,241,三重區,49.8,29,17.3,30.8,252
115.05.20,N04,LT3,海菜-水蓮,241,三重區,95,86.6,71.1,85.2,270
115.05.20,N05,M3,楊桃-馬來亞種,241,三重區,30,30,25.8,29.2,54
115.05.20,N04,MA2,洋菇-盒裝,241,三重區,20,20,20,20,80
115.05.20,N04,MC1,濕木耳,241,三重區,97,31.2,15,41.1,174
115.05.20,N04,MD1,濕香菇,241,三重區,95,92.1,86,91.5,33
115.05.20,N04,ME1,金絲菇-金針菇,241,三重區,29,29,29,29,350
115.05.20,N04,MJ1,杏鮑菇,241,三重區,95,69.1,58,72,437
115.05.20,N04,MK1,鴻喜菇,241,三重區,143,143,143,143,378.8
115.05.20,N04,MX1,其他菇類,241,三重區,99,99,96,98.4,354.4
115.05.20,N05,N0,李-其他,241,三重區,26,26,26,26,48
115.05.20,N05,N2,李-桃接李,241,三重區,29.4,23.7,17.6,23.6,3287
115.05.20,N05,N3,李-紅肉李,241,三重區,41,27,20.3,28.5,7162
115.05.20,N05,N4,李-黃肉李,241,三重區,33.4,27.9,20,27.4,147
115.05.20,N05,N9,李-進口,241,三重區,80,80,80,80,100
115.05.20,N05,O2,梨-秋水梨,241,三重區,41,28,28,30.6,3118.5
115.05.20,N05,O99,梨-西洋梨進口,241,三重區,100,75.6,75,80.4,280
115.05.20,N04,OX1,其他,241,三重區,55.3,29,10,30.5,135
115.05.20,N05,P1,番石榴-珍珠芭,241,三重區,79.1,46.9,38.9,51.7,26632
115.05.20,N05,P2,番石榴-紅心,241,三重區,101.5,89.6,66.2,87.3,591
115.05.20,N05,P3,番石榴-帝王芭,241,三重區,46,45.8,43,45.3,851
115.05.20,N05,P5,番石榴-水晶無子,241,三重區,81.3,75,75,76.3,96
115.05.20,N05,Q1,蓮霧-紅蓮霧,241,三重區,66,50,48.6,52.9,5119
115.05.20,N05,Q2,蓮霧-子彈型,241,三重區,63.8,52,51.9,54.3,2546
115.05.20,N05,Q4,蓮霧-巴掌蓮霧,241,三重區,125,118.8,50,106.3,20
115.05.20,N05,Q5,蓮霧-黑糖芭比,241,三重區,70,70,70,70,89
115.05.20,N05,R0,芒果-其他,241,三重區,86.2,38.1,34.2,46.9,2700
115.05.20,N05,R1,芒果-愛文,241,三重區,91.2,53.5,41.6,58.7,68961
115.05.20,N05,R10,芒果-西施,241,三重區,90.2,59.8,41.5,62.2,192
115.05.20,N05,R2,芒果-玉文,241,三重區,58.6,41.9,34,43.7,624
115.05.20,N05,R3,芒果-本島,241,三重區,45.2,26.1,17.4,28.1,6535.5
115.05.20,N05,R31,芒果-夏雪,241,三重區,101.4,44,30.7,52.9,286
115.05.20,N05,R5,芒果-黑香金興,241,三重區,96.5,45,42.7,54.9,198
115.05.20,N05,R6,芒果-金煌,241,三重區,67.6,40,34.3,44.4,5161
115.05.20,N05,R8,芒果-芒果青,241,三重區,30,17.1,10.4,18.4,4404
115.05.20,N05,S1,葡萄-巨峰,241,三重區,110,90.7,77,91.8,8462
115.05.20,N05,S9,葡萄-進口,241,三重區,129.2,81.2,80,90.5,3135
115.05.20,N04,SA3,蘿蔔-矸仔,241,三重區,14.2,9,6.1,9.5,3365
115.05.20,N04,SA7,蘿蔔-甜菜根,241,三重區,25,20.2,10,19.1,136
115.05.20,N04,SA9,蘿蔔-進口,241,三重區,18.7,15.7,12.8,15.7,2740
115.05.20,N04,SB1,胡蘿蔔-未洗,241,三重區,24,21.6,12.4,20.2,1213
115.05.20,N04,SB2,胡蘿蔔-清洗,241,三重區,25.4,15.4,10.7,16.5,3980
115.05.20,N04,SC1,馬鈴薯-本產,241,三重區,22.2,16.9,7.8,16.1,2608
115.05.20,N04,SC9,馬鈴薯-進口,241,三重區,30,23.9,8.2,22,260
115.05.20,N04,SD1,洋蔥-本產,241,三重區,16,11.3,7,11.4,1944
115.05.20,N04,SD9,洋蔥-進口,241,三重區,21,21,18.9,20.6,252
115.05.20,N04,SE5,青蔥-紅蔥頭,241,三重區,75,72.7,41.2,66.8,120
115.05.20,N04,SE6,青蔥-粉蔥,241,三重區,67.1,50.8,29.1,49.7,2430
115.05.20,N04,SF3,韭菜-韭菜花,241,三重區,60.6,39,35,42.5,120
115.05.20,N04,SF4,韭菜-青頭,241,三重區,42.5,21.1,9.8,23.1,598
115.05.20,N04,SG2,大蒜-軟梗,241,三重區,65,45.8,25.2,45.5,540
115.05.20,N04,SG4,大蒜-蔥蒜,241,三重區,10,10,10,10,80
115.05.20,N04,SG5,大蒜-蒜頭,241,三重區,75.5,61.1,37.5,59.3,285
115.05.20,N04,SG6,大蒜-蒜仁,241,三重區,15,15,15,15,10
115.05.20,N04,SG7,大蒜-蒜瓣,241,三重區,112.8,42.3,19,51.8,212
115.05.20,N04,SH2,竹筍-綠竹筍,241,三重區,78.9,64.4,42.9,63,105
115.05.20,N04,SH5,竹筍-烏殼綠,241,三重區,53.5,43.5,27.9,42.4,3800
115.05.20,N04,SJ2,芋-檳榔心芋,241,三重區,32.3,22.4,18.5,23.6,2036
115.05.20,N04,SJ3,芋-里芋,241,三重區,25,25,25,25,44
115.05.20,N04,SL1,豆薯,241,三重區,15,14.3,12,14,180
115.05.20,N04,SM9,牛蒡-進口,241,三重區,60,43.8,35,45.3,170
115.05.20,N04,SO0,甘薯-其他,241,三重區,15.6,13.6,7.7,12.8,1691
115.05.20,N04,SO1,甘薯-臺農57號,241,三重區,17.4,13.1,6.8,12.7,8343
115.05.20,N04,SO2,甘薯-芋仔甘薯,241,三重區,9.5,6.9,3,6.7,303
115.05.20,N04,SO3,甘薯-臺農66號,241,三重區,19.5,11.7,4.5,11.8,594
115.05.20,N04,SP1,薑-老薑,241,三重區,146,132.8,81.3,125.1,401
115.05.20,N04,SP2,薑-嫩薑,241,三重區,90,90,90,90,54
115.05.20,N04,SP3,薑-粉薑,241,三重區,99,99,99,99,54
115.05.20,N04,SP5,薑-薑黃,241,三重區,80,80,80,80,22
115.05.20,N04,SQ1,茭白筍-帶殼,241,三重區,74,66.4,43.3,63.3,739
115.05.20,N04,SQ3,茭白筍-去殼,241,三重區,138.1,120.1,95,118.7,370
115.05.20,N04,SU21,薯蕷-白薯蕷 人參,241,三重區,69,41.7,23,43.4,776
115.05.20,N04,SU9,薯蕷-進口,241,三重區,260,260,260,260,10
115.05.20,N04,SV1,蘆筍-白蘆筍,241,三重區,140.7,70,50,80.1,43
115.05.20,N04,SV2,蘆筍-綠蘆筍,241,三重區,189.2,127.2,90.9,132.4,245
115.05.20,N04,SV92,蘆筍-進口 綠蘆筍,241,三重區,160,160,153.3,158.7,210
115.05.20,N04,SW1,球莖甘藍,241,三重區,15,13.3,10,13,160
115.05.20,N04,SX4,芽菜類-苜蓿芽,241,三重區,74,74,74,74,3
115.05.20,N04,SZ8,香茅,241,三重區,33.4,18.4,12,20.1,151
115.05.20,N05,T0,西瓜-其他,241,三重區,96.8,42.2,26,49.9,787
115.05.20,N05,T1,西瓜-大西瓜,241,三重區,20,15.3,13,15.8,96250
115.05.20,N05,T2,西瓜-無子西瓜,241,三重區,10,8.5,8,8.7,140
115.05.20,N05,T4,西瓜-鳳光英妙,241,三重區,12.9,7.7,6.6,8.5,681
115.05.20,N05,T5,西瓜-黃肉,241,三重區,12,7.7,7,8.4,20945
115.05.20,N05,T6,西瓜-紅肉,241,三重區,5,5,5,5,988
115.05.20,N05,T8,西瓜-甜美人,241,三重區,15.9,11.6,7.7,11.7,2734
115.05.20,N05,V0,甜瓜-其他,241,三重區,46,46,46,46,540
115.05.20,N05,V1,甜瓜-美濃,241,三重區,26.5,17,15.1,18.5,7547
115.05.20,N05,V2,甜瓜-溫室吊瓜,241,三重區,77.8,75,72,75,972
115.05.20,N05,W1,洋香瓜-網狀紅肉,241,三重區,48.8,35.1,27.2,36.2,6277
115.05.20,N05,W2,洋香瓜-網狀綠肉,241,三重區,90.3,42.1,30.8,49.5,1164.5
115.05.20,N05,W4,洋香瓜-新疆,241,三重區,86.1,46.6,25.1,50.2,2139
115.05.20,N05,W7,洋香瓜-光面白肉,241,三重區,59,50.4,37.3,49.5,1324
115.05.20,N05,W8,洋香瓜-阿露斯,241,三重區,157.2,107.7,96.4,115.3,184
115.05.20,N05,X69,蘋果-富士進口,241,三重區,117.5,68.5,60,76.6,32215
115.05.20,N05,Y1,桃子-水蜜桃,241,三重區,86,76.2,59,74.7,172
115.05.20,N05,Y19,桃子-水蜜桃進口,241,三重區,344.6,300,300,308.9,2465
115.05.20,N05,Y3,桃子-甜桃,241,三重區,79.8,56,50.9,59.7,7619.5
115.05.20,N05,Y4,桃子-早桃,241,三重區,37,37,35,36.6,851
115.05.20,N05,Y5,桃子-福壽桃,241,三重區,50,50,50,50,144
115.05.20,N05,Z9,柿子-進口,241,三重區,400,400,400,400,8
115.05.20,N05,11,椰子,338,桃農,18,18,18,18,22
115.05.20,N05,50,百香果-其他,338,桃農,83,72,70,73.8,87
115.05.20,N05,A1,香蕉,338,桃農,35,23.3,11.3,23.3,225
115.05.20,N05,A3,香蕉-旦蕉,338,桃農,30,30,30,30,32
115.05.20,N05,B2,鳳梨-金鑽鳳梨,338,桃農,21.2,16,8.7,15.6,1063
115.05.20,N05,F4,雜柑-桔子,338,桃農,27,21.6,20,22.3,30
115.05.20,N05,F5,雜柑-無子檸檬,338,桃農,100.1,79.2,66.9,80.9,793
115.05.20,N04,FA1,黃秋葵,338,桃農,75.8,41.6,28.4,45.8,793
115.05.20,N04,FB1,花椰菜-青梗,338,桃農,33.1,27.5,20.6,27.2,3147
115.05.20,N04,FC1,胡瓜-黑刺,338,桃農,28,19.5,7.7,18.9,2829
115.05.20,N04,FD0,花胡瓜-其他,338,桃農,42.3,29.5,20.1,30.2,519
115.05.20,N04,FD1,花胡瓜,338,桃農,33.8,25.5,12.9,24.6,5937
115.05.20,N04,FE0,冬瓜-其他,338,桃農,6,6,6,6,20
115.05.20,N04,FE1,冬瓜-白皮,338,桃農,11.3,5.8,2.5,6.2,4964
115.05.20,N04,FF0,絲瓜-其他,338,桃農,34.9,23.8,18.7,25,3143
115.05.20,N04,FF1,絲瓜,338,桃農,34.2,26.1,15.8,25.6,6838
115.05.20,N04,FG0,苦瓜-其他,338,桃農,18,18,18,18,60
115.05.20,N04,FG1,苦瓜-白大米,338,桃農,36.1,27.5,18.9,27.5,5898
115.05.20,N04,FG2,苦瓜-青大米,338,桃農,40.6,26.7,12.7,26.7,1443
115.05.20,N04,FG3,苦瓜-山苦瓜,338,桃農,95,86.9,80,87.1,51
115.05.20,N04,FG4,苦瓜-翠綠,338,桃農,31.9,26.5,14.1,25.1,306
115.05.20,N04,FH2,扁蒲-圓形,338,桃農,8,8,8,8,160
115.05.20,N04,FH3,扁蒲-花蒲,338,桃農,19.2,11.9,6,12.2,3592
115.05.20,N04,FH4,扁蒲-梨子蒲,338,桃農,21.6,14.5,9.5,14.9,1970
115.05.20,N04,FI0,茄子-其他,338,桃農,35,16.9,8.9,18.9,205
115.05.20,N04,FI2,茄子-麻荸茄,338,桃農,31.5,18.2,6.2,18.4,4578
115.05.20,N04,FI3,茄子-日本種,338,桃農,8,8,8,8,22
115.05.20,N04,FJ3,番茄-牛番茄,338,桃農,73.3,66.1,51.2,64.6,7369
115.05.20,N04,FK3,甜椒-新香,338,桃農,42,36.8,30.2,36.5,124
115.05.20,N04,FK4,甜椒-彩色種,338,桃農,97.7,47.4,22.4,52.5,106
115.05.20,N04,FK41,甜椒-彩色種 紅色,338,桃農,37.3,17.5,9.1,19.8,720
115.05.20,N04,FK42,甜椒-彩色種 黃色,338,桃農,48.6,26.2,7.7,27,175
115.05.20,N04,FK5,甜椒-青椒,338,桃農,46.2,21,6.2,23.1,2583
115.05.20,N04,FK6,甜椒-水果彩椒,338,桃農,120,119.6,115,118.8,80
115.05.20,N04,FK9,甜椒-進口,338,桃農,4.7,3,3,3.3,225
115.05.20,N04,FL92,豌豆-進口 紅花,338,桃農,168,163.7,93.3,150.5,60
115.05.20,N04,FL96,豌豆-進口 甜豌豆,338,桃農,170,139.6,50,127.7,104
115.05.20,N04,FM1,菜豆-白色,338,桃農,49.5,34.7,27.6,36.2,306
115.05.20,N04,FM2,菜豆-青色,338,桃農,42.9,30.3,18.1,30.4,2462
115.05.20,N04,FM3,菜豆-紅色,338,桃農,53,41.2,33.2,41.9,351
115.05.20,N04,FN1,敏豆-白豆,338,桃農,95.2,65,25.3,63.1,1514
115.05.20,N04,FN3,敏豆-粉豆,338,桃農,35,35,35,35,30
115.05.20,N04,FN4,敏豆-翼豆,338,桃農,30,30,30,30,252
115.05.20,N04,FN5,敏豆-醜豆,338,桃農,88.5,70.2,37.2,67.2,354
115.05.20,N04,FP2,萊豆-豆仁,338,桃農,155,155,155,155,12
115.05.20,N04,FQ1,毛豆-豆莢,338,桃農,47,45.9,25,41.9,52
115.05.20,N04,FQ2,毛豆-豆仁,338,桃農,135,129.8,63.5,117.6,169
115.05.20,N04,FR1,青花苔,338,桃農,42,26.4,20,28.3,240
115.05.20,N04,FR9,青花苔-進口,338,桃農,70,66.3,56.5,65.1,2826
115.05.20,N04,FT11,南瓜-木瓜型 阿成,338,桃農,27.8,20,12.6,20.1,2456
115.05.20,N04,FT12,南瓜-木瓜型 阿嬌,338,桃農,10,10,10,10,60
115.05.20,N04,FT2,南瓜-圓形,338,桃農,23.6,21.7,18.9,21.5,937
115.05.20,N04,FT5,南瓜-青如意,338,桃農,41,29.2,13.7,28.5,2973
115.05.20,N04,FT7,南瓜-栗子,338,桃農,16,16,16,16,40
115.05.20,N04,FT72,南瓜-栗子 小黑,338,桃農,39.4,36.7,32,36.3,501
115.05.20,N04,FT9,南瓜-進口,338,桃農,29,29,29,29,100
115.05.20,N04,FT97,南瓜-進口 栗子,338,桃農,15,15,15,15,60
115.05.20,N04,FU1,隼人瓜,338,桃農,16.7,8.9,4.1,9.5,1404
115.05.20,N04,FU2,隼人瓜-瓜苗,338,桃農,65.9,57.6,48,57.3,1359
115.05.20,N04,FU3,石蓮花,338,桃農,10,10,10,10,18
115.05.20,N04,FV0,辣椒-其他,338,桃農,28,28,28,28,11
115.05.20,N04,FV1,辣椒-紅小,338,桃農,55,52.2,19,46.1,87
115.05.20,N04,FV4,辣椒-朝天椒,338,桃農,45.5,35.6,23.1,35.1,723
115.05.20,N04,FV6,辣椒-糯米椒,338,桃農,127.8,99.4,53.4,95.9,169
115.05.20,N04,FW1,金針花,338,桃農,150,150,143.5,148.7,77
115.05.20,N04,FY41,玉米-玉米筍 帶殼,338,桃農,17.4,11.1,8,11.7,319
115.05.20,N04,FY5,玉米-糯米黑,338,桃農,32.2,19.6,5.9,19.4,3800
115.05.20,N04,FY6,玉米-甜軟殼,338,桃農,34.4,19.2,8.3,20.1,2100
115.05.20,N04,FY8,玉米-白龍王,338,桃農,50,49,31.1,45.6,320
115.05.20,N04,FY94,玉米-進口 玉米筍,338,桃農,23,22.4,22,22.4,2320
115.05.20,N04,FZ1,落花生-生,338,桃農,60,60,60,60,40
115.05.20,N05,G9,波蘿蜜,338,桃農,29,27,25,27,44
115.05.20,N05,I4,木瓜-青木瓜,338,桃農,33.7,26.6,15.3,25.8,774
115.05.20,N04,LA1,甘藍-初秋,338,桃農,25.4,21,10.6,19.8,26355
115.05.20,N04,LA2,甘藍-改良種,338,桃農,21,18.1,15.5,18.1,6170
115.05.20,N04,LA7,甘藍-改良尖,338,桃農,15,15,13.1,14.6,2805
115.05.20,N04,LB1,小白菜-土白菜,338,桃農,19.8,13.2,5.9,13,540
115.05.20,N04,LB2,小白菜-蚵仔白,338,桃農,15.7,8.6,4.8,9.3,3540
115.05.20,N04,LB3,小白菜-奶油白,338,桃農,21.2,5.5,4.3,8.4,1073
115.05.20,N04,LC0,包心白-其他,338,桃農,18,18,18,18,920
115.05.20,N04,LC1,包心白-包白,338,桃農,10.5,6.4,4.1,6.8,9480
115.05.20,N04,LC9,包心白-進口,338,桃農,23,23,23,23,150
115.05.20,N04,LC90,包心白菜-進口 其他,338,桃農,20,20,20,20,900
115.05.20,N04,LC93,包心白菜-進口 包頭蓮 ,338,桃農,22,20.9,16.5,20.3,3474
115.05.20,N04,LD1,青江白菜-小梗,338,桃農,16.4,8.7,4.5,9.4,4456
115.05.20,N04,LE1,皇宮菜-小葉,338,桃農,40.7,31.5,9.9,29,690
115.05.20,N04,LF1,蕹菜-大葉,338,桃農,27,27,27,27,150
115.05.20,N04,LF2,蕹菜-小葉,338,桃農,28.2,16.3,12.5,17.9,2712
115.05.20,N04,LF3,蕹菜-水蕹菜,338,桃農,69.1,51.6,45,53.8,789
115.05.20,N04,LG2,芹菜-白梗,338,桃農,68,58.6,44.5,57.6,1620
115.05.20,N04,LG3,芹菜-西洋芹菜,338,桃農,15,13,12,13.2,90
115.05.20,N04,LG9,芹菜-進口,338,桃農,43,43,43,43,180
115.05.20,N04,LH2,菠菜-角葉,338,桃農,43.6,25.2,15.6,27,2060
115.05.20,N04,LI2,萵苣菜-結球萵,338,桃農,43.4,31,13.2,29.9,903
115.05.20,N04,LI3,萵苣菜-本島圓葉,338,桃農,30.6,22.3,15,22.5,572
115.05.20,N04,LI4,萵苣菜-本島尖葉,338,桃農,10,7.3,7,7.8,80
115.05.20,N04,LI5,萵苣菜-油麥菜,338,桃農,19,12.6,5.5,12.5,5710
115.05.20,N04,LI6,萵苣菜-蘿美,338,桃農,25,25,25,25,36
115.05.20,N04,LI8,萵苣菜-水耕,338,桃農,72,45.6,33.6,48.5,525
115.05.20,N04,LI92,萵苣菜-進口 結球萵,338,桃農,50,21.3,18.9,26.6,461
115.05.20,N04,LI96,萵苣菜-進口 蘿美,338,桃農,40,40,40,40,152
115.05.20,N04,LJ3,芥菜-大芥菜,338,桃農,19.6,14.6,12,15.1,220
115.05.20,N04,LJ4,芥菜-小芥菜,338,桃農,12,10.4,5.5,9.7,286
115.05.20,N04,LK2,芥藍菜,338,桃農,14.3,5.6,2.4,6.7,940
115.05.20,N04,LK3,芥藍菜-芥藍芽,338,桃農,47.3,17.1,11.4,22,1902
115.05.20,N04,LM2,莧菜-白莧菜,338,桃農,24.2,10.8,7,12.7,230
115.05.20,N04,LN1,油菜,338,桃農,10.5,7.4,4.3,7.4,714
115.05.20,N04,LO1,甘薯葉,338,桃農,25.5,10.9,6.7,13,4494
115.05.20,N04,LP1,芫荽,338,桃農,138.7,57.3,36.5,69.4,739
115.05.20,N04,LP2,九層塔,338,桃農,73.9,33.3,19.5,38.7,995
115.05.20,N04,LQ1,紅鳳菜-紅鳳菜,338,桃農,53,39.6,35,41.4,400
115.05.20,N04,LT3,海菜-水蓮,338,桃農,140,135.5,130,135.3,96
115.05.20,N04,LX1,蕨菜-過貓,338,桃農,66.8,58.1,51.8,58.6,221
115.05.20,N04,MA2,洋菇-盒裝,338,桃農,60,60,60,60,100
115.05.20,N04,MC1,濕木耳,338,桃農,45,42.4,20,38.4,189
115.05.20,N04,MD1,濕香菇,338,桃農,100.8,78.5,55.3,78.3,498
115.05.20,N04,ME1,金絲菇-金針菇,338,桃農,7,6.5,6,6.5,500
115.05.20,N04,MJ1,杏鮑菇,338,桃農,105,53,20,56.8,851
115.05.20,N04,MK1,鴻喜菇,338,桃農,22,22,22,22,450
115.05.20,N04,MX1,其他菇類,338,桃農,55.6,22.4,22,29,804
115.05.20,N05,N3,李-紅肉李,338,桃農,51,42.3,34,42.4,79
115.05.20,N05,N4,李-黃肉李,338,桃農,30,28.9,25,28.3,30
115.05.20,N04,OX1,其他,338,桃農,51.5,27.2,10.3,28.7,308
115.05.20,N05,P1,番石榴-珍珠芭,338,桃農,40,35.9,13.9,32.3,470
115.05.20,N05,P3,番石榴-帝王芭,338,桃農,43,43,43,43,40
115.05.20,N05,R8,芒果-芒果青,338,桃農,15,8.3,7.3,9.4,326
115.05.20,N05,S1,葡萄-巨峰,338,桃農,70,70,70,70,18
115.05.20,N04,SA3,蘿蔔-矸仔,338,桃農,12.4,7.4,2.8,7.5,5731
115.05.20,N04,SA7,蘿蔔-甜菜根,338,桃農,28,28,28,28,50
115.05.20,N04,SA9,蘿蔔-進口,338,桃農,18.2,14.5,11.7,14.7,7780
115.05.20,N04,SB1,胡蘿蔔-未洗,338,桃農,17,15.2,3.5,13.2,487
115.05.20,N04,SB2,胡蘿蔔-清洗,338,桃農,19.7,13.5,8.3,13.7,5690
115.05.20,N04,SC1,馬鈴薯-本產,338,桃農,23.6,16.2,8,16.1,3216
115.05.20,N04,SC9,馬鈴薯-進口,338,桃農,12,10.5,8.7,10.5,780
115.05.20,N04,SD1,洋蔥-本產,338,桃農,22,17.5,7,16.3,3240
115.05.20,N04,SD9,洋蔥-進口,338,桃農,23,23,23,23,360
115.05.20,N04,SE5,青蔥-紅蔥頭,338,桃農,15,15,15,15,20
115.05.20,N04,SE6,青蔥-粉蔥,338,桃農,60.2,50.8,45.4,51.6,3353
115.05.20,N04,SF1,韭菜-白頭,338,桃農,36,25.4,15,25.4,128
115.05.20,N04,SF2,韭菜-韭菜黃,338,桃農,120,118.9,115,118.3,108
115.05.20,N04,SF3,韭菜-韭菜花,338,桃農,80.4,48.1,38.1,52.6,425
115.05.20,N04,SF4,韭菜-青頭,338,桃農,36.2,23.5,10.1,23.3,827
115.05.20,N04,SG2,大蒜-軟梗,338,桃農,75.8,46.1,18.7,46.6,724
115.05.20,N04,SG5,大蒜-蒜頭,338,桃農,85,75,52,72.4,76
115.05.20,N04,SG7,大蒜-蒜瓣,338,桃農,129.7,83.5,31.7,82.4,190
115.05.20,N04,SH2,竹筍-綠竹筍,338,桃農,200,147.2,130,154.3,280
115.05.20,N04,SH5,竹筍-烏殼綠,338,桃農,51.3,38.8,33.6,40.3,3780
115.05.20,N04,SH7,竹筍-去殼,338,桃農,28,28,28,28,40
115.05.20,N04,SJ2,芋-檳榔心芋,338,桃農,48,36.2,10,33.3,900
115.05.20,N04,SL1,豆薯,338,桃農,22,21.2,20,21.1,330
115.05.20,N04,SM9,牛蒡-進口,338,桃農,20,20,20,20,100
115.05.20,N04,SO0,甘薯-其他,338,桃農,19,12.4,7,12.6,470
115.05.20,N04,SO1,甘薯-臺農57號,338,桃農,22.4,14.7,9,15.1,1776
115.05.20,N04,SO2,甘薯-芋仔甘薯,338,桃農,15,13.6,10,13.2,325
115.05.20,N04,SO3,甘薯-臺農66號,338,桃農,23.1,11.7,5,12.6,989
115.05.20,N04,SP0,薑-其他,338,桃農,106,103,100,103,108
115.05.20,N04,SP1,薑-老薑,338,桃農,160,133,110,133.8,162
115.05.20,N04,SP2,薑-嫩薑,338,桃農,120,104.3,91.7,104.9,270
115.05.20,N04,SQ1,茭白筍-帶殼,338,桃農,89.4,67.2,49.9,68.2,1200
115.05.20,N04,SQ3,茭白筍-去殼,338,桃農,136.9,125,82.4,118.9,472
115.05.20,N04,SU2,薯蕷-白薯蕷,338,桃農,35,35,35,35,25
115.05.20,N04,SU21,薯蕷-白薯蕷 人參,338,桃農,88,52.4,24.2,53.9,557
115.05.20,N04,SU9,薯蕷-進口,338,桃農,150,128.8,37,114.7,160
115.05.20,N04,SV1,蘆筍-白蘆筍,338,桃農,235,235,235,235,3
115.05.20,N04,SV2,蘆筍-綠蘆筍,338,桃農,157.5,116.5,77.9,117,204
115.05.20,N04,SV92,蘆筍-進口 綠蘆筍,338,桃農,167.6,137.9,114.8,139.2,489
115.05.20,N04,SZ8,香茅,338,桃農,35,30.2,22.6,29.6,113
115.05.20,N05,T2,西瓜-無子西瓜,338,桃農,12,12,11,11.8,210
115.05.20,N05,T4,西瓜-鳳光英妙,338,桃農,7,5.4,5,5.7,540
115.05.20,N05,T5,西瓜-黃肉,338,桃農,4,4,4,4,1239
115.05.20,N05,T8,西瓜-甜美人,338,桃農,7,6.2,6,6.3,180
115.05.20,N05,V1,甜瓜-美濃,338,桃農,10.9,2,2,3.8,525
115.05.20,N05,Y3,桃子-甜桃,338,桃農,85.8,44.3,16.1,47,539
115.05.20,N05,11,椰子,400,台中市,19,16.7,14,16.9,3500
115.05.20,N05,469,藍莓-進口,400,台中市,250,250,250,250,2260
115.05.20,N05,50,百香果-其他,400,台中市,130,130,130,130,6
115.05.20,N05,51,百香果-改良種,400,台中市,136.7,100.2,54.8,113.9,3076
115.05.20,N05,61,甘蔗-帶皮,400,台中市,12,9,5,10.1,6530
115.05.20,N05,72,小番茄-聖女,400,台中市,68.3,58.9,39.2,59,8748
115.05.20,N05,74,小番茄-玉女,400,台中市,148.6,113.3,85.1,119.5,1260
115.05.20,N05,812,紅龍果-紅肉,400,台中市,77.2,54.3,30,50.8,1272
115.05.20,N05,839,櫻桃-進口,400,台中市,500,500,500,500,300
115.05.20,N05,859,榴槤-進口,400,台中市,125,125,125,125,15164
115.05.20,N05,91,其他,400,台中市,100,60.6,30,68.2,4094
115.05.20,N05,919,其他-進口,400,台中市,125,125,125,125,504
115.05.20,N05,A0,香蕉-其他,400,台中市,18,18,18,18,20
115.05.20,N05,A1,香蕉,400,台中市,27.5,24.2,18.4,24.7,21377
115.05.20,N05,A2,香蕉-芭蕉紅芭蕉,400,台中市,71.4,44.6,27.1,46.1,1041
115.05.20,N05,A3,香蕉-旦蕉,400,台中市,44,43,42,43.1,13
115.05.20,N05,A4,香蕉-越旦,400,台中市,24.1,19.6,15.1,20,1582
115.05.20,N05,B2,鳳梨-金鑽鳳梨,400,台中市,30.7,23.3,17.2,25.6,100518
115.05.20,N05,B6,鳳梨-甜蜜蜜,400,台中市,10,10,10,10,64
115.05.20,N05,C2,茂谷柑,400,台中市,37,37,37,37,360
115.05.20,N05,D1,桶柑,400,台中市,100,90,70,82.9,700
115.05.20,N05,E9,甜橙-進口,400,台中市,10,10,10,10,21
115.05.20,N05,F1,雜柑-檸檬,400,台中市,71.2,62.4,48.8,64.5,3948
115.05.20,N05,F4,雜柑-桔子,400,台中市,70,60,15,60.5,866
115.05.20,N05,F5,雜柑-無子檸檬,400,台中市,125.3,82.4,54.7,101.4,448
115.05.20,N04,FA1,黃秋葵,400,台中市,81.1,40.9,14.8,39.9,810
115.05.20,N06,FA800,康乃馨-多朵(混色),400,台中市場,20,20,20,20,30
115.05.20,N06,FA985,繡球撫子-綠石竹,400,台中市場,100,100,99,99.6,25
115.05.20,N06,FB001,火鶴花-混色,400,台中市場,6,6,6,6,42
115.05.20,N04,FB1,花椰菜-青梗,400,台中市,26,20.7,13.3,21.9,2134
115.05.20,N06,FB111,火鶴花-月光,400,台中市場,7,5,5,5.6,137
115.05.20,N06,FB113,火鶴花-紅鈴,400,台中市場,14,8,5,8.7,545
115.05.20,N06,FB114,火鶴花-紅星,400,台中市場,11,9,5,8.4,495
115.05.20,N06,FB115,火鶴花-維納斯,400,台中市場,10,6,5,6.6,400
115.05.20,N06,FB407,火鶴花-夢幻,400,台中市場,12,7,5,7.4,1202
115.05.20,N06,FB415,火鶴花-羅莎,400,台中市場,14,12,6,11.4,775
115.05.20,N06,FB419,火鶴花-太極,400,台中市場,14,12,5,11.3,452
115.05.20,N06,FB420,火鶴花-小紅莓,400,台中市場,9,9,9,9,49
115.05.20,N06,FB426,火鶴花-粉蕾絲,400,台中市場,5,5,5,5,80
115.05.20,N06,FB500,火鶴花-翠綠,400,台中市場,12,10,9,10.2,85
115.05.20,N06,FB601,火鶴花-白青心,400,台中市場,5,5,5,5,55
115.05.20,N06,FB607,火鶴花-月亮女神,400,台中市場,11,11,11,11,55
115.05.20,N06,FB608,火鶴花-戀愛,400,台中市場,18,16,15,16.4,87
115.05.20,N06,FB801,火鶴花-咖啡條紋,400,台中市場,12,12,12,12,60
115.05.20,N06,FB802,火鶴花-大地,400,台中市場,11,6,5,6.9,265
115.05.20,N06,FC001,大菊-混合色,400,台中市場,25,25,25,25,30
115.05.20,N04,FC1,胡瓜-黑刺,400,台中市,25.5,14.4,8.3,15,3432
115.05.20,N06,FC300,大菊-黃,400,台中市場,27,22,20,22.4,74
115.05.20,N06,FC316,大菊-黃精競,400,台中市場,23,20,20,20.6,173
115.05.20,N06,FC350,大菊-黃乒乓,400,台中市場,40,40,40,40,25
115.05.20,N06,FC601,大菊-日本白,400,台中市場,170,170,170,170,32
115.05.20,N06,FC613,大菊-白天星,400,台中市場,55,45,25,42.9,365
115.05.20,N06,FC800,大菊-染色大菊,400,台中市場,71,65,55,64.3,89
115.05.20,N06,FC801,染大菊-國王,400,台中市場,62,62,62,62,25
115.05.20,N06,FC804,染大菊-白天星,400,台中市場,80,80,80,80,48
115.05.20,N06,FC805,染大菊-白東洋,400,台中市場,44,44,44,44,60
115.05.20,N04,FD0,花胡瓜-其他,400,台中市,51.5,33,10.9,32.9,1152
115.05.20,N06,FD001,小菊-混合色,400,台中市場,28,23,20,23.3,60
115.05.20,N04,FD1,花胡瓜,400,台中市,32,18.7,6.1,21,6591
115.05.20,N06,FD131,小菊-小紅娘,400,台中市場,31,30,26,29.1,80
115.05.20,N06,FD138,小菊-卡洛琳,400,台中市場,65,65,65,65,30
115.05.20,N06,FD200,小菊-金,400,台中市場,33,25,20,25.6,60
115.05.20,N06,FD300,小菊-黃,400,台中市場,47,43,35,42.4,65
115.05.20,N06,FD308,小菊-黃丁字菊,400,台中市場,43,43,43,43,16
115.05.20,N06,FD309,小菊-日本黃,400,台中市場,41,41,41,41,30
115.05.20,N06,FD422,小菊-吉祥小粉,400,台中市場,69,55,43,55.5,145
115.05.20,N06,FD423,小菊-粉日記,400,台中市場,40,40,40,40,15
115.05.20,N06,FD456,小菊-卡洛粉,400,台中市場,50,48,45,47.5,51
115.05.20,N06,FD645,小菊-白斯不列,400,台中市場,120,120,120,120,70
115.05.20,N06,FD657,小菊-西維亞白,400,台中市場,32,31,29,30.6,51
115.05.20,N06,FD800,小菊-染色小菊,400,台中市場,40,40,40,40,25
115.05.20,N06,FD801,染小菊-芬蘭,400,台中市場,53,53,53,53,25
115.05.20,N06,FE001,非洲菊-混合色,400,台中市場,48,28,20,30.7,385
115.05.20,N04,FE1,冬瓜-白皮,400,台中市,8.4,5,2.5,5.7,2946
115.05.20,N06,FE205,非洲菊-哈利熊,400,台中市場,29,22,20,23,90
115.05.20,N06,FE401,非洲菊-伊斯瑪拉,400,台中市場,48,48,48,48,26
115.05.20,N06,FE409,非洲菊-粉紅魅力,400,台中市場,45,42,31,40.3,90
115.05.20,N06,FE416,非洲菊-熱情粉,400,台中市場,54,25,20,29.8,330
115.05.20,N06,FE600,非洲菊-白,400,台中市場,43,38,32,38.1,85
115.05.20,N06,FE900,非洲菊-迷你混色,400,台中市場,21,21,21,21,25
115.05.20,N04,FF0,絲瓜-其他,400,台中市,37.4,28,18.4,28.2,691
115.05.20,N04,FF1,絲瓜,400,台中市,30.2,21.7,11.4,21.1,10125
115.05.20,N04,FF2,絲瓜-角瓜,400,台中市,30,30,22,28.3,195
115.05.20,N04,FG1,苦瓜-白大米,400,台中市,34.5,22.2,11.7,23.1,5296
115.05.20,N04,FG2,苦瓜-青大米,400,台中市,29.2,17.4,8.3,16.6,1110
115.05.20,N04,FG3,苦瓜-山苦瓜,400,台中市,96,86.5,76,86.3,64
115.05.20,N04,FG4,苦瓜-翠綠,400,台中市,39,23.7,14,26.6,437
115.05.20,N06,FH000,其它花卉,400,台中市場,75,34,15,38.2,172
115.05.20,N06,FH006,黃梔花,400,台中市場,60,49,35,48.6,510
115.05.20,N04,FH1,扁蒲-長形,400,台中市,8,5,3.7,5.6,371
115.05.20,N06,FH101,天堂鳥,400,台中市場,82,55,40,57.4,84
115.05.20,N06,FH112,小天堂鳥-桔帶紅,400,台中市場,35,27,20,27.3,31
115.05.20,N06,FH135,垂焦,400,台中市場,14,14,14,14,80
115.05.20,N06,FH158,紅薑花,400,台中市場,60,60,60,60,20
115.05.20,N06,FH195,玉蘭花,400,台中市場,200,200,200,200,1
115.05.20,N06,FH232,夜來香-重瓣,400,台中市場,33,33,33,33,14
115.05.20,N06,FH251,秀線,400,台中市場,31,23,17,23.1,32
115.05.20,N06,FH293,向日葵-單瓣,400,台中市場,106,95,85,95,90
115.05.20,N04,FH3,扁蒲-花蒲,400,台中市,14.5,7.3,4.7,8.2,7298
115.05.20,N06,FH311,大理花-紅色,400,台中市場,15,15,15,15,10
115.05.20,N06,FH318,大理花-雙色,400,台中市場,45,45,45,45,9
115.05.20,N06,FH330,雞冠花,400,台中市場,60,60,60,60,13
115.05.20,N06,FH331,雞冠花-清紅,400,台中市場,90,62,31,60.5,32
115.05.20,N06,FH336,垂雞冠,400,台中市場,61,61,61,61,33
115.05.20,N06,FH364,金魚草-粉色,400,台中市場,35,25,15,24.8,41
115.05.20,N06,FH381,麒麟草,400,台中市場,24,20,20,21,366
115.05.20,N04,FH4,扁蒲-梨子蒲,400,台中市,19.3,8.5,5,13.3,675
115.05.20,N06,FH460,繡球花,400,台中市場,20,16,12,16.2,67
115.05.20,N06,FH464,繡球花-粉,400,台中市場,50,50,50,50,20
115.05.20,N06,FH466,繡球花-白,400,台中市場,49,32,29,34.9,68
115.05.20,N06,FH522,迥香-白,400,台中市場,61,61,61,61,25
115.05.20,N06,FH640,睡蓮,400,台中市場,65,52,21,48.8,38
115.05.20,N06,FH670,茉莉花,400,台中市場,22,14,10,14.8,150
115.05.20,N06,FH710,深山櫻,400,台中市場,80,80,80,80,30
115.05.20,N06,FH750,百子蓮(愛情花),400,台中市場,18,12,5,12,345
115.05.20,N04,FI0,茄子-其他,400,台中市,12.7,9.8,5.7,9.3,187
115.05.20,N04,FI2,茄子-麻荸茄,400,台中市,25.3,12.6,6.2,15.9,5551
115.05.20,N04,FI3,茄子-日本種,400,台中市,17,10,5,9.6,226
115.05.20,N04,FJ1,番茄-黑柿,400,台中市,43,43,43,43,14
115.05.20,N04,FJ3,番茄-牛番茄,400,台中市,70.2,51.9,33,54.6,5116
115.05.20,N04,FK3,甜椒-新香,400,台中市,40,12.7,5,18.4,84
115.05.20,N04,FK40,甜椒-彩色種 其他,400,台中市,34,29,24,29.7,23
115.05.20,N04,FK41,甜椒-彩色種 紅色,400,台中市,48.3,34.2,13.8,33.3,754
115.05.20,N04,FK42,甜椒-彩色種 黃色,400,台中市,45,28.3,15,30.5,671
115.05.20,N04,FK5,甜椒-青椒,400,台中市,33.9,21.5,8.2,20.4,3356
115.05.20,N04,FK6,甜椒-水果彩椒,400,台中市,114.5,101.4,63.5,101.4,145
115.05.20,N04,FL96,豌豆-進口 甜豌豆,400,台中市,85,70.5,56,70.5,24
115.05.20,N06,FM063,重瓣百合-白三朵,400,台中市場,350,350,350,350,10
115.05.20,N04,FM1,菜豆-白色,400,台中市,44,44,44,44,20
115.05.20,N06,FM119,重瓣百合-達琳達多朵,400,台中市場,250,241,230,240.7,15
115.05.20,N04,FM2,菜豆-青色,400,台中市,42.3,30.7,18.8,33.4,2268
115.05.20,N04,FN1,敏豆-白豆,400,台中市,83.8,48.5,13.9,50,1717
115.05.20,N04,FN5,敏豆-醜豆,400,台中市,64,37,8.3,43.6,301
115.05.20,N06,FO003,腎藥蘭-曼谷火焰,400,台中市場,12,6,5,6.9,560
115.05.20,N06,FO007,千代蘭,400,台中市場,11,7,5,7.2,760
115.05.20,N06,FO009,萬代蘭,400,台中市場,10,10,10,10,130
115.05.20,N06,FO027,萬代蘭-巨輪紫,400,台中市場,50,41,32,40.4,32
115.05.20,N06,FO335,檸檬綠文心蘭,400,台中市場,161,114,76,115.9,190
115.05.20,N06,FO340,文心蘭-愛琳娜,400,台中市場,38,38,38,38,16
115.05.20,N04,FP1,萊豆-豆莢,400,台中市,45,33.7,20,38.6,62
115.05.20,N04,FP2,萊豆-豆仁,400,台中市,111.5,99,52,94.9,45
115.05.20,N04,FQ1,毛豆-豆莢,400,台中市,64.3,56,20.3,53.3,498
115.05.20,N04,FQ2,毛豆-豆仁,400,台中市,139,133.3,118.3,129.2,302
115.05.20,N06,FR000,玫瑰,400,台中市場,161,85,32,89,87
115.05.20,N06,FR001,玫瑰-混合色,400,台中市場,415,348,303,359,8
115.05.20,N04,FR1,青花苔,400,台中市,60,58.5,57,57.8,27
115.05.20,N06,FR100,玫瑰-紅,400,台中市場,389,94,28,137.5,72
115.05.20,N06,FR116,玫瑰-翡翠紅,400,台中市場,169,134,90,132.2,14
115.05.20,N06,FR117,玫瑰-萬年紅,400,台中市場,108,49,22,55,207
115.05.20,N06,FR120,玫瑰-埔里之星,400,台中市場,156,152,150,152.3,15
115.05.20,N06,FR208,玫瑰-香吉士,400,台中市場,242,242,242,242,4
115.05.20,N06,FR300,玫瑰-黃,400,台中市場,220,90,51,106.3,42
115.05.20,N06,FR400,玫瑰-粉,400,台中市場,104,90,81,92.5,8
115.05.20,N06,FR408,玫瑰-黛安娜粉,400,台中市場,134,98,63,98.2,101
115.05.20,N06,FR412,玫瑰-新香檳粉,400,台中市場,51,41,31,41,14
115.05.20,N06,FR429,玫瑰-鐵達尼,400,台中市場,121,116,110,115.5,10
115.05.20,N06,FR436,玫瑰-翡翠粉,400,台中市場,150,121,40,110.5,86
115.05.20,N06,FR439,玫瑰-翡翠香檳,400,台中市場,220,166,74,159.7,53
115.05.20,N06,FR451,玫瑰-翡翠佳人,400,台中市場,31,31,31,31,10
115.05.20,N06,FR455,玫瑰-翡翠珍珠,400,台中市場,277,204,59,185.8,32
115.05.20,N06,FR458,玫瑰-粉紅珠,400,台中市場,92,72,59,72.9,27
115.05.20,N06,FR461,玫瑰-新娘粉,400,台中市場,450,444,432,442.8,10
115.05.20,N06,FR607,玫瑰-翡翠白,400,台中市場,163,86,43,92.9,139
115.05.20,N06,FR705,玫瑰-紫天王,400,台中市場,149,112,39,104.7,36
115.05.20,N06,FR715,玫瑰-紫霧,400,台中市場,135,120,99,117,12
115.05.20,N06,FR816,玫瑰-愛麗絲,400,台中市場,184,184,184,184,6
115.05.20,N04,FR9,青花苔-進口,400,台中市,79.2,70.8,67.6,71.7,1980
115.05.20,N06,FS011,香水百合-紅單朵,400,台中市場,49,49,49,49,20
115.05.20,N06,FS012,香水百合-紅雙朵,400,台中市場,104,103,102,103,28
115.05.20,N06,FS013,香水百合-紅三朵,400,台中市場,121,121,121,121,12
115.05.20,N06,FS350,香水百合-索邦妮,400,台中市場,103,103,103,103,15
115.05.20,N06,FS359,香水百合-索邦妮多朵,400,台中市場,129,123,110,121.4,60
115.05.20,N06,FS479,水晶香水-多朵,400,台中市場,253,253,253,253,30
115.05.20,N06,FS600,OT康卡多,400,台中市場,103,103,103,103,11
115.05.20,N06,FS603,OT康卡多-三朵,400,台中市場,200,154,150,162.5,40
115.05.20,N06,FS609,OT康卡多-多朵,400,台中市場,212,167,156,173.7,156
115.05.20,N06,FS631,OT曼尼薩-單朵,400,台中市場,150,150,150,150,12
115.05.20,N06,FS632,OT曼尼薩-雙朵,400,台中市場,133,133,133,133,48
115.05.20,N06,FS770,OT百合-節奏舞者,400,台中市場,129,115,103,114.8,22
115.05.20,N06,FS773,OT百合-節奏舞者三朵,400,台中市場,120,120,119,119.5,22
115.05.20,N06,FS779,OT百合-節奏舞者多朵,400,台中市場,199,142,119,148.8,180
115.05.20,N06,FS792,OT百合-維尼雙朵,400,台中市場,108,108,108,108,14
115.05.20,N06,FS793,OT百合-維尼三朵,400,台中市場,133,133,133,133,24
115.05.20,N06,FS799,OT百合-維尼多朵,400,台中市場,143,143,143,143,10
115.05.20,N06,FS850,OT瑪丹娜,400,台中市場,30,30,30,30,36
115.05.20,N06,FS852,OT瑪丹娜-雙朵,400,台中市場,30,30,30,30,16
115.05.20,N06,FS870,OT大連,400,台中市場,45,45,45,45,8
115.05.20,N06,FS871,OT大連-單朵,400,台中市場,144,131,94,126.7,43
115.05.20,N06,FS872,OT大連-雙朵,400,台中市場,131,100,63,99,121
115.05.20,N06,FS873,OT大連-三朵,400,台中市場,178,154,71,142.5,158
115.05.20,N06,FS879,OT大連-多朵,400,台中市場,261,214,89,198.3,54
115.05.20,N06,FS963,OT試金石-三朵,400,台中市場,140,140,140,140,12
115.05.20,N06,FS969,OT試金石-多朵,400,台中市場,144,88,49,91.2,74
115.05.20,N06,FS970,OT紅福特,400,台中市場,153,153,153,153,9
115.05.20,N06,FS972,OT紅福特-雙朵,400,台中市場,80,80,80,80,16
115.05.20,N06,FS973,OT紅福特-三朵,400,台中市場,150,148,101,139.1,54
115.05.20,N06,FS979,OT紅福特-多朵,400,台中市場,201,197,180,194.7,88
115.05.20,N04,FT0,南瓜-其他,400,台中市,20,20,20,20,18
115.05.20,N04,FT1,南瓜-木瓜形,400,台中市,18,18,18,18,60
115.05.20,N04,FT11,南瓜-木瓜型 阿成,400,台中市,23.3,18.6,10.7,17.6,3422
115.05.20,N04,FT12,南瓜-木瓜型 阿嬌,400,台中市,6,6,6,6,60
115.05.20,N04,FT2,南瓜-圓形,400,台中市,16,15,8,13.3,57
115.05.20,N04,FT5,南瓜-青如意,400,台中市,53.7,26.6,8.8,31.5,4594
115.05.20,N04,FT6,南瓜-東昇,400,台中市,40,40,40,40,80
115.05.20,N04,FT7,南瓜-栗子,400,台中市,35,12,10,20.9,141
115.05.20,N04,FT97,南瓜-進口 栗子,400,台中市,30,27,16.2,27.5,1634
115.05.20,N06,FU000,洋桔梗,400,台中市場,173,79,23,86.9,124
115.05.20,N04,FU1,隼人瓜,400,台中市,10.6,7,5,7.1,1642
115.05.20,N04,FU2,隼人瓜-瓜苗,400,台中市,77.6,50,28.2,48.5,897
115.05.20,N04,FU3,石蓮花,400,台中市,35,35,35,35,12
115.05.20,N06,FU402,洋桔梗-雙瓣(混色),400,台中市場,150,65,25,74.7,113
115.05.20,N06,FU420,洋桔梗-新喜香檳,400,台中市場,137,137,137,137,8
115.05.20,N06,FU421,洋桔梗-小夏橘,400,台中市場,150,150,150,150,10
115.05.20,N06,FU432,洋桔梗-雙瓣黃,400,台中市場,80,76,52,71.8,34
115.05.20,N06,FU441,洋桔梗-順風粉,400,台中市場,240,169,97,168.5,14
115.05.20,N06,FU442,洋桔梗-雙瓣粉,400,台中市場,144,64,22,71.4,245
115.05.20,N06,FU449,洋桔梗-艾瑞娜彩粉,400,台中市場,102,102,101,101.6,20
115.05.20,N06,FU451,洋桔梗-順風杏粉,400,台中市場,180,180,180,180,7
115.05.20,N06,FU452,洋吉梗-雙瓣彩藍,400,台中市場,111,111,111,111,12
115.05.20,N06,FU453,洋桔梗-雙瓣綠,400,台中市場,110,92,51,86,27
115.05.20,N06,FU458,洋桔梗-艾瑞娜綠,400,台中市場,138,138,138,138,10
115.05.20,N06,FU459,洋桔梗-琥珀綠,400,台中市場,198,144,110,146.9,32
115.05.20,N06,FU462,洋桔梗-雙瓣白,400,台中市場,48,25,20,28.9,74
115.05.20,N06,FU465,洋桔梗-名人華麗白,400,台中市場,150,93,30,92.2,133
115.05.20,N06,FU469,洋桔梗-皇后白,400,台中市場,141,95,68,101.7,13
115.05.20,N06,FU471,洋桔梗-重瓣淺紫,400,台中市場,157,45,34,64.5,52
115.05.20,N06,FU472,洋桔梗-重瓣紫,400,台中市場,230,173,140,180,18
115.05.20,N06,FU478,洋桔梗-羅西娜紫,400,台中市場,143,102,20,93.8,20
115.05.20,N06,FU482,洋桔梗-拉弗爾酒彩,400,台中市場,205,203,200,202.5,14
115.05.20,N06,FU484,洋桔梗-N系列淺紫,400,台中市場,266,256,252,257.4,13
115.05.20,N06,FU572,洋桔梗-雙瓣白紫邊,400,台中市場,148,99,20,93,30
115.05.20,N06,FU641,洋桔梗-女王３彩粉,400,台中市場,167,64,20,75.1,16
115.05.20,N06,FU642,洋桔梗-斐諾淺粉,400,台中市場,173,171,168,170.5,16
115.05.20,N04,FV0,辣椒-其他,400,台中市,36,5,5,13.7,25
115.05.20,N04,FV1,辣椒-紅小,400,台中市,45,27,4.3,22.4,202
115.05.20,N04,FV2,辣椒-青小,400,台中市,38,32.3,28,31.4,163
115.05.20,N04,FV4,辣椒-朝天椒,400,台中市,40.2,30.8,19.7,30.8,857
115.05.20,N04,FV6,辣椒-糯米椒,400,台中市,111.5,61.8,45,75.3,129
115.05.20,N04,FW1,金針花,400,台中市,251.3,172,106.7,163.6,42
115.05.20,N04,FW2,洛神花,400,台中市,230,230,230,230,5
115.05.20,N06,FW240,粉孔雀,400,台中市場,20,20,20,20,75
115.05.20,N06,FW471,卡斯比亞-帶葉,400,台中市場,46,46,46,46,50
115.05.20,N06,FW472,卡斯比亞-無葉,400,台中市場,40,37,31,36.2,121
115.05.20,N06,FW560,滿天星-白,400,台中市場,121,114,60,104.7,150
115.05.20,N04,FY0,玉米-其他,400,台中市,28,28,28,28,180
115.05.20,N06,FY000,切葉類,400,台中市場,10,10,10,10,20
115.05.20,N06,FY001,尤加利葉,400,台中市場,70,43,20,44.1,280
115.05.20,N06,FY002,壽松,400,台中市場,50,50,50,50,35
115.05.20,N06,FY003,唐棉,400,台中市場,50,43,40,43.8,58
115.05.20,N06,FY004,黃椰心葉,400,台中市場,106,91,63,88.2,101
115.05.20,N06,FY009,電信蘭葉,400,台中市場,34,17,11,19.5,224
115.05.20,N06,FY013,星點木,400,台中市場,51,51,51,51,34
115.05.20,N06,FY015,葉蘭,400,台中市場,60,56,40,53.3,60
115.05.20,N06,FY017,八角金盤,400,台中市場,30,28,26,28,154
115.05.20,N06,FY035,龍文蘭,400,台中市場,12,12,12,12,50
115.05.20,N06,FY050,山蘇葉,400,台中市場,24,12,10,14.1,170
115.05.20,N06,FY057,百合竹,400,台中市場,50,36,22,36.1,537
115.05.20,N06,FY086,綠春蘭葉,400,台中市場,0,0,0,0,0
115.05.20,N06,FY093,水燭葉,400,台中市場,20,18,16,17.8,369
115.05.20,N06,FY094,斑葉蘭,400,台中市場,70,70,70,70,80
115.05.20,N04,FY4,玉米-玉米筍,400,台中市,52,34.5,10,20.9,119
115.05.20,N04,FY41,玉米-玉米筍 帶殼,400,台中市,31.3,12.4,5.3,13.4,1955
115.05.20,N04,FY5,玉米-糯米黑,400,台中市,19.8,8.8,4.8,10.5,1145
115.05.20,N04,FY6,玉米-甜軟殼,400,台中市,20,9.8,3.3,12.4,1096
115.05.20,N04,FY8,玉米-白龍王,400,台中市,39.7,13.2,4,26.1,1059
115.05.20,N06,FY980,玉羊齒,400,台中市場,40,40,40,40,10
115.05.20,N06,FY981,高山羊齒,400,台中市場,18,18,18,18,50
115.05.20,N06,FY991,青竹,400,台中市場,36,36,36,36,10
115.05.20,N06,FY993,白竹,400,台中市場,62,45,24,44,331
115.05.20,N06,FY996,蓮花竹,400,台中市場,8,8,8,8,55
115.05.20,N05,G2,黃金果,400,台中市,130,115,100,121.4,35
115.05.20,N05,G3,酪梨,400,台中市,186.2,166.9,118.2,160.3,891
115.05.20,N05,G49,奇異果-進口,400,台中市,125,125,125,125,7756
115.05.20,N05,G7,橄欖,400,台中市,15,15,15,15,2
115.05.20,N05,G9,波蘿蜜,400,台中市,13.7,10.8,10,11.7,128
115.05.20,N05,H49,葡萄柚-紅肉進口,400,台中市,125,125,125,125,560
115.05.20,N05,I1,木瓜-網室紅肉,400,台中市,45.6,27.6,15.9,29.4,27034
115.05.20,N06,IA000,進口康乃馨-中大輪,400,台中市場,300,300,300,300,15
115.05.20,N06,IA001,進口康乃馨-混合色,400,台中市場,121,121,121,121,60
115.05.20,N06,IA102,進口康乃馨-深紅,400,台中市場,50,50,50,50,10
115.05.20,N06,IA400,進口康乃馨-粉,400,台中市場,69,69,69,69,20
115.05.20,N06,IC321,進口大菊-安娜黃,400,台中市場,50,50,50,50,8
115.05.20,N06,IC421,進口大菊-安娜星粉,400,台中市場,100,100,100,100,10
115.05.20,N06,IC608,進口大菊-白乒乓,400,台中市場,65,65,65,65,3
115.05.20,N06,IC623,進口大菊-美格白,400,台中市場,103,103,103,103,10
115.05.20,N06,IC624,進口大菊-真誠白,400,台中市場,91,91,91,91,10
115.05.20,N06,IC625,進口大菊-上旋白,400,台中市場,95,95,95,95,10
115.05.20,N06,IC800,進口染色大菊,400,台中市場,83,63,48,63.9,360
115.05.20,N06,IC803,進口染色大菊-牡丹,400,台中市場,263,229,191,228,95
115.05.20,N06,ID000,進口小菊,400,台中市場,90,90,90,90,18
115.05.20,N06,ID001,進口小菊-混合色,400,台中市場,82,82,82,82,24
115.05.20,N06,ID471,進口小菊-卡莉粉,400,台中市場,65,65,65,65,18
115.05.20,N06,ID803,進口染色小菊-奇克,400,台中市場,111,103,101,104.3,30
115.05.20,N06,IH062,進口水仙百合-雙色,400,台中市場,140,140,140,140,3
115.05.20,N06,IH464,繡球花-粉,400,台中市場,71,71,71,71,20
115.05.20,N06,IH466,繡球花-白,400,台中市場,71,71,71,71,100
115.05.20,N06,IO519,進口石斛蘭-深紅,400,台中市場,95,80,59,78.8,100
115.05.20,N06,IW560,進口滿天星-白,400,台中市場,215,215,215,215,39
115.05.20,N06,IW580,滿天星-染色,400,台中市場,209,199,139,189,119
115.05.20,N06,IY087,進口樺木(假葉),400,台中市場,100,100,100,100,15
115.05.20,N05,J0,荔枝-其他,400,台中市,67.5,48,35,51.9,1722
115.05.20,N05,J1,荔枝-玉荷包,400,台中市,142.4,108.1,71.1,110,15624
115.05.20,N04,LA1,甘藍-初秋,400,台中市,26,23.7,15,23.2,7172
115.05.20,N04,LA2,甘藍-改良種,400,台中市,22,17.8,6,17.7,3620
115.05.20,N04,LA4,甘藍-紫色,400,台中市,10,10,10,10,50
115.05.20,N04,LA7,甘藍-改良尖,400,台中市,22.2,15.8,14.4,16.4,3772
115.05.20,N04,LA92,甘藍-進口 改良種,400,台中市,12,12,12,12,40
115.05.20,N04,LB2,小白菜-蚵仔白,400,台中市,14.5,10,7,9.8,2188
115.05.20,N04,LB3,小白菜-奶油白,400,台中市,30.6,15.2,4.8,13.1,1197
115.05.20,N04,LC0,包心白-其他,400,台中市,15,10,5.5,9.9,1256
115.05.20,N04,LC1,包心白-包白,400,台中市,13.7,10.5,8.3,10.5,3668
115.05.20,N04,LC3,包心白-包頭蓮,400,台中市,15.5,13.5,12,13.7,2600
115.05.20,N04,LC93,包心白菜-進口 包頭蓮 ,400,台中市,25,19.7,16,22.1,525
115.05.20,N04,LD1,青江白菜-小梗,400,台中市,39.2,8.9,5,9.8,3861
115.05.20,N04,LE1,皇宮菜-小葉,400,台中市,37.2,17.2,9.6,19.4,460
115.05.20,N04,LF2,蕹菜-小葉,400,台中市,22.8,16.9,10,16,2043
115.05.20,N04,LF3,蕹菜-水蕹菜,400,台中市,36,30,19,32.5,712
115.05.20,N04,LG2,芹菜-白梗,400,台中市,65,55.4,31.7,52.1,324
115.05.20,N04,LG3,芹菜-西洋芹菜,400,台中市,15,13.5,12,12.8,74
115.05.20,N04,LG9,芹菜-進口,400,台中市,38,38,38,38,80
115.05.20,N04,LH1,菠菜-圓葉,400,台中市,15,15,15,15,18
115.05.20,N04,LH2,菠菜-角葉,400,台中市,44.2,34.2,23.5,33.1,1295
115.05.20,N04,LI0,萵苣菜-其他,400,台中市,31,31,10,17.9,53
115.05.20,N04,LI1,萵苣菜-廣東菜,400,台中市,20.5,10.7,2,8.8,108
115.05.20,N04,LI2,萵苣菜-結球萵,400,台中市,27.3,21.3,4,19.3,379
115.05.20,N04,LI3,萵苣菜-本島圓葉,400,台中市,33.3,22.5,2,17,633
115.05.20,N04,LI5,萵苣菜-油麥菜,400,台中市,16.2,10.8,4.8,10.5,3815
115.05.20,N04,LI6,萵苣菜-蘿美,400,台中市,34,15.7,2,16.2,105
115.05.20,N04,LI8,萵苣菜-水耕,400,台中市,46,39.8,34.2,39.2,261
115.05.20,N04,LI92,萵苣菜-進口 結球萵,400,台中市,35.5,23.7,6,22,540
115.05.20,N04,LI96,萵苣菜-進口 蘿美,400,台中市,35,35,35,35,105
115.05.20,N04,LJ3,芥菜-大芥菜,400,台中市,19,17,15,17,80
115.05.20,N04,LJ4,芥菜-小芥菜,400,台中市,10,6.5,3.5,7,346
115.05.20,N04,LK2,芥藍菜,400,台中市,10,7.2,5,6.9,392
115.05.20,N04,LK3,芥藍菜-芥藍芽,400,台中市,47.4,16.8,9.4,17.8,3310
115.05.20,N04,LM1,莧菜-紅莧菜,400,台中市,47.8,34.6,25,34.5,690
115.05.20,N04,LM2,莧菜-白莧菜,400,台中市,48,30.8,19.8,28.8,2083
115.05.20,N04,LN1,油菜,400,台中市,10.6,8.9,5.8,9,1490
115.05.20,N04,LO1,甘薯葉,400,台中市,26.1,13.9,7.5,15.1,1492
115.05.20,N04,LP1,芫荽,400,台中市,121.5,66.6,28.8,60.1,737
115.05.20,N04,LP2,九層塔,400,台中市,39.1,29.7,12.1,29.1,427
115.05.20,N04,LQ1,紅鳳菜-紅鳳菜,400,台中市,29,21.3,11.7,21,264
115.05.20,N04,LT3,海菜-水蓮,400,台中市,99.8,87.9,82.5,88.2,474
115.05.20,N04,LV1,巴西利,400,台中市,63,56,49,51.8,30
115.05.20,N04,LX1,蕨菜-過貓,400,台中市,63.2,53.8,45.8,53.9,395
115.05.20,N04,LZ2,藤川七-川七葉,400,台中市,47,33.5,20,33.5,10
115.05.20,N04,MA2,洋菇-盒裝,400,台中市,21,21,21,21,18
115.05.20,N04,MC1,濕木耳,400,台中市,77.5,45.2,30,49.7,249
115.05.20,N04,MD1,濕香菇,400,台中市,110,92,37,75.1,106
115.05.20,N04,ME1,金絲菇-金針菇,400,台中市,35,35,7,18.2,250
115.05.20,N04,MF1,蠔菇-鮑魚菇,400,台中市,60,60,60,60,10
115.05.20,N04,MI1,秀珍菇,400,台中市,85,85,85,85,28
115.05.20,N04,MJ1,杏鮑菇,400,台中市,45,29.7,26,31.6,324
115.05.20,N04,MK1,鴻喜菇,400,台中市,22,22,22,22,90
115.05.20,N04,MX1,其他菇類,400,台中市,92,46,22,44.4,207
115.05.20,N05,N0,李-其他,400,台中市,50,23.3,15,30.7,1030
115.05.20,N05,N2,李-桃接李,400,台中市,60,46.7,30,44.1,1012
115.05.20,N05,N3,李-紅肉李,400,台中市,136.7,53.7,9.4,102.8,8157
115.05.20,N05,N4,李-黃肉李,400,台中市,60,53.3,40,55.2,450
115.05.20,N05,O2,梨-秋水梨,400,台中市,140,105,66.7,115.7,1377
115.05.20,N05,O5,梨-豐水梨,400,台中市,160,137.5,110,142.8,384
115.05.20,N05,O99,梨-西洋梨進口,400,台中市,125,125,125,125,236
115.05.20,N04,OG1,熟筍-桂竹筍,400,台中市,25,25,25,25,10
115.05.20,N04,OX1,其他,400,台中市,64.6,28.3,9.7,26.7,2700
115.05.20,N05,P1,番石榴-珍珠芭,400,台中市,53.6,43.4,27.2,42.4,19256
115.05.20,N05,P2,番石榴-紅心,400,台中市,52.5,38.4,26,42.7,1014
115.05.20,N05,P3,番石榴-帝王芭,400,台中市,70,64,55,68.1,1068
115.05.20,N05,P5,番石榴-水晶無子,400,台中市,41,37,33,38.3,36
115.05.20,N05,Q1,蓮霧-紅蓮霧,400,台中市,62.2,35.2,15.9,39.8,3357
115.05.20,N05,R0,芒果-其他,400,台中市,59.2,41.1,22.5,54.8,733
115.05.20,N05,R1,芒果-愛文,400,台中市,97.2,49.4,23.3,63.3,60552
115.05.20,N05,R2,芒果-玉文,400,台中市,62.5,51.4,34,52.8,921
115.05.20,N05,R3,芒果-本島,400,台中市,60,48,28,49.2,4317
115.05.20,N05,R31,芒果-夏雪,400,台中市,106.7,64.3,40.7,65.1,678
115.05.20,N05,R5,芒果-黑香金興,400,台中市,70,51.7,33.5,58.6,767
115.05.20,N05,R6,芒果-金煌,400,台中市,61.7,41.5,24.5,48.8,5695
115.05.20,N05,R8,芒果-芒果青,400,台中市,30,22,8.5,23.2,1246
115.05.20,N05,S1,葡萄-巨峰,400,台中市,112,78,42,70.5,7300
115.05.20,N05,S9,葡萄-進口,400,台中市,125,125,125,125,2812
115.05.20,N04,SA3,蘿蔔-矸仔,400,台中市,11.5,6.1,4.1,6.9,6890
115.05.20,N04,SA4,蘿蔔-櫻桃,400,台中市,32,31.5,31,31.7,14
115.05.20,N04,SA7,蘿蔔-甜菜根,400,台中市,34,27.5,18.5,26.2,233
115.05.20,N04,SA9,蘿蔔-進口,400,台中市,19,16.1,12.8,14.6,2638
115.05.20,N04,SB1,胡蘿蔔-未洗,400,台中市,18,9.8,4.3,11.7,768
115.05.20,N04,SB2,胡蘿蔔-清洗,400,台中市,16.1,11.5,6.4,11.5,6870
115.05.20,N04,SC1,馬鈴薯-本產,400,台中市,23.8,13.8,8,14.5,3163
115.05.20,N04,SC9,馬鈴薯-進口,400,台中市,24,14.6,4,11.3,461
115.05.20,N04,SD1,洋蔥-本產,400,台中市,20,12.7,4,17.8,1498
115.05.20,N04,SD9,洋蔥-進口,400,台中市,18,18,16,17.2,600
115.05.20,N04,SE2,青蔥-北蔥,400,台中市,32,32,32,32,15
115.05.20,N04,SE3,青蔥-大蔥,400,台中市,73,73,73,73,22
115.05.20,N04,SE5,青蔥-紅蔥頭,400,台中市,60,45,30,40,36
115.05.20,N04,SE6,青蔥-粉蔥,400,台中市,60,48.6,31.3,47.3,2085
115.05.20,N04,SF3,韭菜-韭菜花,400,台中市,71.3,67.7,38.3,62.7,213
115.05.20,N04,SF4,韭菜-青頭,400,台中市,32.6,25.5,15,24.3,492
115.05.20,N04,SG2,大蒜-軟梗,400,台中市,57.7,34.3,16.7,30.2,368
115.05.20,N04,SG5,大蒜-蒜頭,400,台中市,74,56.7,20,54,106
115.05.20,N04,SG6,大蒜-蒜仁,400,台中市,110,90,80,89.2,156
115.05.20,N04,SG7,大蒜-蒜瓣,400,台中市,64.5,26.2,15,42.9,263
115.05.20,N04,SH1,竹筍-麻竹筍,400,台中市,70,55,40,50,180
115.05.20,N04,SH2,竹筍-綠竹筍,400,台中市,138,100,85,108.5,47
115.05.20,N04,SH5,竹筍-烏殼綠,400,台中市,36.1,26,22.9,30.1,1590
115.05.20,N04,SH7,竹筍-去殼,400,台中市,15,11,5,10.5,148
115.05.20,N04,SJ2,芋-檳榔心芋,400,台中市,49,45,36.5,38.5,930
115.05.20,N04,SL1,豆薯,400,台中市,26,26,25,25.7,360
115.05.20,N04,SM9,牛蒡-進口,400,台中市,16,16,16,16,100
115.05.20,N04,SO0,甘薯-其他,400,台中市,15.2,10,5.8,9.9,1575
115.05.20,N04,SO1,甘薯-臺農57號,400,台中市,18,14.1,9.4,13.5,1912
115.05.20,N04,SO2,甘薯-芋仔甘薯,400,台中市,18,8,6,8,375
115.05.20,N04,SO3,甘薯-臺農66號,400,台中市,12.5,8.2,5.5,9.2,700
115.05.20,N04,SP0,薑-其他,400,台中市,25,25,25,25,24
115.05.20,N04,SP1,薑-老薑,400,台中市,138,100,77,96.3,382
115.05.20,N04,SP2,薑-嫩薑,400,台中市,105,87,83,93.6,120
115.05.20,N04,SP3,薑-粉薑,400,台中市,70,70,70,70,36
115.05.20,N04,SQ1,茭白筍-帶殼,400,台中市,79.7,69.5,51.8,67.1,978
115.05.20,N04,SQ3,茭白筍-去殼,400,台中市,107.8,82.8,65,83.9,350
115.05.20,N04,SU21,薯蕷-白薯蕷 人參,400,台中市,69.6,35.8,20,39.7,806
115.05.20,N04,SV2,蘆筍-綠蘆筍,400,台中市,138.2,122.2,100.2,119.8,702
115.05.20,N04,SV3,蘆筍-蘆筍花,400,台中市,211.3,200.2,113.3,180.9,80
115.05.20,N04,SV92,蘆筍-進口 綠蘆筍,400,台中市,195,190,190,190.8,189
115.05.20,N04,SV93,蘆筍-進口 蘆筍花,400,台中市,100,100,100,100,27
115.05.20,N04,SW1,球莖甘藍,400,台中市,13,13,13,13,60
115.05.20,N04,SX1,芽菜類-綠豆芽,400,台中市,20,20,20,20,180
115.05.20,N04,SZ3,金針筍,400,台中市,80,80,80,80,20
115.05.20,N04,SZ8,香茅,400,台中市,34.3,29.8,20,28.7,242
115.05.20,N05,T0,西瓜-其他,400,台中市,26.2,18.7,10.8,17.5,642
115.05.20,N05,T1,西瓜-大西瓜,400,台中市,17.2,16,8.6,16.1,61474
115.05.20,N05,T2,西瓜-無子西瓜,400,台中市,20,20,20,20,100
115.05.20,N05,T4,西瓜-鳳光英妙,400,台中市,5,5,5,5,104
115.05.20,N05,T5,西瓜-黃肉,400,台中市,12.1,7.3,3.5,10,16030
115.05.20,N05,T6,西瓜-紅肉,400,台中市,17.5,16.5,14,16.1,6210
115.05.20,N05,T8,西瓜-甜美人,400,台中市,19,15.9,9.8,16.7,6202
115.05.20,N05,V1,甜瓜-美濃,400,台中市,35,28.8,15.8,30.4,13871
115.05.20,N05,V2,甜瓜-溫室吊瓜,400,台中市,150,130,110,134.8,276
115.05.20,N05,W1,洋香瓜-網狀紅肉,400,台中市,46,39.2,30,36.7,5204
115.05.20,N05,W2,洋香瓜-網狀綠肉,400,台中市,40,35,30,35.3,4000
115.05.20,N05,W4,洋香瓜-新疆,400,台中市,57,34,13.3,38.2,279
115.05.20,N05,W8,洋香瓜-阿露斯,400,台中市,151.7,126.7,61.7,118.3,374
115.05.20,N05,X69,蘋果-富士進口,400,台中市,125,125,125,125,6712
115.05.20,N05,Y1,桃子-水蜜桃,400,台中市,250,179.6,65,200.8,1104
115.05.20,N05,Y2,桃子-鶯歌桃,400,台中市,40,35,30,35,600
115.05.20,N05,Y3,桃子-甜桃,400,台中市,155.3,118.1,64.3,121.8,13057
115.05.20,N05,Y4,桃子-早桃,400,台中市,65,35,6,47,2988
115.05.20,N05,Y9,桃子-進口,400,台中市,250,250,250,250,1280
115.05.20,N05,11,椰子,420,豐原區,20,12.2,10,13.3,270
115.05.20,N05,459,草莓-進口,420,豐原區,250,250,250,250,4.8
115.05.20,N05,469,藍莓-進口,420,豐原區,250,250,250,250,60
115.05.20,N05,51,百香果-改良種,420,豐原區,110,62.8,50,69.7,456.4
115.05.20,N05,74,小番茄-玉女,420,豐原區,100,100,100,100,3
115.05.20,N05,812,紅龍果-紅肉,420,豐原區,70,43.3,35.5,47.1,165.6
115.05.20,N05,859,榴槤-進口,420,豐原區,125,125,125,125,955.2
115.05.20,N05,A1,香蕉,420,豐原區,23.2,22.7,19.8,22.2,7809.5
115.05.20,N05,A2,香蕉-芭蕉紅芭蕉,420,豐原區,70,42.8,30,45.7,32.9
115.05.20,N05,A4,香蕉-越旦,420,豐原區,33,23.8,20,24.9,72.3
115.05.20,N05,B2,鳳梨-金鑽鳳梨,420,豐原區,26.3,23,17.4,22.5,11380.2
115.05.20,N05,F1,雜柑-檸檬,420,豐原區,66.2,65,59.9,64.2,261.5
115.05.20,N05,F4,雜柑-桔子,420,豐原區,60,60,60,60,5
115.05.20,N05,F5,雜柑-無子檸檬,420,豐原區,125,73.3,60,81.1,7.4
115.05.20,N04,FA1,黃秋葵,420,豐原區,56.9,38.6,35,41.6,117.9
115.05.20,N04,FB1,花椰菜-青梗,420,豐原區,25.4,20,16.9,20.5,1500
115.05.20,N04,FC1,胡瓜-黑刺,420,豐原區,23.5,16.7,9.5,16.6,1414
115.05.20,N04,FD1,花胡瓜,420,豐原區,44.3,29.3,17.3,29.9,1774
115.05.20,N04,FE1,冬瓜-白皮,420,豐原區,9,6.6,4.9,6.8,2500
115.05.20,N04,FF1,絲瓜,420,豐原區,36.9,32,26.5,31.9,1423
115.05.20,N04,FG1,苦瓜-白大米,420,豐原區,33,27,21.5,27.1,1366
115.05.20,N04,FG2,苦瓜-青大米,420,豐原區,30,20.5,11,20.5,800
115.05.20,N04,FG4,苦瓜-翠綠,420,豐原區,45.5,28.5,19.2,30,329
115.05.20,N04,FH3,扁蒲-花蒲,420,豐原區,17.2,12.5,7.5,12.5,2385
115.05.20,N04,FH4,扁蒲-梨子蒲,420,豐原區,5,5,5,5,60
115.05.20,N04,FI2,茄子-麻荸茄,420,豐原區,21.3,14,5.5,13.8,2328.4
115.05.20,N04,FJ3,番茄-牛番茄,420,豐原區,62.9,46.7,30.5,46.7,200
115.05.20,N04,FK3,甜椒-新香,420,豐原區,36.4,20.9,10,21.8,55
115.05.20,N04,FK41,甜椒-彩色種 紅色,420,豐原區,49.9,37.2,24.5,37.2,900
115.05.20,N04,FK42,甜椒-彩色種 黃色,420,豐原區,53,31.8,10.5,31.8,1000
115.05.20,N04,FK5,甜椒-青椒,420,豐原區,40,29,20.7,29.6,230
115.05.20,N04,FM2,菜豆-青色,420,豐原區,52,27.6,15,30,1624.1
115.05.20,N04,FN1,敏豆-白豆,420,豐原區,78.4,50,36.7,53,1909
115.05.20,N04,FN5,敏豆-醜豆,420,豐原區,6.7,6.4,5,6.2,22
115.05.20,N04,FQ1,毛豆-豆莢,420,豐原區,55,55,55,55,28
115.05.20,N04,FQ2,毛豆-豆仁,420,豐原區,135,135,135,135,40
115.05.20,N04,FR1,青花苔,420,豐原區,44.3,39,30.9,38.4,1400
115.05.20,N04,FR9,青花苔-進口,420,豐原區,70.8,67.2,56.5,65.8,860
115.05.20,N04,FT0,南瓜-其他,420,豐原區,22.2,22.2,22.2,22.2,18
115.05.20,N04,FT11,南瓜-木瓜型 阿成,420,豐原區,25.9,19,10.4,18.7,1898
115.05.20,N04,FT5,南瓜-青如意,420,豐原區,51,33.5,13.5,33,510
115.05.20,N04,FT72,南瓜-栗子 小黑,420,豐原區,25,20.2,15.3,20.2,480
115.05.20,N04,FT97,南瓜-進口 栗子,420,豐原區,33.3,12.4,4.7,15,590
115.05.20,N04,FU1,隼人瓜,420,豐原區,11.5,9.3,7,9.3,400
115.05.20,N04,FU2,隼人瓜-瓜苗,420,豐原區,75,54,33,54,460
115.05.20,N04,FV1,辣椒-紅小,420,豐原區,57.7,27.7,10.2,30.2,344
115.05.20,N04,FV2,辣椒-青小,420,豐原區,30,25.3,16,24.4,25
115.05.20,N04,FV4,辣椒-朝天椒,420,豐原區,40.9,30.6,20.4,30.6,733
115.05.20,N04,FV6,辣椒-糯米椒,420,豐原區,100,75,50,75,100
115.05.20,N04,FY4,玉米-玉米筍,420,豐原區,36,26.4,16.8,26.4,400
115.05.20,N04,FY41,玉米-玉米筍 帶殼,420,豐原區,30.6,17.8,6,18,1766
115.05.20,N04,FY5,玉米-糯米黑,420,豐原區,30,23.3,6,21.2,500
115.05.20,N04,FY6,玉米-甜軟殼,420,豐原區,19,11.8,6,12.1,720
115.05.20,N04,FY8,玉米-白龍王,420,豐原區,5,5,5,5,100
115.05.20,N04,FZ2,落花生-熟,420,豐原區,50,50,50,50,30
115.05.20,N05,G3,酪梨,420,豐原區,165,85.4,70,98,6.1
115.05.20,N05,I1,木瓜-網室紅肉,420,豐原區,41.1,27.9,18,28.6,4114.2
115.05.20,N05,J0,荔枝-其他,420,豐原區,58.2,50,30.8,47.8,364
115.05.20,N05,J1,荔枝-玉荷包,420,豐原區,140,96.5,80,101.9,862.7
115.05.20,N04,LA1,甘藍-初秋,420,豐原區,24.3,21.7,18.3,21.6,14290
115.05.20,N04,LA7,甘藍-改良尖,420,豐原區,19,18.7,15.7,18.2,5280
115.05.20,N04,LB1,小白菜-土白菜,420,豐原區,18.7,11.6,3.9,11.5,980
115.05.20,N04,LB2,小白菜-蚵仔白,420,豐原區,14.8,8.6,1.7,8.5,2114
115.05.20,N04,LB3,小白菜-奶油白,420,豐原區,15,13.3,10,13,144
115.05.20,N04,LC1,包心白-包白,420,豐原區,9.8,8.5,6,8.3,4760
115.05.20,N04,LC3,包心白-包頭蓮,420,豐原區,12.8,11.5,10.2,11.5,1100
115.05.20,N04,LC9,包心白-進口,420,豐原區,20,19.3,18.5,19.3,300
115.05.20,N04,LC90,包心白菜-進口 其他,420,豐原區,17,17,17,17,225
115.05.20,N04,LC93,包心白菜-進口 包頭蓮 ,420,豐原區,28,21,14,21,900
115.05.20,N04,LD1,青江白菜-小梗,420,豐原區,14.3,9.8,4.2,9.6,2200
115.05.20,N04,LF2,蕹菜-小葉,420,豐原區,26.5,15.8,5,15.8,500
115.05.20,N04,LF3,蕹菜-水蕹菜,420,豐原區,30.9,20,8.7,19.9,1200
115.05.20,N04,LG2,芹菜-白梗,420,豐原區,52.9,38.9,31.5,40.2,1160
115.05.20,N04,LH1,菠菜-圓葉,420,豐原區,71,71,71,71,36
115.05.20,N04,LI3,萵苣菜-本島圓葉,420,豐原區,42,25.3,11.1,25.8,620
115.05.20,N04,LI4,萵苣菜-本島尖葉,420,豐原區,14,14,14,14,200
115.05.20,N04,LI5,萵苣菜-油麥菜,420,豐原區,14.3,9.2,4.3,9.2,1551
115.05.20,N04,LI92,萵苣菜-進口 結球萵,420,豐原區,30,30,30,30,336
115.05.20,N04,LJ4,芥菜-小芥菜,420,豐原區,10,9.3,5,8.6,331
115.05.20,N04,LK2,芥藍菜,420,豐原區,7.5,7.5,7.5,7.5,100
115.05.20,N04,LK3,芥藍菜-芥藍芽,420,豐原區,51.2,20,10.9,24.4,630
115.05.20,N04,LM1,莧菜-紅莧菜,420,豐原區,38,31.5,25,31.5,200
115.05.20,N04,LM2,莧菜-白莧菜,420,豐原區,36,25.3,14.5,25.3,300
115.05.20,N04,LN1,油菜,420,豐原區,9.5,7.1,6.4,7.4,3600
115.05.20,N04,LO1,甘薯葉,420,豐原區,22,10.7,5.3,11.9,830
115.05.20,N04,LP2,九層塔,420,豐原區,84.5,50,50,56.9,174
115.05.20,N04,LQ1,紅鳳菜-紅鳳菜,420,豐原區,21.4,20.7,20,20.7,58
115.05.20,N04,MC1,濕木耳,420,豐原區,95,63.8,32.5,63.8,300
115.05.20,N04,MD1,濕香菇,420,豐原區,110,79,48,79,80
115.05.20,N04,ME1,金絲菇-金針菇,420,豐原區,35,22.5,10,22.5,260
115.05.20,N04,MI1,秀珍菇,420,豐原區,85,85,85,85,15
115.05.20,N04,MJ1,杏鮑菇,420,豐原區,76,44.8,13.5,44.8,1200
115.05.20,N05,N2,李-桃接李,420,豐原區,56.7,50,30.5,47.4,385.7
115.05.20,N05,N3,李-紅肉李,420,豐原區,90,15,15,30,230
115.05.20,N04,OX1,其他,420,豐原區,50,50,50,50,1000
115.05.20,N05,P1,番石榴-珍珠芭,420,豐原區,47.7,33.5,25,34.6,2745.9
115.05.20,N05,Q1,蓮霧-紅蓮霧,420,豐原區,50.4,36.6,15.5,35.1,128.1
115.05.20,N05,R1,芒果-愛文,420,豐原區,65.6,60,26.3,54.4,6680
115.05.20,N05,R2,芒果-玉文,420,豐原區,45,28.5,22,30.5,108.2
115.05.20,N05,R31,芒果-夏雪,420,豐原區,95,82.2,70.2,82.4,21.9
115.05.20,N05,R6,芒果-金煌,420,豐原區,52,48,30.4,45.3,371
115.05.20,N05,R8,芒果-芒果青,420,豐原區,28.8,7,7,11.4,105.7
115.05.20,N05,S1,葡萄-巨峰,420,豐原區,100,49.3,40.5,57.7,260.2
115.05.20,N04,SA3,蘿蔔-矸仔,420,豐原區,8.7,8.5,7.6,8.4,7862.5
115.05.20,N04,SA9,蘿蔔-進口,420,豐原區,17.5,15.5,14.1,15.6,2360
115.05.20,N04,SB1,胡蘿蔔-未洗,420,豐原區,13.5,10.9,6.2,10.5,680
115.05.20,N04,SB2,胡蘿蔔-清洗,420,豐原區,20,16.3,12.3,16.3,1920
115.05.20,N04,SC1,馬鈴薯-本產,420,豐原區,21.8,18,15.7,18.3,768
115.05.20,N04,SD1,洋蔥-本產,420,豐原區,17,17,17,17,1260
115.05.20,N04,SE6,青蔥-粉蔥,420,豐原區,51,29.1,15.7,30.8,1900
115.05.20,N04,SF4,韭菜-青頭,420,豐原區,33,24.5,16,24.5,600
115.05.20,N04,SG2,大蒜-軟梗,420,豐原區,66,44.8,23.5,44.8,320
115.05.20,N04,SG5,大蒜-蒜頭,420,豐原區,95,95,95,95,20
115.05.20,N04,SG6,大蒜-蒜仁,420,豐原區,100,83.8,56.5,81.6,432
115.05.20,N04,SJ2,芋-檳榔心芋,420,豐原區,48.4,43.6,27.8,41.4,500
115.05.20,N04,SO1,甘薯-臺農57號,420,豐原區,17.5,12,6.5,12,2000
115.05.20,N04,SO3,甘薯-臺農66號,420,豐原區,16,11.3,6.5,11.3,1000
115.05.20,N04,SP1,薑-老薑,420,豐原區,99.4,94,91.5,94.6,1494
115.05.20,N04,SQ1,茭白筍-帶殼,420,豐原區,84,81,78,81,200
115.05.20,N04,SQ3,茭白筍-去殼,420,豐原區,132,105,78,105,200
115.05.20,N04,SU21,薯蕷-白薯蕷 人參,420,豐原區,55,37,19,37,560
115.05.20,N04,SX1,芽菜類-綠豆芽,420,豐原區,20,20,20,20,490
115.05.20,N05,T1,西瓜-大西瓜,420,豐原區,15,15,15,15,5000
115.05.20,N05,T2,西瓜-無子西瓜,420,豐原區,12,12,12,12,66
115.05.20,N05,T4,西瓜-鳳光英妙,420,豐原區,5,5,5,5,80
115.05.20,N05,T5,西瓜-黃肉,420,豐原區,11.9,10,9.3,10.2,6950
115.05.20,N05,T8,西瓜-甜美人,420,豐原區,18,12,10,12.8,2385.3
115.05.20,N05,V1,甜瓜-美濃,420,豐原區,41.8,23.2,10.5,24.4,4523.3
115.05.20,N05,W1,洋香瓜-網狀紅肉,420,豐原區,47.6,36.4,30.5,37.5,2800.4
115.05.20,N05,X69,蘋果-富士進口,420,豐原區,152.3,110,100.6,116.6,1675.3
115.05.20,N05,Y3,桃子-甜桃,420,豐原區,150,73.6,60,86.2,282
115.05.20,N04,rest,休市,423,東勢鎮,0,0,0,0,0
115.05.20,N06,rest,休市,512,永靖鄉,0,0,0,0,0
115.05.20,N06,FA800,康乃馨-多朵(混色),514,彰化市場,23,22,21,22,54
115.05.20,N06,FA872,康乃馨-史波特,514,彰化市場,22,22,22,22,30
115.05.20,N06,FA980,美女撫子,514,彰化市場,14,14,14,14,40
115.05.20,N06,FB000,火鶴花,514,彰化市場,20,20,20,20,39
115.05.20,N06,FB001,火鶴花-混色,514,彰化市場,6,6,6,6,50
115.05.20,N04,FB1,花椰菜-青梗,514,溪湖鎮,33.1,26.6,19.2,26.4,21172
115.05.20,N06,FB103,火鶴花-紅青心,514,彰化市場,15,10,7,10,139
115.05.20,N06,FB111,火鶴花-月光,514,彰化市場,11,8,6,8,1047
115.05.20,N06,FB113,火鶴花-紅鈴,514,彰化市場,16,12,5,11,800
115.05.20,N06,FB114,火鶴花-紅星,514,彰化市場,17,13,9,13,240
115.05.20,N06,FB115,火鶴花-維納斯,514,彰化市場,10,7,6,7,240
115.05.20,N06,FB407,火鶴花-夢幻,514,彰化市場,15,10,6,10,3155
115.05.20,N06,FB415,火鶴花-羅莎,514,彰化市場,16,13,6,12,1125
115.05.20,N06,FB419,火鶴花-太極,514,彰化市場,17,13,6,12,551
115.05.20,N06,FB420,火鶴花-小紅莓,514,彰化市場,17,17,17,17,48
115.05.20,N06,FB502,火鶴花-綠紅心,514,彰化市場,15,14,14,14,84
115.05.20,N06,FB801,火鶴花-咖啡條紋,514,彰化市場,17,17,17,17,40
115.05.20,N04,FC1,胡瓜-黑刺,514,溪湖鎮,32.5,26.3,25,27.3,353
115.05.20,N06,FC316,大菊-黃精競,514,彰化市場,43,34,29,35,328
115.05.20,N06,FC350,大菊-黃乒乓,514,彰化市場,54,54,54,54,20
115.05.20,N06,FC601,大菊-日本白,514,彰化市場,208,181,173,185,50
115.05.20,N06,FC613,大菊-白天星,514,彰化市場,98,52,22,55,1683
115.05.20,N06,FC800,大菊-染色大菊,514,彰化市場,76,54,42,56,198
115.05.20,N06,FC802,染大菊-芭迪卡,514,彰化市場,76,66,53,65,220
115.05.20,N06,FC804,染大菊-白天星,514,彰化市場,132,104,89,107,158
115.05.20,N06,FC805,染大菊-白東洋,514,彰化市場,22,22,22,22,90
115.05.20,N06,FC807,染大菊-梅西,514,彰化市場,82,73,67,73,90
115.05.20,N06,FD001,小菊-混合色,514,彰化市場,21,21,21,21,25
115.05.20,N04,FD1,花胡瓜,514,溪湖鎮,50,35.8,23.7,36.2,948
115.05.20,N06,FD100,小菊-紅,514,彰化市場,20,20,20,20,47
115.05.20,N06,FD131,小菊-小紅娘,514,彰化市場,60,39,23,40,415
115.05.20,N06,FD136,小菊-法國小紅,514,彰化市場,20,20,20,20,25
115.05.20,N06,FD138,小菊-卡洛琳,514,彰化市場,99,95,90,95,150
115.05.20,N06,FD200,小菊-金,514,彰化市場,68,42,38,46,225
115.05.20,N06,FD300,小菊-黃,514,彰化市場,59,38,28,40,210
115.05.20,N06,FD308,小菊-黃丁字菊,514,彰化市場,60,53,31,50,117
115.05.20,N06,FD309,小菊-日本黃,514,彰化市場,52,52,52,52,25
115.05.20,N06,FD321,小菊-吉祥黃,514,彰化市場,47,47,47,47,15
115.05.20,N06,FD400,小菊-粉,514,彰化市場,95,95,95,95,15
115.05.20,N06,FD422,小菊-吉祥小粉,514,彰化市場,41,31,24,32,75
115.05.20,N06,FD423,小菊-粉日記,514,彰化市場,88,70,63,72,362
115.05.20,N06,FD456,小菊-卡洛粉,514,彰化市場,59,54,43,53,395
115.05.20,N06,FD600,小菊-白,514,彰化市場,55,50,33,47,68
115.05.20,N06,FD635,小菊-林克小白,514,彰化市場,87,66,47,66,326
115.05.20,N06,FD645,小菊-白斯不列,514,彰化市場,186,107,91,119,400
115.05.20,N06,FD657,小菊-西維亞白,514,彰化市場,55,55,55,55,12
115.05.20,N06,FD800,小菊-染色小菊,514,彰化市場,44,31,23,32,210
115.05.20,N06,FD801,染小菊-芬蘭,514,彰化市場,90,66,41,66,50
115.05.20,N06,FD802,染小菊-白鑽石,514,彰化市場,0,0,0,0,0
115.05.20,N06,FE001,非洲菊-混合色,514,彰化市場,26,24,21,24,1110
115.05.20,N04,FE1,冬瓜-白皮,514,溪湖鎮,35,33.9,20.1,31.4,352
115.05.20,N06,FE100,非洲菊-紅,514,彰化市場,26,26,26,26,30
115.05.20,N06,FE110,非洲菊-卡布,514,彰化市場,35,27,20,27,159
115.05.20,N06,FE205,非洲菊-哈利熊,514,彰化市場,25,25,25,25,50
115.05.20,N06,FE302,非洲菊-金爵,514,彰化市場,23,20,20,21,145
115.05.20,N06,FE400,非洲菊-粉,514,彰化市場,44,44,44,44,30
115.05.20,N06,FE409,非洲菊-粉紅魅力,514,彰化市場,37,37,37,37,30
115.05.20,N06,FE415,非洲菊-粉美麗,514,彰化市場,31,31,31,31,15
115.05.20,N06,FE416,非洲菊-熱情粉,514,彰化市場,45,31,26,33,660
115.05.20,N06,FE600,非洲菊-白,514,彰化市場,29,23,20,24,242
115.05.20,N06,FE900,非洲菊-迷你混色,514,彰化市場,43,41,35,40,71
115.05.20,N04,FF1,絲瓜,514,溪湖鎮,40.5,34.3,25.2,33.7,5289
115.05.20,N04,FG1,苦瓜-白大米,514,溪湖鎮,47.9,37.5,30.7,38.2,4443
115.05.20,N06,FG105,劍蘭-２３５號,514,彰化市場,62,62,62,62,15
115.05.20,N06,FG116,劍蘭-雙色金紅,514,彰化市場,72,62,56,63,129
115.05.20,N06,FG121,劍蘭-２６５號,514,彰化市場,54,40,28,40,38
115.05.20,N04,FG2,苦瓜-青大米,514,溪湖鎮,41.3,41.3,41.3,41.3,75
115.05.20,N04,FG3,苦瓜-山苦瓜,514,溪湖鎮,60,60,60,60,64
115.05.20,N06,FH000,其它花卉,514,彰化市場,100,100,100,100,22
115.05.20,N06,FH006,黃梔花,514,彰化市場,55,46,29,44,739
115.05.20,N06,FH007,松蟲草,514,彰化市場,100,100,100,100,1
115.05.20,N06,FH008,洋甘菊,514,彰化市場,90,90,90,90,20
115.05.20,N06,FH101,天堂鳥,514,彰化市場,75,71,66,71,40
115.05.20,N06,FH112,小天堂鳥-桔帶紅,514,彰化市場,51,44,39,44,29
115.05.20,N06,FH131,鶴焦,514,彰化市場,25,17,5,16,70
115.05.20,N06,FH135,垂焦,514,彰化市場,11,11,11,11,75
115.05.20,N06,FH195,玉蘭花,514,彰化市場,200,200,200,200,7
115.05.20,N06,FH240,麥桿菊,514,彰化市場,56,56,56,56,13
115.05.20,N06,FH251,秀線,514,彰化市場,58,54,49,54,60
115.05.20,N06,FH293,向日葵-單瓣,514,彰化市場,112,101,89,101,196
115.05.20,N04,FH3,扁蒲-花蒲,514,溪湖鎮,24.6,20.6,15.7,20.4,1003
115.05.20,N06,FH330,雞冠花,514,彰化市場,51,51,51,51,15
115.05.20,N06,FH331,雞冠花-清紅,514,彰化市場,54,40,27,40,56
115.05.20,N06,FH381,麒麟草,514,彰化市場,31,28,22,27,570
115.05.20,N06,FH465,繡球花-綠色,514,彰化市場,28,28,28,28,24
115.05.20,N06,FH466,繡球花-白,514,彰化市場,31,31,31,31,24
115.05.20,N06,FH670,茉莉花,514,彰化市場,16,16,16,16,60
115.05.20,N06,FH710,深山櫻,514,彰化市場,115,106,90,105,42
115.05.20,N06,FH750,百子蓮(愛情花),514,彰化市場,29,20,16,21,258
115.05.20,N04,FI2,茄子-麻荸茄,514,溪湖鎮,50,36.7,23.6,36.7,265
115.05.20,N04,FJ3,番茄-牛番茄,514,溪湖鎮,33.3,33.3,33.3,33.3,42
115.05.20,N04,FK5,甜椒-青椒,514,溪湖鎮,72,67.5,30,60.9,188
115.05.20,N04,FM1,菜豆-白色,514,溪湖鎮,68,53.9,43.5,54.6,765
115.05.20,N06,FM119,重瓣百合-達琳達多朵,514,彰化市場,360,360,360,360,16
115.05.20,N04,FM2,菜豆-青色,514,溪湖鎮,65.6,60.3,50,59.3,93
115.05.20,N04,FN1,敏豆-白豆,514,溪湖鎮,125.6,107.5,75.3,104.7,150
115.05.20,N04,FN5,敏豆-醜豆,514,溪湖鎮,66.7,65.1,65,65.4,60
115.05.20,N06,FO003,腎藥蘭-曼谷火焰,514,彰化市場,12,7,6,8,680
115.05.20,N06,FO006,腎藥蘭-深紅色,514,彰化市場,0,0,0,0,0
115.05.20,N06,FO007,千代蘭,514,彰化市場,12,8,6,8,880
115.05.20,N06,FO027,萬代蘭-巨輪紫,514,彰化市場,21,21,21,21,70
115.05.20,N06,FO335,檸檬綠文心蘭,514,彰化市場,92,71,34,68,527
115.05.20,N06,FO519,石斛蘭-深紅,514,彰化市場,108,108,108,108,8
115.05.20,N06,FO663,蝴蝶蘭-白黃心,514,彰化市場,39,39,39,39,20
115.05.20,N06,FR000,玫瑰,514,彰化市場,142,78,46,84,180
115.05.20,N06,FR100,玫瑰-紅,514,彰化市場,448,445,399,436,18
115.05.20,N06,FR116,玫瑰-翡翠紅,514,彰化市場,158,131,103,131,10
115.05.20,N06,FR117,玫瑰-萬年紅,514,彰化市場,155,98,50,100,146
115.05.20,N06,FR120,玫瑰-埔里之星,514,彰化市場,377,241,195,259,46
115.05.20,N06,FR208,玫瑰-香吉士,514,彰化市場,384,318,221,312,11
115.05.20,N06,FR408,玫瑰-黛安娜粉,514,彰化市場,199,130,65,131,120
115.05.20,N06,FR429,玫瑰-鐵達尼,514,彰化市場,160,134,107,134,12
115.05.20,N06,FR436,玫瑰-翡翠粉,514,彰化市場,265,118,18,127,127
115.05.20,N06,FR439,玫瑰-翡翠香檳,514,彰化市場,276,174,55,170,41
115.05.20,N06,FR451,玫瑰-翡翠佳人,514,彰化市場,252,237,217,236,20
115.05.20,N06,FR452,玫瑰-珍愛你,514,彰化市場,195,153,85,148,52
115.05.20,N06,FR455,玫瑰-翡翠珍珠,514,彰化市場,284,233,152,227,21
115.05.20,N06,FR460,玫瑰-天堂粉,514,彰化市場,166,100,60,104,12
115.05.20,N06,FR461,玫瑰-新娘粉,514,彰化市場,318,276,104,250,40
115.05.20,N06,FR607,玫瑰-翡翠白,514,彰化市場,246,171,76,167,86
115.05.20,N06,FR705,玫瑰-紫天王,514,彰化市場,175,137,85,134,23
115.05.20,N06,FS010,香水百合-紅,514,彰化市場,103,103,103,103,10
115.05.20,N06,FS011,香水百合-紅單朵,514,彰化市場,65,65,65,65,20
115.05.20,N06,FS013,香水百合-紅三朵,514,彰化市場,152,116,59,112,33
115.05.20,N06,FS019,香水百合-紅多朵,514,彰化市場,138,138,138,138,8
115.05.20,N04,FS1,越瓜-青色,514,溪湖鎮,17.4,17.4,17.4,17.4,140
115.05.20,N06,FS353,香水百合-索邦妮三朵,514,彰化市場,134,122,114,123,27
115.05.20,N06,FS359,香水百合-索邦妮多朵,514,彰化市場,143,143,130,140,60
115.05.20,N06,FS473,水晶香水-三朵,514,彰化市場,261,261,261,261,12
115.05.20,N06,FS479,水晶香水-多朵,514,彰化市場,286,284,257,279,88
115.05.20,N06,FS603,OT康卡多-三朵,514,彰化市場,224,224,224,224,10
115.05.20,N06,FS609,OT康卡多-多朵,514,彰化市場,251,231,201,229,76
115.05.20,N06,FS630,OT曼尼薩,514,彰化市場,211,211,211,211,10
115.05.20,N06,FS631,OT曼尼薩-單朵,514,彰化市場,218,218,218,218,24
115.05.20,N06,FS632,OT曼尼薩-雙朵,514,彰化市場,193,191,186,191,113
115.05.20,N06,FS633,OT曼尼薩-三朵,514,彰化市場,264,230,173,225,61
115.05.20,N06,FS639,OT曼尼薩-多朵,514,彰化市場,219,219,219,219,40
115.05.20,N06,FS772,OT百合-節奏舞者二朵,514,彰化市場,131,124,119,125,26
115.05.20,N06,FS773,OT百合-節奏舞者三朵,514,彰化市場,151,136,134,139,132
115.05.20,N06,FS779,OT百合-節奏舞者多朵,514,彰化市場,192,178,161,177,286
115.05.20,N06,FS782,OT百合-貝維爾雙朵,514,彰化市場,131,131,131,131,48
115.05.20,N06,FS792,OT百合-維尼雙朵,514,彰化市場,126,126,126,126,16
115.05.20,N06,FS793,OT百合-維尼三朵,514,彰化市場,173,173,173,173,22
115.05.20,N06,FS799,OT百合-維尼多朵,514,彰化市場,190,187,165,183,28
115.05.20,N06,FS870,OT大連,514,彰化市場,168,168,168,168,12
115.05.20,N06,FS871,OT大連-單朵,514,彰化市場,172,170,169,170,56
115.05.20,N06,FS872,OT大連-雙朵,514,彰化市場,156,136,92,131,194
115.05.20,N06,FS873,OT大連-三朵,514,彰化市場,189,171,153,171,117
115.05.20,N06,FS879,OT大連-多朵,514,彰化市場,213,211,207,210,18
115.05.20,N06,FS962,OT試金石-雙朵,514,彰化市場,158,158,158,158,12
115.05.20,N06,FS963,OT試金石-三朵,514,彰化市場,181,113,87,121,41
115.05.20,N06,FS969,OT試金石-多朵,514,彰化市場,187,127,99,134,135
115.05.20,N06,FS970,OT紅福特,514,彰化市場,60,60,60,60,11
115.05.20,N06,FS972,OT紅福特-雙朵,514,彰化市場,104,104,104,104,16
115.05.20,N06,FS973,OT紅福特-三朵,514,彰化市場,188,158,110,154,78
115.05.20,N06,FS979,OT紅福特-多朵,514,彰化市場,227,196,182,199,180
115.05.20,N06,FS982,OT百合-美麗果雙朵,514,彰化市場,60,60,60,60,11
115.05.20,N06,FT061,鐵砲百合-白單朵,514,彰化市場,90,90,90,90,50
115.05.20,N04,FT1,南瓜-木瓜形,514,溪湖鎮,32,30.9,30,30.9,268
115.05.20,N06,FU000,洋桔梗,514,彰化市場,154,101,60,103,30
115.05.20,N06,FU402,洋桔梗-雙瓣(混色),514,彰化市場,125,106,50,99,45
115.05.20,N06,FU412,洋桔梗-雙瓣紅,514,彰化市場,115,106,99,106,13
115.05.20,N06,FU432,洋桔梗-雙瓣黃,514,彰化市場,134,132,130,132,17
115.05.20,N06,FU441,洋桔梗-順風粉,514,彰化市場,198,141,99,144,29
115.05.20,N06,FU442,洋桔梗-雙瓣粉,514,彰化市場,155,124,80,122,123
115.05.20,N06,FU451,洋桔梗-順風杏粉,514,彰化市場,100,100,100,100,10
115.05.20,N06,FU459,洋桔梗-琥珀綠,514,彰化市場,161,161,161,161,13
115.05.20,N06,FU462,洋桔梗-雙瓣白,514,彰化市場,170,141,124,143,37
115.05.20,N06,FU465,洋桔梗-名人華麗白,514,彰化市場,143,108,92,112,80
115.05.20,N06,FU469,洋桔梗-皇后白,514,彰化市場,148,111,103,117,73
115.05.20,N06,FU471,洋桔梗-重瓣淺紫,514,彰化市場,164,122,82,122,40
115.05.20,N06,FU472,洋桔梗-重瓣紫,514,彰化市場,172,171,155,168,39
115.05.20,N06,FU478,洋桔梗-羅西娜紫,514,彰化市場,130,130,130,130,12
115.05.20,N06,FU482,洋桔梗-拉弗爾酒彩,514,彰化市場,193,177,164,178,15
115.05.20,N06,FU641,洋桔梗-女王３彩粉,514,彰化市場,149,137,126,137,38
115.05.20,N06,FU642,洋桔梗-斐諾淺粉,514,彰化市場,157,130,114,132,12
115.05.20,N04,FV1,辣椒-紅小,514,溪湖鎮,55.6,53.7,50,53.3,40
115.05.20,N06,FW170,星辰花-紫,514,彰化市場,69,69,69,69,14
115.05.20,N06,FW240,粉孔雀,514,彰化市場,24,19,15,19,200
115.05.20,N06,FW472,卡斯比亞-無葉,514,彰化市場,53,53,53,53,120
115.05.20,N06,FW560,滿天星-白,514,彰化市場,124,121,104,118,100
115.05.20,N06,FW600,水晶花-混合,514,彰化市場,77,60,43,60,40
115.05.20,N04,FY0,玉米-其他,514,溪湖鎮,23.3,23.3,23.3,23.3,143
115.05.20,N06,FY000,切葉類,514,彰化市場,60,60,60,60,25
115.05.20,N06,FY001,尤加利葉,514,彰化市場,42,31,10,29,155
115.05.20,N06,FY003,唐棉,514,彰化市場,50,28,18,31,116
115.05.20,N06,FY004,黃椰心葉,514,彰化市場,104,66,31,66,431
115.05.20,N06,FY009,電信蘭葉,514,彰化市場,44,27,12,27,649
115.05.20,N06,FY012,新西蘭葉,514,彰化市場,10,10,10,10,12
115.05.20,N06,FY013,星點木,514,彰化市場,100,100,100,100,26
115.05.20,N06,FY017,八角金盤,514,彰化市場,25,22,15,21,200
115.05.20,N06,FY021,扁柏,514,彰化市場,34,27,10,25,96
115.05.20,N06,FY035,龍文蘭,514,彰化市場,12,12,12,12,50
115.05.20,N06,FY050,山蘇葉,514,彰化市場,10,10,10,10,80
115.05.20,N06,FY057,百合竹,514,彰化市場,23,18,12,18,433
115.05.20,N06,FY084,火龍果,514,彰化市場,125,125,125,125,40
115.05.20,N06,FY093,水燭葉,514,彰化市場,16,12,10,13,369
115.05.20,N06,FY097,降天桑,514,彰化市場,20,20,20,20,80
115.05.20,N06,FY119,專利染色水燭花,514,彰化市場,50,32,31,35,130
115.05.20,N06,FY981,高山羊齒,514,彰化市場,42,42,42,42,50
115.05.20,N06,FY993,白竹,514,彰化市場,58,39,22,39,547
115.05.20,N06,FY996,蓮花竹,514,彰化市場,6,6,6,6,58
115.05.20,N06,IA000,進口康乃馨-中大輪,514,彰化市場,42,42,42,42,20
115.05.20,N06,IA001,進口康乃馨-混合色,514,彰化市場,114,84,66,87,84
115.05.20,N06,IA100,進口康乃馨-紅,514,彰化市場,63,63,63,63,20
115.05.20,N06,IA400,進口康乃馨-粉,514,彰化市場,81,75,69,75,40
115.05.20,N06,IA800,進口康乃馨-多朵混色,514,彰化市場,52,52,52,52,36
115.05.20,N06,IA841,進口康乃馨-多朵淺粉,514,彰化市場,54,54,54,54,36
115.05.20,N06,IA985,繡球撫子-綠,514,彰化市場,76,76,76,76,9
115.05.20,N06,IC350,進口大菊-黃乒乓,514,彰化市場,86,86,86,86,7
115.05.20,N06,IC351,進口大菊-深黃乒乓,514,彰化市場,94,94,94,94,7
115.05.20,N06,IC501,進口大菊-綠絲菊,514,彰化市場,132,132,132,132,10
115.05.20,N06,IC623,進口大菊-美格白,514,彰化市場,182,182,182,182,10
115.05.20,N06,IC624,進口大菊-真誠白,514,彰化市場,136,136,136,136,10
115.05.20,N06,IC800,進口染色大菊,514,彰化市場,56,53,50,53,640
115.05.20,N06,IC803,進口染色大菊-牡丹,514,彰化市場,231,221,167,212,59
115.05.20,N06,IC823,進口染色大菊-美格,514,彰化市場,98,98,98,98,16
115.05.20,N06,ID000,進口小菊,514,彰化市場,98,98,98,98,36
115.05.20,N06,ID100,進口小菊-紅,514,彰化市場,79,79,79,79,4
115.05.20,N06,ID356,進口小菊-馬洪,514,彰化市場,75,75,75,75,10
115.05.20,N06,ID471,進口小菊-卡莉粉,514,彰化市場,74,74,74,74,36
115.05.20,N06,ID651,進口小菊-伯尼白,514,彰化市場,65,65,65,65,8
115.05.20,N06,ID754,進口小菊-白紫綠心,514,彰化市場,99,99,99,99,20
115.05.20,N06,ID803,進口染色小菊-奇克,514,彰化市場,97,84,71,84,20
115.05.20,N06,IH464,繡球花-粉,514,彰化市場,88,88,88,88,20
115.05.20,N06,IH466,繡球花-白,514,彰化市場,92,92,92,92,100
115.05.20,N06,IO519,進口石斛蘭-深紅,514,彰化市場,104,94,91,96,160
115.05.20,N06,IW560,進口滿天星-白,514,彰化市場,191,191,191,191,39
115.05.20,N06,IW580,滿天星-染色,514,彰化市場,162,160,151,158,39
115.05.20,N06,IY087,進口樺木(假葉),514,彰化市場,62,62,62,62,30
115.05.20,N04,LA1,甘藍-初秋,514,溪湖鎮,28.7,22,17.2,22.4,17260
115.05.20,N04,LA7,甘藍-改良尖,514,溪湖鎮,22.6,19,15.3,19,8520
115.05.20,N04,LB1,小白菜-土白菜,514,溪湖鎮,20,15,10,15,3000
115.05.20,N04,LC1,包心白-包白,514,溪湖鎮,18.2,14.5,10.5,14.4,10590
115.05.20,N04,LD1,青江白菜-小梗,514,溪湖鎮,15.2,12.5,7.5,12,3000
115.05.20,N04,LF2,蕹菜-小葉,514,溪湖鎮,16.7,13.4,8.4,13.1,3250
115.05.20,N04,LG2,芹菜-白梗,514,溪湖鎮,81,53.4,26.7,53.6,1200
115.05.20,N04,LK2,芥藍菜,514,溪湖鎮,21.8,17.5,10,16.9,2800
115.05.20,N04,LN1,油菜,514,溪湖鎮,12.9,10,7.5,10.1,3400
115.05.20,N04,SA32,蘿蔔-矸仔,514,溪湖鎮,15.5,12.5,9.4,12.5,13680
115.05.20,N04,SB1,胡蘿蔔-未洗,514,溪湖鎮,20,15.5,10.3,15.3,3150
115.05.20,N04,SD1,洋蔥-本產,514,溪湖鎮,18.5,14.5,10,14.4,3000
115.05.20,N04,SE6,青蔥-粉蔥,514,溪湖鎮,50,40.8,30,40.5,820
115.05.20,N04,SF3,韭菜-韭菜花,514,溪湖鎮,87.4,74.7,65.8,75.4,145
115.05.20,N04,SO0,甘薯-其他,514,溪湖鎮,23.7,19,14,19,3233
115.05.20,N04,SU2,薯蕷-白薯蕷,514,溪湖鎮,80,80,80,80,40
115.05.20,N04,SX1,芽菜類-綠豆芽,514,溪湖鎮,13,13,13,13,1190
115.05.20,N04,FC1,胡瓜-黑刺,540,南投市,14,10,5,6.95,601
115.05.20,N04,FD1,花胡瓜,540,南投市,30,20,5,16.09,595
115.05.20,N04,FF1,絲瓜,540,南投市,45,25,13,28.33,270
115.05.20,N04,FG1,苦瓜-白大米,540,南投市,23,17,10,17.85,341
115.05.20,N04,FH3,扁蒲-花蒲,540,南投市,22,15,10,14.38,258
115.05.20,N04,FI2,茄子-麻荸茄,540,南投市,20,15,10,19.55,127
115.05.20,N04,FJ3,番茄-牛番茄,540,南投市,50,35,20,41.19,218
115.05.20,N04,FK5,甜椒-青椒,540,南投市,50,35,10,25.68,226
115.05.20,N04,FM2,菜豆-青色,540,南投市,45,25,18,31.02,74
115.05.20,N04,FN1,敏豆-白豆,540,南投市,130,70,10,50.47,22
115.05.20,N04,FN5,敏豆-醜豆,540,南投市,80,40,10,38.91,54
115.05.20,N04,LA1,甘藍-初秋,540,南投市,26,21,15,23.92,944
115.05.20,N04,OX1,其他,540,南投市,85,20,3,20.95,2562
115.05.20,N04,SQ3,茭白筍-去殼,540,南投市,300,210,115,227.06,34
115.05.20,N05,11,椰子,600,嘉義市,15,12,8,12,1000
115.05.20,N05,51,百香果-改良種,600,嘉義市,120,83,45,83,1700
115.05.20,N05,72,小番茄-聖女,600,嘉義市,83,57,33,57,4000
115.05.20,N05,74,小番茄-玉女,600,嘉義市,166,130,100,130,1200
115.05.20,N05,812,紅龍果-紅肉,600,嘉義市,72,50,33,50,2000
115.05.20,N05,839,櫻桃-進口,600,嘉義市,500,500,500,500,200
115.05.20,N05,859,榴槤-進口,600,嘉義市,233,125,125,125,4200
115.05.20,N05,91,其他,600,嘉義市,25,17,13,17,5000
115.05.20,N05,A1,香蕉,600,嘉義市,30,20,14,20,5000
115.05.20,N05,B2,鳳梨-金鑽鳳梨,600,嘉義市,23,20,11,20,22000
115.05.20,N05,E9,甜橙-進口,600,嘉義市,85,70,55,70,1500
115.05.20,N05,F1,雜柑-檸檬,600,嘉義市,83,63,45,63,1500
115.05.20,N05,G49,奇異果-進口,600,嘉義市,155,120,100,120,2500
115.05.20,N05,I1,木瓜-網室紅肉,600,嘉義市,40,25,15,25,8000
115.05.20,N05,J1,荔枝-玉荷包,600,嘉義市,133,116,90,116,2800
115.05.20,N05,J3,荔枝-糯米,600,嘉義市,83,66,50,66,2000
115.05.20,N05,N2,李-桃接李,600,嘉義市,75,35,15,35,2500
115.05.20,N05,N9,李-進口,600,嘉義市,115,97,63,97,1500
115.05.20,N05,O2,梨-秋水梨,600,嘉義市,166,133,100,133,2000
115.05.20,N05,P1,番石榴-珍珠芭,600,嘉義市,43,40,24,40,3000
115.05.20,N05,Q1,蓮霧-紅蓮霧,600,嘉義市,118,66,27,66,1800
115.05.20,N05,R1,芒果-愛文,600,嘉義市,100,66,50,66,7000
115.05.20,N05,R2,芒果-玉文,600,嘉義市,60,50,33,50,1000
115.05.20,N05,R3,芒果-本島,600,嘉義市,83,50,33,50,2700
115.05.20,N05,R6,芒果-金煌,600,嘉義市,70,44,25,44,1200
115.05.20,N05,S1,葡萄-巨峰,600,嘉義市,120,83,55,83,2000
115.05.20,N05,S9,葡萄-進口,600,嘉義市,200,123,100,123,1500
115.05.20,N05,T1,西瓜-大西瓜,600,嘉義市,22,12,7,12,16000
115.05.20,N05,T3,西瓜-黑美人,600,嘉義市,14,7,4,7,17000
115.05.20,N05,T4,西瓜-鳳光英妙,600,嘉義市,14,7,4,7,10000
115.05.20,N05,T5,西瓜-黃肉,600,嘉義市,13,7,4,7,12000
115.05.20,N05,V1,甜瓜-美濃,600,嘉義市,45,30,17,30,2000
115.05.20,N05,W1,洋香瓜-網狀紅肉,600,嘉義市,50,30,20,30,4000
115.05.20,N05,W2,洋香瓜-網狀綠肉,600,嘉義市,50,25,17,25,2000
115.05.20,N05,X09,蘋果-其他進口,600,嘉義市,125,98,66,98,6500
115.05.20,N05,Y1,桃子-水蜜桃,600,嘉義市,240,160,80,160,1800
115.05.20,N05,Y4,桃子-早桃,600,嘉義市,83,45,25,45,1500
115.05.20,N05,Y9,桃子-進口,600,嘉義市,100,66,50,66,2000
115.05.20,N04,FB1,花椰菜-青梗,648,西螺鎮,34.2,25,17.5,25.8,9128
115.05.20,N04,FC1,胡瓜-黑刺,648,西螺鎮,25,20,9.8,19,34846
115.05.20,N04,FD1,花胡瓜,648,西螺鎮,38.6,27.8,16.7,28,40688
115.05.20,N04,FE1,冬瓜-白皮,648,西螺鎮,23,20,15,19.6,11258
115.05.20,N04,FF1,絲瓜,648,西螺鎮,34.7,25,16.7,25.8,35727
115.05.20,N04,FG1,苦瓜-白大米,648,西螺鎮,40.7,29.8,16.7,29.7,34563
115.05.20,N04,FH3,扁蒲-花蒲,648,西螺鎮,17.1,12,6,12.2,12193
115.05.20,N04,FH4,扁蒲-梨子蒲,648,西螺鎮,27.7,20,12.5,20,4940
115.05.20,N04,FI2,茄子-麻荸茄,648,西螺鎮,35.9,25,16.7,25.7,31094
115.05.20,N04,FJ3,番茄-牛番茄,648,西螺鎮,72.5,49.4,20,48.2,32144
115.05.20,N04,FK5,甜椒-青椒,648,西螺鎮,52.1,33.4,16.7,34.1,16808
115.05.20,N04,FL9,豌豆-進口,648,西螺鎮,150,125,75,120,1048
115.05.20,N04,FM1,菜豆-白色,648,西螺鎮,40.6,30,20,31.1,16956
115.05.20,N04,FN1,敏豆-白豆,648,西螺鎮,118.1,77.8,40,79.5,10366
115.05.20,N04,FR9,青花苔-進口,648,西螺鎮,86.7,68.8,50,69,9490
115.05.20,N04,FV1,辣椒-紅小,648,西螺鎮,69.3,40,20,44.3,3481
115.05.20,N04,FY6,玉米-甜軟殼,648,西螺鎮,33.4,25,16.7,25,29602
115.05.20,N04,LA1,甘藍-初秋,648,西螺鎮,23.2,18.4,14.9,18.7,226594
115.05.20,N04,LB12,小白菜-土白菜,648,西螺鎮,17,12.3,7.5,12.9,14254
115.05.20,N04,LB2,小白菜-蚵仔白,648,西螺鎮,15,12.4,7.5,12,23325
115.05.20,N04,LC1,包心白-包白,648,西螺鎮,12.5,10,7.5,10,52300
115.05.20,N04,LD1,青江白菜-小梗,648,西螺鎮,12.9,10,5,9.6,24057
115.05.20,N04,LF2,蕹菜-小葉,648,西螺鎮,10.1,6.7,3.4,6.9,62554
115.05.20,N04,LG2,芹菜-白梗,648,西螺鎮,73.6,53.4,26.7,58.7,3640
115.05.20,N04,LI3,萵苣菜-本島圓葉,648,西螺鎮,35.8,27.4,17.5,27.6,4483
115.05.20,N04,LJ4,芥菜-小芥菜,648,西螺鎮,25,20,10,19.5,5612
115.05.20,N04,LK2,芥藍菜,648,西螺鎮,16.7,12.4,7.5,12.9,7975
115.05.20,N04,LM2,莧菜-白莧菜,648,西螺鎮,41.9,33.3,16.7,32.8,11283
115.05.20,N04,LN1,油菜,648,西螺鎮,12.5,10,5,9.5,24918
115.05.20,N04,LS1,茴香,648,西螺鎮,74,66.7,40,67.7,657
115.05.20,N04,OX1,其他,648,西螺鎮,131.4,44.9,12.3,36.1,8458
115.05.20,N04,SA32,蘿蔔-矸仔,648,西螺鎮,13.4,10,5,9.7,12960
115.05.20,N04,SA9,蘿蔔-進口,648,西螺鎮,22.5,17.4,12.5,17.5,23425
115.05.20,N04,SB2,胡蘿蔔-清洗,648,西螺鎮,23.5,18,13,18.1,25840
115.05.20,N04,SC1,馬鈴薯-本產,648,西螺鎮,27.1,23,16.7,22.6,24000
115.05.20,N04,SD1,洋蔥-本產,648,西螺鎮,18.4,14.2,10,14.2,26580
115.05.20,N04,SE6,青蔥-粉蔥,648,西螺鎮,52.7,40,26.7,40.5,22812
115.05.20,N04,SF1,韭菜-白頭,648,西螺鎮,50,50,50,50,3561
115.05.20,N04,SG2,大蒜-軟梗,648,西螺鎮,115.8,90,50,87.5,7914
115.05.20,N04,SG5,大蒜-蒜頭,648,西螺鎮,133.4,100,75,101.7,1566
115.05.20,N04,SG6,大蒜-蒜仁,648,西螺鎮,116.7,90,50,87.3,3620
115.05.20,N04,SJ2,芋-檳榔心芋,648,西螺鎮,56.7,46.7,26.7,44.7,14280
115.05.20,N04,SO1,甘薯-臺農57號,648,西螺鎮,23.4,18.4,13.4,18.4,18510
115.05.20,N04,SP1,薑-老薑,648,西螺鎮,155.6,111.2,83.4,114.5,6930
115.05.20,N06,FA800,康乃馨-多朵(混色),700,台南市場,22,21,20,21,60
115.05.20,N06,FA811,康乃馨-多朵櫻紅,700,台南市場,20,20,20,20,27
115.05.20,N06,FA812,康乃馨-波斯桃紅,700,台南市場,0,0,0,0,0
115.05.20,N06,FA840,康乃馨-多朵粉,700,台南市場,26,26,26,26,30
115.05.20,N06,FA985,繡球撫子-綠石竹,700,台南市場,26,26,26,26,15
115.05.20,N06,FB000,火鶴花,700,台南市場,13,9,6,9,445
115.05.20,N06,FB001,火鶴花-混色,700,台南市場,5,5,5,5,33
115.05.20,N06,FB100,火鶴花-紅色,700,台南市場,8,7,5,7,220
115.05.20,N06,FB106,火鶴花-丘比特,700,台南市場,5,5,5,5,419
115.05.20,N06,FB111,火鶴花-月光,700,台南市場,11,9,7,9,87
115.05.20,N06,FB113,火鶴花-紅鈴,700,台南市場,12,7,5,8,1587
115.05.20,N06,FB115,火鶴花-維納斯,700,台南市場,7,5,5,6,120
115.05.20,N06,FB302,火鶴花-黃瑪莉,700,台南市場,5,5,5,5,29
115.05.20,N06,FB407,火鶴花-夢幻,700,台南市場,13,11,11,12,271
115.05.20,N06,FB412,火鶴花-總統,700,台南市場,13,13,13,13,20
115.05.20,N06,FB415,火鶴花-羅莎,700,台南市場,18,15,12,15,333
115.05.20,N06,FB419,火鶴花-太極,700,台南市場,6,6,6,6,53
115.05.20,N06,FB420,火鶴花-小紅莓,700,台南市場,8,8,8,8,50
115.05.20,N06,FB426,火鶴花-粉蕾絲,700,台南市場,14,12,11,12,209
115.05.20,N06,FB500,火鶴花-翠綠,700,台南市場,7,7,7,7,20
115.05.20,N06,FB502,火鶴花-綠紅心,700,台南市場,20,15,10,15,642
115.05.20,N06,FB504,火鶴花-雷夢娜,700,台南市場,5,5,5,5,54
115.05.20,N06,FB600,火鶴花-白色,700,台南市場,8,6,5,6,123
115.05.20,N06,FB608,火鶴花-戀愛,700,台南市場,8,5,5,6,291
115.05.20,N06,FB700,火鶴花-紫色,700,台南市場,9,8,8,8,190
115.05.20,N06,FB802,火鶴花-大地,700,台南市場,10,9,7,9,71
115.05.20,N06,FC316,大菊-黃精競,700,台南市場,35,28,22,28,404
115.05.20,N06,FC613,大菊-白天星,700,台南市場,112,65,30,67,614
115.05.20,N06,FC800,大菊-染色大菊,700,台南市場,78,69,45,66,90
115.05.20,N06,FC802,染大菊-芭迪卡,700,台南市場,81,81,81,81,100
115.05.20,N06,FC804,染大菊-白天星,700,台南市場,89,89,89,89,96
115.05.20,N06,FC807,染大菊-梅西,700,台南市場,67,67,67,67,25
115.05.20,N06,FD001,小菊-混合色,700,台南市場,20,20,20,20,30
115.05.20,N06,FD127,小菊-雙色紅,700,台南市場,24,22,20,22,88
115.05.20,N06,FD131,小菊-小紅娘,700,台南市場,44,33,21,32,452
115.05.20,N06,FD138,小菊-卡洛琳,700,台南市場,60,53,28,49,75
115.05.20,N06,FD200,小菊-金,700,台南市場,61,46,29,46,448
115.05.20,N06,FD300,小菊-黃,700,台南市場,34,34,34,34,50
115.05.20,N06,FD308,小菊-黃丁字菊,700,台南市場,53,41,26,41,451
115.05.20,N06,FD309,小菊-日本黃,700,台南市場,30,30,30,30,50
115.05.20,N06,FD422,小菊-吉祥小粉,700,台南市場,58,58,58,58,75
115.05.20,N06,FD423,小菊-粉日記,700,台南市場,83,76,42,71,169
115.05.20,N06,FD456,小菊-卡洛粉,700,台南市場,29,28,27,28,55
115.05.20,N06,FD635,小菊-林克小白,700,台南市場,54,45,21,42,111
115.05.20,N06,FD645,小菊-白斯不列,700,台南市場,134,109,64,105,285
115.05.20,N06,FD800,小菊-染色小菊,700,台南市場,34,34,34,34,60
115.05.20,N06,FD801,染小菊-芬蘭,700,台南市場,45,45,45,45,25
115.05.20,N06,FE000,非洲菊,700,台南市場,25,25,25,25,20
115.05.20,N06,FE001,非洲菊-混合色,700,台南市場,31,31,31,31,230
115.05.20,N06,FE110,非洲菊-卡布,700,台南市場,32,32,32,32,40
115.05.20,N06,FE111,非洲菊-上海紅,700,台南市場,20,20,20,20,20
115.05.20,N06,FE200,非洲菊-橙,700,台南市場,42,42,42,42,60
115.05.20,N06,FE205,非洲菊-哈利熊,700,台南市場,20,20,20,20,80
115.05.20,N06,FE300,非洲菊-黃,700,台南市場,29,26,20,26,240
115.05.20,N06,FE400,非洲菊-粉,700,台南市場,44,41,40,42,100
115.05.20,N06,FE401,非洲菊-伊斯瑪拉,700,台南市場,44,25,22,28,120
115.05.20,N06,FE408,非洲菊-粉紅佳人,700,台南市場,47,44,34,43,60
115.05.20,N06,FE409,非洲菊-粉紅魅力,700,台南市場,58,40,20,40,120
115.05.20,N06,FE416,非洲菊-熱情粉,700,台南市場,58,35,20,37,540
115.05.20,N06,FE600,非洲菊-白,700,台南市場,33,28,20,27,190
115.05.20,N06,FE700,非洲菊-紫,700,台南市場,27,27,27,27,20
115.05.20,N06,FE900,非洲菊-迷你混色,700,台南市場,66,38,25,41,286
115.05.20,N06,FE920,非洲菊-迷你橙,700,台南市場,25,25,25,25,20
115.05.20,N06,FG105,劍蘭-２３５號,700,台南市場,69,62,54,62,154
115.05.20,N06,FG116,劍蘭-雙色金紅,700,台南市場,49,44,39,44,40
115.05.20,N06,FH000,其它花卉,700,台南市場,70,70,70,70,7
115.05.20,N06,FH006,黃梔花,700,台南市場,82,62,32,60,444
115.05.20,N06,FH007,松蟲草,700,台南市場,0,0,0,0,0
115.05.20,N06,FH008,洋甘菊,700,台南市場,147,119,97,120,43
115.05.20,N06,FH112,小天堂鳥-桔帶紅,700,台南市場,25,21,20,21,58
115.05.20,N06,FH131,鶴焦,700,台南市場,23,23,23,23,30
115.05.20,N06,FH158,紅薑花,700,台南市場,50,50,50,50,16
115.05.20,N06,FH210,夕霧草,700,台南市場,65,65,65,65,16
115.05.20,N06,FH230,夜來香,700,台南市場,96,96,96,96,10
115.05.20,N06,FH293,向日葵-單瓣,700,台南市場,87,69,43,67,73
115.05.20,N06,FH310,大理花-混色,700,台南市場,68,68,68,68,5
115.05.20,N06,FH312,大理花-橘色,700,台南市場,62,62,62,62,8
115.05.20,N06,FH316,大理花-白色,700,台南市場,82,82,82,82,5
115.05.20,N06,FH330,雞冠花,700,台南市場,61,56,39,54,59
115.05.20,N06,FH331,雞冠花-清紅,700,台南市場,63,51,45,52,42
115.05.20,N06,FH381,麒麟草,700,台南市場,30,26,20,25,342
115.05.20,N06,FH460,繡球花,700,台南市場,45,45,45,45,30
115.05.20,N06,FH464,繡球花-粉,700,台南市場,59,59,59,59,20
115.05.20,N06,FH466,繡球花-白,700,台南市場,42,42,42,42,48
115.05.20,N06,FH522,迥香-白,700,台南市場,72,72,72,72,25
115.05.20,N06,FH670,茉莉花,700,台南市場,21,18,15,18,80
115.05.20,N06,FH710,深山櫻,700,台南市場,68,61,54,61,60
115.05.20,N06,FH750,百子蓮(愛情花),700,台南市場,34,26,18,26,237
115.05.20,N06,FO000,蘭花,700,台南市場,95,95,95,95,9
115.05.20,N06,FO003,腎藥蘭-曼谷火焰,700,台南市場,54,36,26,38,148
115.05.20,N06,FO007,千代蘭,700,台南市場,59,32,20,35,264
115.05.20,N06,FO009,萬代蘭,700,台南市場,51,44,36,44,36
115.05.20,N06,FO020,萬代蘭-巨輪混色,700,台南市場,23,23,23,23,35
115.05.20,N06,FO027,萬代蘭-巨輪紫,700,台南市場,36,30,28,31,64
115.05.20,N06,FO335,檸檬綠文心蘭,700,台南市場,108,80,40,78,261
115.05.20,N06,FO338,文心蘭-黃金天使,700,台南市場,65,49,45,51,77
115.05.20,N06,FO500,石斛蘭-混合色,700,台南市場,58,58,58,58,7
115.05.20,N06,FO519,石斛蘭-深紅,700,台南市場,42,42,42,42,7
115.05.20,N06,FO550,石斛蘭-綠,700,台南市場,77,74,69,73,20
115.05.20,N06,FO663,蝴蝶蘭-白黃心,700,台南市場,43,38,32,38,20
115.05.20,N06,FR000,玫瑰,700,台南市場,230,137,43,137,101
115.05.20,N06,FR001,玫瑰-混合色,700,台南市場,68,68,68,68,5
115.05.20,N06,FR100,玫瑰-紅,700,台南市場,129,83,48,85,11
115.05.20,N06,FR116,玫瑰-翡翠紅,700,台南市場,315,221,89,214,57
115.05.20,N06,FR117,玫瑰-萬年紅,700,台南市場,135,69,31,75,188
115.05.20,N06,FR120,玫瑰-埔里之星,700,台南市場,287,254,225,255,20
115.05.20,N06,FR208,玫瑰-香吉士,700,台南市場,334,301,144,275,19
115.05.20,N06,FR210,玫瑰-牡丹桔,700,台南市場,0,0,0,0,0
115.05.20,N06,FR408,玫瑰-黛安娜粉,700,台南市場,134,78,36,81,13
115.05.20,N06,FR429,玫瑰-鐵達尼,700,台南市場,250,223,180,220,43
115.05.20,N06,FR436,玫瑰-翡翠粉,700,台南市場,280,260,228,257,50
115.05.20,N06,FR439,玫瑰-翡翠香檳,700,台南市場,274,147,46,152,65
115.05.20,N06,FR451,玫瑰-翡翠佳人,700,台南市場,268,217,128,210,27
115.05.20,N06,FR455,玫瑰-翡翠珍珠,700,台南市場,300,238,141,230,13
115.05.20,N06,FR457,玫瑰-寶貝粉,700,台南市場,0,0,0,0,0
115.05.20,N06,FR461,玫瑰-新娘粉,700,台南市場,270,250,216,247,20
115.05.20,N06,FR607,玫瑰-翡翠白,700,台南市場,249,228,210,229,25
115.05.20,N06,FR715,玫瑰-紫霧,700,台南市場,0,0,0,0,0
115.05.20,N06,FR816,玫瑰-愛麗絲,700,台南市場,0,0,0,0,0
115.05.20,N06,FR818,玫瑰-潘朵拉,700,台南市場,0,0,0,0,0
115.05.20,N06,FR900,玫瑰-多朵混合,700,台南市場,0,0,0,0,0
115.05.20,N06,FR931,玫瑰-泡泡金(金黃),700,台南市場,0,0,0,0,0
115.05.20,N06,FS000,香水百合,700,台南市場,74,74,74,74,13
115.05.20,N06,FS012,香水百合-紅雙朵,700,台南市場,67,67,67,67,14
115.05.20,N06,FS019,香水百合-紅多朵,700,台南市場,136,105,52,101,17
115.05.20,N06,FS061,香水百合-白單朵,700,台南市場,198,198,198,198,12
115.05.20,N06,FS353,香水百合-索邦妮三朵,700,台南市場,74,74,74,74,14
115.05.20,N06,FS359,香水百合-索邦妮多朵,700,台南市場,78,78,78,78,48
115.05.20,N06,FS473,水晶香水-三朵,700,台南市場,321,286,270,290,26
115.05.20,N06,FS479,水晶香水-多朵,700,台南市場,311,264,222,265,110
115.05.20,N06,FS603,OT康卡多-三朵,700,台南市場,157,157,157,157,10
115.05.20,N06,FS609,OT康卡多-多朵,700,台南市場,262,238,212,238,89
115.05.20,N06,FS631,OT曼尼薩-單朵,700,台南市場,207,197,186,197,24
115.05.20,N06,FS632,OT曼尼薩-雙朵,700,台南市場,203,180,163,181,153
115.05.20,N06,FS633,OT曼尼薩-三朵,700,台南市場,277,262,258,264,73
115.05.20,N06,FS639,OT曼尼薩-多朵,700,台南市場,281,256,240,258,105
115.05.20,N06,FS770,OT百合-節奏舞者,700,台南市場,123,87,40,85,35
115.05.20,N06,FS772,OT百合-節奏舞者二朵,700,台南市場,55,55,55,55,14
115.05.20,N06,FS773,OT百合-節奏舞者三朵,700,台南市場,123,99,70,98,48
115.05.20,N06,FS779,OT百合-節奏舞者多朵,700,台南市場,212,128,87,137,255
115.05.20,N06,FS782,OT百合-貝維爾雙朵,700,台南市場,72,72,72,72,48
115.05.20,N06,FS790,OT百合-維尼,700,台南市場,76,76,76,76,11
115.05.20,N06,FS793,OT百合-維尼三朵,700,台南市場,102,102,102,102,22
115.05.20,N06,FS799,OT百合-維尼多朵,700,台南市場,144,144,144,144,18
115.05.20,N06,FS870,OT大連,700,台南市場,87,64,47,65,48
115.05.20,N06,FS871,OT大連-單朵,700,台南市場,89,65,36,64,136
115.05.20,N06,FS872,OT大連-雙朵,700,台南市場,124,86,51,86,216
115.05.20,N06,FS873,OT大連-三朵,700,台南市場,205,155,95,153,249
115.05.20,N06,FS879,OT大連-多朵,700,台南市場,254,163,109,170,147
115.05.20,N06,FS893,OT帕雷諾-三朵,700,台南市場,103,103,103,103,10
115.05.20,N06,FS899,OT帕雷諾-多朵,700,台南市場,113,113,113,113,9
115.05.20,N06,FS960,OT試金石,700,台南市場,79,72,58,70,27
115.05.20,N06,FS962,OT試金石-雙朵,700,台南市場,80,64,35,62,49
115.05.20,N06,FS963,OT試金石-三朵,700,台南市場,114,94,57,91,128
115.05.20,N06,FS969,OT試金石-多朵,700,台南市場,157,92,66,100,275
115.05.20,N06,FS972,OT紅福特-雙朵,700,台南市場,139,139,139,139,14
115.05.20,N06,FS973,OT紅福特-三朵,700,台南市場,198,131,93,137,88
115.05.20,N06,FS979,OT紅福特-多朵,700,台南市場,245,184,137,187,311
115.05.20,N06,FS981,OT百合-美麗果單朵,700,台南市場,35,35,34,35,38
115.05.20,N06,FS982,OT百合-美麗果雙朵,700,台南市場,48,48,48,48,10
115.05.20,N06,FT061,鐵砲百合-白單朵,700,台南市場,73,73,73,73,50
115.05.20,N06,FU000,洋桔梗,700,台南市場,216,161,94,158,86
115.05.20,N06,FU141,洋桔梗-單瓣粉,700,台南市場,0,0,0,0,0
115.05.20,N06,FU151,洋吉梗-單瓣彩藍,700,台南市場,0,0,0,0,0
115.05.20,N06,FU152,洋桔梗-單瓣綠,700,台南市場,0,0,0,0,0
115.05.20,N06,FU161,洋桔梗-單瓣白,700,台南市場,0,0,0,0,0
115.05.20,N06,FU171,洋桔梗-單瓣紫,700,台南市場,0,0,0,0,0
115.05.20,N06,FU402,洋桔梗-雙瓣(混色),700,台南市場,131,53,26,63,118
115.05.20,N06,FU420,洋桔梗-新喜香檳,700,台南市場,176,171,166,171,16
115.05.20,N06,FU421,洋桔梗-小夏橘,700,台南市場,101,79,53,78,85
115.05.20,N06,FU441,洋桔梗-順風粉,700,台南市場,208,128,61,131,24
115.05.20,N06,FU442,洋桔梗-雙瓣粉,700,台南市場,162,104,52,105,244
115.05.20,N06,FU451,洋桔梗-順風杏粉,700,台南市場,180,180,180,180,8
115.05.20,N06,FU459,洋桔梗-琥珀綠,700,台南市場,171,154,101,147,36
115.05.20,N06,FU462,洋桔梗-雙瓣白,700,台南市場,143,141,132,139,36
115.05.20,N06,FU465,洋桔梗-名人華麗白,700,台南市場,116,94,54,91,108
115.05.20,N06,FU469,洋桔梗-皇后白,700,台南市場,207,112,48,118,110
115.05.20,N06,FU471,洋桔梗-重瓣淺紫,700,台南市場,231,80,53,105,39
115.05.20,N06,FU472,洋桔梗-重瓣紫,700,台南市場,209,167,131,168,63
115.05.20,N06,FU478,洋桔梗-羅西娜紫,700,台南市場,171,106,28,103,19
115.05.20,N06,FU483,洋桔梗-新禧亮紫,700,台南市場,143,143,143,143,10
115.05.20,N06,FU484,洋桔梗-N系列淺紫,700,台南市場,285,285,285,285,8
115.05.20,N06,FU564,洋桔梗-斐諾白,700,台南市場,125,95,71,96,28
115.05.20,N06,FU572,洋桔梗-雙瓣白紫邊,700,台南市場,44,44,44,44,9
115.05.20,N06,FU641,洋桔梗-女王３彩粉,700,台南市場,148,96,55,98,57
115.05.20,N06,FU651,洋桔梗-典雅綠,700,台南市場,204,204,204,204,5
115.05.20,N06,FW240,粉孔雀,700,台南市場,21,20,20,20,200
115.05.20,N06,FW471,卡斯比亞-帶葉,700,台南市場,52,52,52,52,75
115.05.20,N06,FW472,卡斯比亞-無葉,700,台南市場,41,35,31,36,225
115.05.20,N06,FW560,滿天星-白,700,台南市場,121,114,106,114,50
115.05.20,N06,FW600,水晶花-混合,700,台南市場,58,53,47,53,40
115.05.20,N06,FY000,切葉類,700,台南市場,27,16,11,17,65
115.05.20,N06,FY001,尤加利葉,700,台南市場,85,48,31,52,112
115.05.20,N06,FY003,唐棉,700,台南市場,51,35,20,35,102
115.05.20,N06,FY004,黃椰心葉,700,台南市場,83,65,39,64,398
115.05.20,N06,FY009,電信蘭葉,700,台南市場,89,70,30,66,324
115.05.20,N06,FY011,火鶴葉,700,台南市場,0,0,0,0,0
115.05.20,N06,FY017,八角金盤,700,台南市場,31,24,17,24,162
115.05.20,N06,FY021,扁柏,700,台南市場,26,26,26,26,60
115.05.20,N06,FY028,高梁,700,台南市場,16,16,16,16,30
115.05.20,N06,FY035,龍文蘭,700,台南市場,14,14,14,14,50
115.05.20,N06,FY050,山蘇葉,700,台南市場,19,18,17,18,60
115.05.20,N06,FY057,百合竹,700,台南市場,22,15,15,16,675
115.05.20,N06,FY074,斑春葉,700,台南市場,0,0,0,0,0
115.05.20,N06,FY084,火龍果,700,台南市場,65,65,65,65,50
115.05.20,N06,FY086,綠春蘭葉,700,台南市場,10,10,10,10,60
115.05.20,N06,FY093,水燭葉,700,台南市場,18,17,17,17,318
115.05.20,N06,FY118,棉花,700,台南市場,60,60,60,60,14
115.05.20,N06,FY981,高山羊齒,700,台南市場,0,0,0,0,0
115.05.20,N06,FY991,青竹,700,台南市場,0,0,0,0,0
115.05.20,N06,FY992,紅竹,700,台南市場,0,0,0,0,0
115.05.20,N06,FY993,白竹,700,台南市場,77,58,25,55,300
115.05.20,N06,FY996,蓮花竹,700,台南市場,0,0,0,0,0
115.05.20,N06,IA000,進口康乃馨-中大輪,700,台南市場,35,35,35,35,20
115.05.20,N06,IA001,進口康乃馨-混合色,700,台南市場,100,100,100,100,30
115.05.20,N06,IA100,進口康乃馨-紅,700,台南市場,39,39,39,39,20
115.05.20,N06,IA400,進口康乃馨-粉,700,台南市場,44,43,41,43,60
115.05.20,N06,IA985,繡球撫子-綠,700,台南市場,11,11,11,11,88
115.05.20,N06,IC351,進口大菊-深黃乒乓,700,台南市場,158,141,124,141,16
115.05.20,N06,IC408,進口大菊-粉乒乓,700,台南市場,109,109,109,109,7
115.05.20,N06,IC608,進口大菊-白乒乓,700,台南市場,146,146,146,146,8
115.05.20,N06,IC616,進口大菊-牡丹白,700,台南市場,185,168,157,169,14
115.05.20,N06,IC623,進口大菊-美格白,700,台南市場,91,91,91,91,10
115.05.20,N06,IC624,進口大菊-真誠白,700,台南市場,121,121,121,121,10
115.05.20,N06,IC625,進口大菊-上旋白,700,台南市場,90,90,90,90,10
115.05.20,N06,IC800,進口染色大菊,700,台南市場,115,109,102,109,20
115.05.20,N06,IC803,進口染色大菊-牡丹,700,台南市場,251,231,183,225,25
115.05.20,N06,IC823,進口染色大菊-美格,700,台南市場,131,130,125,130,32
115.05.20,N06,ID001,進口小菊-混合色,700,台南市場,128,128,128,128,12
115.05.20,N06,ID651,進口小菊-伯尼白,700,台南市場,119,119,119,119,10
115.05.20,N06,ID672,進口小菊-卡莉白雪,700,台南市場,130,130,130,130,18
115.05.20,N06,ID754,進口小菊-白紫綠心,700,台南市場,78,78,78,78,10
115.05.20,N06,ID803,進口染色小菊-奇克,700,台南市場,121,121,121,121,40
115.05.20,N06,IH062,進口水仙百合-雙色,700,台南市場,105,105,105,105,5
115.05.20,N06,IH464,繡球花-粉,700,台南市場,100,100,100,100,20
115.05.20,N06,IH466,繡球花-白,700,台南市場,69,69,69,69,100
115.05.20,N06,IO519,進口石斛蘭-深紅,700,台南市場,91,77,71,78,380
115.05.20,N06,IW560,進口滿天星-白,700,台南市場,160,160,160,160,39
115.05.20,N06,IW580,滿天星-染色,700,台南市場,159,159,159,159,39
115.05.20,N05,469,藍莓-進口,800,高雄市,550,492.4,450,495.45,110
115.05.20,N05,51,百香果-改良種,800,高雄市,130,108,70,104.78,138
115.05.20,N05,72,小番茄-聖女,800,高雄市,62.1,45.7,39.4,47.73,1898
115.05.20,N05,74,小番茄-玉女,800,高雄市,150,138.3,53.1,123.61,72
115.05.20,N05,812,紅龍果-紅肉,800,高雄市,60,47.6,40,48.57,1400
115.05.20,N05,839,櫻桃-進口,800,高雄市,515.4,497.9,460,493.85,325
115.05.20,N05,859,榴槤-進口,800,高雄市,230.9,165.7,140,173.62,1270
115.05.20,N05,869,山竹-進口,800,高雄市,583.3,583.3,583.3,583.3,18
115.05.20,N05,91,其他,800,高雄市,37.1,20.3,20,23.64,924
115.05.20,N05,A1,香蕉,800,高雄市,30,19.7,15,20.8,1875
115.05.20,N05,A2,香蕉-芭蕉紅芭蕉,800,高雄市,30,30,30,30,720
115.05.20,N05,B2,鳳梨-金鑽鳳梨,800,高雄市,36,24.7,20,26.01,10248
115.05.20,N05,E9,甜橙-進口,800,高雄市,83.3,83.3,83.3,83.3,180
115.05.20,N05,F0,雜柑-其他,800,高雄市,70,70,70,70,150
115.05.20,N05,F1,雜柑-檸檬,800,高雄市,65,50.6,40,51.38,1200
115.05.20,N05,F4,雜柑-桔子,800,高雄市,75,49.8,30,50.86,1100
115.05.20,N04,FA1,黃秋葵,800,高雄市,77.2,34.1,7,37.3,744
115.05.20,N06,FA800,康乃馨-多朵(混色),800,高雄市場,25,22,20,22,78
115.05.20,N06,FA872,康乃馨-史波特,800,高雄市場,23,23,23,23,36
115.05.20,N06,FA989,繡球撫子-紫紅,800,高雄市場,59,59,59,59,12
115.05.20,N06,FB000,火鶴花,800,高雄市場,18,16,14,16,138
115.05.20,N04,FB1,花椰菜-青梗,800,高雄市,57.3,47.8,22,44.52,2041
115.05.20,N06,FB111,火鶴花-月光,800,高雄市場,0,0,0,0,0
115.05.20,N06,FB113,火鶴花-紅鈴,800,高雄市場,14,7,5,8,219
115.05.20,N06,FB114,火鶴花-紅星,800,高雄市場,16,12,6,11,275
115.05.20,N06,FB407,火鶴花-夢幻,800,高雄市場,13,9,5,9,469
115.05.20,N06,FB415,火鶴花-羅莎,800,高雄市場,15,13,8,12,287
115.05.20,N06,FB419,火鶴花-太極,800,高雄市場,16,15,7,13,380
115.05.20,N06,FB420,火鶴花-小紅莓,800,高雄市場,12,12,12,12,50
115.05.20,N06,FB601,火鶴花-白青心,800,高雄市場,12,12,12,12,27
115.05.20,N06,FB700,火鶴花-紫色,800,高雄市場,6,6,5,5,104
115.05.20,N06,FB801,火鶴花-咖啡條紋,800,高雄市場,12,12,12,12,77
115.05.20,N06,FB802,火鶴花-大地,800,高雄市場,8,8,8,8,40
115.05.20,N04,FC1,胡瓜-黑刺,800,高雄市,34.4,21.9,15.1,23.05,4704
115.05.20,N06,FC300,大菊-黃,800,高雄市場,34,34,34,34,28
115.05.20,N06,FC316,大菊-黃精競,800,高雄市場,48,45,44,45,85
115.05.20,N06,FC601,大菊-日本白,800,高雄市場,141,77,66,87,142
115.05.20,N06,FC609,大菊-白東洋,800,高雄市場,35,35,35,35,24
115.05.20,N06,FC613,大菊-白天星,800,高雄市場,98,66,44,68,535
115.05.20,N06,FC800,大菊-染色大菊,800,高雄市場,92,67,47,68,283
115.05.20,N06,FC801,染大菊-國王,800,高雄市場,66,66,66,66,25
115.05.20,N06,FC804,染大菊-白天星,800,高雄市場,138,115,102,117,108
115.05.20,N06,FC805,染大菊-白東洋,800,高雄市場,69,68,67,68,50
115.05.20,N06,FC807,染大菊-梅西,800,高雄市場,130,112,65,106,86
115.05.20,N04,FD0,花胡瓜-其他,800,高雄市,70.2,36.7,22.6,40.56,241
115.05.20,N04,FD1,花胡瓜,800,高雄市,43.9,24.9,7.5,25.21,4850
115.05.20,N06,FD113,小菊-日本小紅,800,高雄市場,82,44,38,50,40
115.05.20,N06,FD124,小菊-龍鳳紫,800,高雄市場,24,24,24,24,20
115.05.20,N06,FD127,小菊-雙色紅,800,高雄市場,28,25,21,24,117
115.05.20,N06,FD131,小菊-小紅娘,800,高雄市場,51,46,26,42,363
115.05.20,N06,FD138,小菊-卡洛琳,800,高雄市場,53,37,20,36,75
115.05.20,N06,FD200,小菊-金,800,高雄市場,47,41,22,38,348
115.05.20,N06,FD300,小菊-黃,800,高雄市場,23,23,23,23,100
115.05.20,N06,FD308,小菊-黃丁字菊,800,高雄市場,41,38,28,36,464
115.05.20,N06,FD309,小菊-日本黃,800,高雄市場,39,37,34,36,73
115.05.20,N06,FD422,小菊-吉祥小粉,800,高雄市場,0,0,0,0,0
115.05.20,N06,FD423,小菊-粉日記,800,高雄市場,125,108,90,107,125
115.05.20,N06,FD456,小菊-卡洛粉,800,高雄市場,86,79,70,78,55
115.05.20,N06,FD635,小菊-林克小白,800,高雄市場,121,98,77,98,84
115.05.20,N06,FD645,小菊-白斯不列,800,高雄市場,139,127,74,118,205
115.05.20,N06,FD657,小菊-西維亞白,800,高雄市場,84,84,84,84,20
115.05.20,N06,FD800,小菊-染色小菊,800,高雄市場,35,35,35,35,50
115.05.20,N06,FD801,染小菊-芬蘭,800,高雄市場,34,34,34,34,25
115.05.20,N06,FD802,染小菊-白鑽石,800,高雄市場,20,20,20,20,40
115.05.20,N06,FE000,非洲菊,800,高雄市場,20,20,20,20,19
115.05.20,N06,FE001,非洲菊-混合色,800,高雄市場,28,22,20,22,660
115.05.20,N04,FE1,冬瓜-白皮,800,高雄市,18.2,13.7,8.9,13.64,2577
115.05.20,N06,FE100,非洲菊-紅,800,高雄市場,22,22,22,22,54
115.05.20,N06,FE110,非洲菊-卡布,800,高雄市場,0,0,0,0,0
115.05.20,N06,FE205,非洲菊-哈利熊,800,高雄市場,20,20,20,20,30
115.05.20,N06,FE300,非洲菊-黃,800,高雄市場,20,20,20,20,58
115.05.20,N06,FE400,非洲菊-粉,800,高雄市場,37,33,29,33,30
115.05.20,N06,FE401,非洲菊-伊斯瑪拉,800,高雄市場,35,30,28,30,45
115.05.20,N06,FE409,非洲菊-粉紅魅力,800,高雄市場,35,23,20,24,105
115.05.20,N06,FE415,非洲菊-粉美麗,800,高雄市場,29,29,29,29,13
115.05.20,N06,FE416,非洲菊-熱情粉,800,高雄市場,56,36,21,37,300
115.05.20,N06,FE600,非洲菊-白,800,高雄市場,55,36,24,37,249
115.05.20,N06,FE900,非洲菊-迷你混色,800,高雄市場,45,29,20,30,308
115.05.20,N04,FF0,絲瓜-其他,800,高雄市,26,25.3,20.5,24.5,367
115.05.20,N04,FF1,絲瓜,800,高雄市,55.6,28.9,19.4,32.35,5466
115.05.20,N04,FF2,絲瓜-角瓜,800,高雄市,50,31.3,21.8,33.13,355
115.05.20,N04,FF4,絲瓜-長絲瓜,800,高雄市,20,16.7,15,17,100
115.05.20,N04,FG1,苦瓜-白大米,800,高雄市,54.2,34.4,18.1,35.09,2601
115.05.20,N06,FG105,劍蘭-２３５號,800,高雄市場,57,54,51,53,114
115.05.20,N04,FG2,苦瓜-青大米,800,高雄市,22,18.5,15,18.5,108
115.05.20,N04,FG4,苦瓜-翠綠,800,高雄市,40,35.3,25.4,34.27,872
115.05.20,N06,FG406,劍蘭-青殼粉,800,高雄市場,38,30,24,30,37
115.05.20,N06,FH000,其它花卉,800,高雄市場,32,32,32,32,10
115.05.20,N06,FH006,黃梔花,800,高雄市場,54,48,20,43,366
115.05.20,N06,FH008,洋甘菊,800,高雄市場,105,105,105,105,20
115.05.20,N06,FH009,萬壽菊,800,高雄市場,44,44,44,44,15
115.05.20,N04,FH1,扁蒲-長形,800,高雄市,5,5,5,5,20
115.05.20,N06,FH101,天堂鳥,800,高雄市場,69,66,61,65,62
115.05.20,N06,FH131,鶴焦,800,高雄市場,7,7,7,7,40
115.05.20,N06,FH156,野薑花-白,800,高雄市場,59,55,51,55,20
115.05.20,N06,FH158,紅薑花,800,高雄市場,58,58,58,58,10
115.05.20,N06,FH210,夕霧草,800,高雄市場,118,118,118,118,16
115.05.20,N06,FH293,向日葵-單瓣,800,高雄市場,102,81,54,79,185
115.05.20,N04,FH3,扁蒲-花蒲,800,高雄市,30,19.9,9.4,19.82,1250
115.05.20,N06,FH330,雞冠花,800,高雄市場,68,42,25,44,33
115.05.20,N06,FH331,雞冠花-清紅,800,高雄市場,42,37,24,35,70
115.05.20,N06,FH336,垂雞冠,800,高雄市場,56,56,56,56,22
115.05.20,N06,FH381,麒麟草,800,高雄市場,30,27,23,26,247
115.05.20,N04,FH4,扁蒲-梨子蒲,800,高雄市,25,16.3,9.1,16.6,1092
115.05.20,N06,FH465,繡球花-綠色,800,高雄市場,29,29,29,29,24
115.05.20,N06,FH466,繡球花-白,800,高雄市場,22,22,22,22,24
115.05.20,N06,FH640,睡蓮,800,高雄市場,65,65,65,65,12
115.05.20,N06,FH670,茉莉花,800,高雄市場,15,15,15,15,60
115.05.20,N06,FH710,深山櫻,800,高雄市場,55,49,42,48,60
115.05.20,N06,FH750,百子蓮(愛情花),800,高雄市場,19,17,12,16,315
115.05.20,N04,FI0,茄子-其他,800,高雄市,15,15,15,15,12
115.05.20,N04,FI1,茄子-胭脂茄,800,高雄市,20,20,20,20,800
115.05.20,N04,FI2,茄子-麻荸茄,800,高雄市,41.1,22.3,7.8,23.15,4379
115.05.20,N04,FI3,茄子-日本種,800,高雄市,15,14.2,13,14.1,73
115.05.20,N04,FJ1,番茄-黑柿,800,高雄市,100,65.8,50,69.45,622
115.05.20,N04,FJ3,番茄-牛番茄,800,高雄市,78.3,59.6,36.4,58.72,5019
115.05.20,N04,FK3,甜椒-新香,800,高雄市,60,60,47.7,57.54,224
115.05.20,N04,FK4,甜椒-彩色種,800,高雄市,20,20,20,20,10
115.05.20,N04,FK41,甜椒-彩色種 紅色,800,高雄市,115.7,75.2,20,72.24,1145
115.05.20,N04,FK42,甜椒-彩色種 黃色,800,高雄市,136.3,88,9.8,82.02,793
115.05.20,N04,FK5,甜椒-青椒,800,高雄市,72.2,39.5,7.9,39.7,3051
115.05.20,N04,FK6,甜椒-水果彩椒,800,高雄市,60,60,60,60,150
115.05.20,N04,FK9,甜椒-進口,800,高雄市,5,4.1,2,3.88,40
115.05.20,N04,FL5,豌豆-豌豆苗,800,高雄市,40,40,40,40,6
115.05.20,N04,FL6,豌豆-甜豌豆,800,高雄市,92,92,92,92,12
115.05.20,N04,FM2,菜豆-青色,800,高雄市,67.1,42.1,24.5,43.59,696
115.05.20,N04,FN1,敏豆-白豆,800,高雄市,149.1,93.1,39.2,93.51,1102
115.05.20,N04,FN5,敏豆-醜豆,800,高雄市,67,48.9,24.4,47.61,741
115.05.20,N06,FO003,腎藥蘭-曼谷火焰,800,高雄市場,13,9,5,9,520
115.05.20,N06,FO006,腎藥蘭-深紅色,800,高雄市場,5,5,5,5,80
115.05.20,N06,FO007,千代蘭,800,高雄市場,7,6,5,6,800
115.05.20,N06,FO009,萬代蘭,800,高雄市場,9,7,6,7,270
115.05.20,N06,FO027,萬代蘭-巨輪紫,800,高雄市場,18,18,18,18,27
115.05.20,N06,FO335,檸檬綠文心蘭,800,高雄市場,123,76,41,78,380
115.05.20,N06,FO519,石斛蘭-深紅,800,高雄市場,83,76,64,74,25
115.05.20,N06,FO550,石斛蘭-綠,800,高雄市場,135,135,135,135,15
115.05.20,N06,FO663,蝴蝶蘭-白黃心,800,高雄市場,44,44,44,44,20
115.05.20,N04,FP1,萊豆-豆莢,800,高雄市,90,78.4,60,77.06,564
115.05.20,N04,FQ1,毛豆-豆莢,800,高雄市,30,30,30,30,20
115.05.20,N06,FR000,玫瑰,800,高雄市場,242,114,30,120,72
115.05.20,N04,FR1,青花苔,800,高雄市,20,20,20,20,105
115.05.20,N06,FR100,玫瑰-紅,800,高雄市場,95,46,34,53,34
115.05.20,N06,FR116,玫瑰-翡翠紅,800,高雄市場,227,126,42,129,89
115.05.20,N06,FR117,玫瑰-萬年紅,800,高雄市場,71,58,48,58,15
115.05.20,N06,FR120,玫瑰-埔里之星,800,高雄市場,314,280,208,272,56
115.05.20,N06,FR208,玫瑰-香吉士,800,高雄市場,321,280,252,286,8
115.05.20,N06,FR308,玫瑰-陽光女孩,800,高雄市場,208,208,208,208,5
115.05.20,N06,FR400,玫瑰-粉,800,高雄市場,209,172,123,173,13
115.05.20,N06,FR408,玫瑰-黛安娜粉,800,高雄市場,83,48,33,51,51
115.05.20,N06,FR431,玫瑰-東方之星,800,高雄市場,150,129,107,128,10
115.05.20,N06,FR434,玫瑰-卡蜜拉,800,高雄市場,185,113,73,119,42
115.05.20,N06,FR436,玫瑰-翡翠粉,800,高雄市場,202,124,63,127,87
115.05.20,N06,FR439,玫瑰-翡翠香檳,800,高雄市場,246,181,134,183,74
115.05.20,N06,FR451,玫瑰-翡翠佳人,800,高雄市場,142,136,116,133,15
115.05.20,N06,FR455,玫瑰-翡翠珍珠,800,高雄市場,253,214,147,208,24
115.05.20,N06,FR607,玫瑰-翡翠白,800,高雄市場,177,123,44,119,52
115.05.20,N06,FR705,玫瑰-紫天王,800,高雄市場,109,66,42,68,27
115.05.20,N06,FR711,玫瑰-天堂紫,800,高雄市場,74,74,74,74,5
115.05.20,N04,FR9,青花苔-進口,800,高雄市,76.5,67.7,24,60.73,2641
115.05.20,N06,FS012,香水百合-紅雙朵,800,高雄市場,150,150,150,150,28
115.05.20,N06,FS350,香水百合-索邦妮,800,高雄市場,101,101,101,101,17
115.05.20,N06,FS359,香水百合-索邦妮多朵,800,高雄市場,148,144,132,142,48
115.05.20,N06,FS473,水晶香水-三朵,800,高雄市場,214,214,214,214,10
115.05.20,N06,FS479,水晶香水-多朵,800,高雄市場,273,240,240,246,48
115.05.20,N06,FS631,OT曼尼薩-單朵,800,高雄市場,204,204,204,204,12
115.05.20,N06,FS632,OT曼尼薩-雙朵,800,高雄市場,218,213,207,212,101
115.05.20,N06,FS772,OT百合-節奏舞者二朵,800,高雄市場,111,111,111,111,28
115.05.20,N06,FS773,OT百合-節奏舞者三朵,800,高雄市場,165,157,143,155,34
115.05.20,N06,FS779,OT百合-節奏舞者多朵,800,高雄市場,171,160,140,158,160
115.05.20,N06,FS871,OT大連-單朵,800,高雄市場,162,128,81,125,76
115.05.20,N06,FS872,OT大連-雙朵,800,高雄市場,170,120,88,123,66
115.05.20,N06,FS873,OT大連-三朵,800,高雄市場,165,155,145,155,36
115.05.20,N06,FS963,OT試金石-三朵,800,高雄市場,150,132,102,128,42
115.05.20,N06,FS969,OT試金石-多朵,800,高雄市場,190,151,129,154,103
115.05.20,N06,FS972,OT紅福特-雙朵,800,高雄市場,123,123,123,123,14
115.05.20,N06,FS973,OT紅福特-三朵,800,高雄市場,214,150,139,161,34
115.05.20,N06,FS979,OT紅福特-多朵,800,高雄市場,259,247,234,246,72
115.05.20,N04,FT11,南瓜-木瓜型 阿成,800,高雄市,32.9,26.3,11.8,24.68,5083
115.05.20,N04,FT12,南瓜-木瓜型 阿嬌,800,高雄市,35,35,22.7,32.54,560
115.05.20,N04,FT2,南瓜-圓形,800,高雄市,34.2,30,30,30.83,480
115.05.20,N04,FT5,南瓜-青如意,800,高雄市,66.1,34.6,12.2,36.41,4005
115.05.20,N06,FT661,鐵砲百合-雷山一號單朵,800,高雄市場,21,21,21,21,25
115.05.20,N06,FT662,鐵砲百合-雷山一號雙朵,800,高雄市場,108,108,108,108,23
115.05.20,N04,FT7,南瓜-栗子,800,高雄市,30,29.6,25.6,28.89,1210
115.05.20,N04,FT72,南瓜-栗子 小黑,800,高雄市,29,23.8,11.5,22.36,362
115.05.20,N06,FU000,洋桔梗,800,高雄市場,176,122,32,114,94
115.05.20,N04,FU1,隼人瓜,800,高雄市,15,10.3,6.3,10.44,1596
115.05.20,N04,FU2,隼人瓜-瓜苗,800,高雄市,80,67.5,55,67.51,281
115.05.20,N06,FU402,洋桔梗-雙瓣(混色),800,高雄市場,120,107,99,108,16
115.05.20,N06,FU412,洋桔梗-雙瓣紅,800,高雄市場,0,0,0,0,0
115.05.20,N06,FU432,洋桔梗-雙瓣黃,800,高雄市場,123,123,123,123,11
115.05.20,N06,FU441,洋桔梗-順風粉,800,高雄市場,96,86,77,86,18
115.05.20,N06,FU442,洋桔梗-雙瓣粉,800,高雄市場,157,126,118,130,147
115.05.20,N06,FU449,洋桔梗-艾瑞娜彩粉,800,高雄市場,144,114,93,115,20
115.05.20,N06,FU452,洋吉梗-雙瓣彩藍,800,高雄市場,168,168,168,168,8
115.05.20,N06,FU458,洋桔梗-艾瑞娜綠,800,高雄市場,141,141,141,141,10
115.05.20,N06,FU459,洋桔梗-琥珀綠,800,高雄市場,131,131,131,131,16
115.05.20,N06,FU462,洋桔梗-雙瓣白,800,高雄市場,134,97,66,98,101
115.05.20,N06,FU465,洋桔梗-名人華麗白,800,高雄市場,107,71,61,75,47
115.05.20,N06,FU469,洋桔梗-皇后白,800,高雄市場,162,157,152,157,27
115.05.20,N06,FU471,洋桔梗-重瓣淺紫,800,高雄市場,122,115,101,113,48
115.05.20,N06,FU472,洋桔梗-重瓣紫,800,高雄市場,165,154,151,155,26
115.05.20,N06,FU478,洋桔梗-羅西娜紫,800,高雄市場,93,66,20,61,70
115.05.20,N06,FU482,洋桔梗-拉弗爾酒彩,800,高雄市場,38,38,38,38,10
115.05.20,N06,FU483,洋桔梗-新禧亮紫,800,高雄市場,140,139,139,139,21
115.05.20,N06,FU562,洋桔梗-珍妮白,800,高雄市場,104,66,33,65,22
115.05.20,N06,FU572,洋桔梗-雙瓣白紫邊,800,高雄市場,142,142,142,142,10
115.05.20,N06,FU641,洋桔梗-女王３彩粉,800,高雄市場,113,90,53,87,135
115.05.20,N04,FV1,辣椒-紅小,800,高雄市,120,77.3,22.6,74.88,676
115.05.20,N04,FV4,辣椒-朝天椒,800,高雄市,74.7,49.1,27.4,49.86,1062
115.05.20,N04,FV6,辣椒-糯米椒,800,高雄市,149.2,121.9,78.9,118.76,434
115.05.20,N06,FW240,粉孔雀,800,高雄市場,19,16,15,16,225
115.05.20,N06,FW471,卡斯比亞-帶葉,800,高雄市場,44,44,44,44,50
115.05.20,N06,FW472,卡斯比亞-無葉,800,高雄市場,38,38,38,38,48
115.05.20,N06,FW560,滿天星-白,800,高雄市場,114,108,102,108,50
115.05.20,N06,FY000,切葉類,800,高雄市場,28,28,28,28,20
115.05.20,N06,FY001,尤加利葉,800,高雄市場,68,56,29,52,122
115.05.20,N06,FY003,唐棉,800,高雄市場,39,33,10,29,87
115.05.20,N06,FY004,黃椰心葉,800,高雄市場,82,73,58,71,144
115.05.20,N06,FY009,電信蘭葉,800,高雄市場,74,36,10,38,255
115.05.20,N06,FY021,扁柏,800,高雄市場,37,30,28,30,96
115.05.20,N06,FY035,龍文蘭,800,高雄市場,18,18,18,18,50
115.05.20,N06,FY057,百合竹,800,高雄市場,21,15,15,16,604
115.05.20,N06,FY071,雪松,800,高雄市場,80,80,80,80,22
115.05.20,N06,FY084,火龍果,800,高雄市場,85,85,85,85,20
115.05.20,N06,FY086,綠春蘭葉,800,高雄市場,10,10,10,10,30
115.05.20,N06,FY093,水燭葉,800,高雄市場,18,13,10,13,460
115.05.20,N06,FY118,棉花,800,高雄市場,41,41,41,41,14
115.05.20,N04,FY4,玉米-玉米筍,800,高雄市,35.6,24.1,10.6,23.73,96
115.05.20,N04,FY41,玉米-玉米筍 帶殼,800,高雄市,30.1,26.8,13.8,24.88,2394
115.05.20,N04,FY5,玉米-糯米黑,800,高雄市,35,29.8,22.5,29.37,1886
115.05.20,N04,FY6,玉米-甜軟殼,800,高雄市,38.2,31.2,22.5,30.89,1697
115.05.20,N04,FY8,玉米-白龍王,800,高雄市,50,40.9,12,36.92,344
115.05.20,N06,FY981,高山羊齒,800,高雄市場,35,35,35,35,50
115.05.20,N06,FY993,白竹,800,高雄市場,55,41,31,41,240
115.05.20,N06,FY996,蓮花竹,800,高雄市場,5,5,5,5,52
115.05.20,N04,FZ2,落花生-熟,800,高雄市,70,70,70,70,140
115.05.20,N05,G3,酪梨,800,高雄市,100,100,100,100,120
115.05.20,N05,G49,奇異果-進口,800,高雄市,175,175,172.1,174.42,860
115.05.20,N05,I1,木瓜-網室紅肉,800,高雄市,37.2,27.3,20,27.84,2784
115.05.20,N05,I4,木瓜-青木瓜,800,高雄市,18,18,16.5,17.69,780
115.05.20,N06,IA001,進口康乃馨-混合色,800,高雄市場,117,117,117,117,60
115.05.20,N06,IA100,進口康乃馨-紅,800,高雄市場,63,63,63,63,20
115.05.20,N06,IA104,進口康乃馨-櫻紅,800,高雄市場,63,63,63,63,20
115.05.20,N06,IA200,進口康乃馨-橙,800,高雄市場,49,49,49,49,12
115.05.20,N06,IA300,進口康乃馨-黃,800,高雄市場,80,80,80,80,10
115.05.20,N06,IA400,進口康乃馨-粉,800,高雄市場,99,55,43,61,30
115.05.20,N06,IA402,進口康乃馨-淺粉,800,高雄市場,99,99,99,99,20
115.05.20,N06,IA700,進口康乃馨-紫,800,高雄市場,98,98,98,98,16
115.05.20,N06,IA985,繡球撫子-綠,800,高雄市場,42,10,10,16,160
115.05.20,N06,IC321,進口大菊-安娜黃,800,高雄市場,100,100,100,100,10
115.05.20,N06,IC424,進口大菊-卡西妮,800,高雄市場,166,166,166,166,10
115.05.20,N06,IC501,進口大菊-綠絲菊,800,高雄市場,161,155,149,155,20
115.05.20,N06,IC623,進口大菊-美格白,800,高雄市場,200,200,200,200,9
115.05.20,N06,IC624,進口大菊-真誠白,800,高雄市場,159,159,159,159,10
115.05.20,N06,IC800,進口染色大菊,800,高雄市場,72,61,58,62,1240
115.05.20,N06,IC803,進口染色大菊-牡丹,800,高雄市場,203,203,203,203,10
115.05.20,N06,IC823,進口染色大菊-美格,800,高雄市場,189,189,189,189,8
115.05.20,,ID453,,800,高雄市,108,108,108,108,10
115.05.20,N06,ID510,進口小菊-綠寶石,800,高雄市場,105,105,105,105,10
115.05.20,N06,ID511,進口小菊-綠蜥蜴,800,高雄市場,105,105,105,105,10
115.05.20,N06,IH057,進口水仙百合-紫,800,高雄市場,98,98,98,98,3
115.05.20,N06,IH464,繡球花-粉,800,高雄市場,75,75,75,75,20
115.05.20,N06,IH466,繡球花-白,800,高雄市場,72,71,59,68,100
115.05.20,N06,IO519,進口石斛蘭-深紅,800,高雄市場,91,88,78,86,300
115.05.20,N06,IW560,進口滿天星-白,800,高雄市場,170,165,159,164,39
115.05.20,N06,IW580,滿天星-染色,800,高雄市場,150,149,149,149,39
115.05.20,N05,J1,荔枝-玉荷包,800,高雄市,167.5,147.2,131.7,148.16,1812
115.05.20,N04,LA1,甘藍-初秋,800,高雄市,24.3,21.4,16.6,21.04,41071
115.05.20,N04,LA7,甘藍-改良尖,800,高雄市,25,20.9,20,21.57,4181
115.05.20,N04,LA9,甘藍-進口,800,高雄市,18.8,17.3,16.7,17.5,1680
115.05.20,N04,LB0,小白菜-其他,800,高雄市,7.3,4.4,3,4.69,320
115.05.20,N04,LB1,小白菜-土白菜,800,高雄市,40,27.5,17.1,27.91,2338
115.05.20,N04,LB2,小白菜-蚵仔白,800,高雄市,36.5,16,3.4,17.61,5740
115.05.20,N04,LB3,小白菜-奶油白,800,高雄市,40,15,3.2,17.65,1259
115.05.20,N04,LC0,包心白-其他,800,高雄市,40,40,40,40,20
115.05.20,N04,LC1,包心白-包白,800,高雄市,27,22.1,18,22.27,9300
115.05.20,N04,LC3,包心白-包頭蓮,800,高雄市,15,15,15,15,125
115.05.20,N04,LC90,包心白菜-進口 其他,800,高雄市,17,14.7,8,13.82,1500
115.05.20,N04,LC93,包心白菜-進口 包頭蓮 ,800,高雄市,31.8,29.8,22.1,28.68,8251
115.05.20,N04,LD1,青江白菜-小梗,800,高雄市,37.2,24,5.1,22.85,5573
115.05.20,N04,LE1,皇宮菜-小葉,800,高雄市,100,21.3,4.9,33.73,467
115.05.20,N04,LF2,蕹菜-小葉,800,高雄市,57.4,36.2,11.6,35.54,3189
115.05.20,N04,LG2,芹菜-白梗,800,高雄市,81.2,52.8,33.8,54.66,1813
115.05.20,N04,LG3,芹菜-西洋芹菜,800,高雄市,30,28.8,25,28.28,870
115.05.20,N04,LG9,芹菜-進口,800,高雄市,30,30,21,28.2,98
115.05.20,N04,LH2,菠菜-角葉,800,高雄市,80,46.1,18.3,47.34,3205
115.05.20,N04,LI0,萵苣菜-其他,800,高雄市,40,40,40,40,10
115.05.20,N04,LI1,萵苣菜-廣東菜,800,高雄市,10,10,10,10,70
115.05.20,N04,LI2,萵苣菜-結球萵,800,高雄市,50,47.1,10.2,40.32,670
115.05.20,N04,LI3,萵苣菜-本島圓葉,800,高雄市,50,28.9,8.3,28.99,905
115.05.20,N04,LI5,萵苣菜-油麥菜,800,高雄市,32.1,21.6,3.4,20.07,7100
115.05.20,N04,LI6,萵苣菜-蘿美,800,高雄市,60,46.2,13.1,42.33,333
115.05.20,N04,LI8,萵苣菜-水耕,800,高雄市,5,5,5,5,75
115.05.20,N04,LI92,萵苣菜-進口 結球萵,800,高雄市,11.3,3.3,1,4.4,792
115.05.20,N04,LI96,萵苣菜-進口 蘿美,800,高雄市,40,40,40,40,60
115.05.20,N04,LJ1,芥菜-芥菜仁,800,高雄市,13,12.6,12,12.56,180
115.05.20,N04,LJ3,芥菜-大芥菜,800,高雄市,9,9,9,9,60
115.05.20,N04,LJ4,芥菜-小芥菜,800,高雄市,25.1,17.7,4.3,16.48,1221
115.05.20,N04,LK2,芥藍菜,800,高雄市,60,31.2,3,31.33,1660
115.05.20,N04,LK3,芥藍菜-芥藍芽,800,高雄市,100,40.3,10.5,46.26,1207
115.05.20,N04,LM2,莧菜-白莧菜,800,高雄市,50,39.8,16.7,37.26,689
115.05.20,N04,LN1,油菜,800,高雄市,32.2,7.1,3,11.33,2958
115.05.20,N04,LO1,甘薯葉,800,高雄市,36.3,27.3,12.1,26.05,4224
115.05.20,N04,LP1,芫荽,800,高雄市,68.1,37.2,13.9,38.7,552
115.05.20,N04,LP2,九層塔,800,高雄市,59.6,44.4,28.8,44.3,1174
115.05.20,N04,LQ1,紅鳳菜-紅鳳菜,800,高雄市,16,16,16,16,28
115.05.20,N04,LT2,海菜-海帶,800,高雄市,55,53.4,50,53.05,307
115.05.20,N04,LV1,巴西利,800,高雄市,36,33,30,33,30
115.05.20,N04,LX1,蕨菜-過貓,800,高雄市,50,50,50,50,25
115.05.20,N04,MA1,洋菇,800,高雄市,150,138.6,120,137.14,140
115.05.20,N04,MC1,濕木耳,800,高雄市,110,105.1,100,105.06,162
115.05.20,N04,MD1,濕香菇,800,高雄市,150,112,62.6,109.69,310
115.05.20,N04,ME1,金絲菇-金針菇,800,高雄市,52.4,40.2,40,42.59,850
115.05.20,N04,MI1,秀珍菇,800,高雄市,90,90,90,90,70
115.05.20,N04,MJ1,杏鮑菇,800,高雄市,100,96.3,77.2,93.21,636
115.05.20,N04,MK1,鴻喜菇,800,高雄市,100,100,100,100,130
115.05.20,N04,ML1,珊瑚菇,800,高雄市,100,100,100,100,90
115.05.20,N05,N2,李-桃接李,800,高雄市,50,48.1,40,46.88,288
115.05.20,N05,N3,李-紅肉李,800,高雄市,113.6,85.8,70,88.18,1629
115.05.20,N04,OA1,鹹菜-清心,800,高雄市,40,40,40,40,700
115.05.20,N04,OA2,鹹菜-帶葉,800,高雄市,32.1,30,30,30.42,1181
115.05.20,N04,OB1,雪里紅,800,高雄市,40,34,30,34.4,500
115.05.20,N04,OD1,蘿蔔乾,800,高雄市,60,51,50,52.61,716
115.05.20,N04,OE2,醃瓜-漬,800,高雄市,60,60,60,60,151
115.05.20,N04,OG1,熟筍-桂竹筍,800,高雄市,77.8,77.8,77.8,77.8,90
115.05.20,N04,OH1,桶筍-麻竹筍,800,高雄市,80,80,80,80,305
115.05.20,N04,OH2,桶筍-綠竹筍,800,高雄市,90,90,90,90,180
115.05.20,N04,OH3,桶筍-桂竹筍,800,高雄市,80,80,80,80,227
115.05.20,N04,OH4,桶筍-箭竹筍,800,高雄市,150,150,150,150,112
115.05.20,N04,OI1,筍乾,800,高雄市,70,70,70,70,177
115.05.20,N04,OI2,筍絲,800,高雄市,50,50,50,50,122
115.05.20,N04,OI3,筍片,800,高雄市,75,75,75,75,50
115.05.20,N04,OI4,筍茸,800,高雄市,60,60,60,60,136
115.05.20,N04,OX1,其他,800,高雄市,44,39.9,23.4,37.42,9495
115.05.20,N05,P1,番石榴-珍珠芭,800,高雄市,40,34.8,25,33.91,1482
115.05.20,N05,Q2,蓮霧-子彈型,800,高雄市,74.6,56.8,45,57.99,522
115.05.20,N05,R1,芒果-愛文,800,高雄市,99.1,61.3,50,66.62,7254
115.05.20,N05,R2,芒果-玉文,800,高雄市,50,41.7,40,43.04,414
115.05.20,N05,R3,芒果-本島,800,高雄市,54.5,41.6,35,42.83,1257
115.05.20,N05,R5,芒果-黑香金興,800,高雄市,50,50,50,50,18
115.05.20,N05,R6,芒果-金煌,800,高雄市,55,49.4,45,49.62,597
115.05.20,N05,R8,芒果-芒果青,800,高雄市,7.5,7.5,7.5,7.5,60
115.05.20,N05,S1,葡萄-巨峰,800,高雄市,130,121.7,100,119,500
115.05.20,N04,SA3,蘿蔔-矸仔,800,高雄市,15.2,10.7,2.8,10.04,11105
115.05.20,N04,SA7,蘿蔔-甜菜根,800,高雄市,40,40,25,37,250
115.05.20,N04,SA9,蘿蔔-進口,800,高雄市,20,16.9,15,17.17,2540
115.05.20,N04,SB1,胡蘿蔔-未洗,800,高雄市,20,16.2,15,16.74,552
115.05.20,N04,SB2,胡蘿蔔-清洗,800,高雄市,17.7,12.6,5.2,12.13,12325
115.05.20,N04,SC1,馬鈴薯-本產,800,高雄市,28.8,22.7,10.9,21.55,4988
115.05.20,N04,SC9,馬鈴薯-進口,800,高雄市,27,25.2,25,25.52,1397
115.05.20,N04,SD1,洋蔥-本產,800,高雄市,20.7,18.7,14.2,18.19,4520
115.05.20,N04,SD9,洋蔥-進口,800,高雄市,29.5,26.9,25,27.06,2210
115.05.20,N04,SE3,青蔥-大蔥,800,高雄市,68,68,68,68,44
115.05.20,N04,SE5,青蔥-紅蔥頭,800,高雄市,100,71.3,55,73.75,240
115.05.20,N04,SE6,青蔥-粉蔥,800,高雄市,62.1,51.6,46.8,52.75,2339
115.05.20,N04,SF1,韭菜-白頭,800,高雄市,100,91,52.7,85.15,264
115.05.20,N04,SF2,韭菜-韭菜黃,800,高雄市,178.7,148.2,128,150.29,276
115.05.20,N04,SF3,韭菜-韭菜花,800,高雄市,100,84.5,60,82.73,132
115.05.20,N04,SG2,大蒜-軟梗,800,高雄市,91.1,60.7,22.9,59.19,1479
115.05.20,N04,SG4,大蒜-蔥蒜,800,高雄市,8,8,8,8,120
115.05.20,N04,SG5,大蒜-蒜頭,800,高雄市,110,85.5,45.2,82.36,655
115.05.20,N04,SG6,大蒜-蒜仁,800,高雄市,100,71.7,60,75,432
115.05.20,N04,SG7,大蒜-蒜瓣,800,高雄市,50,25.9,20,29.55,67
115.05.20,N04,SH5,竹筍-烏殼綠,800,高雄市,64.3,51.5,36.1,50.97,2538
115.05.20,N04,SJ2,芋-檳榔心芋,800,高雄市,68.1,58.7,24.7,53.78,1044
115.05.20,N04,SL1,豆薯,800,高雄市,22,22,22,22,1500
115.05.20,N04,SM9,牛蒡-進口,800,高雄市,32,27.8,13,25.67,150
115.05.20,N04,SN1,蓮藕,800,高雄市,65,60.6,29,55.17,770
115.05.20,N04,SO0,甘薯-其他,800,高雄市,25,24.4,18,23.25,100
115.05.20,N04,SO1,甘薯-臺農57號,800,高雄市,27.7,23.6,11.2,21.92,2121
115.05.20,N04,SO2,甘薯-芋仔甘薯,800,高雄市,15.7,10.1,6,10.4,375
115.05.20,N04,SO3,甘薯-臺農66號,800,高雄市,25,21.9,16.1,21.34,1406
115.05.20,N04,SP1,薑-老薑,800,高雄市,129.2,103.6,95.4,107.08,487
115.05.20,N04,SP2,薑-嫩薑,800,高雄市,120,114.1,100,112.48,133
115.05.20,N04,SP3,薑-粉薑,800,高雄市,100,97.7,90,96.64,238
115.05.20,N04,SQ1,茭白筍-帶殼,800,高雄市,80,71.3,60,70.75,930
115.05.20,N04,SQ3,茭白筍-去殼,800,高雄市,180,137.3,92.4,136.86,500
115.05.20,N04,SU2,薯蕷-白薯蕷,800,高雄市,100,100,92.2,98.45,238
115.05.20,N04,SU21,薯蕷-白薯蕷 人參,800,高雄市,32.7,22,13.7,22.47,267
115.05.20,N04,SV1,蘆筍-白蘆筍,800,高雄市,135,135,135,135,4
115.05.20,N04,SV2,蘆筍-綠蘆筍,800,高雄市,200,144.7,83.7,143.54,378
115.05.20,N04,SV92,蘆筍-進口 綠蘆筍,800,高雄市,250,231.8,205,230.06,158
115.05.20,N04,SW1,球莖甘藍,800,高雄市,13,7,6.3,8.04,538
115.05.20,N04,SX1,芽菜類-綠豆芽,800,高雄市,30,30,30,30,4826
115.05.20,N04,SX2,芽菜類-黃豆芽,800,高雄市,30,30,30,30,664
115.05.20,N04,SX3,芽菜類-豌豆芽,800,高雄市,80,80,80,80,212
115.05.20,N04,SX4,芽菜類-苜蓿芽,800,高雄市,80,80,80,80,70
115.05.20,N04,SZ8,香茅,800,高雄市,45,45,45,45,12
115.05.20,N05,T1,西瓜-大西瓜,800,高雄市,25,21,15,20.59,10710
115.05.20,N05,T2,西瓜-無子西瓜,800,高雄市,15,15,15,15,60
115.05.20,N05,T4,西瓜-鳳光英妙,800,高雄市,15,14.1,11,13.67,1200
115.05.20,N05,T5,西瓜-黃肉,800,高雄市,15,14.3,6.5,12.86,3631
115.05.20,N05,T8,西瓜-甜美人,800,高雄市,13,12.9,11.2,12.57,210
115.05.20,N05,V1,甜瓜-美濃,800,高雄市,25,25,25,25,135
115.05.20,N05,W6,洋香瓜-光面綠肉,800,高雄市,35,28.3,25,29,300
115.05.20,N05,X69,蘋果-富士進口,800,高雄市,99,76.4,66.1,78.84,7870
115.05.20,N05,Y0,桃子-其他,800,高雄市,108,33.9,25,46.93,75
115.05.20,N05,Y1,桃子-水蜜桃,800,高雄市,258.3,230.6,166.7,223.33,90
115.05.20,N05,Y3,桃子-甜桃,800,高雄市,106.4,85.2,80,88.42,1212
115.05.20,N05,Y5,桃子-福壽桃,800,高雄市,90,74.6,60,74.78,276
115.05.20,N05,Y9,桃子-進口,800,高雄市,447.1,365.7,320,372.86,1400
115.05.20,N05,72,小番茄-聖女,830,鳳山區,64.6,42.7,28.2,42.7,1050
115.05.20,N05,812,紅龍果-紅肉,830,鳳山區,80.7,66.2,46.1,66.2,760
115.05.20,N05,A1,香蕉,830,鳳山區,34,13.4,11,13.4,28440
115.05.20,N05,B2,鳳梨-金鑽鳳梨,830,鳳山區,35.1,23.7,16,23.7,11460
115.05.20,N05,F1,雜柑-檸檬,830,鳳山區,71.1,54.8,38.1,54.8,710
115.05.20,N04,FA1,黃秋葵,830,鳳山區,28.3,13.3,10,15.7,920
115.05.20,N04,FB1,花椰菜-青梗,830,鳳山區,53.6,34.8,21.1,35.8,1300
115.05.20,N04,FB2,花椰菜-白梗,830,鳳山區,25.8,25.1,25,25.2,330
115.05.20,N04,FC1,胡瓜-黑刺,830,鳳山區,31.9,18.6,11.2,19.8,1930
115.05.20,N04,FD1,花胡瓜,830,鳳山區,38.1,16.9,8.2,19.4,2170
115.05.20,N04,FE1,冬瓜-白皮,830,鳳山區,16.3,13.3,10,13.2,1160
115.05.20,N04,FF1,絲瓜,830,鳳山區,47.5,22.3,7,24.3,1680
115.05.20,N04,FG1,苦瓜-白大米,830,鳳山區,45.1,20.5,7.5,22.8,1894
115.05.20,N04,FG3,苦瓜-山苦瓜,830,鳳山區,14.9,11.9,9.8,12.1,90
115.05.20,N04,FG4,苦瓜-翠綠,830,鳳山區,10.4,9.7,9.6,9.8,12
115.05.20,N04,FI1,茄子-胭脂茄,830,鳳山區,26.1,26.1,26.1,26.1,230
115.05.20,N04,FI2,茄子-麻荸茄,830,鳳山區,25,12.3,5,13.4,2038
115.05.20,N04,FJ3,番茄-牛番茄,830,鳳山區,67.5,54.7,32.7,52.9,310
115.05.20,N04,FK3,甜椒-新香,830,鳳山區,17.8,17.8,17.8,17.8,20
115.05.20,N04,FK5,甜椒-青椒,830,鳳山區,46.5,27.4,11.1,27.9,1190
115.05.20,N04,FM2,菜豆-青色,830,鳳山區,37.5,35.6,28.4,34.5,430
115.05.20,N04,FN1,敏豆-白豆,830,鳳山區,77.5,31.9,15.9,37.9,365
115.05.20,N04,FR1,青花苔,830,鳳山區,40,21,17.1,24,600
115.05.20,N04,FT1,南瓜-木瓜形,830,鳳山區,24,17,12.1,17.4,780
115.05.20,N04,FT5,南瓜-青如意,830,鳳山區,3.9,3.9,3.9,3.9,80
115.05.20,N04,FV1,辣椒-紅小,830,鳳山區,32.9,15.5,10,17.9,850
115.05.20,N04,FV4,辣椒-朝天椒,830,鳳山區,19.9,17.2,14.8,17.3,40
115.05.20,N04,FY6,玉米-甜軟殼,830,鳳山區,21.1,15,11,15.4,1260
115.05.20,N05,I1,木瓜-網室紅肉,830,鳳山區,42,23,18,23,16080
115.05.20,N05,J1,荔枝-玉荷包,830,鳳山區,171,137.5,106.4,137.5,1100
115.05.20,N04,LA1,甘藍-初秋,830,鳳山區,24.3,19,14.7,19.2,10790
115.05.20,N04,LB1,小白菜-土白菜,830,鳳山區,8,7.4,6.1,7.2,3190
115.05.20,N04,LB2,小白菜-蚵仔白,830,鳳山區,8,6.3,5,6.4,5140
115.05.20,N04,LC1,包心白-包白,830,鳳山區,27.3,15.1,6.3,15.8,3150
115.05.20,N04,LD1,青江白菜-小梗,830,鳳山區,8.1,6.8,5,6.7,4570
115.05.20,N04,LE1,皇宮菜-小葉,830,鳳山區,11.9,11.8,11.8,11.8,50
115.05.20,N04,LF2,蕹菜-小葉,830,鳳山區,14.6,9.6,8,10.3,2480
115.05.20,N04,LG2,芹菜-白梗,830,鳳山區,60.7,25.6,18.2,31.2,1010
115.05.20,N04,LH1,菠菜-圓葉,830,鳳山區,21.1,14.7,12.1,15.4,2100
115.05.20,N04,LI2,萵苣菜-結球萵,830,鳳山區,4.3,3.9,3.8,4,20
115.05.20,N04,LI3,萵苣菜-本島圓葉,830,鳳山區,20,13.9,12.1,14.7,1250
115.05.20,N04,LI5,萵苣菜-油麥菜,830,鳳山區,15.1,11.5,9,11.7,3290
115.05.20,N04,LI9,萵苣菜-進口,830,鳳山區,7.4,1.6,0.6,2.6,560
115.05.20,N04,LN1,油菜,830,鳳山區,7,6.4,5.9,6.4,3540
115.05.20,N04,LO1,甘薯葉,830,鳳山區,16.2,11.8,8.9,12.1,1856
115.05.20,N04,LP1,芫荽,830,鳳山區,16.6,14.3,12.3,14.4,48
115.05.20,N04,LT2,海菜-海帶,830,鳳山區,27.3,27.3,27.3,27.3,220
115.05.20,N04,OA1,鹹菜-清心,830,鳳山區,10,10,10,10,600
115.05.20,N04,OE1,醃瓜-乾,830,鳳山區,20,20,20,20,400
115.05.20,N04,OX1,其他,830,鳳山區,14.3,12.7,8.7,12.2,1390
115.05.20,N05,P1,番石榴-珍珠芭,830,鳳山區,66.5,51.9,38.7,51.9,1370
115.05.20,N05,R1,芒果-愛文,830,鳳山區,90.7,66.2,40,66.2,1900
115.05.20,N05,R2,芒果-玉文,830,鳳山區,52.7,46.1,34.8,46.1,270
115.05.20,N05,R3,芒果-本島,830,鳳山區,56.5,37.3,20.3,37.3,1980
115.05.20,N05,R6,芒果-金煌,830,鳳山區,45.6,45.6,45.6,45.6,200
115.05.20,N05,S1,葡萄-巨峰,830,鳳山區,111,95.1,74,95.1,420
115.05.20,N04,SA1,蘿蔔-梅花,830,鳳山區,7.1,4.2,3.9,4.7,500
115.05.20,N04,SA3,蘿蔔-矸仔,830,鳳山區,11.2,6.1,3,6.5,8185
115.05.20,N04,SA9,蘿蔔-進口,830,鳳山區,17.3,15,14.8,15.4,400
115.05.20,N04,SB2,胡蘿蔔-清洗,830,鳳山區,17.7,11.5,7.1,11.9,5340
115.05.20,N04,SC1,馬鈴薯-本產,830,鳳山區,24.3,9.4,4,11.3,1630
115.05.20,N04,SD1,洋蔥-本產,830,鳳山區,23.5,18.1,10.2,17.6,1140
115.05.20,N04,SE6,青蔥-粉蔥,830,鳳山區,51,20.2,7,23.7,688
115.05.20,N04,SF1,韭菜-白頭,830,鳳山區,99,75.2,51,75.1,180
115.05.20,N04,SF3,韭菜-韭菜花,830,鳳山區,65,55.6,47,55.8,180
115.05.20,N04,SG2,大蒜-軟梗,830,鳳山區,90,50,20,52,300
115.05.20,N04,SG5,大蒜-蒜頭,830,鳳山區,108,66.4,38.2,69.1,190
115.05.20,N04,SH5,竹筍-烏殼綠,830,鳳山區,44.8,36.8,29,36.9,700
115.05.20,N04,SL1,豆薯,830,鳳山區,13.7,10.4,8,10.6,3700
115.05.20,N04,SO0,甘薯-其他,830,鳳山區,15.4,12.6,10.2,12.7,1060
115.05.20,N04,SO1,甘薯-臺農57號,830,鳳山區,22.2,12.7,7.6,13.6,4484
115.05.20,N04,SO3,甘薯-臺農66號,830,鳳山區,24.3,19,13.6,19,1132
115.05.20,N04,SP1,薑-老薑,830,鳳山區,66.7,66.7,66.7,66.7,180
115.05.20,N04,SQ1,茭白筍-帶殼,830,鳳山區,72.5,60.6,54.5,61.8,270
115.05.20,N04,SX1,芽菜類-綠豆芽,830,鳳山區,13,13,13,13,920
115.05.20,N05,T1,西瓜-大西瓜,830,鳳山區,22.1,15.9,12,15.9,36770
115.05.20,N05,T5,西瓜-黃肉,830,鳳山區,13,7.9,5,7.9,3980
115.05.20,N05,T8,西瓜-甜美人,830,鳳山區,13,10.8,8,10.8,1240
115.05.20,N04,FA1,黃秋葵,900,屏東市,33.5,17.9,10.9,17.9,1568
115.05.20,N04,FB1,花椰菜-青梗,900,屏東市,47.5,32.7,24.7,32.7,2927
115.05.20,N04,FB2,花椰菜-白梗,900,屏東市,25,25,25,25,15612
115.05.20,N04,FC1,胡瓜-黑刺,900,屏東市,26.1,17.5,7.3,17.2,3813
115.05.20,N04,FD1,花胡瓜,900,屏東市,30.1,16.1,6.5,16.1,5397
115.05.20,N04,FE1,冬瓜-白皮,900,屏東市,7.2,7,6.3,6.9,3623
115.05.20,N04,FF0,絲瓜-其他,900,屏東市,9,9,9,9,32
115.05.20,N04,FF1,絲瓜,900,屏東市,31.4,23,11.4,22.4,5107
115.05.20,N04,FG0,苦瓜-其他,900,屏東市,10,9.1,8,9,85
115.05.20,N04,FG1,苦瓜-白大米,900,屏東市,33.7,19.1,7.8,19.1,6143
115.05.20,N04,FG2,苦瓜-青大米,900,屏東市,24,10,5.1,10,420
115.05.20,N04,FG3,苦瓜-山苦瓜,900,屏東市,24.2,17.5,11,17.5,658
115.05.20,N04,FG4,苦瓜-翠綠,900,屏東市,28,22.5,13.1,21.7,130
115.05.20,N04,FH1,扁蒲-長形,900,屏東市,4,4,4,4,155
115.05.20,N04,FH3,扁蒲-花蒲,900,屏東市,6.3,4.4,2.9,4.4,1099
115.05.20,N04,FH4,扁蒲-梨子蒲,900,屏東市,11,11,11,11,180
115.05.20,N04,FI2,茄子-麻荸茄,900,屏東市,24.4,13.1,4.4,13.1,3686
115.05.20,N04,FI3,茄子-日本種,900,屏東市,8,8,8,8,60
115.05.20,N04,FJ3,番茄-牛番茄,900,屏東市,61.8,57.5,43.9,55.6,2610
115.05.20,N04,FK3,甜椒-新香,900,屏東市,70,41.1,8,40.2,34
115.05.20,N04,FK4,甜椒-彩色種,900,屏東市,45.5,36.1,12,33.2,99
115.05.20,N04,FK41,甜椒-彩色種 紅色,900,屏東市,42.4,30.8,7.3,28.4,595
115.05.20,N04,FK42,甜椒-彩色種 黃色,900,屏東市,41.4,35,19.5,33.2,282
115.05.20,N04,FK5,甜椒-青椒,900,屏東市,44.8,28.9,13.2,28.9,2772
115.05.20,N04,FK6,甜椒-水果彩椒,900,屏東市,7,7,7,7,312
115.05.20,N04,FL6,豌豆-甜豌豆,900,屏東市,80,75.8,65,74.5,48
115.05.20,N04,FM1,菜豆-白色,900,屏東市,15,15,15,15,90
115.05.20,N04,FM2,菜豆-青色,900,屏東市,38.9,32.6,16.7,30.7,632
115.05.20,N04,FN1,敏豆-白豆,900,屏東市,80.4,64.1,17,58,640
115.05.20,N04,FN3,敏豆-粉豆,900,屏東市,67,49.3,30,49,41
115.05.20,N04,FN5,敏豆-醜豆,900,屏東市,79.4,66.3,34.8,62.6,334
115.05.20,N04,FR1,青花苔,900,屏東市,75.7,31.9,10,31.9,236
115.05.20,N04,FR9,青花苔-進口,900,屏東市,63.3,61.6,58.9,61.4,720
115.05.20,N04,FT1,南瓜-木瓜形,900,屏東市,25.8,14.6,7.8,14.6,877
115.05.20,N04,FT11,南瓜-木瓜型 阿成,900,屏東市,26.3,18.3,12.1,18.3,1574
115.05.20,N04,FT12,南瓜-木瓜型 阿嬌,900,屏東市,8,8,8,8,60
115.05.20,N04,FT5,南瓜-青如意,900,屏東市,48.4,31.6,12.2,31.1,2319
115.05.20,N04,FT7,南瓜-栗子,900,屏東市,33.5,22.1,16,22.1,130
115.05.20,N04,FT97,南瓜-進口 栗子,900,屏東市,29,29,29,29,180
115.05.20,N04,FU1,隼人瓜,900,屏東市,17,13.1,5,12.3,820
115.05.20,N04,FV0,辣椒-其他,900,屏東市,25,16.3,12,16.3,60
115.05.20,N04,FV1,辣椒-紅小,900,屏東市,25,15.6,10,15.6,62
115.05.20,N04,FV4,辣椒-朝天椒,900,屏東市,40.2,32.3,24.4,32.3,294
115.05.20,N04,FV5,辣椒-青龍,900,屏東市,65.7,53.9,50,53.9,114
115.05.20,N04,FV6,辣椒-糯米椒,900,屏東市,95,44.2,23,44.2,102
115.05.20,N04,FY2,玉米-甜硬殼,900,屏東市,18,18,18,18,100
115.05.20,N04,FY3,玉米-超甜白,900,屏東市,29,29,28,28.8,300
115.05.20,N04,FY4,玉米-玉米筍,900,屏東市,60.2,50.6,40.7,50.5,87
115.05.20,N04,FY41,玉米-玉米筍 帶殼,900,屏東市,20.6,15,6.6,14.4,1473
115.05.20,N04,FY5,玉米-糯米黑,900,屏東市,14,12.8,11,12.7,185
115.05.20,N04,FY6,玉米-甜軟殼,900,屏東市,20,15,10,15,120
115.05.20,N04,FY8,玉米-白龍王,900,屏東市,12,12,12,12,100
115.05.20,N04,LA1,甘藍-初秋,900,屏東市,23.7,20.1,16.5,20.1,25078
115.05.20,N04,LA7,甘藍-改良尖,900,屏東市,23.6,20.7,20,20.7,550
115.05.20,N04,LA9,甘藍-進口,900,屏東市,15,15,15,15,864
115.05.20,N04,LB1,小白菜-土白菜,900,屏東市,7.7,5.7,3.8,5.7,1880
115.05.20,N04,LB2,小白菜-蚵仔白,900,屏東市,8.7,5.1,2.9,5.1,2672
115.05.20,N04,LB3,小白菜-奶油白,900,屏東市,11.1,7.8,4.5,7.8,646
115.05.20,N04,LC0,包心白-其他,900,屏東市,12,12,12,12,150
115.05.20,N04,LC1,包心白-包白,900,屏東市,26.1,12.5,5.1,12.5,4539
115.05.20,N04,LC3,包心白-包頭蓮,900,屏東市,27.3,27.3,27.3,27.3,150
115.05.20,N04,LD1,青江白菜-小梗,900,屏東市,7.2,4.6,2.1,4.6,3112
115.05.20,N04,LE1,皇宮菜-小葉,900,屏東市,25,16.4,7.6,16.4,288
115.05.20,N04,LF1,蕹菜-大葉,900,屏東市,32,31.3,14.5,28.1,568
115.05.20,N04,LF2,蕹菜-小葉,900,屏東市,14.4,10.5,7.7,10.5,1581
115.05.20,N04,LG1,芹菜-青梗,900,屏東市,46.5,32,12,30.9,936
115.05.20,N04,LG2,芹菜-白梗,900,屏東市,51.6,39.4,24,38.8,1381
115.05.20,N04,LG3,芹菜-西洋芹菜,900,屏東市,32.2,29.6,22.6,28.7,144
115.05.20,N04,LH1,菠菜-圓葉,900,屏東市,26.3,16.1,10.8,16.1,935
115.05.20,N04,LH2,菠菜-角葉,900,屏東市,55.8,36.5,20.3,36.5,2199
115.05.20,,LH4,,900,屏東市,5,5,5,5,4
115.05.20,N04,LI1,萵苣菜-廣東菜,900,屏東市,10.6,8.5,3,7.8,160
115.05.20,N04,LI2,萵苣菜-結球萵,900,屏東市,41.7,18.1,5.8,18.1,595
115.05.20,N04,LI3,萵苣菜-本島圓葉,900,屏東市,22,16.3,14.4,16.3,4315
115.05.20,N04,LI4,萵苣菜-本島尖葉,900,屏東市,34,31,30,31,80
115.05.20,N04,LI5,萵苣菜-油麥菜,900,屏東市,15.9,11.2,6.9,11.2,4260
115.05.20,N04,LI6,萵苣菜-蘿美,900,屏東市,30,27.1,25,27.1,133
115.05.20,N04,LI72,萵苣菜-綠捲,900,屏東市,30,30,30,30,10
115.05.20,N04,LI92,萵苣菜-進口 結球萵,900,屏東市,2.5,1,0,1,400
115.05.20,N04,LJ1,芥菜-芥菜仁,900,屏東市,22.5,20.8,19,20.8,180
115.05.20,N04,LJ3,芥菜-大芥菜,900,屏東市,7.5,5.2,3,5.2,80
115.05.20,N04,LJ4,芥菜-小芥菜,900,屏東市,14.5,10.6,2,9.7,1519
115.05.20,N04,LK2,芥藍菜,900,屏東市,5.3,2.4,0,2.4,820
115.05.20,N04,LK3,芥藍菜-芥藍芽,900,屏東市,39.3,18.3,7.6,18.3,760
115.05.20,N04,LM2,莧菜-白莧菜,900,屏東市,22,17.8,8,16.7,269
115.05.20,N04,LN1,油菜,900,屏東市,10,6,2.6,6,2975
115.05.20,N04,LO1,甘薯葉,900,屏東市,11.1,7.8,3.5,7.6,728
115.05.20,N04,LP1,芫荽,900,屏東市,28.1,20,13.6,20,534
115.05.20,N04,LP2,九層塔,900,屏東市,25.3,22.6,17.9,22.2,288
115.05.20,N04,LQ1,紅鳳菜-紅鳳菜,900,屏東市,14.3,12.1,6.7,11.4,56
115.05.20,N04,LT1,海菜-龍鬚菜,900,屏東市,30.1,18,11.7,18,1504
115.05.20,N04,MC1,濕木耳,900,屏東市,41.7,41.7,41.7,41.7,12
115.05.20,N04,MD1,濕香菇,900,屏東市,60,50.4,23.1,46.9,282
115.05.20,N04,ME1,金絲菇-金針菇,900,屏東市,18,18,18,18,200
115.05.20,N04,MJ1,杏鮑菇,900,屏東市,36.7,34.3,32.5,34.3,120
115.05.20,N04,MX1,其他菇類,900,屏東市,85,81.2,80,81.2,64
115.05.20,N04,OA1,鹹菜-清心,900,屏東市,8,8,8,8,3332
115.05.20,N04,OX1,其他,900,屏東市,13.7,11.5,9.8,11.5,81726
115.05.20,N04,SA1,蘿蔔-梅花,900,屏東市,9.2,7.3,6.8,7.3,675
115.05.20,N04,SA3,蘿蔔-矸仔,900,屏東市,8.2,4.2,2,4.2,7690
115.05.20,N04,SA7,蘿蔔-甜菜根,900,屏東市,20,20,20,20,47
115.05.20,N04,SA9,蘿蔔-進口,900,屏東市,19.1,17.6,9.3,16.3,1120
115.05.20,N04,SB1,胡蘿蔔-未洗,900,屏東市,11,11,4.5,9.7,153
115.05.20,N04,SB2,胡蘿蔔-清洗,900,屏東市,18.1,13,8.7,13,4530
115.05.20,N04,SC1,馬鈴薯-本產,900,屏東市,23.4,11,3.3,11,1513
115.05.20,N04,SD1,洋蔥-本產,900,屏東市,25,21,10.8,19.8,370
115.05.20,N04,SE2,青蔥-北蔥,900,屏東市,25,13.9,10,13.9,673
115.05.20,N04,SE6,青蔥-粉蔥,900,屏東市,52.7,29.7,6.5,29.7,1373
115.05.20,N04,SF1,韭菜-白頭,900,屏東市,15.6,15,10.7,14.3,8053
115.05.20,N04,SF3,韭菜-韭菜花,900,屏東市,64,61.6,48.6,59.5,243
115.05.20,N04,SG1,大蒜-硬梗,900,屏東市,57.8,23.2,13,23.2,768
115.05.20,N04,SG2,大蒜-軟梗,900,屏東市,30,25.3,13.1,23.8,160
115.05.20,N04,SG4,大蒜-蔥蒜,900,屏東市,10,9.9,6.3,9.2,140
115.05.20,N04,SG5,大蒜-蒜頭,900,屏東市,55,41.3,26,41,40
115.05.20,N04,SG7,大蒜-蒜瓣,900,屏東市,84,61.1,30,59.5,33
115.05.20,N04,SH2,竹筍-綠竹筍,900,屏東市,66,65.6,65,65.6,2284
115.05.20,N04,SH5,竹筍-烏殼綠,900,屏東市,43.7,39.5,30.9,38.6,1821
115.05.20,N04,SJ2,芋-檳榔心芋,900,屏東市,48,39.7,22,37.8,115
115.05.20,N04,SL1,豆薯,900,屏東市,11.9,11.2,11,11.2,8065
115.05.20,N04,SM1,牛蒡,900,屏東市,8,8,8,8,50
115.05.20,N04,SM9,牛蒡-進口,900,屏東市,35,35,35,35,100
115.05.20,N04,SN1,蓮藕,900,屏東市,20,20,20,20,30
115.05.20,N04,SO0,甘薯-其他,900,屏東市,25,23.2,19,22.7,250
115.05.20,N04,SO1,甘薯-臺農57號,900,屏東市,15,10.8,7.2,10.8,1350
115.05.20,N04,SO2,甘薯-芋仔甘薯,900,屏東市,12.5,8.1,3,7.9,400
115.05.20,N04,SO3,甘薯-臺農66號,900,屏東市,6,4.4,3,4.4,225
115.05.20,N04,SP1,薑-老薑,900,屏東市,38.2,15.6,10,15.6,2188
115.05.20,N04,SQ1,茭白筍-帶殼,900,屏東市,66.2,52.1,32.4,51,1209
115.05.20,N04,SU2,薯蕷-白薯蕷,900,屏東市,75.8,29,10.2,29,472
115.05.20,N04,SV1,蘆筍-白蘆筍,900,屏東市,70,70,70,70,3333
115.05.20,N04,SV2,蘆筍-綠蘆筍,900,屏東市,124.5,90,57.6,90,105
115.05.20,N04,SW1,球莖甘藍,900,屏東市,8,5.3,3.3,5.3,460
115.05.20,N04,SX1,芽菜類-綠豆芽,900,屏東市,10,10,9.8,10,9073
115.05.20,N05,51,百香果-改良種,930,台東市,133,110.2,73,108.5,155
115.05.20,N05,72,小番茄-聖女,930,台東市,66,45.1,30,42.5,1518
115.05.20,N05,812,紅龍果-紅肉,930,台東市,82,69.6,49,66.1,1336
115.05.20,N05,859,榴槤-進口,930,台東市,232,167.2,143,165,1462
115.05.20,N05,A1,香蕉,930,台東市,36,15.2,13,13.8,4044
115.05.20,N05,B2,鳳梨-金鑽鳳梨,930,台東市,39,26.6,23,25.1,3020
115.05.20,N05,G3,酪梨,930,台東市,103,102.5,100,100.5,725
115.05.20,N05,G49,奇異果-進口,930,台東市,177,176.2,175,175.3,1662
115.05.20,N05,I1,木瓜-網室紅肉,930,台東市,45,25.8,20,22.7,1330
115.05.20,N05,P1,番石榴-珍珠芭,930,台東市,68,53.4,40,51.8,2789
115.05.20,N05,Q1,蓮霧-紅蓮霧,930,台東市,120,68.5,29,66.2,1002
115.05.20,N05,R1,芒果-愛文,930,台東市,93,68.5,43,66.6,2000
115.05.20,N05,R6,芒果-金煌,930,台東市,57,51.3,49,49.2,1423
115.05.20,N05,T1,西瓜-大西瓜,930,台東市,27,23.6,17,21.2,4526
115.05.20,N05,T5,西瓜-黃肉,930,台東市,17,15.2,9,12.3,1235
115.05.20,N05,X69,蘋果-富士進口,930,台東市,101,78.2,69,76.3,1974
115.05.20,N04,FB1,花椰菜-青梗,950,花蓮市,55,53.9,46,52.5,49
115.05.20,N04,FC2,胡瓜-改良種,950,花蓮市,21.1,14.5,6.3,14.2,1640
115.05.20,N04,FD1,花胡瓜,950,花蓮市,38.8,22.9,7.5,23,1718.5
115.05.20,N04,FE2,冬瓜-青皮,950,花蓮市,6.3,6,6,6.1,1315
115.05.20,N04,FF1,絲瓜,950,花蓮市,39.8,30.4,19.8,30.2,1453.5
115.05.20,N04,FG1,苦瓜-白大米,950,花蓮市,48,40.8,29.2,39.9,526
115.05.20,N04,FG3,苦瓜-山苦瓜,950,花蓮市,66,66,66,66,6
115.05.20,N04,FG4,苦瓜-翠綠,950,花蓮市,36,32,16.5,29.7,725
115.05.20,N04,FH1,扁蒲-長形,950,花蓮市,6,6,6,6,25
115.05.20,N04,FH3,扁蒲-花蒲,950,花蓮市,15.3,8.8,6.1,9.6,1494.5
115.05.20,N04,FI2,茄子-麻荸茄,950,花蓮市,30,17.9,8.4,18.4,354.5
115.05.20,N04,FI3,茄子-日本種,950,花蓮市,15,15,15,15,49
115.05.20,N04,FJ1,番茄-黑柿,950,花蓮市,48.7,32.7,18.1,33,1193
115.05.20,N04,FJ3,番茄-牛番茄,950,花蓮市,64.3,46.5,27.2,46.2,877
115.05.20,N04,FK4,甜椒-彩色種,950,花蓮市,65,65,62.2,64.4,90
115.05.20,N04,FK5,甜椒-青椒,950,花蓮市,41.9,27.6,12.6,27.4,1167
115.05.20,N04,FM2,菜豆-青色,950,花蓮市,35.3,25.6,17.6,25.9,270
115.05.20,N04,FN1,敏豆-白豆,950,花蓮市,100,95.7,55.1,88.4,63
115.05.20,N04,FN3,敏豆-粉豆,950,花蓮市,65,45.9,20,44.5,11
115.05.20,N04,FT0,南瓜-其他,950,花蓮市,10,6.9,6,7.3,218
115.05.20,N04,FT1,南瓜-木瓜形,950,花蓮市,24.3,21.2,14.9,20.5,2039
115.05.20,N04,FT5,南瓜-青如意,950,花蓮市,46,36.3,16.9,34.4,204
115.05.20,N04,FT7,南瓜-栗子,950,花蓮市,11,9.6,8,9.5,264
115.05.20,N04,FU1,隼人瓜,950,花蓮市,11,10.8,8.5,10.4,250
115.05.20,N04,FU2,隼人瓜-瓜苗,950,花蓮市,36.6,25.8,20,26.8,315
115.05.20,N04,FV0,辣椒-其他,950,花蓮市,95,95,95,95,10
115.05.20,N04,FV1,辣椒-紅小,950,花蓮市,64.1,29.8,6,31.9,164.5
115.05.20,N04,FV2,辣椒-青小,950,花蓮市,8,6.5,6,6.7,131
115.05.20,N04,FV4,辣椒-朝天椒,950,花蓮市,44.8,30,15.5,30,444
115.05.20,N04,FV6,辣椒-糯米椒,950,花蓮市,38.7,32.5,18.7,31,133.5
115.05.20,N04,FW1,金針花,950,花蓮市,150,150,150,150,9
115.05.20,N04,FY0,玉米-其他,950,花蓮市,6,6,6,6,24
115.05.20,N04,FY4,玉米-玉米筍,950,花蓮市,32,25.6,12,24.1,197.5
115.05.20,N04,FY5,玉米-糯米黑,950,花蓮市,20,18.8,15,18.3,276
115.05.20,N04,FY6,玉米-甜軟殼,950,花蓮市,24.6,12.3,9.2,14.1,1119
115.05.20,N04,LA0,甘藍-其他,950,花蓮市,6,6,6,6,19
115.05.20,N04,LA1,甘藍-初秋,950,花蓮市,21,17.3,9.6,16.5,518.5
115.05.20,N04,LA2,甘藍-改良種,950,花蓮市,21.9,17.8,15.9,18.2,2958
115.05.20,N04,LA7,甘藍-改良尖,950,花蓮市,21.6,20,17.1,19.7,6645
115.05.20,N04,LC1,包心白-包白,950,花蓮市,15,15,12.7,14.5,735
115.05.20,N04,LC2,包心白-成功白,950,花蓮市,18.5,15.9,9.1,15,1938
115.05.20,N04,LC3,包心白-包頭蓮,950,花蓮市,8.1,7.3,6,7.2,993
115.05.20,N04,LE2,皇宮菜-大葉,950,花蓮市,24.6,18.1,16.8,19.1,133
115.05.20,N04,LK3,芥藍菜-芥藍芽,950,花蓮市,40,40,40,40,35
115.05.20,N04,LM1,莧菜-紅莧菜,950,花蓮市,18,18,18,18,18.5
115.05.20,N04,LM2,莧菜-白莧菜,950,花蓮市,25,22.3,16,21.6,37
115.05.20,N04,LP1,芫荽,950,花蓮市,57.8,42.7,13.1,39.8,51
115.05.20,N04,LQ1,紅鳳菜-紅鳳菜,950,花蓮市,14.6,12.2,7.1,11.7,138
115.05.20,N04,OG1,熟筍-桂竹筍,950,花蓮市,83,83,83,83,12.5
115.05.20,N04,OX1,其他,950,花蓮市,14,7.9,6,8.7,512
115.05.20,N04,SA1,蘿蔔-梅花,950,花蓮市,8.6,7.1,6.6,7.3,1064
115.05.20,N04,SA9,蘿蔔-進口,950,花蓮市,19,18.6,15.6,18,420
115.05.20,N04,SB2,胡蘿蔔-清洗,950,花蓮市,17.5,17.2,17,17.2,360
115.05.20,N04,SE6,青蔥-粉蔥,950,花蓮市,47.3,42.8,27.6,40.7,293
115.05.20,N04,SF1,韭菜-白頭,950,花蓮市,48.7,34.8,23.2,35.3,277
115.05.20,N04,SF4,韭菜-青頭,950,花蓮市,10,9,8,9,60
115.05.20,N04,SO1,甘薯-臺農57號,950,花蓮市,11,11,7.3,10.3,293
115.05.20,N04,SO2,甘薯-芋仔甘薯,950,花蓮市,12.7,8.7,7,9.2,371
115.05.20,N04,SO3,甘薯-臺農66號,950,花蓮市,15,13.5,12,13.5,120
115.05.20,N04,SQ1,茭白筍-帶殼,950,花蓮市,80,75.2,65,74.1,210
115.05.20,N04,ST1,蕎頭-露蕎,950,花蓮市,80,77.6,66,75.8,31.5
115.05.20,N04,SU2,薯蕷-白薯蕷,950,花蓮市,86,82.4,78,82.2,120
115.05.20,N04,SZ7,晚香玉筍,950,花蓮市,135,135,135,135,2

